1,鄂尔多斯市鄂托克前旗昂素镇巴音哈达北魏墓地发掘简报,甄自明;马艳;李双;刘青瑜;赵阳阳;张旭梅,鄂尔多斯市文物考古研究院鄂托克前旗文物保护管理所,鄂尔多斯;巴音哈达;北魏;大夏;铁弗匈奴;,"2012年5月,鄂尔多斯市文物考古研究院联合鄂托克前旗文物保护管理所,对鄂托克前旗昂素镇巴音哈达墓地进行抢救发掘,清理墓葬3座,出土一批北魏遗物。巴音哈达墓地的发掘丰富了对鄂尔多斯地区北魏时期遗存的认识,是探讨4~5世纪拓跋代(魏)时期中国北方人群活动情况的重要材料。",草原文物,2017-09-15,期刊,K878.8,8-14+119,8
2,乌兰察布市卓资县围堡村元代壁画墓发掘简报,李树国;陈东旭,乌兰察布市博物馆卓资县文物管理所,乌兰察布市;围堡村;元贞元年;砖室壁画墓;,"2015年10月,乌兰察布市博物馆与卓资县文物管理所联合对卓资县围堡村元代墓葬进行抢救性发掘,出土遗物有陶器、铁器等。该墓葬发现的""元贞元年(1295年)四月""题记,是乌兰察布地区首次发现的有确切年号的元代墓葬,对研究元代墓葬及乌兰察布历史文化提供了宝贵的实物资料。",草原文物,2017-09-15,期刊,K878.8,15-20+119,7
3,锡林郭勒盟苏尼特右旗图门古城调查简报,宋国栋;曹鹏;丹达尔;柏嘎力;那日苏;马婧,内蒙古自治区文物考古研究所苏尼特右旗文物保护管理局,苏尼特右旗;图门古城;辽代;,"2017年3月,内蒙古自治区文物考古研究所对锡林郭勒盟苏尼特右旗额仁淖尔苏木的图门古城进行了调查。图门古城平面呈长方形,可见城墙、壕堑、城门、瓮城、马面、角台等建筑结构,城内无明显的建筑遗迹。调查人员对古城进行了测绘,并根据采集到的少量遗物认为该古城建于辽代,且在没有修建完毕之前废弃。",草原文物,2017-09-15,期刊,K878.3,21-24+119,5
5,内蒙古中南部新石器时代的社会形态——以岱海地区为例,富宝财,日本九州大学人文科学府考古学研究室,聚落遗址分布;聚落形态;居住单位;平等社会;阶层社会;,"本文以内蒙古中南部新石器时代的考古学文化谱系为基础,通过对各考古学文化的聚落遗址分布、聚落形态、居住单位等方面的分析,并参考同时期的墓葬以及与周边地区考古学文化的交流情况,得出该地区社会形态经历了从平等社会到阶层社会的过程,且其世系继承关系和家庭形态也随之发生变化。",草原文物,2017-09-15,期刊,K878,31-47+119,18
6,中国新石器时代的玉联璧,阿如娜;袁波文,北京联合大学应用文理学院考古文博系山东大学历史文化学院考古系,新石器时代;玉器;双联璧;三联璧;,"<正>联璧,形似玉璧相联,后约定俗成以孔数多少定名为几联璧,目前已发现的有双联璧、三联璧及四联璧。联璧在我国黑吉地区、辽河流域、海岱地区和江淮地区的新石器时代晚期及铜石并用时代早期遗址和墓葬内均有出土,但出土数量不多,延续时间不长,用途也不甚明了。目前,关于联璧的研究文章相对较少,专门研究文章仅有一篇~①。本文对考古出土的双联璧、三联璧及四联璧进行类型学分析,从其年代、",草原文物,2017-09-15,期刊,K876.8,48-55,8
7,内蒙古中南部史前石板墓相关问题浅析,党郁;线琦,内蒙古自治区文物考古研究所河北师范大学历史学院,内蒙古中南部;新石器时代;石板墓;葬俗;,"<正>内蒙古中南部地区新石器时代的墓葬发现较多,石板墓发现地点较多,主要集中于南流黄河两岸地区,目前可知发现的地点有准格尔旗寨子上、清水河县城嘴子、西岔、下塔、后城嘴等多处遗址点。但是墓葬中随葬器物较少,且陶器基本不见,所以关于石板墓年代、分期以及文化因素分析等相关问题难以深入研究。本文从内蒙古中南部地区新石器时代所发现的石板墓材料出发,对之进行对比分析,就其时代、文化因素等相关问题进行一些简单的分析和探讨。",草原文物,2017-09-15,期刊,K878.8,56-63,8
8,甘青地区先秦火葬墓研究,杜博瑞,陕西师范大学历史文化学院,甘青;先秦;火葬;太阳神;诅咒;,"<正>甘青地区先秦时期丧葬习俗多样,火葬是其中的一种。中国古代对火葬就有记载,如《墨子·节葬下》~①、《列子·杨朱》~②、《荀子·大略》~③、《吕氏春秋·义赏》④等。甘青地区的寺洼山是目前发现的最早的火葬墓实例,是将人骨火化后放入骨灰罐埋葬。~⑤目前,研究的热点主要集中在论述西北的火葬是羌族的习俗,~⑥火葬墓纳入二次扰乱葬,~⑦认为火葬是巫师、长老等阶层的专属葬俗~⑧等几方面。",草原文物,2017-09-15,期刊,K878.8,64-72,9
9,楼兰地区新发现的“斗量封”小考,田小红,新疆文物考古研究所,楼兰;“官律所平”;斗量封;,"<正>2016年由中国科学院地质与地球物理研究所组织,中国科学院新疆生态与地理研究所、中国科学院遥感与数字地球研究所、新疆考古研究所以及吉林大学等多家单位共同参与的罗布泊楼兰地区综合考察在楼兰地区新发现一件铜器。这件铜器发现后备受瞩目,因其在楼兰地区是首次发现,对其性质和用途也是众说纷纭,发现者在《楼兰地区新发现斗检封及其周边地貌环境的指示意义》一文中,从环境意义和文化意义两方面对该器物作了透彻分析和理解,",草原文物,2017-09-15,期刊,K876.41,73-77,5
10,鲜卑铜鍑的铸造工艺考察及其技术变迁的讨论,刘彦琪;李树国,北京大学考古文博学院乌兰察布市博物馆,鲜卑铜鍑;铸造工艺;技术变迁;,"<正>铜鍑,亚欧草原游牧居民使用的一种带喇叭形圈足的深腹有耳铜器,从欧洲多瑙河流域到我国黄河流域皆有出土,是较有代表性的草原青铜器。铜鍑在我国境内主要出土于新疆、陕西、山西、内蒙古和东北地区,时代自西周末到北魏。当前已有不少对欧亚草原出土铜鍑的考古学研究,但对于这种器物的制造技术则较少谈及。笔者对乌兰察布市博物馆和山西艺术博物馆所藏两件鲜卑铜鍑的铸造工艺进行了考察,并",草原文物,2017-09-15,期刊,K876.41,78-81,4
11,从辽墓出土青白釉香炉看辽代焚香习俗,顾亚丽,赤峰市博物馆,青白釉香炉;辽代;焚香习俗;香品;香具;,"<正>一、辽墓出土青白釉香炉的工艺特征和窑口分析赤峰市博物馆珍藏有一件北宋青白釉香炉,系1969年赤峰市翁牛特旗山嘴子乡毛不拉沟辽墓出土,国家二级文物。瓷香炉高12.4厘米,口径12厘米,腹深4厘米,底径9.5厘米。香炉整体呈高足杯形,圆口,平折沿,深直腹,下腹弧状内收,双层伞状柄,喇叭形足,柄、足中空。伞面及喇叭形足外壁均刻饰辐射状细密条棱纹。足底外撇微向上翻翘,足沿随细密条棱纹尖脊切刻成锯齿状(图一、二)。香炉口沿微残。从残口观察,胎质坚致,洁白细",草原文物,2017-09-15,期刊,K876.3,82-97,16
12,辽宁省博物馆藏辽代彩绘人物纹木雕,卢治萍;王雅静,辽宁省博物馆,彩绘木雕;二十八星宿;辽代;,"<正>一、木雕的发现辽宁省博物馆在上个世纪九十年代征集到一套彩绘人物纹木雕,共12件。木雕均为上圆下卷云纹座,采用浮雕的方式,正面雕刻各种人物,背面光素。人物均脚踏祥云,多残留有彩绘的痕迹。大小基本相同,通高26.5、圆形直径20、厚1.5厘米,形制相似应为一组。下面分别对这12件木雕饰进行介绍。二、木雕介绍一号木雕座残,木板浮雕一文人形象,双目圆睁,头戴小冠,留有短须,身着短袖短衫,腰间系一红色腰带。右手执笔,左手执弓。脚蹬短靴,踏三朵",草原文物,2017-09-15,期刊,K879.3,98-107,10
13,白瓷葫芦瓶,,O,O,"<正>2015年内蒙古锡林郭勒盟多伦县小王力沟贵妃墓出土现藏于内蒙古自治区文物考古研究所瓶身母口,整体呈葫芦状。器身整体于胎模上剔刻花纹后施釉烧制而成。圈足内正中刮釉后刻有正书""官""字款。瓷瓶口径4.7、底径11、通高36厘米。",辽代(916～1125年),,草原文物,K876.3,2,1
14,追寻一代考古大师草原上的足迹——张忠培先生与内蒙古文物考古工作,塔拉;陈永志;曹建恩,内蒙古博物院内蒙古自治区文物考古研究所,O,"<正>2017年7月5日,一个让中国考古界悲伤的日子,一代考古大师张忠培先生阖然长逝。这一天的上午,电话、微信、网站都在转载先生去世的消息,同时各类怀念先生学术、为人的文章不断发出并大量转载。一时间,我们都沉浸在这种压抑的气氛中,他的去世让每个考古人不舍并充满遗憾。先生此生八十三载风雨人生路,考古生涯六十余年,足迹遍布中国大大小小的考古发掘现场、大遗址和博物馆等。撰写的报告、论文涉及的地域范围从南到北,时代涵盖先秦以前的",草原文物,2017-09-15,期刊,K878,1-4,4
15,开创生业、环境与考古学文化关系的先河——张忠培与“河套地区先秦两汉时期人类文化、生业与环境”课题,内蒙古河套项目课题组;曹建恩;孙金松;党郁;杨星宇,O,O,"<正>上世纪末的1999年,张忠培先生与乔梁、曹玮和魏坚等共同考察了陕北、内蒙古中南部及吕梁山地区的一些遗址,并在大量查阅调查资料和观摩出土陶片的基础上于2000年在《中国文物报》上发表了《河套地区先秦两汉时期人类文化、生业与环境》一文。这篇文章融汇了张忠培先生对长城地带考古学文化及谱系问题的思考,提出了内蒙古、陕西、山西地区考古学研究的主要任务、方向、目标,事实上成为了日后""河套课题""组对本地区开展先秦考古工作的指",草原文物,2017-09-15,期刊,K878,5-7,3
16,赤峰市魏家窝铺遗址2010-2011年出土动物的考古学研究,陈全家;张哲,吉林大学边疆考古研究中心,内蒙古;魏家窝铺;红山文化;动物骨骼;,"<正>魏家窝铺遗址位于内蒙古自治区赤峰市红山区文钟镇魏家窝铺村东北约2公里处的丘陵台地上,是内蒙古目前发现的规模较大、保存最完整、发掘面积最大的红山文化时期聚落遗址。2009年7月初到9月底、2010年7月初到10月初与2011年7月2日到10月21日,内蒙古文物考古研究所与吉林大学边疆考古研究中心组成联合考古队,先后二次对该遗址进行了考古发掘,发现了大量的遗迹和遗物~①。",草原文物,2017-03-15,期刊,K878;Q915,104-114,11
17,内蒙古乃林皋遗址2015年出土动物遗存研究,王雅艺;陈全家;包曙光;王乐文,吉林大学边疆考古研究中心黑龙江大学历史文化旅游学院,乃林皋遗址;动物遗存;夏家店下层文化;,"<正>一、遗址概况及动物遗存出土简况乃林皋遗址位于内蒙古赤峰市敖汉旗新惠镇乃林皋村八组西南部,北距旗政府所在地新惠镇约3公里(图一),蒙语意为""细小的河流""。遗址总面积约1.5万平方米,2015年的发掘区位于整个遗址的西北部,发掘面积约550平方米。发现15座房址,分别为地面式和半地穴式,平面以圆形为主,同时发现17座灰坑。在遗",草原文物,2017-03-15,期刊,K878;Q915,115-124,10
18,银釦青瓷执壶,,O,O,"<正>辽代(916~1125年)2015年内蒙古锡林郭勒盟多伦县小王力沟贵妃墓出土现藏于内蒙古自治区文物考古研究所越窑青瓷。宝盖形盖,子母口,短颈、广肩、鼓腹、矮圈足,肩部有长曲流及把手。腹部饰四组团窠口衔折枝花草展翅飞翔鹦鹉纹,颈肩部饰草叶纹及流云纹。口径5.6、圈足径7.5、通高18.8厘米。",草原文物,2017-03-15,期刊,K876.3,2,1
19,2016年内蒙古自治区文物考古研究所考古发现综述,党郁,内蒙古自治区文物考古研究所,2016;内蒙古;考古发现;课题意识;,"2016年,内蒙古自治区文物考古研究所考古工作取得了长足发展。除主动性发掘外,在配合大遗址公园、申报世界文化遗产或配合展示方面也开展了很多工作,且很多抢救性发掘向课题研究方向转变;此外,在对外合作方面继续开展了""蒙古国境内古代游牧民族文化遗存考古调查与发掘研究""项目。",草原文物,2017-03-15,期刊,K872,1-16+125,17
20,阿巴嘎旗阿拉坦嘎达苏嘎查白音呼舒岩画调查简报,刘洪元;柏嘎力;呼和;王春燕;艾军;敖特根巴雅尔;陈海峰;陈少楠;康晓慧;杨学彪,锡林郭勒盟文物保护管理站中国人民大学考古文博系内蒙古自治区将军衙署博物院,白音呼舒岩画;题材;制作技法;,"<正>2016年7-10月,由锡林郭勒盟文物保护管理站、中国人民大学考古文博系等单位组成联合调查队,对锡林郭勒盟境内的岩画点进行了详细的考产古调查,在苏尼特左旗、苏尼特右旗、阿巴嘎旗等区域内发现了大量岩画遗存,收获了一批重要的岩画新资料。本文就阿巴嘎旗阿拉坦嘎达苏嘎查白音呼舒E区岩画群调查资料进行了整理,简报如下。",草原文物,2017-03-15,期刊,K879.4,17-22,6
21,赤峰市巴林左旗南山窑遗址发掘简报,李建奎;李学良;高娃;孙英哲;程鹏飞;潘晓暾;陶建英;左利军;陈文虎;陈永志,内蒙古自治区文物考古研究所巴林左旗辽上京博物馆巴林左旗文物保护管理所,巴林左旗;南山窑遗址;辽代中晚期;驿馆聚落;,"2013年8-10月,内蒙古自治区文物考古研究所等单位对辽上京汉城南城墙外古河道及南山窑遗址进行了抢救性考古发掘。出土遗物主要有建筑构件以及陶器、瓷器、铁器、骨器、石器、铜钱、烧瓷窑具及大量动物骨骼。从地层和遗迹遗物等信息判断,该遗址为辽代中晚期生活聚落遗址。",草原文物,2017-03-15,期刊,K878.5,23-36+125,15
22,通辽市奈曼旗大代村辽代M1清理简报,长海;格日乐图;郭力,内蒙古自治区文物考古研究所,奈曼旗;大代村M1;辽代中晚期;,"<正>2015年11月中旬,通辽市奈曼旗新镇大代村东北一处辽墓被盗,奈曼旗文化局接到报案后立即赶往现场了解情况,并及时将情况上报内蒙古自治区文物局。自治区文物局责成内蒙古文物考古研究所对该墓葬进行抢救性清理发掘,墓葬编号为2015TNDM1(以下简称大代村M1),现将发掘情况简报如下:",草原文物,2017-03-15,期刊,K878.8,37-40,4
24,内蒙古中南部地区新石器时代陶窑初探,李铁军;李婉琪;索秀芬,通辽市博物馆内蒙古民族大学政法与历史学院内蒙古自治区文物考古研究所,内蒙古中南部;新石器时代;陶窑;,"内蒙古中南部地区发现的新石器时代遗存众多,该地区烧造陶器的陶窑发现不断,具有独特的发展历程。根据陶窑的窑室和火膛的相对位置,可分为横穴窑和同穴窑:根据陶窑形制,可将该地区新石器时代陶窑分为仰韶时代晚期横穴窑时期和龙山时代中期同穴窑时期。",草原文物,2017-03-15,期刊,K878.5,49-56+125,9
25,浙江长兴发现的一件砍砸器,吴慧珍,浙江自然博物馆,七里亭;砍砸器;更新世;环境;,"<正>砍砸器(chopper)作为一种重型石质工具,形体较大,器身厚重,是旧石器时代石质工具中的主要器形之一,在东亚大陆一直贯穿于旧石器时代早中期;华北南部以南,尤其是南方地区甚至延续到数千年前的新石器时代早期。砍砸器是将砾石或石核的边缘制作成厚刃,其刃口钝厚曲折,可起到砍劈、锤砸和挖掘等多种作用,远古人类将砍砸器用于砍树、做木棒、挖取植物块根、砸坚果等活动,以获取食物。",草原文物,2017-03-15,期刊,K876.2,57-58,2
26,从案板等遗址看关中西部地区仰韶中晚期到龙山时代的气候变化,杨岐黄,陕西省考古研究院,考古遗址;关中西部;仰韶;龙山;气候;,"<正>人类的活动是在其所处的环境中进行的,人类的生存、文化的孕育发展与人类所处的环境气候有很大的关系,尤其是早期人类,更多的受环境的制约和影响,在不断适应环境中成长。因此环境的变化都会或多或少的承载于人类活动所遗留下来的考古学遗存中。关中西部地区地处渭水流域中游,是仰韶文化和龙山文化重要的密集分布区。本文选择该地区有前后相继年代关系、文化面貌相承接的四个遗址做分析。福临堡遗址,发现于陕西省宝鸡市,文化面貌涵盖仰韶中期和仰韶晚期;案板遗址,发现于陕西扶风",草原文物,2017-03-15,期刊,K878,59-62,4
27,对准格尔旗阳湾遗址布局的初步分析,李鹏,河北大学历史学院考古系,阳湾遗址;布局;家庭形态;人口变迁;自然环境;,"<正>阳湾遗址是鄂尔多斯市东部准格尔旗点岱沟村阳湾自然村的一处仰韶文化中期聚落遗址。整个遗址位于该自然村北部一处北高南低的缓坡之上,遗址的东、西、南三面皆被自然冲沟所围,总面积约2万平方米。1993年6-8月,内蒙古自治区文物考古研究所对该遗址进行了抢救性发掘,面积共3000平方米,并发表了发掘简报~①。简报作者提供了该遗址的平面图,对",草原文物,2017-03-15,期刊,K878,63-68,6
28,岱海地区东周墓葬群相关问题讨论——以忻州窑子、小双古城、水泉墓地为突破口,孙金松,内蒙古师范大学科学技术史研究院内蒙古自治区文物保护中心,岱海地区;东周墓地;文化因素;人群构成;畜牧方式;,"<正>自上世纪七十年代内蒙古文物考古研究所在内蒙古凉城县永兴镇发掘毛庆沟墓地~①始,以内蒙古岱海地区东周墓地相关问题为核心的研究随即进入学术视野。随后陆续发掘的饮牛沟墓地~②、崞县窑子墓地~③很大程度上完善了岱海地区东周墓葬的文化谱系及文化内涵,进入二十世纪后,随着忻州窑子墓地~④、小双古城~⑤及水泉墓地~⑥等一批新考古材料的公布,为深入探",草原文物,2017-03-15,期刊,K878.8,69-75,7
29,两汉时期内蒙古中南部殉牲现象试析,刘騻,中山大学社会学与人类学学院,殉牲;汉代;内蒙古中南部;,"文章选取两汉时期内蒙古中南部的殉牲现象作为研究内容,总结了汉代该地区的殉牲特征,明确了彼时此处的族群情况,建立了殉牲特征与族群的对应关系。通过解读内蒙古中南部殉牲现象蕴涵的丧葬习俗、经济类型等问题,试图构建一个基于殉牲现象的文化圈,并对其学理性加以初步探析。",草原文物,2017-03-15,期刊,K878.8,76-84+125,10
30,隋代《郁久闾伏仁墓志》考释,王萌;杜汉超,内蒙古大学历史与旅游文化学院内蒙古博物院,郁久闾伏仁墓志;北齐;隋代;职官;仕宦;,"该文从墓志所涉柔然称号姓氏与降附中原政权的柔然姓氏与籍贯之变迁、郁久闾伏仁诸祖及仕宦经历以及郁久闾伏仁在北齐、北周及隋代的仕宦经历展开考释及研究,在总结《郁久闾伏仁墓志》所揭示之人物与史实的同时检对正史文献,揭示了在郁久闾伏仁家族史及其先祖在柔然以及北齐之仕宦方面的重要价值。",草原文物,2017-03-15,期刊,K877.45,85-89+125,6
31,考古学视野下汉朝与朝鲜半岛南部的交流,蒋璐,浙江大学文化遗产研究院,朝鲜半岛南部;汉朝;文化交流;,"<正>西汉元封三年(公元前108年),汉武帝攻灭卫氏朝鲜政权,在朝鲜半岛北部设置乐浪、玄菟、真番、临屯四郡县,由此开启了汉王朝在朝鲜半岛的统治。郡县制的实施加强了朝鲜半岛与汉王朝的联系,推动了朝鲜半岛经济文化的发展。此时的朝鲜半岛南部作为马韩、辰韩、弁韩的""三韩""之地,以汉郡县设置为契机,与汉王朝之间联系也得到了进一步的加强。本文拟从朝鲜半岛南部发现的考古材料出发,结合当时的历史背景,就汉朝与朝鲜半岛南部之间的交流提一些不成熟的看法,以求证于方家。",草原文物,2017-03-15,期刊,K883.12,90-94,5
32,鄂尔多斯高原古代城址瓮城的类型学考察,李双;徐磊;高兴超;古日扎布,鄂尔多斯市文物考古研究院鄂尔多斯博物馆,鄂尔多斯高原;城址;瓮城;类型;,"<正>根据目前的考古资料,在现今的鄂尔多斯高原地区,发现了数目众多、形制各异的古代城址。这些古代城址代表了不同时期、不同文化背景下的人类社会文明,为我们研究鄂尔多斯高原地区的历史以及环境等诸多问题提供了基础资料。但由于年代久远、自然侵蚀和人为破坏等因素,大部分的城址已经损毁,城门以及瓮城也已荡然无存。为了摸清鄂尔多斯高原地区古代城址的情况,深入探讨和了解鄂尔多斯高原地",草原文物,2017-03-15,期刊,K878.3,95-99,5
33,阿鲁科尔沁旗档案馆藏两件清光绪朝圣旨文书考释,李俊义;李彦朴;玉海,赤峰学院历史文化学院内蒙古大学历史与旅游文化学院内蒙古图书馆,阿鲁科尔沁旗;诰命;光绪十六年;围场;,"<正>2015年5月6日下午,笔者曾前往内蒙古赤峰市阿鲁科尔沁旗档案馆调查现存的四件清朝(其中道光朝两件、光绪朝两件)圣旨文书,兹将清光绪朝两件调查结果胪陈如次(清道光朝两件见另文),并作简要考证。一、光绪十六年(1890年)诰命(五彩罗卷轴,满文、汉文合璧)此诰命系光绪十六年三月二十二日(公历1890年11月1日)恩授给围场右翼翼长永铭及其妻吴苏卜答拉氏的。",草原文物,2017-03-15,期刊,K877.9,100-103,4
1,河北邢台隆尧乡观遗址2014年出土动物遗存研究,李文艳;韩金秋,河北省文物研究所,乡观遗址;动物遗存;,"<正>乡观遗址位于邢台市隆尧县固城镇乡观村北100米。遗址东西200米,南北200米,面积40000平方米,保存情况较差。2014年4月,河北省文物研究所会同邢台市文物管理处、隆尧县文物保管所组成乡观遗址考古队,对遗址进行抢救性考古发掘,自西向东划分Ⅰ、Ⅱ、Ⅲ三个发掘区,面积1660平方米。该遗址遗存年代跨度大,可分为龙山、夏代、商代、",草原文物,2018-09-15,期刊,K878;Q915,115-122,8
2,“朝霞”、“轾霞”竞风流——辽代纺织业发展探析,顾亚丽,赤峰市博物馆,辽代;纺织业;发展;技艺;贸易;交往;,"辽代纺织业包括毛、麻和丝纺织等门类。丰富的原材料供给是辽代纺织业发展的保证,国内需求是其不断发展的动力,政府扶植和有效管理是有力支撑。辽代纺织业在国计民生中发挥着重要作用,其产品不仅能满足国内各层民众的消费需求,还是国内外贸易的大宗商品,并兼作政治交往的重要礼品。",草原文物,2018-09-15,期刊,F426.81;K246.1;K871.44,83-94+125,13
3,山西垣曲地区旧石器考古调查简报,袁文明;王益人;姚海河,山西省考古研究所垣曲县博物馆,垣曲;中更新世;砾石工业;,"垣曲地区位于山西柯南部,区域内早更新世和中更新世地层出露较好。2017年3月,对该区域过往发现的旧石器地点进行了核查。新发现旧石器地点14处,获得石制品和动物化石50余件。石制品原料以石英、石英岩和石英砂岩为主,类型包括石核、石片、工具、断块。工具可见刮削器、砍砸器、石刀等。",草原文物,2018-09-15,期刊,K878,1-10+125,11
4,吉林省梨树县城楞子城址的调查与思考,聂卓慧,吉林师范大学历史文化学院四平市文物管理委员会办公室,城楞子城址;考古调查;通州;辽代;,"<正>城楞子城址为吉林省省级文物保护单位,位于吉林省梨树县东河镇王平房村城楞子屯,东辽河左岸二级台地之上(图一),东经124°40′18.0″,北纬43°29′44.7″,海拔172米,包括南、北二城,旧称""东双城子""后因地表残留土楞,又称""城楞子""。城址发现于上世纪80年代,当地地方县志曾对城址情况进行粗略记载;《梨树县文物志》(1)对",草原文物,2018-09-15,期刊,K878.3,11-19,9
5,论辽代陶瓷中的伊斯兰文化元素——以七连环图案为例,付承章,中国人民大学历史学院,伊斯兰;七连环;辽代;陶瓷;,"<正>近年来对丝绸之路北线,即草原丝绸之路的研究正逐步受到学术界的重视。这其中,辽与西方伊斯兰世界的文化交流无疑应被看作是整个草原丝绸之路文化脉络的重要组成部分。以陶瓷器为例,埃及福斯塔特、伊朗西拉夫、伊拉克萨马拉等伊斯兰遗址出土的辽白瓷和辽三彩,从一个侧面证明了这些器物很有可",草原文物,2018-09-15,期刊,K876.3,76-82,7
1,河北邢台隆尧乡观遗址2014年出土动物遗存研究,李文艳;韩金秋,河北省文物研究所,乡观遗址;动物遗存;,"<正>乡观遗址位于邢台市隆尧县固城镇乡观村北100米。遗址东西200米,南北200米,面积40000平方米,保存情况较差。2014年4月,河北省文物研究所会同邢台市文物管理处、隆尧县文物保管所组成乡观遗址考古队,对遗址进行抢救性考古发掘,自西向东划分Ⅰ、Ⅱ、Ⅲ三个发掘区,面积1660平方米。该遗址遗存年代跨度大,可分为龙山、夏代、商代、",草原文物,2018-09-15,期刊,K878;Q915,115-122,8
2,“朝霞”、“轾霞”竞风流——辽代纺织业发展探析,顾亚丽,赤峰市博物馆,辽代;纺织业;发展;技艺;贸易;交往;,"辽代纺织业包括毛、麻和丝纺织等门类。丰富的原材料供给是辽代纺织业发展的保证,国内需求是其不断发展的动力,政府扶植和有效管理是有力支撑。辽代纺织业在国计民生中发挥着重要作用,其产品不仅能满足国内各层民众的消费需求,还是国内外贸易的大宗商品,并兼作政治交往的重要礼品。",草原文物,2018-09-15,期刊,F426.81;K246.1;K871.44,83-94+125,13
3,山西垣曲地区旧石器考古调查简报,袁文明;王益人;姚海河,山西省考古研究所垣曲县博物馆,垣曲;中更新世;砾石工业;,"垣曲地区位于山西柯南部,区域内早更新世和中更新世地层出露较好。2017年3月,对该区域过往发现的旧石器地点进行了核查。新发现旧石器地点14处,获得石制品和动物化石50余件。石制品原料以石英、石英岩和石英砂岩为主,类型包括石核、石片、工具、断块。工具可见刮削器、砍砸器、石刀等。",草原文物,2018-09-15,期刊,K878,1-10+125,11
4,吉林省梨树县城楞子城址的调查与思考,聂卓慧,吉林师范大学历史文化学院四平市文物管理委员会办公室,城楞子城址;考古调查;通州;辽代;,"<正>城楞子城址为吉林省省级文物保护单位,位于吉林省梨树县东河镇王平房村城楞子屯,东辽河左岸二级台地之上(图一),东经124°40′18.0″,北纬43°29′44.7″,海拔172米,包括南、北二城,旧称""东双城子""后因地表残留土楞,又称""城楞子""。城址发现于上世纪80年代,当地地方县志曾对城址情况进行粗略记载;《梨树县文物志》(1)对",草原文物,2018-09-15,期刊,K878.3,11-19,9
5,论辽代陶瓷中的伊斯兰文化元素——以七连环图案为例,付承章,中国人民大学历史学院,伊斯兰;七连环;辽代;陶瓷;,"<正>近年来对丝绸之路北线,即草原丝绸之路的研究正逐步受到学术界的重视。这其中,辽与西方伊斯兰世界的文化交流无疑应被看作是整个草原丝绸之路文化脉络的重要组成部分。以陶瓷器为例,埃及福斯塔特、伊朗西拉夫、伊拉克萨马拉等伊斯兰遗址出土的辽白瓷和辽三彩,从一个侧面证明了这些器物很有可",草原文物,2018-09-15,期刊,K876.3,76-82,7
6,内蒙古东部区的两种青铜文化巡礼,郭丽,内蒙古包头博物馆,青铜时代;山城;聚落遗址;祭祀;,"<正>在人类历史上,青铜器的发明一直被认为是文明时代到来的标志之一。内蒙古草原在新石器时代晚期就已经出现了原始的铜金属制品,经过一段铜石并用时期的过渡,到距今两千年左右正式步入青铜时代。这同中原地区青铜文明兴起的步伐基本上是一致的。正当中原大地上创建第一个奴隶制王朝",草原文物,2018-09-15,期刊,K876.41,28-34,7
7,中国北方地区先秦时期马镳研究(一),邵会秋;石嫦静,吉林大学考古学院,中国北方地区;先秦时期;马镳;,"文章在广泛收集先秦时期北方地区出土马镳的前提下,对其进行了详细的类型学分析,判断了各种马镳的流行年代,并在此基础上,进行了分期和分区研究,揭示了北方地区马镳的发展演变过程和区域性特征,为探讨中国北方地区马镳的来源、发展演变以及与周邻地区文化之间的关系等内容提供了研究基础。",草原文物,2018-09-15,期刊,K875.3,35-53+125,20
8,北方长城沿线璜形项饰窥探,沈莎莎;党郁,内蒙古博物院内蒙古自治区文物考古研究所,北方长城沿线;璜形项饰;分布;文化因素;意义;,"<正>北方长城沿线青铜时代至早期铁器时代的北方系金属器虽见有一定数量的金器,但多以青铜器为主。这类以工具、武器和装饰品为基本组合的金属器,以其独特的造型及各种动物或怪兽纹的装饰风格在广袤的中国北方地区独树一帜。考古发现表明,自新石器时代始,以各种骨珠、贝壳、松石、玛瑙",草原文物,2018-09-15,期刊,K872,54-61,8
10,凤、鸾、练鹊与翟鸟辨析——从“西夏双凤花草纹金碗”谈起,郑承燕;杨星宇,内蒙古博物院内蒙古自治区文物局,祥瑞文化;高油房遗址;官员品级;,"<正>近日在文物整理时,笔者得以近观内蒙古巴彦淖尔市临河区高油房古城遗址出土的""西夏双凤花草纹金碗""(图一)。该碗敞口,浅腹,喇叭状小圈足,口径10.7、高3.5厘米。原报告中称其""碗心錾刻凤凰团喜纹,内腹刻三枝花,分别为芍药、牡丹和西蕃莲。沿下刻缠枝牡丹纹一周。圈足的外沿又刻有忍冬纹一周。""(1)然细观该金碗碗心图案:双禽皆为鸟头,尖喙,",草原文物,2018-09-15,期刊,K876.43,95-101,7
11,人物纹金花提梁银壶,,O,O,"<正>内蒙古自治区通辽市科尔沁左翼后旗吐尔基山辽墓出土银质,花纹鎏金。直口,长颈,扁圆形腹,喇叭状圈足,半圆形提梁,宝珠形盖。饰有莲瓣纹、花鸟纹、折枚花卉纹、狮子戏珠纹。腹部两侧各饰一组人物图案,腹底饰仰莲纹,足部饰莲叶纹。口径5.9、通高27.5厘米,重1331克",辽代,,草原文物,K876.43,2,1
12,内蒙古鄂尔多斯乌兰木伦遗址石器工业中的西方文化元素,刘扬,内蒙古师范大学历史文化学院,鄂尔多斯;乌兰木伦;石器技术;西方元素;,"通过对乌兰木伦遗址石器工业中所存在的西方文化元素进行梳理,表明其在锯齿刃器-凹缺器工具组合、特殊剥片技术及孔贝瓦技术、带铤石镞等方面体现出西方旧石器文化特点。尤其带铤石镞的发现,极有可能为旧石器时代东西方文化交流以及现代人迁徙路线的研究提供新的证据链。",草原文物,2018-09-15,期刊,K878,20-27+125,9
13,大同北朝艺术博物馆藏石函研究,赵肖霞,中国人民大学考古文博系,石函;形制;伎乐;忍冬纹;北魏;,"<正>石函,""石""为石质,""函""为舍利函,是舍利的容纳供奉之具;也可称作""石匣"",即石制的匣子。舍利,梵语为sarira,音译为师利罗、设利罗和实利,即骨身、遗身,是指人体火化焚烧后遗留下的颗粒状遗骨等,后来泛指佛教高僧尊者火化后的遗骨。舍利是印度佛教流行的供养物,瘞埋舍利随之兴起,成为佛教活动的重要组成部分,可视为供养佛的一个重要",草原文物,2018-09-15,期刊,K879.3,62-69,8
14,内蒙古自治区境内唯一的一组北宋遗存——鄂尔多斯市准格尔旗北宋丰州城及其防御体系,张文平;甄自明,内蒙古自治区文物考古研究所鄂尔多斯市博物馆,准格尔旗;北宋;丰州;防御体系;,"通过实地考古调查并结合文献史料记载可知,北宋在今鄂尔多斯市准格尔旗纳日松镇二长渠古城设立有丰州建制。以丰州城为中心,北宋王朝构筑了一个以河险为依托、以砦址为护卫、以烽火台为延伸的综合性防御体系。在整个辽宋夏金时期,北宋丰州城及其防御体系是目前在内蒙古自治区境内发现的唯一一组北宋遗存。",草原文物,2018-09-15,期刊,K878,102-107+125,7
15,夏家店下层文化铜器成分及工艺研究,王永乐;梅建军;李延祥;曹建恩;孙金松;党郁,北京科技大学科技史与文化遗产研究院内蒙古自治区文物考古研究所,夏家店下层文化;冶金考古;合金成分及工艺;,"<正>我国早在仰韶时代就发现有铜器(1),约在公元前两千纪前后铜器开始大量出现。我国早期铜器主要分布于西北地区、中原地区和北方地区,西北地区和中原地区的铜器研究已经取得了一些重大成果,而关于北方地区早期铜器的研究则略显薄弱。近年来由于考古发掘工作的进行,北方地区也新出土了一些早期铜器,考古实物资料日渐丰富,因此这一地区的早期铜",草原文物,2018-09-15,期刊,K876.41,108-114,7
16,追忆张忠培先生,刘兆和,内蒙古文化厅,O,"<正>尊敬的张忠培先生2017年7月5日离我们而去,至今已一年有余,而《张忠培先生生平介绍》仍然摆在我的案头。封面图片中的他那抿着嘴和闪闪的两眼,似乎盯着我微笑。难以忘却与先生见面受教的幕幕情景,总是不时浮现在眼前。记得鲁迅先生说过一句话,大意是有人活着他却死了,有人死了却还活着。我经常梦见张忠培先生,我想张忠培先生就是鲁迅先生说的那种还",草原文物,2018-09-15,期刊,K825.81;K87,123-124,2
17,虎咬鹰纹金牌饰,,O,O,"<正>匈奴时期(约公元前2世纪)2010年内蒙古乌兰察布市白家湾匈奴窖藏出土现藏于内蒙古乌兰察布博物馆透雕。虎呈站立式,张口含咬鹰头部,右前蹄踩踏鹰颈部,颈部饰有项圈及叶片纹。鹰、虎耳上均饰有叶状纹、心纹、圆圈纹,并镶嵌有绿松石和料石。长15、宽10.1、厚0.1-0.2厘米,重553.45克。",草原文物,2018-03-15,期刊,K876.43,2,1
18,2017年内蒙古文物考古研究所考古发现综述,党郁,内蒙古自治区文物考古研究所,2017;内蒙古文物考古研究所;考古新发现;课题意识;,"2017年,十三五期间国家重大考古项目""河套地区史前聚落与社会研究""持续开展,配合申遗工作的辽上京、伊林驿站考古发现收获颇多,在化德县地区、多伦县滦河流域、巴彦淖尔市乌拉特中旗自主开展的各项考古调查填补了区域考古的空白,配合基本建设考古项目及中蒙联合考古工作也取得重要收获。",草原文物,2018-03-15,期刊,K872,1-15+125,16
19,清水河县下塔石城内城墙发掘简报,曹建恩;党郁;孙金松,内蒙古自治区文物考古研究所,清水河县;下塔石城;防御设施;永兴店文化;,"2004-2005年,内蒙古文物考古研究所对清水河县下塔石城内外城垣及墙体附属设施、城内皆进行了试掘,发现该城不仅存在内外两道城垣,还附属有马面、城门、角楼、瓮城等设施,是目前北方地区最早的城墙防御体系,为探讨河套地区乃至整个北方地区的城市建制提供了珍贵的实证。",草原文物,2018-03-15,期刊,K878.3,16-29+125,15
20,吉林省延吉市民主遗址2017年度发掘,梁会丽;潘晶琳;孙美晶;姜铭,黑龙江大学考古系延边朝鲜族自治州文物保护中心延边朝鲜族自治州博物馆,吉林省;延吉市;民主遗址;团结文化;,"<正>民主遗址位于吉林省延吉市小营镇民主村,为一处早期铁器时代遗址,1999年被批准为市级保护单位,2007年获批为州级文物保护单位。该遗址在1985年第二次全国文物普查中被发现并收录于当地文物志中1。遗址所处地点原本地势平坦开阔,因处于城乡结合处,城市的发展对其造成了极大的破坏,自上世纪九十年代以来,公路修建、砖瓦厂取土等行为已使遗址及其所在区域地貌发生了很大变化。",草原文物,2018-03-15,期刊,K878,30-39,10
21,阿拉善盟额济纳旗红庙汉墓群发掘简报,张文平;丹达尔;李倩;李宁;刘鹏;李威;傅兴业;杜庆军;那森乌日图;李化冰,内蒙古自治区文物考古研究所额济纳旗文物保护研究所,居延;西汉时期;墓群;,"<正>一、地理位置与发掘概况红庙汉墓群位于阿拉善盟额济纳旗达来呼布镇吉日嘎郎图嘎查东南11.5公里处,东南距西夏红庙遗址约2.72公里,因汉墓群周边无其他显著地标,因而以红庙命名墓群。墓群所在地属戈壁沙漠地带,周边较为平坦,东、北侧有自然形成的沙丘地。墓群地处古居延泽与额木讷高勒河间的一条古河道北岸,西距温都格城(汉代居延都尉府)约7.1公里,东北距K710城(汉代遮虏障)",草原文物,2018-03-15,期刊,K878.8,40-48,9
22,赤峰宁城县福峰山辽代墓葬,马凤磊;周兴启;郭勇;黄露;姜仕勋;崔伟春,赤峰市博物馆宁城县文物局,宁城县;辽代墓葬;萧氏家族;,"福峰山辽代墓葬为带斜坡墓道多室砖墓,出土铜、铁、瓷器及石雕像、经幢和建筑构件等,尤其天井及甬道处壁画保存较好,为了解辽代日常生活、墓葬制度、墓地建筑等提供了重要的实物资料。根据出土墓志考证,推测为萧宁与安定公主夫妇合葬墓,与秦晋国大长公主墓、萧阐墓、萧闛墓等属于同一家族墓地。",草原文物,2018-03-15,期刊,K878.8,49-56+125,9
23,试论白音长汗遗址的聚落结构,刘肖睿;孟庆旭,吉林省博物院吉林省文物考古研究所,兴隆洼文化;白音长汗二期乙类遗存;聚落结构;,"<正>一、绪论白音长汗遗址位于内蒙古赤峰市林西县南部西拉木伦河北岸,西拉木伦河主河道距遗址两公里,古河床从其南部通过。该遗址位于黄土堆积的低山丘陵区,处于我国季风区与非季风区交界的气候敏感带。遗址坐落于白音长汗村西南约500米的一列山冈上,""山冈的西南一侧坡势陡直,下临深壑,不宜人类聚居活动。山冈的东侧则山势平缓,遗址的主体就分布在这",草原文物,2018-03-15,期刊,K878,57-63,7
24,北方长城沿线地带金属耳饰初探,党郁,内蒙古自治区文物考古研究所,长城沿线地带;金属耳饰;型式划分;源流;,"随着环境、生业与人群的变迁,北方长城沿线地带与中原农耕地区的装饰材质逐渐发生分化,尤其东周时期长城地带墓葬中出土了大量不同风格的金属耳饰,在整个沿线的不同文化中各自发展但又相互碰撞、交流和融合,使得这一历史时期内该地区各考古学文化体现出既各自独立又联系紧密的时代特征。",草原文物,2018-03-15,期刊,K876.4,64-76+125,14
25,从考古材料分析新疆地区的骨镞,阿热阿依·托列根,中国人民大学考古文博系,新疆;骨镞;类型;竖穴土坑墓;,"<正>一、前言镞,又称""箭""、""矢""、""镝""等。在我国,古人对箭镞的认识,最早可追溯至""后羿射日""的神化传说。《释名·释兵》载:""矢,指也,言其有所指向迅疾也""。(1)《史记》、《晋书》等诸多不朽之作中均记载有北方游牧民族以带响声的铜制或骨制的""鸣镝""作为军事信号工具或指代战乱的历史故事。箭镞作为弓箭的重要组成部分,相较箭杆和弓弦而言,其材料质地更易保存下来,故考古出土的实物",草原文物,2018-03-15,期刊,K876.1,77-84,8
26,赤峰喀喇沁旗战国墓葬青铜勺,赵国栋;李倩,中国契丹辽博物馆筹办处内蒙古自治区文物考古研究所,O,"<正>2013年,内蒙古赤峰市喀喇沁旗西桥镇宫营子大队铁营子村一座战国墓葬被盗,经清理,在墓葬腰坑内出土20件精美青铜器,其中一件青铜长柄勺,图案精美、内涵丰富,显得弥足珍贵。以往发现的战国时期青铜器纹饰大多见于壶、匜之上,且多为战争、宴饮等图案,而这件青铜长柄勺的图案则较为特殊。本文以此件青铜勺作为研究对象,试分析其图案内容及艺术风格。该青铜长柄勺现藏于内蒙古自治区赤峰市博物馆。",草原文物,2018-03-15,期刊,K876.41,85-88,4
27,汉代五原塞考,张文平,内蒙古自治区文物考古研究所,明安川;北假中;五原塞;大同川;夹山;,"本文综合考察了内蒙古中南部地区战国秦汉长城的分布状况,认为在阴山山脉及其以北的漠南草原之上由南向北分布的四道东西向汉长城代表了西汉王朝西北边疆发展变迁的四个阶段。其中,西汉五原郡管辖的北假中史称五原塞,设置有归属五原郡太守管辖的若干城都尉,同时设置北假田官开展军事屯田。",草原文物,2018-03-15,期刊,K878,89-98+125,11
28,明楼建制渊源考,范星盛,北京大学考古文博学院,明楼;帝陵;建筑形制;,"<正>明楼是明清帝王陵墓中的重要建筑。明太祖孝陵之后,明清帝陵形成了碑亭、陵门、享殿（祾恩殿）、明楼、陵冢（宝顶）等沿中轴线纵向排列的陵宫建筑群。明楼位于各陵核心—宝顶（封土）前,坐落于宝城城台之上,在空间上占据了陵园建筑的高点,顾炎武《再谒孝陵》诗中就有""突兀明楼峙,呀庨御殿开""1之语。北京明十三陵和清东西陵的明楼建筑内设置陵号碑,在上下檐间悬挂陵名匾,使明楼成为明清帝陵的象征性建筑物。",草原文物,2018-03-15,期刊,K878.8,99-105,7
29,第八届“蒙古、贝加尔西伯利亚与中国北方古代文化”国际学术研讨会纪要,夏福德,吉林大学边疆考古研究中心,O,"<正>2017年9月11日至15日,由吉林大学边疆考古研究中心主办、中国人民大学北方民族考古研究所和吉林省文物考古研究所协办的第八届""蒙古、贝加尔西伯利亚与中国北方古代文化""国际学术研讨会在吉林大学召开。来自俄罗斯、蒙古、日本、英国、美国、加拿大、法国以及中国共8个国家42家科研单位和高校的80余名专家学者参加了本次会议。会议开幕式由吉林大学边疆考古研究中心杨建华教授",草原文物,2018-03-15,期刊,K86-2,109-111,3
30,赤峰市博物馆所藏壁画的保护修复,武晓怡,呼和浩特博物馆内蒙古壁画保护中心,辽墓壁画;元墓壁画;无损检测;修复材料;支撑体更换;,"<正>一、修复背景内蒙古赤峰市博物馆所藏""辽代侍卫图""是上世纪九十年代赤峰市元宝山区塔子山2号辽墓唯一成功揭取的一幅壁画,画面描绘一位身着红色袍服,手持骨朵,留有契丹人传统发型的高大威猛的男性侍卫。1982年,在元宝山发现的元代壁画墓,为小型砖砌单室墓,穹窿顶,内室与现代牧民居住的蒙古包相似,墓室结构严谨,小巧玲珑,四壁及券顶布满彩绘。该墓葬于1983年发",草原文物,2018-03-15,期刊,G264.3;K879.41,112-119,8
31,田野考古学在建设项目文物影响评估中的作用,孙金松,内蒙古自治区文物考古研究所内蒙古师范大学科学技术史研究院,田野考古学;文物影响评估;作用;,"<正>学界普遍认为,文物影响评估属影响评估(impact assessment)的一个分支,是国际影响评估联合会(IAIA)以""对当前或未来计划所产生后果的认识过程""(the process of identifying the future consequences of a current or proposed action)为定义的""影响评估""的重要组成部分。自上世纪八十年代起,随着西方国家不断对影响评估内",草原文物,2018-03-15,期刊,K85,120-123,4
32,浅谈博物馆常设陈列中藏品的管理,沈莎莎,内蒙古博物院,博物馆;常设陈列;藏品;管理;,"<正>常设陈列,是博物馆常年对外开放的基本陈列。相对于临时陈列而言,常设陈列是博物馆性质的整体体现。博物馆常设陈列中的藏品是陈列展览内容的载体,是博物馆藏品的基础,构成了博物馆整体的藏品框架。常设陈列中藏品的管理水平直接影响到陈列内容的体现层次和博物馆整体藏品的管理水平,是博物馆日常藏品管理的重中之重。因本人曾参与历史类常设陈列改陈的藏品管理工作,在工作中有所思考和收获,在此简要谈谈自己的想法,以便推",草原文物,2018-03-15,期刊,G264,106-108,3
