1,顾绶昌与莎士比亚研究,李伟民,浙江越秀外国语学院四川外国语大学研究生院,顾绶昌;莎士比亚;版本;翻译;语言;,"在中国莎学研究领域,顾绶昌的莎剧版本、翻译、语言研究具有重要学术价值。本文通过对顾绶昌莎剧版本研究、莎剧翻译研究、莎剧语言研究等主张的梳理、研究,认为顾绶昌的莎学批评在中国莎学研究史上占有不容忽视的重要地位。顾绶昌重视莎作翻译,他不仅明确指出了莎剧翻译中版本选择的重要性,强调了版本选择是否合适,对莎作内容及人物性格分析具有指导意义,而且明白、正确地指出了一些著名莎剧译本在翻译过程中存在的问题;同时认为研究莎作的语言应该结合伊丽莎白时代的语言特点,从社会、生活和戏剧性角度综合考虑,尽量保存、再现俚语、双关语、戏谑语、猥亵语等词语和其中的隐喻。语言变化与社会生活变化相关,莎剧中保存了很多经典和鲜活的语言,因此研究莎士比亚的语言是我们研究莎作的基础。对于莎作可以从读音、拼法和词义等语言学角度出发,考虑莎作的翻译问题,并在此基础上深入探讨莎剧中的人物形象和语言特点。",北京第二外国语学院学报,2017-12-15,期刊,H315.9;I046,101-109+127,10
2,库尔提乌斯及其诋毁者的欧洲意识,厄尔·杰弗里·理查兹;林振华,德国乌普塔尔大学罗曼语言文学系深圳市福田区城市绿洲国际学校中学部学生处深圳市福田区城市绿洲国际学校剑桥考试中心,库尔提乌斯;欧洲意识;尧斯;,"构建超越""民族存在""思维的欧洲,乃是库尔提乌斯孜孜以求的宗旨。他始终坚持从超民族层面看待文学文化。然而,他的这一思想遭到受纳粹意识形态影响的尧斯等人的激烈抨击。面对多方指责,库氏一边处之泰然,一边尝试走出民族窠臼,在这之上寻求欧洲同一性概念。他为民族差异提供了一个欧洲视角。本文以详实的史料,分析了库氏及其诋毁者的欧洲意识。作者认为,库氏的拉丁欧洲,并不认可以民间传说之优先性为基础的理论;他的拉丁欧洲是凭着超民族文化而统一起来,因此是对纳粹意识形态的思想挑战。",北京第二外国语学院学报,2017-12-15,期刊,I106,5-25+121,22
3,格林海姆洛雷拼贴小说《女性世界》人物认知研究——多模态认知文体学视角,雷茜,西安外国语大学英文学院,《女性世界》;人物塑造;多模态隐喻;图式阻断;图式重构;,"格林海姆·洛雷拼贴小说《女性世界》以第一人称诺玛的视角展开,塑造了两个性格鲜明的兄妹罗伊和诺玛,两人最终被证实是一个有两性着装嗜好的男青年罗伊。本文采用多模态认知文体学的视角,以Culpeper戏剧人物认知模式为原型,建构了一个多模态文学作品人物认知模型,在此模型的基础上讨论多模态隐喻如何通过图像、印刷版式、色彩和布局在两人命名、外貌描写、言语和思想表达方面与语言隐喻相辅相成建构意义,帮助读者完成图式质疑和重构,最终达到对诺玛和罗伊两个人物的正确理解。",北京第二外国语学院学报,2017-12-15,期刊,I561.074,57-68+124,13
4,刘宓庆翻译学体系建构述评,张思永,天津职业技术师范大学外国语学院,刘宓庆;翻译学体系;实然体系;应然体系;述评;,"翻译学体系建构是现代翻译学学科建设的重要方面,国内外许多学者都曾从不同视角尝试构建过各种翻译学体系。特别是在国内翻译学界,这方面的研究曾一度成为译学研究的主流和热点,颇具中国翻译研究的特点。刘宓庆是中国当代著名的翻译理论家,他的翻译研究领域广、著述丰、影响大。从20世纪80年代开始,他就尝试建构翻译学体系,此后这一领域一直是其译学研究的重点之一,在其近四十年的学术生涯中,不断修订推出新的翻译学体系版本。那么,刘宓庆的翻译学体系是如何建构的?具有哪些特征?存在的主要问题是什么?对当前中国译学研究又有什么意义和启示?本文对这些问题进行了尝试性回答。文章首先将刘宓庆的翻译学体系分为两大类——实然体系和应然体系,在此基础上分别梳理了其翻译学实然体系和应然体系的建构历程,并从历时和共时视角对其翻译学体系(特别是应然体系)进行了评论,指出了其翻译学体系建构的四个特征,同时指出了其翻译学体系存在的两个问题,最后总结了其翻译学体系建构对包括中国翻译学体系在内的当前中国译学研究的意义和启示。本文旨在以此个案一窥中国新时期翻译学体系建构之一角,为进一步完善中国翻译学体系的建构和深化当前的翻译学研究提供一个借鉴和反思的视角。",北京第二外国语学院学报,2017-12-15,期刊,H059,82-100+126,20
5,反腐倡廉公益平面广告中的多模态隐喻和转喻,刘银;杨文彬,北京外国语大学英语学院,多模态隐喻;多模态转喻;概念隐喻;概念转喻;反腐倡廉;,"本文系统探究了130幅反腐倡廉平面广告中出现的多模态隐喻和转喻现象。研究主要发现:(1)广告中的多模态隐喻和转喻主要用于呈现""腐败者""""腐败""""惩治""""廉洁者""和""廉洁""五大主题;(2)广告中的多模态隐喻和转喻根据思维中的相关概念隐喻和概念转喻,呈规律性、系统性分布:多模态隐喻主要基于[高级物体/特征是低级物体/特征][抽象概念是具体物体]及[动作是力的施加]三大概念隐喻,多模态转喻则主要体现[范畴定义特征代范畴][物体组成部分代物体][工具代动作][符号代概念][物品代相关概念]和[物品代相关人员]六大概念转喻;(3)""阐释""""赞誉""""批判""""警示""""凸显""等言语行为依托多模态隐喻和转喻得以实现,进而行成反腐倡廉主题构建的基本策略——己方合法化和对方非法化,最终实现反腐倡廉主题的构建。隐喻和转喻既是思维的产物也是社会表征的重要呈现形式,因此本文对提高多模态隐喻和转喻研究的系统性以及把握当前反腐倡廉的主流价值取向有所助益。",北京第二外国语学院学报,2017-12-15,期刊,H15,40-56+123,18
6,国内翻译技术研究综述,刁洪,重庆工商大学外语学院,翻译技术研究;CiteSpace V;研究热点;机器翻译;计算机辅助翻译;,"20世纪50年代末至今,翻译技术已经走过半个多世纪。当前,翻译技术已成为翻译研究的重要领域,然而国内还没有相关的研究综述。本文以CNKI期刊数据库中关于翻译技术研究的论文为数据来源,运用数据统计和Cite Space V软件的科学知识图谱,进行国内翻译技术研究可视化分析,通过考察发文数量、论文发表载体、主要研究领域、高频关键词、主要研究机构及重要研究者等,梳理了国内翻译技术研究的发展脉络与现状。研究结果显示,我国翻译技术研究在近十年达到高潮,研究焦点集中在机器翻译的基础研究及应用研究。文章进而提出了翻译技术研究存在的问题,并展望了未来研究方向。本文旨在使相关领域的研究者得到一定启发与思考,以促进国内翻译技术研究更好地发展。",北京第二外国语学院学报,2017-12-15,期刊,H085,69-81+125,14
7,多模态隐喻场景对涉华国际关系的建构——多模态隐喻研究的社会维度,赵秀凤,中国石油大学(北京)外国语学院,多模态隐喻;隐喻场景;国际关系;社会维度;国际形象;漫画;,"本文从关注多模态隐喻的社会维度出发,以《经济学人》涉华国际关系政治漫画为例,批评分析多模态隐喻场景对涉华国际关系的建构。统计分析表明,《经济学人》主要使用五类隐喻场景建构涉华国际关系:冲突/战争场景、竞赛场景、游戏/表演场景、旅程场景和交友/生活场景,其中""冲突/战争""类使用频率最高,接近50%。本文结合实例,重点分析该类场景对中国负面国际形象的隐喻建构。该类漫画基于图画、颜色、空间等视觉元素和长篇文字的协同作用,把系列转喻和隐喻链整合成虚拟故事框架,突显战争相关的某些次域如吞并、杀戮、论战、现代武器、传统防御等结构或属性特征,映射中国的崛起和强势。这既符合西方人头脑中关于中国的刻板印象,又恰到好处地实现有效塑造和传播中国威胁的媒体使命。对此,读者应有清醒的认识,采用批判的眼光理解媒体对现实的建构性本质。",北京第二外国语学院学报,2017-12-15,期刊,H315,26-39+122,15
8,美国非法移民政策效果分析,张胜利,北京第二外国语学院英语学院,美国移民政策;非法移民;效果;因素;,"美国是一个移民大国。自20世纪80年代以来美国一直受到非法移民的困扰,非法移民人数不断攀升并由此产生了一系列社会问题。非法移民问题成为政界、学术界和普通民众关注的焦点问题。本文将通过数据分析、案例分析等方法对近年来美国联邦政府为治理非法移民问题所制定和实施的非法移民政策进行分析,对非法移民政策的实施效果进行定性评估,指出受制于非法移民问题所涉及的政治、经济、种族和外交等诸多因素的影响,美国联邦政府在非法移民政策的内容设计上存在着自相矛盾的漏洞,在政策的执行中表现出懈怠放任的态度,其结果是非法移民净增长并未停止,非法移民问题未能得到有效的治理,以此揭示美国非法移民问题治理的艰巨性和长期性。",北京第二外国语学院学报,2017-12-15,期刊,D871.2,110-120+128,12
9,《红楼梦》中引前人诗句的英译问题,荣立宇,天津师范大学外国语学院,《红楼梦》;霍克思;杨宪益、戴乃迭;前人诗句;翻译;,"《红楼梦》体大虑周、文备众体。仅就诗词来说,其中包括作者原创诗词、引用前人诗词、作者托名前人创作诗词三种情况。现有的《红楼梦》诗词翻译研究数量颇丰,却鲜有专门探讨其中所引前人诗句之翻译者,是为前人研究之空白。文章以《红楼梦》两个权威英译本——霍克思译本、杨宪益和戴乃迭译本——为语料,从原诗作者、原诗文本、诗句变格、诗学特征、引用讹误等方面逐一探讨了《红楼梦》中引用前人诗句的英译问题,同时也从新的角度揭示出两个英译本的异同以及由此反映出来的不同译者相异的翻译理念。文章指出在顾及原诗文本、原诗作者、所处社会状态等方面霍译较杨译更为确凿。这对译文读者和研究者的阅读理解与考证研究具有一定的价值和意义。",北京第二外国语学院学报,2017-11-17,11:26,H315.9;I046,53-63+123,12
10,美国族裔诗歌研究的新图景——评王卓教授新作《多元文化视野中的美国族裔诗歌研究》,李云霞,济南大学外国语学院,王卓;《多元文化视野中的美国族裔诗歌研究》;美国族裔诗歌;多元文化的视角;,"《多元文化视野中的美国族裔诗歌研究》是王卓教授美国族裔诗歌研究的集大成之作。在这部近900页的鸿篇巨著中,王卓从多元文化的视角对美国族裔诗歌的发展流变及内在规律等进行了全景式的梳理,对代表性族裔诗歌的诗学理念与基本特征等进行了深入研究,对族裔诗歌与主流话语之间、不同族裔诗歌之间以及族裔诗歌文本内部的语言指涉系统与文本外各种文化符号系统之间复杂而微妙的关系进行了辩证分析,展示了美国族裔诗歌研究的新图景。本文通过分析此专著独特的研究视角与研究策略,揭示了其所具有的开放性与对话性两个鲜明的特征,并指出,此专著修正了当代美国族裔诗歌研究中""重政治、轻美学""的不足,注重思想、情感、形式的多维统一,极大地丰富了美国族裔诗歌的研究视野和研究范式。",北京第二外国语学院学报,2017-11-17,11:26,I712.072,111-118+128,9
11,追寻分裂时代的“好生活”——费希生态哲学视域下的莱辛小说解读,陈倩,中国人民大学文学院,深层生态学;生态女性主义;生态文学;吕克·费希;多丽丝·莱辛;,"法国学者吕克·费希在其《新的生态秩序》《什么是好生活》《神话的智慧》等作品里,通过对卢梭、笛卡尔、尼采、福柯、海德格尔等人的分析,结合当下现实,传达了他对""深层生态学""和""生态女性主义""的进一步思考。他的忧虑、追问以及积极寻求解决环境问题的态度与英国女作家多丽丝·莱辛的一系列创作不谋而合。从费希生态哲学的视角解读,有助于加深对莱辛作品的理解;莱辛对""分裂时代""人与自然关系的探讨也为当代生态哲学提供了鲜活素材。文章通过细读费希和莱辛在生态问题上的共同关切和相近思考,使生态主义学说与当代文本实践互为参照,试图证明在后资本主义时代,越来越多以费希、莱辛等欧美知识分子为代表的中产阶层反思""什么是好生活""以及追寻分裂时代的""弥合""路径,成为比严峻的生态现实更有效推动当代生态学发展之动因。",北京第二外国语学院学报,2017-11-17,11:26,I561.074,64-75+124,13
12,母爱的伦理限度——《男人与天使》中的母性观,李芳,西南大学外国语学院,《男人与天使》;母爱;伦理限度;母性;美国当代小说;玛丽·戈登;,"""母爱""长期以来被当作母性的重要参数与母亲身份捆绑在一起,成为母亲赖以存在的伦理向度。然而当代美国小说家玛丽·戈登在《男人与天使》中对该伦理向度进行了置疑,展示了母爱的伦理限度及建构性,为母亲的多样性存在发出了独特的声音。本文从母爱的本体性、错位性和异质性三个角度来讨论小说中体现的母爱的伦理限度,即:母爱并非单向的维度,成为爱的主体是打破传统的伦理限度,使母爱最终走向无限的重要途径;母亲的爱很可能指向的是其他孩子,这是理解母爱需要突破的一个伦理维度;母爱是各种矛盾情感的统一体,接纳包括""恨""在内的消极情感将有助于通过对母爱的伦理限度的认可,消解母亲在各种力量中遭受的挤压,从而获得更为繁茂的生命力。",北京第二外国语学院学报,2017-11-17,11:26,I712.074,76-86+125,12
13,从异化到创新:由诠释模式看韦努蒂翻译思想之嬗变,樊林洲;黄琳,兰州大学外国语学院英语系,诠释模式;铭写;解释项;语言剩余;翻译伦理;韦努蒂;,"韦努蒂在其论文集《翻译改变一切》(2013)中,提出翻译研究的诠释模式,并通过""铭写""和""解释物""的概念重新界定翻译伦理观和翻译评价方法,更深入地阐述了""异化""翻译理论和""存异""伦理中""异""的概念,进一步发展了他的翻译理论,这是韦努蒂对翻译理论不断思考和探索的结晶。本文首先追溯韦努蒂诠释模式的理论源头,区分这一模式与传统解释学之间的差别,这是全面把握韦努蒂诠释模式的前提;其次,研究诠释模式中的核心概念""铭写""和""解释物"",比较二者与""语言剩余""之间的差异,有助于理解韦努蒂翻译思想的发展脉络,说明诠释模式对于翻译本质具有更加普遍的解释力;第三,对比了归化/异化理论和存异伦理与诠释模式之间的区别与联系,剖析诠释模式的创新和突破,希望能够厘清韦努蒂前后思想之间的承继关系,探究韦努蒂翻译思想由异化向创新转变的动因和过程,以深入理解翻译的解释性质。",北京第二外国语学院学报,2017-11-17,11:26,H059,40-52+122,14
14,字母词中塞音的声学特征,顾晓微,天津科技大学外国语学院,字母词;普通话;塞音;VOT;GAP;声学特征;,"本研究采用实验的方法,对比分析了字母词塞音和普通话塞音两种样本的VOT并进行统计检验,发现字母词中英语本身的浊塞音变为不送气清塞音,具有普通话塞音的声学特征,同时两种样本的VOT无显著差异。由GAP和VOT平均值构建出塞音格局图,显示两种样本声学格局一致,属同一类音。字母词塞音和普通话塞音一样,是清塞音,通过送气与否形成对立;字母词并未将浊塞音引入普通话,普通话塞音仍保留了送气这一重要区别特征,其塞音体系没有改变。",北京第二外国语学院学报,2017-11-17,11:26,H116.2,26-39+121,15
15,世界英语背景下高校英语教师对跨文化教学的信念研究,刘熠;商国印,辽宁大学外国语学院东北大学外国语学院,世界英语;跨文化教学;教师信念;英语教育;高校英语教师;,"世界英语发展使当代英语教学产生了范式的转变,而跨文化教学作为英语教学的重要目标之一也随之面临着新的问题和挑战,仅仅掌握英美文化知识已经无法满足学生跨文化交流的需要。高校英语教师对待跨文化教学的信念与理解是跨文化教学的关键,本研究通过调查问卷和焦点团体访谈相结合的方法,对高校英语教师对待跨文化教学的信念进行了深入的研究。研究发现,当代高校英语教师对于跨文化教学的重要性有着充分的认识,已开始重视本国文化的理解和传播,意识到世界英语的发展对跨文化教学的新挑战,但多数教师仍旧将语言作为教学中心,跨文化教学以传递知识为主,将与母语文化国家的人进行交流作为跨文化教学的主要目标,在如何有效具体实施世界英语发展背景下的跨文化教学方面仍然需要进一步探究。",北京第二外国语学院学报,2017-11-17,11:26,H319.3,87-97+126,12
17,学术英语听力多模态混合式学习模式设计,韩颖,广州医科大学基础学院,学术英语听力;听力过程;多模态学习;社会建构主义学习理论;混合式学习;,"学术英语是当前大学英语教学改革的热点之一,但学术英语听力研究在我国仍未受到足够重视,当中以教育技术辅助下的学术英语听力研究最为缺乏。为此,本文从学生学术英语听力的困难出发,在文献综述和研究的基础上,尝试将移动技术和网络技术与课堂教学进行整合,设计了""微信+课堂+TED-Ed""学术英语听力混合式学习模式。该学习模式的设计以社会建构主义学习理论为依据,融合了听力理解的三类知识、两个过程以及学术英语听力的语篇特点和笔记技巧,通过多种模态的输入和转换促进学生学术英语听力的提高。本文对教育技术促进学术英语听力发展的途径进行了探讨,从研究内容和视角上对国内学术英语听力研究形成补充,以促进后续研究的发展。",北京第二外国语学院学报,2017-11-17,11:26,H319.9,98-110+127,14
18,透过俄罗斯的汉学棱镜展示中国精神文化——以《中国精神文化大典》为例,М.Л.季塔连科;А.В.罗曼诺夫;张冰,俄罗斯科学院俄罗斯科学院远东研究所北京大学俄罗斯文化研究所,俄罗斯;汉学;中国精神文化大典;,"本文通过对俄罗斯""有关中国及其他国家辞典阐释类著作的样本——《中国:历史、经济、文化,为民族独立英勇战斗》(1940)""""俄罗斯关于中国哲学研究的‘路线图’——百科辞典《中国哲学》(1994)""""认知中国,巩固和发展俄罗斯汉学传统——多卷本百科全书《中国精神文化大典》(2006—2010)""等诸方面系统翔实的阐释,以2 1世纪前1 0年俄罗斯汉学研究领域完成的最重大的成果《中国精神文化大典》为例,全面深刻地论述了俄罗斯汉学在中国精神文化研究领域的特点、发展进程和取得的巨大实绩,以期对中国精神文化作出客观完整的理解和解读,透过俄罗斯的汉学棱镜展示中国精神文化。",北京第二外国语学院学报,2017-11-17,11:26,K207.8,17-25+120,10
19,《北京第二外国语学院学报》承办全国高校外语学刊研究会2017年年会,,O,O,"<正>2017年9月22~24日,由全国高校外语学刊研究会主办、《北京第二外国语学院学报》编辑部承办的""中国英汉语比较研究会·全国高校外语学刊研究会2017年年会""在北京举行。来自全国各地几十所高校、将近40家外语期刊、集刊、评价机构的主编、副主编以及责任编辑等共70余位期刊界同仁共同就新形势下外语学刊面临的发展问题进行了探讨。北京第二外国语学院各级领导对承办本次年会非常重视和支持,副校长邱鸣教授、科研处长郑承",北京第二外国语学院学报,2017-10-15,期刊,+,129,1
20,译者行为批评视域下《黑白李》三个英译本中熟语翻译比较,黄勤;余果,华中科技大学外国语学院,《黑白李》;熟语;“求真—务实”连续统评价模式;译者行为批评;,"熟语在小说中一般起到简练语言、展现地域特色和刻画人物形象的作用。本文选择老舍短篇小说《黑白李》的王际真(Chi-Chen Wang)英译本、莱尔(William A.Lyell)英译本和科恩(Don J.Cohn)英译本,基于""求真—务实""连续统评价模式,从译者行为批评视域对三个英译本中熟语的翻译进行描写性对比与评价,发现三个译本在""求真—务实""连续统一体中都偏向""务实""一端,但相比较而言,王际真译本务实度最高,莱尔译本务实度次之,科恩译本则求真度最高。通过对三个译本中的熟语翻译进行对比研究,我们认为汉语熟语的翻译应以务实为上,同时兼顾求真,在最大程度忠实原文的基础上以服务于目的语读者和社会为目的。译者应在此基础上选择合适的翻译方法。此外,由于词义的细微差别会影响到熟语功能的再现,所以译者不仅要选择最合适的翻译方法,还应注意词语选择的准确性。只有这样,才能尽可能达到译本在""求真—务实""之间的最佳平衡。",北京第二外国语学院学报,2017-08-15,期刊,H315.9;I046,29-39+130,12
21,审美视阈下乡土语言英译探究,任东升;闫莉平,中国海洋大学外国语学院中国海洋大学翻译研究所中国外文局沙博理研究中心中国海洋大学研究基地,乡土语言;审美共核;审美视阈;模仿;变通;,"乡土语言进入文学就变成文学方言,文学方言与乡土主题结合构成乡土文学。乡土文学翻译之趣在于重现地域文化环境和乡土语言的独特性。本文从审美视阈分析三部20世纪四五十年代乡土小说《李有才板话》《新儿女英雄传》和《苦菜花》的审美共核,即革命主题、乡土民俗和乡土语言,从语音、词汇、语法和修辞层面探讨其英文译本对乡土语言审美的再现效果,指出乡土语言的英译应通过模仿和变通两种策略,前者包括以原语为依据的模仿、以译语为依据的模仿和动态模仿,后者包括虚实转化、补偿再现和再创造,由此形成乡土语言再现的审美图式,保存乡土语言趣味性,使译文具有民族语言印记,有利于在对外传播中国乡土文学过程中保护和弘扬民族语言文化。",北京第二外国语学院学报,2017-08-15,期刊,H315.9;I046,13-28+129,17
22,汉语“乡土语言”英译的译者模式——葛浩文与中国译者对比视角,周领顺;丁雯,扬州大学翻译行为研究中心、中外文化比较研究中心扬州大学外国语学院,葛浩文;中国译者;“乡土语言”;译者模式;,"中国乡土文学的海外译介是译学界研究的热点之一,乡土语言作为乡土文学的一部分,其英译问题也逐渐受到译学界的关注,并且对中国文化的对外传播具有重要意义。译者模式及其建构是中国文学能否""走出去""的重要因素之一,译学界对于译者模式这一话题争论不休,目前大家普遍认可的译者模式为""汉学家+中国译者""。本文从葛浩文英译莫言的10部小说入手,从中筛选出一些出现频率较高的乡土语言表达,从意义、乡土味和流畅度等三个角度,将汉学家葛浩文的译文与中国译者的译文进行比较,分析两者对于乡土语言单位处理的异同,借以归纳乡土语言的英译实践模式,以期对中国文化走""走出去""提供有益的启示。",北京第二外国语学院学报,2017-08-15,期刊,H315.9;I046,2-12+128,12
23,身份的伦理——《英国病人》的修辞叙事解读,马雁,南京信息工程大学语言文化学院,叙述技巧;叙事判断;身份;,"修辞叙事理论将叙事形式视作一种修辞手段,注重探索作者、文本与读者之间的多层次交流,并发展出有效的分析框架解读叙事。对小说《英国病人》的修辞叙事解读有助于探索文本叙事形式如何引导读者的叙事判断,重构关于身份的伦理。在叙事结构上,文本呈现出时空上的双向运动轨迹,并置了战争背景下关于""个人身份""与""社会身份""的探讨,以""身份之谜""与认识差异为动力,推动叙事进程,拓展读者关于身份的多维度判断;在叙述技巧上,文本通过叙述的""抒情性""与""人物刻画""、叙述频率以及叙述视角的多元化等策略,调节叙述距离,引导读者理解甚至认同主人公的身份伦理观,并了解其过于理想化的局限性,从而将其与隐含作者的身份伦理观区分开来,最终达成和解的伦理。",北京第二外国语学院学报,2017-08-15,期刊,I711.074,106-115+135,11
24,《奥吉·马奇历险记》中的家园叙事,赵秀兰,西北师范大学外语学院,索尔·贝娄;《奥吉·马奇历险记》;家园叙事;精神寄托;,"《奥吉·马奇历险记》是美国犹太裔小说家索尔·贝娄的一部自传式流浪汉小说。小说以第一人称的叙述方式,回顾了叙事者兼主人公奥吉在充满偶然性的庸常的日常生活中对有意义的生活方式的探寻,具象化地反映了奥吉的家园梦想和精神寄托。然而,小说中的家园叙事并未引起关注。本文借助戈德曼的文学社会学批评理论中的观点,通过分析《奥吉·马奇历险记》中的家园叙事,指出该小说中的流浪叙事与主人公对家园的追寻体现出贝娄作为流散作家的家园意识及其对犹太民族传统的记忆。同时,本文还指出,小说主人公出逃—回归—出逃的人生轨迹,揭示出现代人的孤独与心灵无处着落以及作家回避社会现实的精神寄托;而主人公对有价值的人生的追求及其对简朴温馨的家园的渴求则反映出美国超验主义思想对贝娄小说创作的影响。",北京第二外国语学院学报,2017-08-15,期刊,I712.074,95-105+134,12
25,“为他们而看”:多克特罗小说《大进军》中的摄影与见证,唐微,中国政法大学外国语学院,多克特罗;《大进军》;摄影;小说;历史见证;,"多克特罗的《大进军》通过对摄影作为历史见证的反讽和颠覆,突出了个体见证对于历史理解的伦理和认识论意义。本文通过分析小说中自愿为历史作见证的摄影师在官方话语和个人动机的驱使之下歪曲现实、再造历史、营造单一记忆神话的过程,揭示了摄影作为历史见证手段的吊诡和缺陷。本文认为,《大进军》以多线索、多视角的叙述结构囊括了众多个性化的证人和难以化约的证词,形成了一种""见证之场""。这种历史书写揭示了作为主观性的人以及作为发生之场和见证之场的历史。只有当历史在发生之场中呈现,当它的意义在见证之场中被模糊而无限延宕时,历史才是历史。在这一层面上,《大进军》成为了比摄影更为合理、真确和诚实的见证。",北京第二外国语学院学报,2017-08-15,期刊,I712.074,116-127+136,13
26,音系学、语音学与语音教学,马秋武;赵永刚,复旦大学外文学院西安外国语大学英文学院,音系学;语音学;语音教学;音系意识;,"语音教学不是通常人们所认为的那种单纯的口头语音训练,而是指导学习者进行由表及里的音系习得过程。语音教学事关外语习得的成功,是外语教学的关键环节之一。本文首先从语音学、音系学与语音教学的关系入手,系统说明这三者的基本概念及其区别所在。音系学研究的主要是语言的概念符号系统,而语音学则主要是针对这些概念符号系统的物理体现形式。音系学中所说的""音"",实际上是一个连续性的""音值的量变区间""。其中,音值区间内的任何一个值,原则上都可用以指代表这个音值区间的音,但最能代表这个音的值应该是这个音值区间的峰值,峰值两边的值,其代表性或典型性则是逐渐递减的。语音教学就是帮助学习者要在发音与听音两个方面从不具典型性或代表性音值区间值(甚至非音值区间值)逐渐过度到最具典型性或代表性的音值区间峰值的过程,从而获得辨别不同音值区间的音的能力——即说与听的音系能力。初学者在纠正发音后发音不够稳定,常常又回到纠音之前的状况,一定程度上反映了一个人的语音表现其实深受其潜在的音系意识或能力的影响。接着,文章在列举出当前我国外语语音教学所存在的问题的基础上,明确指出非母语者发音不好,主要是发音时往往轻音不轻的问题,语音教学中一定要处理好""音""与""流""、""态""与""势""之间的关系。然后,文章具体阐释了外语语音教学不仅要纠正学习者的发音,更重要的是培养学习者形成并建立所学语言的音系概念和意识,帮助他们获取所学语言的音系能力,从而真正掌握所学语言的实际发音。",北京第二外国语学院学报,2017-08-15,期刊,H01-4,40-55+131,17
27,汉语隐喻加工的fMRI研究,王小潞;何代丽,浙江大学外国语言文化与国际交流学院浙江大学语言与认知研究中心浙江大学宁波理工学院外国语学院,汉语隐喻;fMRI;加工脑区;隐喻生涯假说;,"为了探求汉语隐喻大脑加工的规律,本研究采用fMRI手段,对""NP+Vbe+NP""和""NP+V+NP""句型的汉语本义句和隐喻句的加工进行对比考察。研究发现:隐喻句加工难于本义句加工;相较而言,新颖隐喻加工与常规隐喻加工在神经机制上既有联系又有区别,二者都需要大脑两半球的协同合作,但是大脑两半球的功能不同,常规隐喻加工主要涉及左脑,而新颖隐喻和假句的加工会更多地涉及右脑;传统语言区(包括左脑额中回和颞上回)的激活表明,所有的语言加工都会共享语言加工神经网络;无论是NP+V+NP句型的本义句或隐喻句加工都比对应的NP+Vbe+NP句型的本义句或隐喻句加工动用更多的神经资源。总的结果支持隐喻加工的全脑配合理论和等级凸显假说。",北京第二外国语学院学报,2017-08-15,期刊,H15,70-94+133,26
28,汉语“乡土语言”英译实践批评研究专栏,周领顺,扬州大学翻译行为研究中心、中外文化比较研究中心,O,"<正>这是我主持的第三个有关汉语""乡土语言""翻译及其主要理论依据""译者行为批评""的研究专栏。前两个专栏刊发于2016年第5期的《山东外语教学》和《当代外语研究》杂志,反响良好。本专栏与我主持的国家社科基金重点项目""汉语‘乡土语言’英译实践批评研究""同名,所组织的文章也是该项目的有关研究内容;""译者行为批评""是由我构建的一个",北京第二外国语学院学报,2017-08-15,期刊,H315.9,1-2,2
29,正音教学对英语专业学生元音产出的作用研究,张文忠;王冬焱,南开大学英语系,正音;元音感知;元音产出;元音对;,"本文报告了40名英语专业一年级学生在15周正音教学之前和之后对7个英语前元音和双元音的感知及产出情况。研究采用前测、后测和延迟后测方案的准实验研究方法,对比了受试在3次篇章朗读测试中的元音产出错误率。分析3次测试结果,结合受试在感知测试中的表现,本文发现:(1)15周正音教学后,受试元音产出的错误率整体上降低了,但经过一个寒假后正音效果保持并不理想;(2)正音效果最差和效果最难保持的元音音段是前元音/i:/和双元音/ai/;(3)起始语音水平较低的受试进步幅度小,其正音效果保持处于平均水平;(4)元音音段的感知与产出整体上相关性不强。基于这些发现,本文提出了对课堂环境下英语元音教学的一些建议。",北京第二外国语学院学报,2017-08-15,期刊,H319.3,56-69+132,15
30,本刊征订启事,,O,O,"<正>本刊通过邮局及中国国际图书贸易总公司(海外)征订发行,每期定价12元,国内邮发代号:80-630,国外发行代号:M6997,敬请广大订户与邮局、中国国际图书贸易总公司联系订阅。《北京第二外国语学院学报》是经新闻出版总署批准,北京市教育委员会主管,北京第二外国语学院主办,在国内外公开发行的高校学报(双月刊)。",北京第二外国语学院学报,2017-08-15,期刊,+,105,1
31,全国高校外语学刊研究会2017年年会通知,,O,O,"<正>尊敬的外语学刊同仁:由全国高校外语学刊研究会主办、《北京第二外国语学院学报》编辑部承办的""全国高校外语学刊研究会2017年年会""将于2017年9月22—24日在北京国际会议中心举行。9月的北京秋高气爽,北京第二外国语学院真诚地欢迎外语类期刊的各位专家学者,期待与全国外语学刊的同仁共同就新形势下外语学刊面临的发展问题进行探",北京第二外国语学院学报,2017-08-15,期刊,+,137,1
32,互文性视角下Moment,in,北京第二外国语学院,Moment in Peking;显性互文性;成构互文性;读者意识;林语堂;,"本文以小说Moment in Peking为例,运用费尔克劳的狭义互文性理论,探讨互文性在小说原文及汉语译文中的体现。Moment in Peking是用英文创作的中国题材的作品,即属于异语写作,其中包含的互文性更具复杂性,具体体现在原文互文的特殊性和翻译互文的特殊性两个方面。本文对费尔克劳划分的显性与成构互文性加以改造,使之更适合本个案的研究。本文通过分析认为,译者在语言文化转换过程中,尤其是在类似于本文个案的互文翻译过程中,应具有较强的读者转换意识;针对译入语读者,采用各种互文性翻译转换策略,保留、强化、淡化,甚至忽略原文的互文性,在整体上取得较好的读者阅读效果。",Peking汉译研究,江慧敏,北京第二外国语学院学报,H315.9;I046,46-58+135,14
33,“多余人”的后代或变体——论陀思妥耶夫斯基五大思想小说中西方派形象所体现的根基主义思想,万海松,中国社会科学院外国文学研究所,陀思妥耶夫斯基;五大思想小说;“多余人”形象;根基主义思想;,"陀思妥耶夫斯基五大思想小说中的人物,即《罪与罚》中的拉斯柯尔尼科夫、《白痴》中的伊波利特、《群魔》中的斯塔夫罗金、《少年》中的维尔希洛夫和《卡拉马佐夫兄弟》中的伊凡·卡拉马佐夫,都属于以普希金诗体小说《叶甫盖尼·奥涅金》中同名主人公为前辈的""多余人""的后代或变体。这类""多余人""形象在陀思妥耶夫斯基小说中大多以激进的西方派面貌出现。奥涅金之类的""多余人""知识分子对真理和行动的渴望,以及他们经历憧憬与困惑却最终一事无成,其言行甚至危及传统与根基等典型的表面特征,为陀思妥耶夫斯基笔下一类年轻的西方派形象所继承,但他们最主要的、共同的精神特征是:受到欧洲资本主义文明和西方理性主义思潮的诱惑,脱离了本民族的文化土壤,在自己的祖国成为不仅无所事事、反而有损于俄国传统和文化根基之人,沦为思想上的漂泊者和人民的疏离者。对这类作为西方派的""多余人""形象爱恨交加的复杂情感,亦体现出陀思妥耶夫斯基本人的根基主义立场。",北京第二外国语学院学报,2017-06-15,期刊,I512.074,72-83+137,13
34,托马斯·曼小说《托尼奥·克勒格尔》中的艺术家主题,袁克秀,北京第二外国语学院,托马斯·曼;《托尼奥·克勒格尔》;艺术家;市民性;,"在《托尼奥·克勒格尔》这部小说中,托马斯·曼主要通过主人公的经历和思考展现了一个艺术家的发展过程。本文用文本细读的方法,以小说中表现的艺术家对于生活的渴望和对自身市民性的反思为讨论对象,结合托马斯·曼的其它作品展开解读。托尼奥·克勒格尔的市民出身使他身上带有市民性的烙印,这种市民性在他成为艺术家之后一直影响着他的创作和生活,并最终使他对艺术至上的创作理念发生质疑。这种质疑促使他重新思考艺术和生活的关系并导致了他对自身市民性的回溯。在重新审视并认同这种市民性的同时,他决心向生活靠拢,并在艺术和生活、艺术性和市民性之间进行沟通。通过探索艺术性与市民性的结合,托马斯·曼展现了推崇""为艺术而艺术""的艺术家以及自身发展的一种可能性。",北京第二外国语学院学报,2017-06-15,期刊,I516.074,84-95+138,13
35,被贬抑的读者——连载《尤利西斯》的《小评论》的接受困境,李巧慧,河南大学外语学院,连载;尤利西斯;小评论;贬抑;读者;,"1918年至1921年,詹姆士·乔伊斯的代表作《尤利西斯》在美国现代主义文学刊物《小评论》上连载。国内学者对这一文学事件的关注不多。国外学者关注的焦点是《小评论》的文艺观。虽然一些学者简要描述了连载《尤利西斯》的《小评论》中的读者,但却忽视了许多读者被贬抑的事实。这些读者主要包括这本小说的批判者和图书审查人士,可分为显性读者和隐性读者。《小评论》的编辑玛格丽特·安德森和简·西普以及当时的一些文艺界人士从落后的文艺观、道德中心论和低下文艺修养等方面回击了这些读者对《尤利西斯》的批判,并阐释了文艺的升华作用、独立性和原创性。《小评论》与读者之间的冲突揭示了现代主义文学和文学刊物在20世纪初的接受困境。",北京第二外国语学院学报,2017-06-15,期刊,I562.074,96-104+139,10
36,多模态语篇分析的基本问题探讨,冯德正,香港理工大学英文系,多模态语篇分析;基本问题;理论视角;研究方法;,"作为一个新的研究领域,多模态语篇分析仍然面临诸多挑战。一方面,多模态研究在传统语言学领域的地位仍然受到质疑;另一方面,多模态研究的理论与方法仍处于初级阶段,有很多局限,同时,有些学者对该领域的认识存在一些误区。因此,本文拟对多模态研究的基本问题进行系统梳理,简要回答为什么要研究多模态语篇,语言学理论是否适用于分析图像、手势等非语言符号,多模态的研究范畴是什么,有哪些理论与方法、局限与误区等问题。本文进一步提出研究者需要有跨学科意识、实证意识与应用意识,立足于理论与方法创新,着眼于解决多媒体时代传播与交际中的实际问题。正确把握这些基本问题对将多模态语篇分析发展成为一个具有强大理论支撑与严谨方法保障的新兴学科具有重要意义。",北京第二外国语学院学报,2017-06-15,期刊,H05,1-11+132,12
37,言语行为理论与多模态研究——兼论多模态(语料库)语用学的逻辑,黄立鹤,同济大学外国语学院,言语行为;多模态;语料库;语用学;范式创新;,"人们在日常交际中实施的是一个个""鲜活""的言语行为,研究者应当从人类普通行为的视角看待言语行为,在社会场景观照下对其进行考察。多模态研究拓展了学者们对包括言语行为在内语用课题的考察视野和方法,为从结构形式、韵律特征、体貌动作等多个维度研究言语行为提供了可能。个案研究显示:说话人的话语内容、韵律特征、体貌表现等资源都为其言语行为的实施作出了贡献。研究者基于多模态语料库开展言语行为研究,是以新的研究范式重新检视语用学经典课题,拓展了言语行为的研究视野,对语力、语力显示项等概念、范畴进行了发展,尤其为间接言语行为的考察提供了新路径,能够深刻揭示言语行为的本质和特点。这启示研究者应当重视运用多模态方法考察语用问题,关注多模态(语料库)语用学的兴起。运用多模态方法研究语用问题,可在研究方法上对语用学研究进行升级,从而对相关语用学理论进行拓展、修正。",北京第二外国语学院学报,2017-06-15,期刊,H030,12-30+133,20
38,基于会话分析的多模态交际研究探索——论序列分析在CA多模态交际研究中的应用,郭恩华;张德禄,同济大学外国语学院,会话分析;民俗方法学;序列组织;多模态交际;,"会话分析(CA)将会话视为一种社会行为。这种社会学研究取向决定了CA从发轫之始便没有将非语言交际行为排除在研究视野之外。本文讨论了从民俗方法学到CA再到基于CA的多模态交际研究奠基阶段的学理传承和发展,着重探讨序列分析在多模态交际研究中的优势、问题以及未来的发展方向。序列组织是会话组织的核心原则。在基于会话分析的多模态交际研究中,序列分析的优势在于它为研究者理解和处理交际行为提供了一套实用方法和一种基于语料本身的验证程序。存在的问题是:不同于会话组织中相对严格的序列性,多模态交际中除了序列性外还有共时性,这给序列中交际行为起始点的切分造成了一定难度。此外,本文还探讨了CA多模态交际学者处理语料的方法。CA多模态交际转写沿续了CA转写的严格性、精细性和清晰度,其中Christian Heath的转写体例最为典型。最后,我们提出,Charles Goodwin的具身参与框架和Sigrid Norris的模态密度的概念有利于解决序列分析的共时性问题。",北京第二外国语学院学报,2017-06-15,期刊,H030,31-45+134,16
39,基于微信微课的学术英语学习者评判性思维概念建构,龚嵘,华东理工大学,评判性思维;概念建构;微信微课;教学支架;学术英语;,"本研究采取评判性思维的教育学训练取向,遵循社会建构主义支架理念,设计了多元教学支架型微信微课,将""图文诠释、教师示范、设问引导""三类教学支架干预手段融入社交媒体的通讯、平台、互动功能,营造评判性思维发展的在线促进性培育环境。微课针对学术英语学习者,共8个单元,每单元由""TED演讲视频学习资料推送""""微信群讨论""""讨论后反思推送""三个模块组成。基于微信后台数据挖掘,以及""参与式观察笔记+讨论语料+团体访谈笔录""三源数据的内容分析,研究发现:第一,作为非正规课程环境下的社会共享性学习资源,本微课实际使用率不高,表现为浅学习、高退出行为;第二,对于9名全程参与者,本微课有着不同程度的评判性思维概念建构促进作用。在""微信技术+多元支架""的协同效应下,体现出""误区体验—反思矫正—自我巩固""三个阶段性建构特征。上述发现提示,通过活动互动水平与任课教师网络临场水平的提高,社会共享性思维训练微信微课可能成为EAP课程中评判性思维整体概念建构的有效辅助教学资源。",北京第二外国语学院学报,2017-06-15,期刊,G434;H319,117-131+141,16
40,参考文献格式和内容,,O,O,<正>1.参考文献类型:普通图书[M]、期刊文章[J]、报纸文章[N]、论文集[C]、学位论文[D]、报告[R]、标准[S]、专利[P]、数据库[DB]、计算机程序[CP]、电子公告[EB]、联机网络[OL]、网上期刊[J/OL]、网上电子公告[EB/OL]、其他未说明文献[Z]。2.格式及示例:(1)专著、论文集、学位论文、报告:[序号]主要责任者.文献题名[文献类型标识].,北京第二外国语学院学报,2017-06-15,期刊,+,142,1
41,学报执行副主编周长银参加“外语名刊主编论坛”,,O,O,"<正>4月9日,为庆祝南京邮电大学建校75周年,推动外语学术研究和外语期刊建设,由南京邮电大学外国语学院和社会科学处主办的""外语名刊主编论坛""在南京邮电大学仙林校区举办。二外学报执行副主编周长银教授受邀与来自全国外语界其他13家学术刊物的主编",北京第二外国语学院学报,2017-06-15,期刊,+,143,1
42,雌雄同体的“她者”——译者主体性视角下宋碧云《啼笑皆非》汉译研究,黎昌抱;李菁,浙江财经大学浙江财经大学外国语学院,宋碧云;《啼笑皆非》;译者主体性;雌雄同体;,"本文立足译者主体性视角,以宋碧云《啼笑皆非》汉译为例,从译本选择、译语操控、翻译目的、译者认知和视阈融合等五方面分析了雌雄同体的译者主体身份及特定时代背景对译文重建的影响。本文认为,译者作为独立于原文及其作者而存在的翻译主体,其译者主体性自然地受到来自于自身政治立场、文化背景、价值倾向及所处的特定社会、历史环境等诸多因素影响,使其在实际的翻译过程中不可避免地对原作在语句文意、文本结构乃至作品立意作出一定程度的润色和修正。在翻译活动中,译者主体性不仅精准记述了译者对于作品文本的主体操控,更是清晰描绘了其在翻译过程中的思维路径。这一系列的改动最终使时代译作得以脱离作者意志,并在新时期背景下获得其独立的文本意义,从而焕发新生。",北京第二外国语学院学报,2017-05-08,11:39,H315.9;I046,55-69+135,16
43,“化境”=解构?——比较钱钟书“化境”说与解构主义翻译观,高佳艳,北京大学外国语学院英语系,意义不确定性;化境;解构;忠实;讹;,"钱钟书的""化境""说和解构主义翻译观分别被视作中西方翻译理论发展史上的重要成果。20世纪末21世纪初,随着西方解构主义在中国广泛传播,一些学者开始将钱钟书的翻译观和解构主义翻译观相联系,而两种翻译观是否具有一致性则成为一个争论已久的话题。本文认为,这场争论的关键在于研究者对""意义不确定性""""化""""讹""等基本的核心概念缺乏深入讨论。两种翻译观中的""意义不确定性""背后隐藏着截然不同的意义观,钱钟书对""化""与""讹""关系的阐述更是证明了他将原作奉于译作之上的立场,而对于流畅译文的推崇更是蕴含着解构主义翻译观所要打破的翻译暴力。将""化境""说与解构主义翻译观相类比甚至等同不利于我们正确理解解构主义翻译观的精髓,也会让人对中国翻译理论的发展历程产生误解,本文或有助于我们正视两种翻译观并结束这一系列不必要的论争。",北京第二外国语学院学报,2017-05-08,11:39,H059,59-71+136,14
44,说“以前”道“以后”,牛保义,河南省高校人文社科重点研究基地河南大学英语语言文学研究中心河南大学外国语言学与应用语言学研究所,以前;以后;参照点;顺时感知;逆时感知;,"本文从认知语言学视角探讨汉语""以前""和""以后""语义概念化的认知机制。""以前""""以后""既可以单用,又可以连用,即同时出现在一个句子或段落里。不管是单用的""以前""或""以后"",还是""以前""""以后""连用,其语义概念化都必须有一个时间参照点。这样的参照点可以是隐性的、交际双方默认的说话时间,还可以是显性的、句子中明确提到的某一具体时间或某一具体事件发生的时间。不同的是,""以前""和""以后""连用的句子可以选取相同或不同的参照点。""以前""""以后""单用,使用""以前""的句子是以后事件发生的时间为参照点,凸显先事件;使用""以后""的句子是以先事件发生的时间为参照点,凸显后事件。""以前""和""以后""连用的句子,常常凸显先事件和后事件的不同或对立,或是锁定两事件发生的时间区间。""以前""的语义概念化,是以说话时间或句子提及的时间的起点、句子提及的事件开始的时间为参照点,逆时间流动方向,将说话时间或句子提及的时间之前、句子提及的事件开始之前的时间感知为""以前""。""以后""的语义概念化,是以说话时间或句子提及的时间的终点、句子提及的事件结束的时间为参照点,顺时间流动方向,将说话时间或句子提及的时间之后、句子提及的事件结束之后的时间感知为""以后""。""以前""和""以后""语义概念化的认知特征可以抽象为具有一定普遍意义的""时间感知原则"",即时间的流动是单向的,语言对时间的感知可以是双向的。",北京第二外国语学院学报,2017-05-08,11:39,H146,1-19+131,20
45,年龄因素与母语损耗,杨连瑞;蔡娉娉,中国海洋大学外国语学院,母语损耗;年龄因素;关键期假说;语言损耗;,"语言损耗作为语言习得的逆过程,在过去三四十年间备受关注,其丰富研究成果对语言习得等研究具有重要意义。损耗可分为母语损耗及二语损耗,前者更受关注。国内外学者就母语损耗进行了多方面研究,在众多影响因素中,年龄被视为关键因素并成为研究热点。本文在前人研究基础上,借助理论探讨了年龄因素与母语损耗的相关性,并对相关实证研究进行了整理。本文首先简要介绍了语言习得关键期假说,并通过该假说就年龄与母语损耗这一习得逆过程的关系作出相关解释;其次通过介绍国外学者就年龄对母语损耗的实证研究进行综述,并将其分为儿童或成人单独研究及儿童与成人对比研究两类;最后简要讨论了现存不足以及此研究对我国语言学研究的重要性。",北京第二外国语学院学报,2017-05-08,11:39,H09,20-29+132,11
46,小说语言伏应认知机制研究,钟书能;郑文慧,华南理工大学外国语学院,小说;语篇;伏应;高层转喻;认知机制;,"伏应,即伏笔照应,是一种普遍的语篇连接现象,它作为语篇性的一种重要体现,有助于揭示语篇的实质,帮助读者更加全面地了解语篇性。本文试图从转喻的角度入手,对小说中的伏应现象进行解读,解释其中蕴含的高层转喻思维,为伏应现象的研究提供新的视角。本文在列举、分析鲁迅小说中的三种伏应类型的基础上指出,三种类型的伏应关系都是在伏和应的因果关联激活过程中呈现出转喻思维的,这种转喻思维又因伏应类型的不同而呈现出细微的差别:就一伏一应和一伏多应而言,应笔为因,伏笔为果;就多伏一应而言,应笔为果,伏笔为因。伏应的巧妙运用能够大大增强语篇的思想深度和艺术效果。",北京第二外国语学院学报,2017-05-08,11:39,H15,30-41+133,13
47,歌德论现代性,贺骥,中国社会科学院外文所,歌德;现代性;工业化;快速;慢文化;,"本文采用文本细读的方法,探讨了歌德对现代性的理解及其现代性批判。歌德认为,现代指的是中世纪之后的机器大工业时代,他将这个新时代的特性概括为""快速"",快速指的是现代生活的快节奏和现代人在竞争的压力下急于求成。他认为,快速的时代精神是由工业革命和法国大革命造成的,不受限制的科技进步和迅速的工业化不仅破坏了大自然,而且损毁了人的精神,导致了商业性的大众文化的普及和精英文化的衰落。凭借思想史的研究方法,本文还揭示了歌德的现代性批判对后世的文化悲观主义和技术悲观主义的影响。通过对歌德的现代性观念的发掘和对其现代性批判进行思想史上的梳理,本文填补了""现代性""概念史和西方思想史上的一个空白。",北京第二外国语学院学报,2017-05-08,11:38,I516.073,83-92+137,11
51,大学日语专业课堂中本土化合作学习模式的构建,杨峻,北京语言大学东方语言文化学院,合作学习;最近发展区;本土化;日语精读课;,"合作学习是近年来外语教学研究的一个热点,合作学习不但有利于促进语言习得,而且有利于培养学习者的自主学习能力、协作能力、创新能力。然而,课堂实践结果表明,合作学习在我国学习者之中开展得并不理想。有研究者指出,受文化背景和社会背景的影响,亚洲学习者难以适应以学习者为中心的合作学习活动。笔者认为,合作学习起源于西方国家,其活动设计必然受当地文化、社会背景的制约,符合当地学习者的需求和特点。要使合作学习在我国外语课堂上顺利开展,就需要根据我国外语学习者的特点进行调整,构建本土化的合作学习模式。基于此,本文以在大学日语精读课堂构建本土化合作学习模式为目标,结合实践研究的结果,在阐释了合作学习特点与局限性的基础上,结合我国课堂及学习者的特点提出了本土化合作学习模式的构建原则,建立了合作学习本土化模式的基本框架。",北京第二外国语学院学报,2017-05-08,11:35,H36,117-130+140,15
53,基于专门用途语料库的翻译研究综述,黄立波,西安外国语大学英文学院,专门用途语言;语料库;专门用途翻译语料库;翻译研究;,"本文综述了近年来国内外基于专门用途语料库的翻译研究成果,并在综述基础上指出,现有基于专门用途语料库的翻译研究体现出研究课题更为丰富、对比方法更为灵活多样、可操作性更强、应用价值更突出等特点。笔者指出:文类是翻译研究中的一个重要变量,向来都是研究者关注的焦点,译者针对不同文类文本会采用不同翻译策略,使翻译文本呈现出不同的特点。在基于专门用途语料库的翻译研究中,不同文类文本翻译语言特征考察、翻译共性验证、翻译带给目标语语言变化考察、术语翻译、翻译质量评价、独立方法论的构建等为研究者开辟了新视角。专门用途翻译语料库适用性更强,既可用于各类学术研究,也可投入实际应用。基于专门用途语料库的翻译研究进一步拓展了语料库翻译学的研究范围,提供了新的研究课题,前景十分广阔。",北京第二外国语学院学报,2017-05-08,11:27,H315.9,70-82+136,14
59,“双一流”背景下外语类院校的发展定位、特征与战略,戴炜栋;王雪梅,上海外国语大学,“双一流”;外语类院校;定位;特征;战略;,"对接国家""双一流""战略,我国外语类院校需要明确定位、科学发展。本文在文献综述的基础上,分析了在""双一流""背景下,外语类院校发展的定位、特征与发展战略。研究认为,外语类院校可以根据学校特色与优势,定位为不同类型的一流外国语大学。同时指出,一流外国语大学的特征主要包括汇聚人才、共享资源、有效治理等,三者之间密切相关、互为影响。最后结合上述外语类院校定位与一流外国语大学的特征,提出以下发展战略:(1)科学设计,分层分类制定发展规划;(2)彰显国际化特色,汇聚卓越人才;(3)提高学术影响力,促进中外人文交流;(4)加强信息化建设,推动资源共建共享;(5)完善体制机制,打造学校特色文化;(6)增强外语类院校研究,推进校际交流合作。",北京第二外国语学院学报,2017-02-15,期刊,H09,1-17+127,18
61,从一例失语症患者的恢复过程看汉语中的时态问题,王海燕;钟晓云;翟淑琪,清华大学外文系齐鲁工业大学外国语学院,时态;体;语法缺失;失语症;,"汉语是否存在时态,争论已久。有研究者认为,汉语中仅有4个体标记语""着""""过""""了""""在""作时间标记词;另有研究者认为,表示过去时间的""过""就是汉语里的时态标记词。但这些争论只停留于理论探讨,少有实证研究证据。对失语症病人的语言研究能为该争论提供独特的实证视角。本研究为个案研究,对一名汉语失语症患者进行5个月的历时追踪实验,目的为检测其在语言恢复过程中在""着""""过""""了""""在""4个语素上的语言行为表现。结果显示,""过""与其他3个时态成分分离。依据句法树剪裁理论分析认为,汉语句法结构中存在TP,且在Neg P和Asp P之上。据此研究结果可以推论,汉语中或许存在时态。作为生成语法框架下的汉语失语症实证研究,本文具有创新意义,证明失语症研究有助于厘清语言的层级结构、证实语言学理论。",北京第二外国语学院学报,2017-02-15,期刊,H146.3,45-56+130,13
63,译即“阐”“释”:许国璋先生翻译思想探微,秦洪武;王雪敏,曲阜师范大学外国语学院,许国璋;阐译;释译;文化传播;,"本文梳理并重新审视许国璋翻译思想的理论和应用价值。研究认为,""阐译""和""释译""是许国璋翻译思想的主体,二者各有侧重:前者重语义隐显转换,后者重源语形式的消解与译语文本重构,强调译语文本形式相对自由;二者皆与许国璋的语言观紧密关联,也都以实现跨文化顺畅交流为目的。研究指出,语言编码特定的社会意义和文化意义,且为某一语言社团共享,故社会/文化意义能以缺省状态存在于语言中。这一属性会在跨语言交流时导致意义空缺或文化空缺,造成理解困难。许国璋倡导""阐译""和""释译""旨在弥补这种意义空缺。本文还指出,许国璋翻译思想与当代译论中的许多观点契合,它旨在突出翻译的文化传播功能,对当下中国文化海外传播有很强的启发意义。",北京第二外国语学院学报,2017-02-15,期刊,H315.9,85-93+134,10
1,Malinowski语境论下的《生死疲劳》误译研究,于亚晶;周秀梅,中山大学南方学院,《生死疲劳》;Malinowski;语境论;误译;葛浩文;,"现代语境论鼻祖Malinowski提出了语境""三元论"",即""文化语境""""情景语境""""上下文语境""。通过关照三种语境的共同制约作用,可提高译文准确性,减少误译、信息偏离及信息损耗。本文通过细读文本,发现葛浩文译《生死疲劳》中的误译类型主要有3种:(1)由于译者对源文本词汇背景文化了解不够充分,误解词语意思而造成的误译;(2)译者缺乏语篇内容分析、对情景语境把握不足而造成的误译;(3)译者疏忽而导致数量、称呼上的纰漏、前后不一致等细节错误。文章尝试通过语境""三元论""试译《生死疲劳》中的错误译文,期望能够对中国文学作品在西方的有效传播提供借鉴。",北京第二外国语学院学报,2018-12-15,期刊,H315.9;I046,66-76,11
3,现代性书写中的“主体之死”,杨新立,河南工业大学外语学院,主体;欲望能指;语言;他者;现代性;乡愁;,"现代性书写记述了主体在现代话语场景下寻求自我拯救的欲望之旅。主体带着决裂的原始创伤,寻求语言的慰藉。在现代性文化的盛大艳妆舞会上,主体以现代话语的华丽盛装掩饰起真实的自我,与欲望能指翩翩起舞。主体由此被欲望语言符号化,成为意指网络中不断游移、滑动的空洞能指,而真实的主体却消逝了,主体化的欲望旅程最终证实为与死神的邀约。尽管主体试图以""死亡驱力""的激情,同那""永久失落物""作出最终一搏,却仍然难逃被语言结构的宿命。但现代人在前进中若能不忘初心,对""童年""作乡愁式回顾,或能避免被错误发展理念误导。本文以现代性文学经典为参照背景,利用拉康、齐泽克、福柯等后现代学者主体哲学的相关学说,致力揭示现代性空间中主体的真相,由此重新审视现代性。",北京第二外国语学院学报,2018-12-15,期刊,I106,77-88,12
5,国际符号学研究的阵地、理论与方法——Semiotica期刊副主编余红兵博士访谈录,余红兵;王峰,南京师范大学外国语学院国际符号学期刊Chinese Semiotic Studies(ESCI)编辑部吉林大学外国语学院,符号学;国际发表;理论动态;研究方法;访谈;,"本文访谈了国际符号学期刊Semiotica副主编、Chinese Semiotic Studies编辑部主任、International Journal of Semiotics and Visual Rhetoric副主编余红兵博士,以了解当前国际符号学期刊发表文章的主要趋势与研究视角。在探讨中国符号学研究国际化的问题时,本访谈特别强调做中国特色的符号学研究与复兴我国古代传统两者并不对等。在探讨所谓的""符号学危机""""符号学无所不包""的常见论断批评的时候,余红兵博士认为上述观点并不足以视为危机,反倒是符号学优势的体现。符号学可以被视为一种独特的方法论工具,能够为我们提供一个独特的横贯性视角,在众多符号系统之间进行联系比较,涉及领域广阔,比如语言文字、社会典章、宗教、文学等各种看似松散不相关的人类表征行为。此外,本访谈也探讨了研究方法以及西比奥克对符号学研究的看法。希望本访谈有助于国内同行了解国际符号学的理论动态、研究方法,从而更好地参与国际学术对话。",北京第二外国语学院学报,2018-12-15,期刊,H0-0,14-21,8
1,Malinowski语境论下的《生死疲劳》误译研究,于亚晶;周秀梅,中山大学南方学院,《生死疲劳》;Malinowski;语境论;误译;葛浩文;,"现代语境论鼻祖Malinowski提出了语境""三元论"",即""文化语境""""情景语境""""上下文语境""。通过关照三种语境的共同制约作用,可提高译文准确性,减少误译、信息偏离及信息损耗。本文通过细读文本,发现葛浩文译《生死疲劳》中的误译类型主要有3种:(1)由于译者对源文本词汇背景文化了解不够充分,误解词语意思而造成的误译;(2)译者缺乏语篇内容分析、对情景语境把握不足而造成的误译;(3)译者疏忽而导致数量、称呼上的纰漏、前后不一致等细节错误。文章尝试通过语境""三元论""试译《生死疲劳》中的错误译文,期望能够对中国文学作品在西方的有效传播提供借鉴。",北京第二外国语学院学报,2018-12-15,期刊,H315.9;I046,66-76,11
2,“哥特式”艺术元素的传译——张爱玲《睡谷故事》译本研究,刘爱兰,广州商学院外国语学院,《睡谷故事》;哥特式;张爱玲;译本研究;语言策略;艺术元素;,"华盛顿·欧文的《睡谷故事》是一个神秘、荒诞式的乡村蛊惑故事,充斥着哥特式小说的艺术元素。本文从张爱玲《睡谷故事》译本的语言研究出发,具体从俗语、四字格、破折号的调和使用来分析张爱玲的语言策略以及这些语言策略对故事独特的""哥特式""艺术元素的传译。与欧文一样,张爱玲也是语言色彩调和高手,其译本的语言把握了欧文散文体故事语言的脉搏,营造了故事田园化、""哥特式""的古旧背景,传译了胆小、古板、荒诞的主人公形象,渲染了故事""哥特式""的恐怖情境。张爱玲的《睡谷故事》体现了她作为译者的主体性及其语言的创造性,体现了文学翻译作品的审美价值。文学翻译的本质是语言的艺术,译者发挥其语言的创造性来诠释原作的艺术风格,这是文学翻译的审美价值和生命力根本所在。",北京第二外国语学院学报,2018-12-15,期刊,H315.9;I046,53-65,13
3,现代性书写中的“主体之死”,杨新立,河南工业大学外语学院,主体;欲望能指;语言;他者;现代性;乡愁;,"现代性书写记述了主体在现代话语场景下寻求自我拯救的欲望之旅。主体带着决裂的原始创伤,寻求语言的慰藉。在现代性文化的盛大艳妆舞会上,主体以现代话语的华丽盛装掩饰起真实的自我,与欲望能指翩翩起舞。主体由此被欲望语言符号化,成为意指网络中不断游移、滑动的空洞能指,而真实的主体却消逝了,主体化的欲望旅程最终证实为与死神的邀约。尽管主体试图以""死亡驱力""的激情,同那""永久失落物""作出最终一搏,却仍然难逃被语言结构的宿命。但现代人在前进中若能不忘初心,对""童年""作乡愁式回顾,或能避免被错误发展理念误导。本文以现代性文学经典为参照背景,利用拉康、齐泽克、福柯等后现代学者主体哲学的相关学说,致力揭示现代性空间中主体的真相,由此重新审视现代性。",北京第二外国语学院学报,2018-12-15,期刊,I106,77-88,12
4,大江健三郎《空中的怪物Agui》中的“Agui”意象解析,王丽华;邱鸣,北京第二外国语学院日语学院,大江健三郎;Agui;阿Q;明治维新;立人思想;,"作为日本战后文学的旗手,大江健三郎面临的时代课题是如何处理明治维新遗留下来的后遗症和战后日本的重建问题。他反对盲目追随西方的文明开化发展方式,提倡日本走符合本国社会文化发展需要的道路。为此,他主张首先要进行民众的启蒙,这与鲁迅的立人思想一致。大江健三郎在文学创作中的启蒙意识受到了鲁迅立人思想的影响,尝试对鲁迅文学中的阿Q意象进行变异处理,在《空中的怪物Agui》这部短篇小说中创造出了日本的""Agui""。本文拟通过文本分析的方法,对""Agui""这一意象进行重新解读,借以确认其内涵与实质。",北京第二外国语学院学报,2018-12-15,期刊,I313.074,89-102,14
5,国际符号学研究的阵地、理论与方法——Semiotica期刊副主编余红兵博士访谈录,余红兵;王峰,南京师范大学外国语学院国际符号学期刊Chinese Semiotic Studies(ESCI)编辑部吉林大学外国语学院,符号学;国际发表;理论动态;研究方法;访谈;,"本文访谈了国际符号学期刊Semiotica副主编、Chinese Semiotic Studies编辑部主任、International Journal of Semiotics and Visual Rhetoric副主编余红兵博士,以了解当前国际符号学期刊发表文章的主要趋势与研究视角。在探讨中国符号学研究国际化的问题时,本访谈特别强调做中国特色的符号学研究与复兴我国古代传统两者并不对等。在探讨所谓的""符号学危机""""符号学无所不包""的常见论断批评的时候,余红兵博士认为上述观点并不足以视为危机,反倒是符号学优势的体现。符号学可以被视为一种独特的方法论工具,能够为我们提供一个独特的横贯性视角,在众多符号系统之间进行联系比较,涉及领域广阔,比如语言文字、社会典章、宗教、文学等各种看似松散不相关的人类表征行为。此外,本访谈也探讨了研究方法以及西比奥克对符号学研究的看法。希望本访谈有助于国内同行了解国际符号学的理论动态、研究方法,从而更好地参与国际学术对话。",北京第二外国语学院学报,2018-12-15,期刊,H0-0,14-21,8
6,我国发展模式重构与培养创新型外语人才的制度建设,卢植,广东外语外贸大学翻译学研究中心,发展模式重构;创新型外语人才;培养;制度建设;,"本文从我国发展模式重构角度分析和探讨外语创新型人才培养中的制度建设问题。培养外语语言基本功扎实、知识结构完善、具备创新思维能力、分析与解决问题能力强、具有国际视野、了解和熟悉国际事务运作规则、能参与国际交流和竞争、跨文化沟通和交际能力强的国际化创新型外语人才,是我国外语教育的重要任务和光荣使命。从复杂系统动态理论的角度看,创新型外语人才的培养具有系统性、复杂性和创新性,是一项系统工程和鼎新事业,需在实践中探索,于实践中推进。创新型外语人才的培养,制度建设乃重中之重,制度之利在于不因事而变、因人而异,而是具有一贯性、连续性和强制性,属于刚性约束和顶层设计。制度建设应该在各个层面上展开,小班授课制、弹性学籍制、完全学分制、跨系交叉选课制、国际交换生制、创新创业奖励制等制度和规章应在教育教学实践中得以确立和运行,以保障和保证创新型外语人才的培养。",北京第二外国语学院学报,2018-12-15,期刊,H09,3-13,11
7,批评话语分析的一种标杆性尝试——《“学雷锋活动”历史变迁的话语研究》评介,田海龙,天津外国语大学语言符号应用传播研究中心,赵芃;《“学雷锋活动”历史变迁的话语研究》;书评;话语史;批评话语分析;,"本文通过对《""学雷锋活动""历史变迁话语研究》一书主要内容的介绍和评述,强调(批评)话语分析需要注重话语与话语之间相互作用的研究。该书在观察和研究话语之间这种历史维度的联系和相互作用以及这种相互作用与社会发展变迁之间的关系方面作出了尝试性解读,开启了国内话语史研究的先河。",北京第二外国语学院学报,2018-12-15,期刊,H109.4,103-109,7
8,中美人权报告评价性话语特征对比研究(2010—2016),叶惠珍;金琼兰,华侨大学外国语学院,中美人权报告;评价系统理论;话语霸权;国际话语权;,"本文以评价系统理论为研究框架,对比了2010—2016年中美人权互评报告中评价资源使用情况的差异。研究显示,美方报告比中方报告使用了更多的评价资源,尤其擅长使用""否认""""归属""资源,并串联使用""妥当""与""否认""词汇,借""强化""评价资源虚假渲染中国人权状况的严重性,凸显霸权话语特征,但美方报告存在""归属""引证模糊的策略性错误。相比之下,中方使用的评价资源总频数低于美方,仅在""公告""和""量化""词汇的使用频数上高于美方。中方使用""归属""资源时引证更为翔实,但较少单独或串联使用""否认""与""妥当""评价资源,似与""低冲突性""文化特征等因素有关。今后我国的对外人权话语建构需借鉴他国较优话语策略,加大使用各类评价资源,积极解构霸权话语,提升我国的国际话语权。",北京第二外国语学院学报,2018-12-15,期刊,H136;H313,22-39,18
9,Numeral,Classifiers,中国社会科学院语言研究所,数量结构;个体量词;非个体量词;计数;计量;,"关于汉语数量结构的研究成果颇丰,主要有两种观点,第一种观点以Cheng&Sybesma(1998/2005)的count classifiers和mass classifiers的区分为代表,第二种观点以Rothstein(2009/2010)、李旭平(2013)的classifiers of counting和classifiers of measure的区分为代表。本文介绍李旭平2013年出版的Numeral Classifiers in Chinese:The Syntax-Semantics Interface一书,介绍其汉语计数量词与计量量词的理论,并作简要评价。",in,Chinese:The,Syntax-Semantics,H146,110-122,13
10,英国电视公益广告态度意义多模态认知评价分析——以交通安全类电视公益广告语篇为例,毛现桩,河南财经政法大学,英国电视公益广告;交通语篇;态度意义;认知评价理论;SPS模式;多模态;,"本文以评价理论为基础,以跨学科(社会符号学和认知心理学)构建起的视频语篇态度意义多模态分析系统为指导,借助多模态视频语篇分析软件(MMAV),对自建英国交通安全类电视公益广告语篇小型语料库进行了实证分析。研究发现,英国电视公益广告交通语篇呈SPS发展模式,即""情景设置—问题出现—方案提出""。从多模态态度资源的调配特征上看,态度诱发条件多为视觉资源;态度行为表达多以显性语言、声调和面部表情为主;态度意义评价以短暂的正面评价开篇,通过极端负面评价的反衬震撼观众心灵,最终以正面评价结篇,引领观众态度转变,从而实现良好的价值导向功能。",北京第二外国语学院学报,2018-12-15,期刊,H315,40-52,13
11,《二外学报》入选中国人文社会科学期刊AMI综合评价语言学类“A刊核心期刊”,,O,O,"<正>2018年11月16日,在""第五届全国人文社会科学高峰论坛暨期刊评价峰会""上,中国社会科学评价研究院发布了《中国人文社会科学期刊AMI综合评价报告(2018年)》。《北京第二外国语学院学报》被评定为""2018年度中国人文社会科学期刊AMI综合评价""语言学类A刊核心期刊,实现了办刊的突破。2018年,中国社会科学评价研究院完成了""中国人文社会科学期刊AMI综合评价指标体系(A刊AMI)""的设计工作,并将该指标体系运用到了实践中,对我国人文社会科学领",北京第二外国语学院学报,2018-12-15,期刊,G237.5,133,1
12,国家机构赞助下的艾黎英译李白诗歌研究,马会娟;王越,北京外国语大学,国家机构赞助;艾黎;李白;诗歌英译;赞助人;意识形态;,"新西兰籍社会活动家路易·艾黎是新中国成立后在华工作的知名国际友人,一生翻译、出版中国诗歌译著十余部。作为长期生活在中国并受中国政府外宣机关雇用的英语译者,艾黎的翻译活动有诸多独特之处。本文对国家机构赞助下的艾黎英译李白诗歌活动进行了研究,探讨了艾黎英译李白诗歌的选材特点、翻译策略及翻译风格,论述了艾黎对李白诗歌的英译是赞助人、个人诗学意识形态等多重因素合力作用下的产物。通过研究艾黎的翻译实践活动,本文发现国家机构翻译具有以下特点:(1)从翻译选材来看,国家机构赞助下的译者并不是出于个人兴趣从事翻译工作,而是取决于国家机构赞助翻译的目的;(2)译介活动受国家和个人的意识形态因素影响痕迹明显,译作中的李白形象被一定程度改写,李白诗歌中的现实主义成分被放大;(3)译者翻译时坚持了自己独特的译诗风格,译作突显了较强的个人色彩,一定程度上偏离了原诗的意义,背离了原诗的旨趣和精神。",北京第二外国语学院学报,2018-10-15,期刊,H315.9;I046,54-69,16
13,莫言作品在英语国家的翻译和接受,蒋剑峰,浙江传媒学院北京外国语大学英语学院,莫言;中国文学英译;接受;书评;诺贝尔奖;,"莫言作品在英语国家的公开译介至今已近30年。本文将莫言作品在英语国家的译介历程分为四个阶段:(1)1988—1992,囿于象牙塔的零散译介;(2)1993—1999,走出象牙塔——葛浩文的努力;(3)2000—2012,走向""祝圣"";(4)2012年至今,""后诺奖""时代。通过梳理译本、分析书评、总结各个阶段的译介特点和接受情况,本文对莫言作品的英语世界之旅及其在英语世界的接受情况进行了较为全面的勾勒,以期对中国文学走出国门、融入世界文学能有一定的借鉴意义。",北京第二外国语学院学报,2018-10-15,期刊,H315.9;I046,70-83,14
14,鲁迅小说英译本在美国的接受研究——以王际真译本、杨氏夫妇译本和莱尔译本为例,张奂瑶,北京外国语大学英语学院,鲁迅小说;英译本;中美文学交流;政治历史背景;译本接受;海外传播;,"本文首先梳理关于鲁迅小说的英译活动,选取不同时期具有代表性的三个英译本,再从译本再版或重印、读者评价、选集收录和文献引用等方面分析它们在美国的接受状况,并结合政治历史背景探讨影响接受状况的因素。研究表明,王际真译本出版后曾获得美国媒体广泛关注,但囿于政治局势骤变和中美文学传统差异,译本传播范围有限;尽管受冷战环境和意识形态冲突影响,杨氏夫妇译本仍是20世纪50年代到80年代美国学术界和教育领域流通的主要译本;莱尔译本获得的读者反馈良好,却未能成功打开美国大众读者市场,主要与出版社、销售渠道等因素有关。此外,20世纪末鲁迅小说作为了解中国的社会历史文本的重要性下降,也影响了该译本在美国的接受状况。",北京第二外国语学院学报,2018-10-15,期刊,H315.9;I046,84-96,13
15,奥尔弗斯的美国化身——论爱默生《诗人》中“诗人”的三重身份,齐聪聪,首都师范大学大学英语教研部,爱默生;奥尔弗斯;诗人;三重身份;美国诗歌;美国文学;,"爱默生在散文《诗人》中深入探讨了诗人的本质和作用,塑造了一个理想的诗人形象。这一形象可以追溯到希腊神话中的奥尔弗斯。本文结合19世纪美国的社会文化背景,以《诗人》为主要研究文本,辅以爱默生的诗歌和日记等资料,探究了爱默生的诗人观与奥尔弗斯诗人形象的关系,进而指出爱默生以传统意象奥尔弗斯为蓝本,构建了一个具有三重身份的""诗人"":代表人物——奥尔弗斯整体力量的化身;见者和预言家——奥尔弗斯灵感与智慧的化身;言者和语言创造者——奥尔弗斯语言和艺术创造力的化身。奥尔弗斯化身的美国诗人表达了爱默生对美国民族诗人以及美国文学独立的渴望,同时推动了19世纪美国文学的发展。",北京第二外国语学院学报,2018-10-15,期刊,I712.076,97-110,14
16,最简框架下循环拼读机制与优选制约计算分析,张连文,济南大学,语段;循环拼读;句子重音;局部性;优选制约;最简方案;,"本文基于最简方案与语段理论的局部性制约、多重/循环拼读机制以及强势音系语段推导,在综述先前研究基础上,重点分析句子重音计算方法和优选句法运算,阐述句子重音与焦点重音的互动以及语段韵律拼读与优选制约的交互。语段结合焦点加标的分析表明,焦点重音规则优先于句子重音规则。本文不仅论证了音系计算方法的指导原则,也遵循了语段的局部性和多重拼读(移交)。系统研究证实了在显著性参照下功能语段边界和循环拼读域在重音韵律计算和接口映射中起决定性作用,即拼读域可对应重音域。本文旨在论证并推出语段推导理论与优选论结合的优选计算模式。",北京第二外国语学院学报,2018-10-15,期刊,H04,16-36,21
17,中国英汉语比较研究会全国高校外语学刊研究会2018年年会在洛阳召开,,O,O,<正>由中国英汉语比较研究会全国高校外语学刊研究会主办、《解放军外国语学院学报》编辑部承办的中国英汉语比较研究会全国高校外语学刊研究会2018年年会暨《解放军外国语学院学报》创刊40周年纪念会于2018年10月24～25日在信息工程大学洛阳外国语学院成功举,北京第二外国语学院学报,2018-10-15,期刊,H09-2,145,1
18,句法演化渐变论——评Ljiljana,Progovac教授的《演化句法》,中南林业科技大学,Ljiljana Progovac;《演化句法》;演化渐变论;内部构拟;句法解构;句法学;,"依据生物演化的基本规律,运用句法解构和内部构拟等方法,句法演化可分为CP>TP>vP>VP/SC等演化层次。句法演化依次经历了聚合原型阶段、原型并列阶段和具体功能语类阶段三个阶段。独立小句、没有vP层次的不及物小句和离心动名词等结构是各阶段留下的活化石,各演化阶段渐变演化过程中留下的语言生物设计痕迹体现了语言演化的连续性和自然选择思想。各演化阶段渐次体现了交际优势,交际压力是驱动语言演化的根本原因。基于广阔的学科理论,本书以英语等语言事实为具体观察对象,运用内部构拟和句法解构等方法,构建了语言演化渐变论,提出了语言演化研究新思路。",吴玲兰,北京第二外国语学院学报,2018-10-15,H043,135-143,9
19,中国高校商务英语专业教学质量保障体系的建构——基于斯坦福大学案例的分析,姜霞;王雪梅,上海外国语大学,斯坦福大学;商务英语专业;质量保障体系;高等教育;,"在《高等学校商务英语专业本科生教学质量国家标准》业已颁布的背景下,探讨如何建构该专业质量保障体系至关重要。本文在文献综述的基础上,通过分析美国一流大学——斯坦福大学质量保障体系的特点,尝试建构我国商务英语专业质量保障体系。通过分析,笔者提出,商务英语专业质量保障体系应充分考量社会需求、学校自主和学生主体等因素,在社会、学校、学生之间寻找平衡点,只有三方协力,才能共同提升该专业的质量水平。同时从社会、学生、师资队伍三个层面提出可行性建议:(1)以评促改,建立与完善商务英语专业社会第三方认证体系;(2)强调学生主体,建立学习成果评估数据库,实现评估管理常态化、动态化;(3)将""适应性""学习理念运用于教师教育课程,建构商务英语师资队伍的复合型知识结构。",北京第二外国语学院学报,2018-10-15,期刊,H319.3;F710-4,123-134,12
21,阿瑟·韦利的中国绘画研究与汉学转折,曹顺庆;任鑫,北京师范大学北京师范大学文学院,阿瑟·韦利;中国绘画;汉学;他国化;中国文化的海外传播;,"阿瑟·韦利(1889—1966)作为英国著名的汉学家,在20世纪中国文化的对外传播中起到过重要作用。国内外研究者对其研究主要集中在中国文学的翻译领域,对他在艺术领域的成就缺乏足够的重视。而他对中国绘画艺术的研究作为西方汉学研究的重要组成部分曾有力地推动了中国文化在英国以及西方研究中的崛起,更体现出西方汉学思潮的新一轮转折。其研究上承翟理斯、宾扬等人的系统性译介,下启喜仁龙、高居翰等的研究性引入,而这一转折也将中国文学、绘画乃至诗学的元素更为深入地介绍到西方世界当中,成为了与当时中国学习西方文化的潮流相峙而立的他国化风景。东方的文学与艺术不再仅仅作为带有异域情调的点缀,而是成为与西方相峙而立的、为其提供能量的另一文明。正是中国文化的注入为英国及西方注入了新鲜活力,有力地推动了西方现代文学艺术的发展。",北京第二外国语学院学报,2018-10-15,期刊,J205,3-15,13
22,参考文献格式和内容,,O,O,<正>1.参考文献类型:普通图书[M]、期刊文章[J]、报纸文章[N]、论文集[C]、学位论文[D]、报告[R]、标准[S]、专利[P]、数据库[DB]、计算机程序[CP]、电子公告[EB]、联机网络[OL]、网上期刊[J/OL]、网上电子公告[EB/OL]、其他未说明文献[Z]。,北京第二外国语学院学报,2018-10-15,期刊,+,144,1
23,基于文化维度理论的留学生跨文化适应性研究——以留学德国半年以上的77名中国学生为例,谢琼;戚一娇,北京第二外国语学院,在德中国留学生;文化维度理论;跨文化适应性;文化差异;,"本文采用推断统计学中抽样调查的研究方法,以在德国留学半年以上的77名中国学生为例,从文化维度理论视角对他们的跨文化适应性进行研究分析。本研究分别从生活、学业以及人际交往三方面着手,以霍夫斯泰德的文化学理论为指导,分析在德中国留学生产生文化休克与跨文化不适的主要成因,以此来观照中德文化差异,旨在帮助已在海外或者计划去海外留学的学生更深刻地认识和理解文化差异,从而帮助他们更好地适应异文化,消除由于文化差异带来的不适甚至冲突。",北京第二外国语学院学报,2018-10-15,期刊,G648.9,111-122,12
24,《诗经》韵律翻译策略探察——以詹宁斯、许渊冲译本为例,李玉良;王冲,青岛科技大学外国语学院,《诗经》韵律翻译;策略;诗学;顺应;变通;,"韵律是《诗经》翻译的重要问题。韵律是中英文诗歌的共同属性之一,就《诗经》英译而言,韵律具有可译性是可以肯定的。然而,《诗经》翻译究竟用韵与否,主要取决于译入语诗学规范和译者的价值取向。从《诗经》翻译史来看,译文一般都重视韵律的翻译。韵律翻译的具体策略从原文韵式出发,可分为顺应原文韵律和适当变通韵式;其基本原则是不以韵害义。但是,翻译韵律是十分困难的,译者所能做到的至多是再现原诗的韵式,要在译文中求得更微观层次上的一致,一般是不可能的。当然,我们不必执着于追求原诗与译诗在韵律上绝对一致,而是要更多地着眼于译诗自身的音韵之美,着眼于译诗的韵律与译诗的意境的和谐与统一。",北京第二外国语学院学报,2018-08-15,期刊,H315.9;I046,53-67,15
25,从戈夫曼的“非均质性”概念看翻译的社会性,宋以丰,惠州学院,非均质性;主体性哲学;“自我”;处境意识;身份意识;,"""非均质性""是戈夫曼""微社会学""中的重要概念,它将社会比作舞台,将个体比作演员,认为个体行为具有表演性。文章运用""非均质性""概念,对译者""自我""的角色扮演、翻译的处境和身份意识以及""自我""与翻译行为及其批评之间的关系等进行研究,得出以下结论:(1)翻译如同戏剧一样,是历史化和语境化的产物,也是译者实施""印象管理""的重要方式;(2)译者好比演员,是""主我""认知与""宾我""认知的统一,他既要考虑自己的个性和意志,又要考虑社会和他人的期待;(3)翻译不仅是认识论意义上的现象,而且是存在论意义上的现象,后者意味着翻译的""人性""面,而非""物性""面,它反映的是翻译的事实与价值的统一,以及译者的目的、行为和结果的统一。",北京第二外国语学院学报,2018-08-15,期刊,H315.9;I046,68-77,10
26,话语权的思考与诉求——叙事伦理视阈下的《在美国》,年丽丽;尹金芳,大连外国语大学安徽公安职业学院基础部,叙事伦理;《在美国》;话语权;苏珊·桑塔格;美国文学;,"《在美国》这部小说的内容和叙述形式成为评论界争论的焦点,有人赞叹其叙事手法新颖,亦有人批驳其内容单薄且与史料重合过多,然鲜有人将其形式和内容结合起来进行探讨。笔者发现小说的叙事策略与故事中人物的话语权有某种暗合:第三人称叙事客观呈现女主人公玛琳娜身受男权话语和美国主流话语压制的现实;而书信和日记等则流露出玛琳娜言说的欲望与渴求;直接引语和剧本台词折射出玛琳娜言说的自由。可以说,此故事文本就像是一个话语的狂欢场,话语权的压制与反抗进行着激烈的较量。桑塔格对历史故事进行重塑时进行了内容和技巧的双重安排,以此来消解主流话语的权威,呈现其对少数族裔女性话语权的思考。本文拟从叙事伦理的视角,通过解读故事中多样的叙事手法所传递的话语意识,来剖析主人公玛琳娜话语权受压制、颠覆以及重构的过程,以期揭示桑塔格多样的叙事技巧背后隐藏的伦理意识与诉求,进而展示她对社会现实的关注、对芸芸众生的人文关怀以及对社会秩序的思考。",北京第二外国语学院学报,2018-08-15,期刊,I712.074,90-102,13
27,桑德拉·西斯内罗斯的奇卡纳女性主义叙事,李毅峰;索惠赟,天津商业大学外国语学院廊坊燕京职业技术学院,桑德拉·西斯内罗斯;“三位母亲”原型形象;重新阐释;批判性;奇卡纳;,"桑德拉·西斯内罗斯是当代美国最成功的墨西哥裔作家之一,但是学界也不乏对她的批评和质疑。有些学者认为她的作品缺乏批判性。但事实并非如此,西斯内罗斯对父权制、种族及阶级歧视的批判并不弱于其他奇卡纳女性主义作家,她旗帜鲜明地宣称自己是""奇卡纳女性主义者""。本文以《芒果街上的小屋》《不要跟墨西哥人结婚》及《喊女溪》三篇小说为例,论证西斯内罗斯对""三位母亲""原型形象的颠覆性阐释即是她批判性的有力证明。在《芒果街上的小屋》中,她描绘了生活在圣母瓜达卢佩阴影之下芒果街上女人们的生存状态,并且提出通过写作帮她们发声的策略。而在小说《不要跟墨西哥人结婚》中,西斯内罗斯不仅颠覆了圣母驯顺隐忍的原型形象,将其阐释为""性女神"",还颠覆了马林奇""被侵犯者""的他者形象,女性不再是""被侵犯者"",而成为""侵犯者""。在小说《喊女溪》中,西斯内罗斯对传统的""哭泣的女人""原型进行了重新阐释,女性不再像""哭泣的女人""一样柔弱地哭泣,而是发出笑声。本文认为,通过重新阐释这些女性原型形象,西斯内罗斯批判了奇卡诺文化及美国主流文化对墨西哥裔女性的性别、种族、阶级歧视,同时也探索了对抗这些歧视的方式。",北京第二外国语学院学报,2018-08-15,期刊,I712.074,103-114,12
28,德国语文学危机的两种应对之策——论库尔提乌斯与奥尔巴赫,阿维胡·扎卡伊;林振华,以色列耶路撒冷希伯来大学历史系深圳市福田区城市绿洲国际学校中学部学生处深圳市福田区城市绿洲国际学校剑桥考试中心,德国语文学;库尔提乌斯;奥尔巴赫;主题;辞彩;,"本文从库尔提乌斯与奥尔巴赫所处的历史时代和他们的代表作,分析了二者面对20世纪初德国人文主义与语文学危机时,为何提出了不同的应对之策。库尔提乌斯从罗曼研究和现代欧洲文学研究,转向拉丁中世纪,以期构建有意义的文学文化方案,从而替代有违传统德国教育、人文主义、启蒙思想的雅利安语文学、种族神秘主义和纳粹史学。奥尔巴赫在流亡期间,把目光转向了比较文学,以其西方文学""统一性""专论,将《圣经·旧约》拉回到欧洲人文主义文化中心,拿起共同的西方犹太—基督教传统的旌旗。无论如何,两人都致力重建被纳粹的种族与人种分离措施打得四分五裂的欧洲文明统一性。",北京第二外国语学院学报,2018-08-15,期刊,I516.06,3-12,10
29,批评距离的消失:托马斯·品钦《葡萄园》的超级英雄与大众媒介景观,李荣睿,国际关系学院英语系,大众媒介景观;虚拟叙述;幻想空间;托马斯·品钦;《葡萄园》;,"针对学界在托马斯·品钦的小说《葡萄园》中大众媒体问题上存在的分歧,本文聚焦于小说里的两个中心人物——女忍者DL和因果理算师武志以及围绕他们的第二条情节线,结合玛丽—劳雷·瑞安的虚拟叙述概念,从大众媒介景观的角度分析他们的意义和功能。本文认为该小说一方面使用了虚拟叙述来呈现媒体世界,另一方面在塑造这两个人物时又故意打破虚拟叙述,模糊真实世界与媒体世界的界限,以此展现一个景观化的美国后现代社会。而这部小说也正是通过对这两个大众媒体幻想空间里的超级英雄的塑造,既审视了20世纪60年代学生运动的问题,也揭示了被大众媒体浸染的美国社会批评距离的消失。同时,本文的分析也说明了小说对大众媒体的模仿并未削弱其批判性。",北京第二外国语学院学报,2018-08-15,期刊,I712.074,78-89,12
30,国内外多动症儿童阅读发展探究,李苗;赵微;王庭照;赵娅琪;李雷雷,陕西师范大学教育学院美国哈佛大学教育学院美国休斯顿大学山东省听力语言康复中心邯郸市特殊教育中心,多动症儿童;阅读障碍;语言发展;,"阅读是个体习得语言过程中必须掌握的一个重要技能,同时又被不同的因素所影响。近年来多动症(ADHD)儿童得到人们越来越多的关注,该类儿童的症状主要有:注意力不集中、多动以及冲动。由于其自身的缺陷,ADHD儿童的语言习得和阅读发展会受到影响。国外相关研究表明:ADHD与阅读障碍(RD)存在很高的并发率,其阅读发展存在语音加工、注意力以及工作记忆等认知缺陷。国内对ADHD儿童的阅读发展研究不多,已有对RD儿童的阅读发展研究表明语素意识缺陷是汉语阅读障碍的核心缺陷。鉴于RD和ADHD有着很高的并发率,笔者预测,语素缺陷很可能是汉语为母语的ADHD儿童阅读发展的重要影响因素。本文从认知角度对国内外ADHD儿童的阅读发展进行综述并提出其研究发展方向,希望为未来研究提供理论依据。",北京第二外国语学院学报,2018-08-15,期刊,B842.3;H09,24-40,17
31,“译者行为批评”几组概念正解——与宋以丰先生商榷,赵国月,长江师范学院大学外语教学科研部,翻译本质;翻译行为;译者行为;商榷;,"《东方翻译》2017年第1期刊发了宋以丰先生的《翻译社会性管窥:基础、目的与影响因素》一文,所涉""译者行为批评""理论中有关翻译社会性的几组概念存在误读问题,本文特予以正解。将""翻译行为""概念泛化,不利于客观地认识翻译规律,从译者角度探讨""翻译行为""(译内行为)和""译外行为""结合的""译者行为"",更能从语言性到社会性对翻译的规律进行全面地认识和把握,而""译者行为批评""正是循着这样的路径来认识翻译的。这一路径反映的是由简单到复杂,由基本层到高级层的""级转移"",实非宋文所认为的是将翻译贬抑到""低级层""或者上升到""高级层""而进行的伦理批判。",北京第二外国语学院学报,2018-08-15,期刊,H315.9,13-23,11
32,二语即时作文高低分组词汇丰富性对比研究,张晓东;任娇娇,北京第二外国语学院英语学院,二语写作;词汇丰富性;词汇多样性;词汇复杂性;,"产出性词汇的丰富性对二语写作质量有着重要的影响。由于当前对比研究相对较少,因此无法深入了解不同质量写作文本之间产出性词汇的特征差异。鉴于此,本文以英语专业本科二年级学生即时写作的议论文为研究样本,从词汇多样性、词汇复杂性、词汇密度和词汇错误四个方面对高分组和低分组作文词汇丰富性的差异进行了对比分析。研究结果显示,高分作文在词汇多样性、词汇复杂性方面均高于低分组,其中词汇复杂性差异显著;在词汇错误方面,高分作文低于低分作文;两组在词汇密度方面差异不大。研究结论对二语教学具有一定的启示意义。",北京第二外国语学院学报,2018-08-15,期刊,H319.3,41-52,12
33,英语听力教学中手势语有效性的实证研究,钟晓云;高原,清华大学外文系中国科学院大学外语系,听力理解;手势语;中介;听力教学;,"手势与言语密切相关,在二语习得领域逐渐受到关注,但对其有效性的实证研究相对匮乏。为考察手势语在听力理解中的作用,本研究从183名英语学习者中选取高、低分两组受试,在音频、音频+面部、音频+面部+手/臂三种实验条件下进行听力测试。结果显示,观看含有手/臂手势视频的受试成绩最高,低分组受试成绩提高更为显著,且手势对低分组受试理解具体概念和抽象隐喻的能力均有所促进。结合社会文化理论,本文认为,手势语能够提高英语学习者在交际中构建意义的能力,是听力理解的有效中介。本研究的结果为丰富教学中介工具、构建多模态外语课堂提供了参考。",北京第二外国语学院学报,2018-08-15,期刊,H319.3,115-130,16
34,参考文献格式和内容,,O,O,<正>1.参考文献类型:普通图书[M]、期刊文章]J]、报纸文章[N]、论文集[C]、学位论文[D]、报告[R]、标准[S]、专利[P]、数据库[DB]、计算机程序[CP]、电子公告[EB]、联机网络[OL]、网上期刊[J/OL]、网上电子公告[EB/OL]、其他未,北京第二外国语学院学报,2018-08-15,期刊,+,131,1
35,历史考古视角下尤文纳尔“罗马讽刺诗”中的“神庙”,李树春,江西师范大学伦敦大学玛丽女王学院,尤文纳尔;罗马讽刺诗;神庙;历史考古学;西方古典文学作品;,"西方""讽刺""起源于罗马文学里的讽刺诗,尤文纳尔为""罗马讽刺诗""的最后一位创作者。本文拟在古罗马考古学的视野下,对其讽刺诗中的""神庙""进行文学的考察。尤文纳尔的讽刺诗提示了三个观察""神庙""的特别视角,即诗中对""神庙""进行说明的三个方面:""古老的""""高耸的""和""财富的"",这三个形容词所提示的三个方面,将构成本文进行文学分析的历史考古学维度。文章借此研究说明,理解文学作品、尤其是西方古典文学作品的文学性,需要来自对作品生成时代和社会的全面理解,故历史考古学能够成为对写作时代距今遥远的西方古典文学作品进行文学研究的重要视角。",北京第二外国语学院学报,2018-06-15,期刊,I106.2,82-95,14
36,论托尼·莫里森《家》的反现代性叙事,张银霞,陕西师范大学文学院北方民族大学文史学院,托尼·莫里森;《家》;反现代性;美国文学;黑人文学;,"反现代性叙事是应对现代性问题的一种思维与策略表达。当代非裔美国作家托尼·莫里森在其近作《家》中将黑人所面临的种族歧视和现代性诸多问题并置呈现,并以突出的反现代性叙事为当代黑人的双重困境提供了某种解决思路。文章以西方现代性理论为关照,试图从时间、生产形态及文化传统三个方面来呈现小说的反现代性叙事:通过主人公从北方城市到南方乡村的空间位移,突出后者对效率的摒弃及时间的还原;由于主要从事农业和手工业生产,南方乡村居民有意识地拒绝工业化的入侵及减少对商品的依赖;对黑人传统文化的认可和推崇,促进了该群体的主体性建构,进而有助于抚平战争及种族歧视带来的创伤。作品的反现代性叙事凸显了作家鲜明的文化立场,对激活传统文化的活力及启发当代社会所面临的现代性问题具有重要意义。",北京第二外国语学院学报,2018-06-15,期刊,I712.074,96-107,12
37,翻译在中国革命进程中的作用,王宁,欧洲科学院,翻译;中国革命;中国文化;中国文学;世界;,"在中国革命的进程中,翻译扮演了一个十分重要的角色,但是它的这种角色在不同的阶段有所不同:(1)作为文化启蒙的手段,这主要体现在民主革命时期;(2)为意识形态服务,这一角色主要体现在社会主义革命开始直到文革结束;(3)作为向世界开放之窗口,这一角色主要体现在改革开放以来直到21世纪初;(4)作为重绘全球文化和世界文学之版图的方式,这一角色主要体现在进入21世纪以来的改革开放纵深阶段。总之,翻译使得中国更接近世界:它一方面能将世界上的先进科学技术和人文思想理论引进中国,加速中国的现代化进程;另一方面,它又可以将中国的文化和文学译介到世界,从而对全球文化和世界文学作出自己的独特贡献。因此,翻译既是必不可少的,同时又是十分重要的。",北京第二外国语学院学报,2018-06-15,期刊,H059,3-15,13
38,中国翻译服务业研究现状分析,司显柱;郭小洁,北京第二外国语学院高级翻译学院北京交通大学经济管理学院,语言服务;翻译服务产业;研究现状;,"近年来随着经济全球化不断发展,国际贸易流量不断增加,对外直接投资规模不断扩大,提高了对信息交流的需要,刺激了翻译服务的需求和供给。翻译服务市场的繁荣以及由此带来的翻译企业的初步集聚引起了学者们对翻译服务领域和翻译服务产业的关注。然而在现有的研究中,翻译服务产业一词虽被广泛使用但缺乏准确定义。所以本文试图以标题、关键词、摘要的文献检索方法,筛选出国内学者在翻译服务领域的相关研究,并在梳理前人关于翻译服务产业研究的基础上,总结出翻译服务产业的内涵,同时对于前人关于翻译服务产业的研究进行总结、评述,希望能为今后翻译服务产业地位的明确以及翻译服务产业的研究提供帮助。",北京第二外国语学院学报,2018-06-15,期刊,H059,17-30,14
39,美国紧急语言服务体系的构建与启示,滕延江,鲁东大学外国语学院,紧急语言服务;美国语言服务;国家安全;语言能力;体系构建;,"语言问题关乎国计民生与国家安全,紧急情境下的语言服务工作是考验国家语言能力的重要指标之一。文章以美国的国家语言服务团和紧急医疗语言服务项目为例,探讨美国紧急语言服务体系建设的动机、运作模式及存在的问题与挑战。美国紧急语言服务项目的经验探索提供了国家紧急语言服务的新思路,协调、整合社会资源,是政府(机构)购买公共服务的典范。然而,该项目较多关注成员的语言水平,忽略了实际的""语言+专业""能力;紧急医疗语言服务人员(译者)的职业素养、语言技能水平、专业背景、客观立场等问题有待改进。具体到我国,鉴于境内多语社区增多、境外公民保护、国家""走出去""战略以及军民融合发展战略的实施不断深入,笔者提出并详细分析了构建我国紧急语言服务体系的必要性与可行性,以期为构建国家语言服务体系与提供国民语言能力提供启发与思考。",北京第二外国语学院学报,2018-06-15,期刊,H059,31-43+128,14
40,论信息技术对翻译工作的影响,孔令然;崔启亮,哈尔滨师范大学西语学院对外经济贸易大学英语学院,信息技术;翻译;翻译技术;翻译研究;翻译行业;,"信息技术在翻译行业的推广促进了翻译技术的发展,如翻译记忆工具与计算机辅助翻译、机器翻译、术语管理系统、本地化工具、文字处理软件、质量保证工具、桌面排版、语音文字识别软件、写作系统、项目管理软件以及内容管理系统。翻译技术的应用提升了翻译行业的生产力,对翻译实践、翻译教育和翻译研究的影响逐渐深入。本文立足翻译行业视角,按照翻译产、学、研顺序进行描述,从翻译对象、翻译角色、翻译能力、翻译策略、翻译方式、翻译流程、翻译标准、翻译环境、翻译教育及翻译研究十个方面充分研究信息技术对翻译工作的影响。对于翻译行业和翻译职业而言,信息技术改变着翻译的行业生态,改变着翻译职业能力。翻译行业从业者需要分析和应用信息技术对传统翻译工作进行升级改造,加深对翻译技术价值的认识,提高翻译服务能力,推动翻译行业的发展。",北京第二外国语学院学报,2018-06-15,期刊,H059,44-57,14
41,语言服务业背景下科技翻译人才培养模式研究——以辽宁高校的供给侧改革为例,门湘池;李洋,东北大学外国语学院,语言服务业;供给侧改革;科技翻译人才;MTI教学模式;,"随着""一带一路""倡议和全面振兴东北老工业基地政策的推进,辽宁急需一批高水平的科技翻译人才,然而辽宁高校的科技翻译人才培养模式尚未完善,急需进行供给侧改革。目前,我国语言服务业呈现持续快速稳定发展的态势,并逐步走向规范。在此背景下,为了促进其发挥在""政企""与""学研""之间培养科技翻译人才的核心地位和协同育人的创新作用,本研究将语言服务业定位为产业,通过深入分析辽宁省语言服务业的发展现状和用户需求,从课程设置、教学方法及评价体系等方面探讨了在翻译硕士专业学位教育(MTI)阶段如何构建以供给侧改革为导向的科技翻译人才培养模式。",北京第二外国语学院学报,2018-06-15,期刊,G643;H059-4,58-68+107,12
42,《第二语言学习》评介,杨梅,华南理工大学外国语学院,第二语言学习;心理学视角;双语;记忆表征;认知发展;,"《第二语言学习》由王瑞明、杨静、李利三位教授合作完成,是一本从心理学视角出发全面介绍第二语言学习现象的重要著作。全书系统梳理了第二语言学习的关键期、脑机制、双语记忆表征、词汇和句法加工、语言转换、二语学习对个体认知发展的影响、个体差异与教学策略、汉语作为二语的学习过程与高效率推广等8个核心问题,对每个问题涉及的重要概念、理论模型、实证探讨、争议话题等作了全方位、多角度、深层次的介绍和分析。本文介绍全书主要内容,并对相关特点作简要评述。",北京第二外国语学院学报,2018-06-15,期刊,H09,122-128,7
43,ELF环境下在华各国留学生对英语国别变体的语言态度研究,范勇;张广磊;张洋溢,南京信息工程大学语言文化学院南京信息工程大学国际教育学院,英语国别变体;语言态度;问卷调查;在华留学生;ELF;,"本研究调查了长期在ELF环境下学习和生活的在华各国留学生对各种英语国别变体(包括China English)的语言态度。结果表明,受访者的语言态度总体上较为保守:大多数人对World Englishes、ELF和China English等概念较为陌生,英国英语和美国英语依然被绝大多数受访者奉为完美的标准英语,多数人对非本族语英语变体评价较低。但他们的语言态度也有开放和多元的一面,如:超过一半的受访者认为英语的所有权既属于本族语者,也属于全球的非本族语者。另外,超过一半的受访者认同China English作为新英语国别变体的存在。最后,本次研究还发现,在ELF环境下交流的最大障碍是各国交流者的不同口音,而文化差异并未构成很大障碍,这也体现出交流者有一定的多元文化意识。",北京第二外国语学院学报,2018-06-15,期刊,H310.1,69-81,13
44,海外进修经历对青年大学英语教师学术认同的影响:一项质性研究,梅勇;申云化,湖北大学吉林大学,学术认同;青年公共英语教师;海外进修;地方高校;,"本研究运用深度访谈和日志的方法调查了三位具有海外进修经历的青年大学英语教师在学术认同上的变化。研究发现:(1)3名青年教师在学术认同上均有积极变化,体现在主体认知、情感归属和行动承诺三个维度;(2)情感归属维度上,研究对象从排斥科研到接受其为自身生活的一部分;主体认知维度上表现为,她们在科研方法和学科知识等方面有了更好的把握;行动承诺维度上体现在她们参与学术交流和提升学历等方面的准备。学术认同的转变主要源于科学系统的培训课程、严格的考核方式、充裕的时间和经济保障以及浓厚的学习共同体氛围。总体而言,研究对象都经历了从学术""徘徊者""到""叩门人""的转变。",北京第二外国语学院学报,2018-06-15,期刊,H319.3,108-121,14
45,语言服务专栏,谭业升,O,O,"<正>2017年大年初一,我与周长银教授互致问候,在谈到期刊创办特色时,提议学报增设""语言服务专栏"",并定下了组稿计划。时间过去一年半有余,不断有稿件投来,但是行业信息类或微观操作类文稿居多,有深度研究者少。此研究领域属于新兴领域,大凡一门学科或研究领域的发展,都会经历从经验知识概括到理论逐渐升华的过程。对",北京第二外国语学院学报,2018-06-15,期刊,+,16,1
46,参考文献格式和内容,,O,O,<正>1.参考文献类型:普通图书[M]、期刊文章[J]、报纸文章[N]、论文集[C]、学位论文[D]、报告[R]、标准[S]、专利[P]、数据库[DB]、计算机程序[CP]、电子公告[EB]、联机网络[OL]、网上期刊[J/OL]、网上电子公告[EB/OL]、其他未说明文献[Z]。,北京第二外国语学院学报,2018-06-15,期刊,+,129,1
47,伊藤漱平《红楼梦》日译本研究述评,吴珺,北京语言大学东方语言文化学院日语系,《红楼梦》;伊藤漱平;翻译研究;汉日翻译;中国古典文学;,"伊藤漱平既是红学家,又是版本考据家,同时也是蜚声世界的著名翻译家。他将日本的红学界与中国及世界接轨,让日本的红学在蓬勃发展的世界红学中占有一席之地,为《红楼梦》的译介与研究作出了巨大的贡献。然而,与伊藤漱平如此之高的《红楼梦》翻译成就相比,对其《红楼梦》翻译的研究还刚刚起步,无论是数量上还是质量上都不尽人意。笔者通过对国内外文献进行考察后发现:首先,尽管最近五年有一些成果问世,但从总体来看无论是国内还是国外,对伊藤漱平《红楼梦》日译本本身的研究力量薄弱,成果较少;其次,缺乏通过翻译学和其他相关学科新的研究方法和研究思路对其译本的新探索;另外,对于伊藤漱平《红楼梦》译本的文体问题、读者接受度等重要问题也缺乏必要的关注。本文进一步提出,今后的研究应与当代译学理论最新成果有机结合,拓宽伊藤漱平《红楼梦》日译研究的深度和广度,使译学理论真正地融入文本。",北京第二外国语学院学报,2018-04-15,期刊,H36;I046,62-75,14
48,越墙而过的天路历程——《幸存者回忆录》中异质空间的解读,沈洁玉,合肥师范学院外国语学院,多丽丝·莱辛;《幸存者回忆录》;异质空间;苏菲主义;空间叙事;,"在20世纪后期西方学界空间转向的学术思潮影响下,英国女作家多丽丝·莱辛继《四门城》之后的幻想类作品呈现出鲜明的空间化特色。她进行了一系列""异质空间""的缔造,以此为容器承载着作家赋予主人公丰富的心理活动。《幸存者回忆录》中的""墙后面的世界"",是一个充斥着幻想与回忆的异域,小说主人公在此践行了一场别样的超越现实的天路历程,通过跨越客厅墙壁而踏入""另一个空间""进行着一次次的心灵洗涤,最后实现精神升华,突破了尘世间生存的种种困囿。本文认为这一异质空间的存在既展现了作家对苏菲主义哲学的深刻理解和她对人类命运的深切关注,同时它又是一个将时间空间化了的场所,承担着独特的空间叙事功能,推动着小说的整个叙事进程。",北京第二外国语学院学报,2018-04-15,期刊,I561.074,76-85,10
49,《红酋罗伯》中的如画美学与现代英国社会变革问题,赵鹏,北京大学,《红酋罗伯》;《大不列颠全岛环游记》;如画美学;园林建造;英国社会变革;,"本文以英格兰作家笛福的《大不列颠全岛环游记》为参照,结合18世纪初到19世纪早期的英国社会历史背景,详细分析了苏格兰作家司各特如何在其历史小说《红酋罗伯》中利用当时流行的如画美学理论以及园林建造活动来书写现代英国社会变革问题。本文的结论是,司各特的如画视角是对笛福笔下美丽的、以商业活动为主导的现代英国""社会园林""的必要补充与颠覆。同时,在《红酋罗伯》中,小说作者形象而戏剧性地展现了18世纪作为英国一部分的苏格兰在快速从传统农业社会到现代商业社会转变时的复杂与矛盾特征、现代人的困境以及理想与现实之间的差距所导致的现代个体的分裂与痛苦。然而,面对现代英国的加速变革,司各特如画的社会理想只是不切实际的幻想。",北京第二外国语学院学报,2018-04-15,期刊,I561.074,86-99,14
50,句法-音系的交互与汉语韵律层级理论研究,赵永刚,西安外国语大学外国语言学及应用语言学研究中心、英文学院,韵律音系学;韵律层级理论;韵律成分;音系—句法接口;普遍原则;,"语言之间具有共性特征,但也存在一定的差异。在语音表征方面,体现为个别音位的差异;而在音系表征方面,主要体现在音位组合模式和韵律模式的不同。韵律结构的系统研究,一直是西方音系学理论研究的课题之一。英汉两种语言在韵律模式上的区别主要体现在音节、音步和节奏模式等方面。通过对韵律音系学及韵律层级理论的回顾和考察,尤其是与目前汉语韵律层级结构理论框架的对比分析,笔者认为,韵律层级观可以用来解读句法对音系变化,尤其是韵律变化的制约作用。汉语韵律结构存在Nespor&Vogel(2007)所提出的韵律层级普遍规则,也符合其有关韵律严格分层的假说。当然,汉语韵律结构层次的分析也为韵律结构层次理论提供了强有力的支持性论据。",北京第二外国语学院学报,2018-04-15,期刊,H116,23-44,22
51,句法制图理论框架下汉语非完整体句式中非完句效应的消解机制以及时间锚定法则,陆志军;温宾利,广东工业大学外国语学院广东外语外贸大学英语语言文化学院,制图理论;非完整体标记;非完句效应;消解手段;时间锚定;,"本文依据句法制图理论框架分析汉语非完整体句式的非完句效应,详解非完句效应在不同句法域的多种形态句法消解手段,并提出时间锚定法则从语义层面详述内/外在时间性在非完整体句式的表征方式。不同于进行体标记""在"",普通非完整体标记""着""表现出显著的非完句效应。非完整体句式的时间锚定就是依据断言时间AST-T对事件时间EV-T作出评价。进行体标记""在""的[+中心耦合]特征表明AST-T时间处于EV-T之内,因此具有独立的时间锚定功能。而""着""的[u中心耦合]特征体现AST-T与EV-T之间的重叠关系,只能确定VP域内的内在时间性。在VP之上的各个句法域中,中心语""着""作为一个算子Op,需要被成分统制它的完句成分所约束并为其[u中心耦合]特征赋予具体时值来确定其外在时间性,从而实现时间锚定功能并满足句法—语义映射的要求。",北京第二外国语学院学报,2018-04-15,期刊,H146,45-61,17
52,汉语熟语研究的神经认知视角——评张辉《熟语表征与加工的神经认知研究》,胡晋阳,上海电机学院高职学院,熟语;表征;加工;神经认知研究;,"汉语熟语历史悠久、储量丰富、使用广泛,反映了说汉语的人的思维独特性。对汉语熟语进行研究可洞察和深入探讨熟语理解中的认知过程。张辉教授的新作《熟语表征与加工的神经认知研究》是其15年来关于汉语熟语研究的成果结晶。本书共287页,分为15章,运用事件相关电位(ERP)技术对汉语熟语中主要的次范畴进行了研究,其中涉及成语、谚语、歇后语以及浮现中的熟语性构式。本书将语言学的理论与神经语言学的实证研究结合起来,试图达到两者的互证,为语言理论的构建、尤其是为认知语言学理论的构建提供了重要佐证,丰富了我们对语言在大脑中加工和理解的认识,并为心理语言学语言理解模式的构建提供了重要的依据。语言理论与神经科学方法的关系极其复杂,在跨学科视角下,认识论与方法论问题悬而未决,亟需一个互通平台。本书结合语言学和大脑的观点,既汇报了全新的科学发现,又提出了适切的理论框架,对相关研究具有重要学术和实践价值。本文介绍该书的主要内容和基本思想,并作简评与展望。",北京第二外国语学院学报,2018-04-15,期刊,H136.3,114-121,8
53,形态与音系的关联及其处理——《形态与音系的交互作用》介评,宋劲庞,天津工业大学外国语学院,形态;音系;交互作用;模块性;,"形态与音系是语法的两个不同方面,但是二者之间存在着紧密的关联。了解形态—音系的互动方式并探讨合理的处理方法,对于深化对语言的认识、构建语言学理论都具有重要的意义。《形态与音系的交互作用》就是一部关于这方面的综览性专著。它以形态—音系互动类型为线索,讨论了形态敏感音系、过程形态、韵律模板、重叠、中缀、交错效应、推导环境效应、音系对形态的干涉、加括号悖论、范式效应等一系列自然语言现象;针对各类现象,它都配备了具体的语言材料,介绍了相关的处理方法和理论要点,并对竞争性的观点进行了比较。本文概括该书的主要内容和特点,讨论其对汉语研究的启示,并对通过削弱模块性换取分析灵活性的处理方法提出商榷意见。",北京第二外国语学院学报,2018-04-15,期刊,H04,122-128,7
54,论当代语言学理论与外语教学的接口问题,陆俭明,北京大学中国语言学研究中心/中文系,外语教学;汉语二语教学;当代语言学理论;接口问题;,"本文所说的当代语言学理论包括当代形式派、功能派、认知派的前沿理论,也包括结构主义语言学理论;本文所说的外语教学,包括汉语作为第二语言教学。讨论当代语言学理论与外语教学接口问题,实际是要回答两大问题:一是外语教学是否需要当代语言学理论?二是外语教学对语言学科的理论建设是否能起到一定的助推作用?本文通过具体事实对上述两个问题作出肯定的回答。本文最后指出,当代语言学理论与外语教学可以接口,而且必须接口。外语教师学习、掌握好当代语言学理论并自觉运用于外语教学,在具体教学中善于将学术语言转化为教学语言,这是解决好接口问题的关键。为此,外语教师,包括汉语教师在内,不要也不能只做一个""教书匠"",而一定要使自己既成为一个优秀的教师,同时又成为一名出色的研究者。",北京第二外国语学院学报,2018-04-15,期刊,H319.3,3-22,20
55,基于符码理论的英语课堂授课模式辨析,李战子;王炜琳,国防科技大学国际关系学院国防大学政法学院,合法化符码理论;语义重力;学习者符码;知识符码;课堂研究;,"学界对于英语课堂的关注和研究由来已久,聚焦在教师主体、学生主体、教师语言与文化认同、教学互动等各个方面。本文从知识社会学的新理论——合法化符码理论出发,通过课堂观察,对三种课型的提问和回答环节进行了语义重力分析,试图辨析和厘清课堂观察和研究中的一些问题。特别对英语课在提高人文素养方面发挥的独特优势、英语课堂教学中启发式互动对于知识积累的效用以及提问和回答这一教学环节的设计进行了利弊辨析,提出了注重知识符码的一些思考。",北京第二外国语学院学报,2018-04-15,期刊,H319.3,100-113,14
56,中国哲学与文学的阐释、翻译与交流之汉学路径——德国汉学家顾彬教授访谈,刘燕,北京第二外国语学院文学院(跨文化研究院),汉学;翻译;中国哲学与文学;德国汉学家顾彬;,"2017年4月11日,北京第二外国语学院""北京对外文化传播研究基地""邀请德国汉学家顾彬(Wolfgang Kubin)教授,举办题为""中国文学与哲学的对外翻译与传播""的讲座。2017年10月31日,顾彬教授再次来到北京第二外国语学院,作为""亚洲共同体——越境共存之亚洲文化遗产""系列讲座专家之一,举办""误读的重要性:德国汉学中的中国形象""的学术报告。此间,跨文化研究院刘燕教授就中国哲学与文学精神、中西文学中的忧郁主题、中国经典的翻译与传播、德国汉学的历史与特色、误解的重要性与理解的多元性等诸问题,与顾彬教授进行了多次深入的访谈与切磋。本文得到了顾彬教授的亲自审核,深表感谢。",北京第二外国语学院学报,2018-02-15,期刊,H059;I046,79-96,18
57,从《最后的陪审员》看司法与民意的关系,郝燕,蚌埠学院外国语学院,约翰·格里森姆;《最后的陪审员》;文学;司法;民意;,"司法与民意的关系始终是媒体出现后一个难解的问题,司法的形式理性与充满激情的民意之间充满着张力和冲突。《最后的陪审员》采取虚构情节与历史事实杂糅的方法描述了发生在当代美国一个县城的司法与民意互动过程:既有群众意见的反映,亦有被贴上民意标签的媒体运作,更有陪审团——这个源自群众、代表民意的直接司法介入者。开放性的司法程序将民意因素容纳,以一幅多角色、多场域互动的生动场面为读者展示了民意融入司法的过程。但过度的开放、不设防的司法程序,以及充满激情、欠缺理性的民意侵入,也为司法环节中的多数人暴政留下间隙。本文以该小说为切入点,分析民意与司法互动的优劣之处,提出民意既要有充分的表达空间及纳入司法的有效载体,又要与司法保持距离,司法也应注重制度防御,方能实现两者的有效互动。",北京第二外国语学院学报,2018-02-15,期刊,I712.074,97-106,10
58,生态话语分类的不确定性,黄国文;陈旸,华南农业大学外国语学院,不确定性;生态语言学;话语类型;,"生态语言学研究的一种常见做法是研究者根据自己的生态观对话语作分类并进行生态分析,但是,关于话语(语篇)的分类,不同学者往往会采用不同的标准。Stibbe(2015)在生态语言学研究话题下提出区分破坏性话语、中性话语和有益性话语三种话语类型。本文通过实例分析表明:话语(语篇)类型之间的界限常常是不确定的、模糊的,不容易泾渭分明地归类的,因此应该使用连续统的概念来区分和讨论话语类型。本文的研究还表明:中国语境下的生态语言学研究有其特点,生态语言学研究是有价值取向的,受到政治、历史、社会、文化等因素的制约,因此生态话语研究要结合中国的实践。",北京第二外国语学院学报,2018-02-15,期刊,H0-05,3-14,12
59,论国际语境下生态语言学的儒学范式,周文娟,内蒙古工业大学,国际语境;生态语言学;生态危机;生态意识;生态悖论;儒学范式;中国生态智慧;,"西方生态语言学范式建立起了语言学和生态学的联系,引导人们审视语言对于生态环境的双重影响,具有交叉学科联系、终极环境关怀以及重大生态转向三大学科意义。西方经典生态语言学深受传统牛顿—笛卡尔式科学世界观的影响,其二元论范式在概念、方法和哲学方面存在三大悖论,呈现出价值中立、伦理弱化、道德弱化和美学缺席等显著特征。中国生态语言学的儒学范式以儒学生态智慧为哲学基础,可以包括""道法自然""""和而不同""""尽美尽善""和""知行合一""四重意义,这一关联论范式可以帮助提升人类生态意识。国际语境下儒学范式的推广仍面临一系列重大机遇和挑战,中国生态语言学可继续挖掘中国声音的""本土化""表达,打造贯通中西的国际化新概念、新表述。",北京第二外国语学院学报,2018-02-15,期刊,H0-05,15-32,18
60,对中国外语教育规划的思考:以越南国家外语纲要为参考,滕延江,鲁东大学外国语学院,外语教育规划;越南国家外语纲要;语言规划;外语教育;,"经济全球化促使跨国交流变得更为便捷、频繁。作为交流媒介的语言,特别是外语备受各方重视,部分国家开始重新审视外语教育,将其纳入国家战略规划。针对外语教育规划,中国学者也做了大量探索,取得了一些重要研究成果,在部分层面达成了共识。然而,外语教育规划是一项复杂的系统工程,需要兼顾多方利益,统筹考虑。本文以越南的《国家外语纲要2020》为例,讨论其出台的背景、目标、任务及举措,并指出其实施过程中所面临的挑战,认为越南国家外语纲要对我国外语教育规划有重要启示。同时,本文结合我国国情,提出了我国外语教育规划中需注意的问题。",北京第二外国语学院学报,2018-02-15,期刊,H09,107-119,13
61,汉语句法研究新图景——评Waltraud,Paul教授的《汉语句法新视角》,中南林业科技大学湖南大学外国语学院,Waltraud Paul;《汉语句法新视角》;评介;转换生成语法;,"汉语是孤立型语言,同时又存在诸多不属于该语言类型的语法现象,如何对汉语表面特殊的语法现象作出合理解释,在类型学和跨语言比较等语言学研究中都有重要意义。Waltraud Paul教授的《汉语句法新视角》以生成语法为理论基础,以基本句法结构、语序和语类等诸多具有争议的语法现象为研究对象,解构了类型概括,对相关语言事实作了细致观察和精确描写,并作出合理解释。本书作者指出,汉语在三千多年的历时发展中一直是SVO语序,汉语中的前置介词、后置介词和形容词都是独立语类,汉语话题可以表达已知信息和新信息,句末语气词属于C中心语。本书作者最后指出,依据语序类型而得出的跨类和谐语序本质上是基于统计性的语序概括,因而不是普遍语法的组成部分。本书加深了对汉语语法的理解,证明了汉语与其它语言一样并存普遍性和特殊性,对推动世界范围的汉语研究具有重要意义。",杨烈祥,北京第二外国语学院学报,2018-02-15,H14,120-128,9
62,系统功能视角下新闻报道的生态话语分析,杨阳,长安大学外国语学院,新闻报道;生态话语分析;系统功能视角;评价理论;,"生态话语分析能够反映语言和其他生态现象之间的关系,能够从意识上唤醒、引导和改变人类对环境和自然的认识。在当今社会,随着新闻媒体传播的不断深入,新闻报道不仅发挥着传递信息等社会功能,还不断改变着人们的价值观念和生活方式。作为对系统功能语言学中人际功能的发展,评价理论对于揭示文本中隐藏的意识形态至关重要。本文拟在系统功能语言学的视角下,运用评价系统的子系统——态度系统对《卫报》关于美国退出《巴黎协定》的10篇新闻报道进行生态话语分析,旨在揭示西方主流媒体关于气候及环境的意识形态,从而进一步证明评价理论对于生态话语分析尤其是意识形态揭示方面的可操作性和实用性,呼吁人们建立恰当的、有益于生存的生态哲学思想。",北京第二外国语学院学报,2018-02-15,期刊,H315,33-45,13
64,汉语基本位移方式动词的显赫性及英译策略分析,姜淑珍;黎昌抱,浙江财经大学外国语学院,位移事件;方式凸显;基本方式动词;翻译策略;,"从位移方式表达的精细度和方式动词库存量来判断,汉语位移事件的方式凸显度较低。但是,与低方式凸显语言常常不编码位移方式不同,汉语语篇大量使用基本方式动词,这类词能产性强、语义涵盖面广。本文以《鹿鼎记》及其英译本为封闭语料,调查该书中基本方式动词""爬""的使用情况及英译策略,并进一步与英汉及英巴翻译的研究成果进行比较。统计数据表明,汉英译者大量使用补偿和增强策略,使位移方式表达更加细致,以迎合译入语高方式凸显的语篇风格。这与英汉翻译多采用部分和补偿策略,以及动词框架语译者在翻译英文语篇时多采用省略和部分策略形成鲜明对比。译者翻译方式动词时采用何种策略主要取决于译出语和译入语之间方式凸显度的差异。",北京第二外国语学院学报,2018-02-15,期刊,H315.9,65-78,14
65,《北京第二外国语学院学报》2018年新年贺词,,北京第二外国语学院学报,O,"<正>《二外学报》的读者、作者、学界同仁和朋友们:新年辞旧岁,红梅报春来。卓尔不凡的2017年即将过去,令人期待的2018年正向我们走来。在2018元旦佳节到来之际,我们二外学报编辑部全体人员向一直以来关心支持我们学报发展的各级领导、读者、作者、审稿专家和学界同仁致以新年的问候,祝大家在新的一年里事业腾达、家庭幸福、身体安康、万事顺意!",北京第二外国语学院学报,2018-02-15,期刊,+,129,1
