1,认知词典学理论背景与研究框架——兼谈奥斯特曼的《认知词典学》,章宜华,广东外语外贸大学词典学研究中心国家语委汉语辞书研究中心,认知词典学;意义驱动多维释义;认知语言学;框架语义学;概念隐喻;,"认知语言学的兴起使语言的解释从""板块""分割转向系统整合,从规则驱动转向意义驱动;而认知词典学也随之不断孕育、发展并成熟起来,成为词典学未来的发展方向。文章结合西方国家的相关研究,从认知词典学的理论基础、认知词典学的理论方法和认知词典学的理论实践等几个方面阐释了认知词典学的理论框架,指出了中西方研究的特点和存在的差异,以期为认知词典学系统理论框架的构建抛砖引玉。",辞书研究,2018-11-25,期刊,H06,1-9+93,10
2,《辞海》网络版注音工作研讨会在京召开,,O,O,"<正>2018年9月7日,""《辞海》网络版注音工作研讨会""在中国社会科学院语言研究所举行。来自多所高校、科研院所、出版社等业界专家30余人参加了会议。《辞海》是一部古今兼收、语词与百科兼顾的大型综合性词典,2019年将推出的网络版,要对全部约14万个词目按照汉语拼音正词法基本规则注音。会议一致认为,这是一项",辞书研究,2018-11-25,期刊,H16,9,1
3,“兴往之气”间诂——兼论专书词典的收词释义,蒋信,西南科技大学文艺学院,世说新语;词典;兴往之气;,"《世说新语·品藻》""殊足顿兴往之气""一语,从来人言人殊,未得正解。张万起的《世说新语词典》收""兴往"",然而训释未安,张永言等的《世说新语辞典》则失收。近年来,众多的或译或注《世说新语》的著作皆无一中的。文章植根词义,进而结合袁宏、王献之、郗超的身世、交往、生平及当时的社会风气进行研究,认为这句话的意思是:""(吏部郎这个职位)很能摧挫他凡事率意轻行的狂气。""因而""兴往之气""当释作""率性而为;率意行事而无所顾忌的作风""。从此例可见,词典特别是专书词典的释义,诠释一词的结论,往往需要经过千淘万漉、吹沙见金的过程。",辞书研究,2018-11-25,期刊,H109.2,18-23+32,7
4,语言安全的内涵、特征及评价指标,方小兵,南京晓庄学院外国语学院南京大学中国语言战略研究中心,语言安全;文化安全;语言冲突;非传统安全;评价指标;,"语言安全是一个本土术语,整合了西方语言规划学界关于语言濒危、语言冲突、国家语言安全等方面的内容。文章从语言自身安全、语言关系安全、语言应用安全三个方面讨论了这一概念的内涵,认为语言安全具有普遍性、内嵌性、持久性、外溢性和动态性五个特征,应该从语言濒危程度、语言关系和谐度、语言服务能力三个方面对语言安全状况进行评估。",辞书研究,2018-11-25,期刊,H002,33-41+94,10
5,语言与国家安全的多维度思考,盛静,国际关系学院,语言;国家安全;话语;身份认同;情感识别;,"十九大后,""国家安全""成为当前研究的热点。语言战略作为维护国家安全的重要组成部分与国家总体安全观不可分割。通过话语理论和以数据库为代表的定量研究之间结合的案例可以看出语言与世界政治研究结合的可操作性,同时也可看出海外对于中国问题的关注点,以及他国是如何针对中国的热点问题,形成和建构中国形象的。以民族志和案例分析为代表的定性研究方法,则有助于分析话语在其在地化过程中对于主体的国家和文化等多种身份认同产生的影响,有助于更深入地挖掘和描摹语言与身份认同之间形成的关系。深度学习和神经元理论下的情绪情感识别的结合,则在语言科技维度延伸了国家安全领域的视角,对未来国家安全事件的预判起到积极的作用。",辞书研究,2018-11-25,期刊,H002,42-49+94,9
6,基于国家安全的中国语言规划——“国家安全中的语言战略”高峰论坛会议综述,于东兴,国家语言文字政策研究中心遵义医科大学外国语学院,O,"<正>2017年12月29日至30日,由上海市教育科学研究院主办,国家语言文字工作委员会科研机构国家语言文字政策研究中心承办的""国家安全中的语言战略""高峰论坛在上海举行。本次高峰论坛是中国语言学界2017年的一场高级别、大规模的压轴性学术盛会。本次论坛受到广泛关注,30多位学者在论坛上发表了主旨演讲,包括语言学界德高望重的老专家胡壮麟、陆俭明和戴庆厦;知名学者、领军人才:文秋芳、苏新春、赵世举、刁晏",辞书研究,2018-11-25,期刊,H002,50-56,7
7,一部特色鲜明功力独到的扩展型专书词典——《〈金瓶梅词话〉〈醒世姻缘传〉〈聊斋俚曲集〉语言词典》评介,周志锋,宁波大学科学技术学院,《〈金瓶梅词话〉〈醒世姻缘传〉〈聊斋俚曲集〉语言词典》;特色;成就;,"《〈金瓶梅词话〉〈醒世姻缘传〉〈聊斋俚曲集〉语言词典》突破了以往专书词典的编写模式,开创了多书语言词典的先例;重点收录口语词汇和""熟词生义"",收词丰富而有特色;注重利用方言佐证词义,释义准确,多有发明。文章也指出了其中的一些小问题。",辞书研究,2018-11-25,期刊,H134,57-64+94,9
8,近代汉语词汇研究的又一重要成果——简评《〈金瓶梅词话〉〈醒世姻缘传〉〈聊斋俚曲集〉语言词典》,仇志群,聊城大学文学院鲁东大学汉语辞书研究中心,近代汉语;词典;山东方言;参互考寻;,"考察近代汉语一个阶段的词汇面貌是汉语史研究工作中一个不可或缺的环节。通过编纂专书词典或断代词典,可以使近代汉语词汇研究的成果得到集中的反映,有助于获得对近代汉语词汇从局部到整体的系统认识。如果把产生于同一历史时期且又大致出于同一区域的几种文献汇集在一起,参互考寻,就能更清晰准确地显示出这一时期的词汇面貌。上海辞书出版社推出徐复岭编著的《〈金瓶梅词话〉〈醒世姻缘传〉〈聊斋俚曲集〉语言词典》正适应了近代汉语研究的这一需求,是近年来近代汉语词汇研究和辞书编纂的一项值得关注的成果。本文从近代汉语词汇研究和词典编纂角度,对该词典做出评介,分析介绍了该词典的特点,也对词典编纂中反映出的某些问题提出商榷意见。",辞书研究,2018-11-25,期刊,H134,65-72,8
9,“旧读”浅议,孙可,外语教学与研究出版社,O,"<正>一、""旧读""界说(一)旧读的三个要素目前所见最早较为完整给出""旧读""定义的,当推《王力古汉语字典》(以下简称《王力古汉语》)的凡例:""旧读指旧有的读音,一般符合反切演变规律,有历史根据,但与现代普通话的实际读音不合"";""又本有两音两义,今音合流,其中一音为旧读""。",辞书研究,2018-11-25,期刊,H16,73-83,11
10,“庵”字义补,马丽,浙江外国语学院中国语言文化学院,O,"<正>一说到""庵"",我们就会想到""尼姑庵"",女性佛教徒出家修行的地方。《汉语大字典》释为:""僧尼奉佛的小寺庙。""《汉语大词典》释为:""寺院。多指尼姑所居。""但在汉语史上,""庵""与道教也息息相关。如:(1)豫章曾有一刘道人,尝居一山顶结菴。(宋《朱子语类》卷三)(2)即出道家冠服一袭以示,曰:""妾之",辞书研究,2018-11-25,期刊,H134,84-88,5
11,《辞书研究》2018年第1—6期(总第223—228期)篇目索引,,O,O,O,辞书研究,2018-11-25,期刊,Z89,89-92,4
12,中华谚语辞书编纂的回顾与展望,宗慧坚,内蒙古大学文学与新闻传播学院,谚语;辞书;编纂;综述;,"谚语是中华多民族语言文化的结晶。1949年以来,中华多民族谚语辞书的编纂取得了丰硕成果,但也存在些许不足。文章试对中华多民族谚语辞书的编纂进行回顾与展望,以期为此项工作进行总结并提供合理建议。",辞书研究,2018-11-25,期刊,H136.3,10-17+93,9
13,对时下英语词典的选择和使用情况调查——以英语专业学生为例,范柯,上海杉达学院,词典使用;定量分析;英语专业;差异性;,"词典是外语学习者在学习外语时最重要的工具书之一。为了了解现今不同阶段的英语专业学习者的词典使用情况,文章采用问卷调查的研究方法,就词典的选择、使用目的、使用策略对不同学习阶段的212名英语专业方向学生(本科生和研究生)进行了定量考察。通过对比发现,各阶段英语专业学生在词典使用上存在差异,而各组的词典选择大致趋同。文章简要分析了形成这一结果的原因,希望对词典编纂者、英语教师及英语学习者对词典的编纂、推荐及选择有一定的参考。",辞书研究,2018-11-25,期刊,H319.3,24-32+93,10
14,《新华字典》复音词合注研究,付娜,中国社会科学院语言研究所,字典;新华字典;合注;同义词;异形词;,"合注指两个或两个以上的词形并列出条,共用一条注释。文章考察了《新华字典》合注的86组词语,有同义词、异形词和类义词三种情况,着重分析了数量占绝大多数的同义词和异形词,对合注体例的适切性提出了意见,并提出了修订方案。文章还讨论了《新华字典》合注与古代字书同训的区别。",辞书研究,2018-09-17,期刊,H13,11-16+93,7
15,《现代汉语词典》第7版相较第6版新增词语研究,王利;张珊,长治学院方言研究所,《现代汉语词典》第7版;新增词语;研究;,"《现代汉语词典》第7版与第6版相比,共新增词语478个。新增词语的收录涵盖了社会生活的诸多方面,体现了《现代汉语词典》收词的规范性和系统性,但新增词语中还存在着一些局限性,比如生僻词收录范围过宽、俗谚语收录标准有些模糊等。",辞书研究,2018-09-17,期刊,H164,17-21,5
16,《辞海》释文准确性刍议,王圣良,上海辞书出版社,辞海;修订;释文;全面;完善;精确;与时俱进;,"《辞海》因参与修订者众多,体例繁杂,需要编辑做好修订深加工。文章从全面性、完善性、精确性和与时俱进的角度,对释文准确性问题进行了举例分析,并提出了要求,以期使《辞海》释文更具准确性,经得起时代和读者的检验。",辞书研究,2018-09-17,期刊,H16,72-78,7
17,论“吐蕃”的辞书注音——兼与朱宏一先生商榷,南小民;张华娜;张照涵,西藏大学文学院汉语文系西藏警官高等专科学校法律系,O,"<正>一、分歧""吐蕃""一词的读音分歧在学界持续已久,对立的观点涉及吐蕃的语源、吐蕃读音依据、吐蕃词语性质等方面,主要表现为对以下几个焦点问题的探讨:(一)""吐蕃""读音的语源依据是什么?姚薇元(1944)据《新唐书·吐蕃传》""吐蕃有發羌、唐旄等……蕃、發声近,故其子孙曰吐蕃""的说法,强调""蕃字与發字古音同读若‘撥(拨)’,正与藏人自称其族为bod对音""(按:bod是藏文■的拉丁转写,",辞书研究,2018-09-17,期刊,H11,79-88,10
18,《近代汉语词典》“以里”商诂,余义兵,华东师范大学中文系,O,"<正>《近代汉语词典》(以下简称《近汉》)是在近代汉语词汇方面的最新研究成果,""收词5万余条,总字数逾900万字,超过了以往同类词典""(江蓝生2017),是""汉语词汇研究史上的里程碑""(芮东莉等2017)。《近汉》收录了""以里""一词,其释义和举例如下[1]:以里yǐlǐ在一定的时间界限内。元佚名《风雨像》一折:""一个月～,我便嫁你;一个月以外,我便嫁别人。""明张翰《松窗梦语》卷八:""余尝题准令各衙门堂上官将所属六",辞书研究,2018-09-17,期刊,H134,88-92,5
19,规定·描写·宣示——词典编纂三原则阐释,张相明,广东财经大学,规定;描写;宣示;词典学;原则;,"传统词典学认为,规定和描写是词典编纂的两个指导原则。规定性词典注重体现语言的规范性,而描写性词典强调呈现语言的客观性。21世纪以来,宣示法因融合了规定法和描写法的优点,规避了两者的局限性,而受到国外词典学界的关注。文章对词典编纂的这三个原则的历史发展和典型特点逐一进行概要性阐述,重点探讨宣示法的产生、发展和应用,再分析如何对这三个原则进行综合应用,以期对国内的词典学理论研究和词典编纂实践带来有益启示。",辞书研究,2018-09-17,期刊,H316,1-10+93,11
20,《牛津高阶英语词典》第9版中Wordfinder栏的研究,郑飞;夏立新,广东外语外贸大学词典学研究中心,Wordfinder;词语联想;语义场;学习型词典;,"《牛津高阶英语词典》第9版新增了Wordfinder一栏,它主要收集与词目词相关的词,来帮助用户通过概念或联想查找需要的词,Wordfinder中的词和词目词组成了语义场。文章结合语义场理论和词汇联想理论,阐释了《牛津高阶英语词典》第9版增加Wordfinder栏的原因和动机,并收集该词典中所有的Wordfinder栏信息,将其分成聚合联想Wordfinder栏和组合联想Wordfinder栏,再分别从Wordfinder栏的结构设置和内容设置做出评价与建议。",辞书研究,2018-09-17,期刊,H316,22-30+93,10
21,《牛津高阶英语词典》第9版“日常表达”栏的设置研究,刘燕;夏立新,广东外语外贸大学词典学研究中心,《牛津高阶英语词典》第9版;日常表达栏;程式语;词典学;,"《牛津高阶英语词典》第9版增设了收录程式语的""日常表达""栏。文章首先回顾了程式语的定义、分类及与二语习得的关系。然后,将专栏中的所有程式语进行了收集和基于形式和功能的分类,在此基础上对""日常表达""栏的特点进行分析概括。一方面,专栏的设置有四大特色,另一方面,也存在着四个不足。最后,文章针对专栏的不足提出了整体性的改进建议。",辞书研究,2018-09-17,期刊,H316,31-39+94,10
22,古典拉丁语辞书编纂史述略:从西方到中国,黄瑞成,重庆大学人文社会科学高等研究院,古典拉丁语辞书;编纂史;西方;中国;,"西方的古典拉丁语辞书编纂始于古罗马,成就了古罗马三大拉丁语辞书,对于古罗马文教传统的形成具有重大意义,也深刻影响了西方中世纪,甚至为文艺复兴埋下了伏笔。近代以降,西方的古典拉丁语辞书编纂规模更为庞大,成就了几大双语拉丁语辞书。中国的拉丁语辞书编纂始于明清两代,由天主教传教士编写的各种拉丁语汉语乃至多语词典多达50种以上,可视为西方拉丁语辞书编纂在中国的延续。1949年以后,自然科学学者编纂出版了大量拉丁语汉语专科辞书,成就了几种重要的大中小型汉语拉丁语或拉丁语汉语辞书。编纂中的《古典拉丁语汉语大辞典》,将是一部词目收录宏富、语义系统完备、文献辑录广泛、校勘精准详实的多学科综合性大型古典拉丁语汉语辞书。",辞书研究,2018-09-17,期刊,H771,40-50+94,12
23,意大利来华方济会士康和子的《拉意汉词典》(1732),李慧,北京外国语大学欧洲语言文化学院,康和子;拉意汉词典;方济会士;外汉词典;拉汉词典;,"意大利方济会士康和子(Carlo Orazi da Castorano,1673—1755)由传信部派出,于1700年来华,在山东临清和北京海淀地区传教,后于1734年返回罗马,力劝教廷禁止""中国礼仪""。康和子还是当时公认的精通中国语言文化的传教士,留下大量关于汉语、汉籍方面的著述。1732年,康和子完成千页《拉意汉词典》手稿,现存两部稿本藏于梵蒂冈图书馆,后有五部抄本传入英国。在16到18世纪中期传教士汉外词典之中,康和子词典规模最大、内容最丰富、抄本最多、质量上乘,是一部中西语言、知识、思想交汇的语料库,也是百年传教士汉学发展积累之成果。",辞书研究,2018-09-17,期刊,H771,51-62+94,13
24,短语的词典学意义及基于语料库的拉丁语短语提取研究,李德俊;杨晓冬,国防科技大学国际关系学院,短语;统计;词语共现;语料库;,"语料库语言学视野下的短语指的是具有统计意义和独立语义的词语共现。因为它同时具有使用频率高、无歧义和模块化3个特征,因而是表义的基本单位。短语在言语交际中发挥着最为重要的作用,它体现了词汇和结构的共选。短语的收录和处理与词典的交际效率成正相关。短语的识别主要是基于统计值的自动识别,目前的多种统计识别算法虽有一些缺陷,但在语料库规模合适的情况下,都能对短语进行有效识别,其中MI值和Z值识别效度较好,综合使用能取得最佳效果。",辞书研究,2018-09-17,期刊,H771,63-71,9
25,论“语”“词”不当分立,刘静静,上海外国语大学国际文化交流学院,词汇学;语汇学;语词的分与合;,"温端政先生提出""语词分立"",倡立""语汇学""""语典学""学科,这对于促进""语""的研究不无意义。然其目前的理据性、必要性、合理性及可行性等均存疑,当前""分立""是否真正于学术研究、学科建设等有益,需要考虑。文章从学术史及学术研究应有的路径等角度再论语词的分合问题,指出:当前""语""的问题,仍可放归到词汇学框架内去探讨、完善,继而展开系列性研究,这可能要比""论分不分立""本身更有价值和意义。",辞书研究,2018-07-25,期刊,H13,11-22+93,13
26,在学科体系的宏大背景下论语词之当合不当分——以汉外、古今、方普为视角,赵越;周荐,南京师范大学国际文化教育学院澳门理工学院澳门语言文化研究中心,学科体系;汉外;古今;方普;系统;,"文章在学科体系之宏大背景下,以汉外、古今、方普为视角,考察词汇学研究对象及词汇单位所辖范围,继而运用系统论的八条基本原理,即系统之整体性、层级性、开放性、目的性、稳定性、突变性、自组织性、相似性等来考察现阶段的词汇系统,以此来论证语词之当合不当分,期冀深化对汉语词汇系统自身特征之认识,并引发学界在普通词汇学之更大范围内对语词之当合不当分做更深入的理论思考。",辞书研究,2018-07-25,期刊,H03,1-10+93,11
27,《现代汉语词典》模糊词语释义商榷,黎千驹;黎哲,湖北师范大学音乐学院湖北师范大学物电学院,现代汉语词典;模糊词语;释义;,"《现代汉语词典》在最初编写时,模糊理论尚未诞生,编写人员对词义所具有的模糊性也就缺乏深刻的认知,对模糊词语的释义也就缺乏明确的理论和方法。这就使得该词典在模糊词语的释义方面不可避免地存在着某些可商之处。文章对该词典中有关模糊词语的释义进行考察和分析,发现问题并提出商榷意见,且在此基础上总结其在模糊词语释义方面的得失,探寻出模糊词语释义科学而有效的方法,从而确保模糊词语释义的准确性,以便进一步提高语文辞书的质量。文章的创新点主要在于:首次将模糊语言学的理论和方法引入到辞书学研究领域,来对现代汉语中的模糊词语的释义问题进行研究;文章对模糊词语的释义成果,既具有原创性,又具有实用性,它可纠正语文辞书中长期以来所存在的一些问题,也可直接运用于语文辞书之中,这对于语文词典的编纂与修订工作具有一定的指导意义。",辞书研究,2018-07-25,期刊,H164,23-31+93-94,11
28,“阴湿”当收,孔见;景迅,O,O,"<正>""阴湿""一词《现代汉语词典》(以下简称《现汉》)一直未收,但此词并非新词,现在亦有一定的使用频率,例如在报刊上就出现过:向阳花木早逢春,而苔却生于不见阳光的阴湿獉獉之地……(《报刊文摘》2018.2.28)而早在20世纪40年代就有一首歌曲叫作《阴湿的地方需要太阳》:阴湿獉獉的地方需要太阳,苦难的中国需要共产党;",辞书研究,2018-07-25,期刊,H136,31,1
29,绰号异称类辞书编纂中的问题——以《绰号异称辞典》与《古人混号辞典》为例,梅强,南开大学文学院,绰号异称;《绰号异称辞典》;《古人混号辞典》;词目;释义;,"绰号异称具有重要的史料价值和语言价值,绰号异称辞典的编纂是一项极有意义的工作。《绰号异称辞典》与《古人混号辞典》是迄今为止较为完备的绰号异称类专科辞典,在词目和释义方面有不少可贵的尝试,但同时也存在不少疏漏,比较典型地体现了同类辞书存在的问题。我们应当结合两书优点,规避两书疏漏,从而为编纂一部更为理想的绰号异称辞典提供借鉴。",辞书研究,2018-07-25,期刊,H164,50-57,8
30,外向型汉语学习词典的释义用词,蔡永强,中国人民大学文学院对外汉语教学中心The UCD Confucius Institute for Ireland,外向型;汉语学习词典;“内汉”痕迹;释义;释义用词;,"查找释义是词典用户使用词典的优先选项。当前外向型汉语学习词典释义的""内汉""痕迹严重影响了学习者对词项意义的理解,释义过程中过度使用释义用词加大了学习者的理解难度。借鉴外向型英语学习词典的编纂经验,界定和限定释义用词是简化释义、优化释义并最终提高释义质量的重要手段。",辞书研究,2018-07-25,期刊,H164;H316,58-68,11
31,"禅谚“快马一鞭,快人一言”解",付建荣,内蒙古大学文学与新闻传播学院,O,"<正>禅谚""快马一鞭,快人一言"",又倒言作""快人一言,快马一鞭"",最早见于禅宗灯录。清翟灏《通俗编》卷二八考其源头云:""《传灯录》南源道明上堂语。""《传灯录》指北宋景德元年(1004)道原所编的《景德传灯录》,该书卷六""袁州南源道明禅师""条:""上堂云:‘快马一鞭,快人一言。有事何不出头来,无事各自珍重!’便下堂。有僧问:‘一言作么生?’师乃吐舌云:‘待我有广长舌相,即向汝道。’""《五灯会元》卷三""南源道明禅师""条同。",辞书研究,2018-07-25,期刊,H136.4,87-92,6
32,《现代汉语词典》第7版自指、偏自指用法处理策略研究,杨旭,复旦大学中文系,自指;转指;兼类;处理策略;《现代汉语词典》第7版;,"自指和转指并非排除性的对立关系,而是一种包含性对立关系。转指可细分为典型转指、自指和偏自指三种类型,其中偏自指处于自指和典型转指中间地带,是由于认知区分""过程""和""结果""或""内容""困难而造成的;后两者可称为""广义自指""。《现代汉语词典》第7版针对自指用法的处理策略是系统删除,主要动因是固守""兼类要尽可能少""的原则;但针对""偏自指用法""却出现了""横向处理不一""""纵向变动不一""和""微观结构不一""的矛盾处理,原因在于固守""自指""和""转指""的二元划分,且偏自指用法具有模糊性。",辞书研究,2018-07-25,期刊,H164,32-38+94,8
33,汉语音节语素化探析——兼论《现代汉语词典》中语素义的入典问题,支玲,北京师范大学文学院,语素;语素化;音译成分;语义泛化;语素义入典;,"文章从有音译成分的复合词入手,从复合词中提取出音译外来语素,发现部分音译成分已经具备了汉语语素的特点。我们发现,不同的音译成分语素化的程度不同,专有名词性成分可依据其原式的活跃程度来判断,普通名词性成分的主要鉴别标准是构词量的多少,动词性成分和量词的鉴别标准则是使用频率的高低。有些音译成分随着使用频率的增高,语素义会发生泛化或增加新的义项。音译成分语素化使得汉语中的同音同形问题更加突出,同时增加新造汉字。",辞书研究,2018-07-25,期刊,H164,39-49+94,12
34,雷浚《说文外编》述论,陈正正,北京师范大学,《说文外编》;字际关系;字书收字;经典用字;,"清雷浚《说文外编》是一部补充《说文》收字,沟通字书收字与文献用字的重要字书。雷氏广泛搜集经典常用而《说文》未收之字,考察了其与《说文》收字的渊源演变关系。雷氏汇集的材料可以让我们观察东汉以后汉字分化孳乳的历史和事实,有助于我们考察文献用字的现象与特点。黄侃先生《说文外编笺识》即体现了对此书的肯定。此书在文字整理、汉字发展史上都有不俗的观点,《说文外编》及其类字书在《说文》学史上的作用与价值应该加以重视。",辞书研究,2018-07-25,期刊,H161,69-76,8
35,“心子”与“芯子”,张熙昌,北京语言大学汉语进修学院,O,"<正>先让我们来看下面的几个例子:（1）像是剥笋一样,一层一层地剥,最后剥到心子獉獉。[1]（2）我的菜剥得只剩下芯子獉獉了,蛮嫩,价格肯定高些啊。（人民网搜索平台RMW,以下简称""RMW""）（3）从碗柜里取出装有汤圆心子獉獉的碗。（RMW）（4）汤圆芯子獉獉是把新鲜的瘦猪肉搅碎,再配上盐和味精搅拌。（RMW）""心子""与""芯（xīn）子[2]""在前两例中均表示笋或菜的中心部分,后两例均表示汤圆的馅儿。二者读音与词义相同,词形",辞书研究,2018-07-25,期刊,H136,77-86,10
36,三论语词分立,温端政,山西省社会科学院,三论;语词;分立;,"文章结合某些学者的误解,阐述""语词分立""说提出的理由;阐述""语词分立""说与""语词合一""说的关系,说明建立具有汉语特色的""语词学""的可能性和必要性;阐述汉语语汇学及其理论体系建立的学理依据和相对独立性。",辞书研究,2018-05-24,期刊,H146,9-15+93,8
37,谈词典收“语”问题,晁继周,中国社会科学院语言研究所,词典;语典;熟语;成语;惯用语;谚语;歇后语;习见常用;语的思想性;,"词典收录一部分熟语既符合学理,也是读者使用词典的需要。词典收""语""在范围、数量和释义、例证的要求上与语典都有区别。收入词典的熟语一般具有形式短小、能直接嵌入语句这样两个条件,符合这两个条件的主要是成语、惯用语和一部分短小精辟的谚语。收录熟语必须注意思想内容,违反科学和正义、粗俗不雅、含有对某些人群歧视内容的熟语不宜收录。",辞书研究,2018-05-24,期刊,H164,16-18,3
38,综合性语典收条立目问题刍议,陈玉庆,商务印书馆,语典;立目;语料;变体;关联性;系统性;,"文章以《语海》和《新华语典》为例,分析综合性语典在收条立目方面存在的问题。认为在收录对象上,应严格区分""语""和""词""""自由词组"";在收录成语、惯用语、歇后语、谚语的基础上,收录部分格言、名言是可取的,但应处理好收录原则和类别划分的问题;应更多关注新语汇。在立目方面,应通过语料分析确定条目的取舍,以语言中原有形式立目,不凭空创造,也要避免顾此失彼;对于结构、形式或语义相同、相近的条目,应注意辨别它们之间的关系;条目变体立为副条,需要有科学、规范、明确的立目标准,语境变体和临时仿造的""语""不宜立目。在条目编排组织上应关注语目之间的联系,体现""语""的关联性和系统性。",辞书研究,2018-05-24,期刊,H136,19-28+53+93-94,13
39,《语海》惯用语立目问题琐议,李淑珍,山西省社会科学院语言研究所,惯用语;自由词组;凝固性;双层语义;习用性;,"汉语语汇学认为,惯用语是由词和词组成的、结构相对固定的、非""二二相承""的叙述性语言单位,其语义具有描述性、抽象性和惯用性等特点。在编写相关辞书时,也应紧扣惯用语的性质和定义来立目,特别是惯用语结构的相对固定性;语义的完整性、独立性和凝固性;语用上的习用性,这些都是判断一个词组是否为惯用语的重要依据。",辞书研究,2018-05-24,期刊,H136.4,29-35,7
40,《新华语典》词语释义商榷,王小郴,中央民族大学文学与新闻传播学院,《新华语典》;释义;准确;同场同模式;,"释义是辞书的重要环节,释义质量的高低,直接决定辞书质量的高低。文章通过对《新华语典》的释义考察发现其存在三个问题:1.词语释义不够准确贴切;2.词语释义不够简明易懂;3.同类词语释义模式不同。语典作为语文辞书的一个特殊品种,应遵循一般语文辞书的传统释义原则,以及释义的整体性原则和元语言原则。",辞书研究,2018-05-24,期刊,H136,36-44,9
41,《语录解》札记,汪维辉,浙江大学汉语史研究中心,《语录解》;释义;字形;注音;体例;近代汉语;,"《语录解》是朝鲜时代朝鲜儒学家编纂的词语汇解书,主要收录并解释朱熹语录、二程语录中的口语词,是研究近代汉语词汇的有用资料,而此书的研究在中国还是空白。文章是研读《语录解》的初步札记,从释义、字形、注音、体例、疑难问题五个方面讨论了书中的一些问题。",辞书研究,2018-05-24,期刊,H109.3,54-72,19
42,说“约薄”,魏启君,云南财经大学传媒学院,O,"<正>白维国先生的《白话小说语言词典》收录词条""约薄"",释为""刻薄"",引《绿野仙踪》第七十一回:""好约薄话儿,笑话我们内官不识字,你自试试瞧。""2015年出版的由他主编的《近代汉语词典》可谓近代汉语词汇研究的集大成之作,影响深远,但""约薄""释义仍之。《宋元明清百部小说语词大辞典》释义、书证与其均同。《中文大辞典》《汉语大词典》等大型辞书均未见收录该词。",辞书研究,2018-05-24,期刊,H134,77-78,2
43,《敦煌俗字研究》第二版,张涌泉,O,O,"<正>携""飞天""之神韵集敦煌俗字研究之大成荟萃前沿研究,助力文献解读,全文激光照排,版式舒朗雅致。一卷在手,值得拥有。本书是我国重要的系统研究敦煌俗字的专著,也是已故语言学家郭在贻教授提出的敦煌语言文字研究中著名的""敦煌三书""的重要组成部分。",辞书研究,2018-05-24,期刊,H124.3,95,1
44,《世界文字发展史》第三版,周有光,O,O,"<正>全世界众多的文字,是杂乱无章的一盘散沙,还是一个有规律的系统?是各自变化,还是有发展的共同规律?本书是语言学家、文字改革活动家周有光教授的三大学术著作之一。作者用简练明白的语言,条分缕析,对纷繁复杂的世界文字发展系统做了梳理,仿佛对世界文字发展的轨",辞书研究,2018-05-24,期刊,H02,95,1
45,“团聚”与“团圆”的多角度辨析,刘光洁,重庆大学国际学院,O,"<正>一、引言《现代汉语词典》(以下简称《现汉》)第7版对""团聚""和""团圆""的解说是:团聚动(1)相聚(多指亲人分别后再相聚):夫妻～|全家～。(2)团结聚集:组织和～千千万万民众。团圆(1)动(夫妻、父子等)散而复聚:骨肉～|全家～。(2)形圆形的:这个人～脸,大眼睛。《现代汉语规范词典》(以下简称《规范》)第3版对两词的解说是:",辞书研究,2018-05-24,期刊,H136,79-83,5
46,《汉语大字典》“音义未详”字考释(之一),何茂活,河西学院文学院/汉语言文字研究所,O,"<正>《汉语大字典》第二版在部分字头下标明""音义未详"",据统计有139例。这些字有的出自古代字书,古注即为""音未详""""音无考""或""音义未详"",有的出自其他典籍、石刻,且往往只有一处例证。它们大多是某一通用字的异体或讹写。这里试选八例予以考析,以供字典修订者参考,并为相关文献的阅读利用提供点滴帮助。",辞书研究,2018-05-24,期刊,H163,83-92,10
47,关于减少英语学习型词典中图文认知负荷方法的研究,陈笑芳;许智坚,龙岩学院外国语学院,英语学习型词典;图文;认知负荷;方法;,"文章探讨基于多媒体学习认知理论的大脑工作机制,并以主流英语学习型词典《牛津高阶英汉双解词典》《麦克米伦高阶英汉双解词典》和《朗文当代英语辞典》中的图文为例,研究词典图文的5种认知超载类型,对每种超载类型提出了相应减少认知负荷的建议。",辞书研究,2018-05-24,期刊,H316,45-53+94,10
48,新型汉英构式学习词典的编纂——《汉英形容词构式学习词典编纂体系构建》评介,冯永芳;徐海,广东外语外贸大学外国语言学及应用语言学研究中心,汉英形容词构式;学习词典;构式语法;,"《汉英形容词构式学习词典编纂体系构建》一书是近年来我国辞书学研究的又一力作。该书以构式语法理论为基本理论框架,从词典学本体论、英汉语言对比、语言习得和词典用户四个角度探讨新型汉英形容词构式学习词典编纂体系的构建,系统比较国内外权威学习词典对形容词句式的处理模式与结构。该书对新型构式学习词典的理论构建和编纂实践具有重要的参考价值。",辞书研究,2018-05-24,期刊,H316,73-76+94,5
49,百科全书与知识服务,龚莉,中国大百科全书出版社,百科全书;知识服务;《中国大百科全书》;网络百科全书;守正出新;,"为了与蓬勃发展的知识经济、丰富多彩的知识需求相适应,当今知识服务的规模、模态也发生了巨大的变化。就知识服务而言,百科全书有着与之最为契合的内在关联。在信息化、互联网高度发达的今天,现代化新型百科全书在知识服务方面可以大显身手。传统百科全书有必要加快网络化进程,围绕当今知识服务基本要点进行设计和编纂,守正出新,是胜出的关键。",辞书研究,2018-05-24,期刊,C913,1-8+93,9
50,“嗑瓜”考,张文冠,江苏师范大学语言科学与艺术学院,O,"<正>《汉语大词典》(以下简称《汉大》)""嗑1""下有一义项:嗑1(2)用牙齿对咬有壳的或硬的东西。明袁宏道《与耿中丞叔台》:""如排场嗑瓜,无益音节,大为发诨之资也。""巴金《春》一:""(淑华)抓了一把瓜子,捏在手里,慢慢地放在嘴边嗑着。""丁玲《母亲》三:""还有一些坐在一大间客房里,嗑瓜子,咬槟榔,不知是哪一家的女眷们。""按:袁宏道《与耿中丞叔台》例中的""嗑""字,《汉语大字典》(以下简称《大字典》)同样释作""用牙齿对咬有壳物或硬物""。从释义及其所引用的其他现代汉语的例句来看,《汉大》和《大字典》二书将",辞书研究,2018-03-20,期刊,H13,83-85,3
51,"新时代,新需求,新精彩——第十二届全国双语词典学学术研讨会暨第五届词典学与二语教学国际研讨会",夏立新,广东外语外贸大学词典学研究中心,O,"<正>2017年11月17日至11月19日,第十二届全国双语词典学学术研讨会暨第五届词典学与二语教学国际研讨会在天津市召开。本届会议由中国辞书学会双语词典专业委员会主办,河北工业大学外国语学院承办,商务印书馆、外语教学与研究出版社、上海外语教育出版社、上海译文出版社协办。来自中国大陆、中国台湾地区以及波兰、日本等30多所高校、科研机构和出版社的80余名专家学者参与了本次会议,大会收到论文60余篇。",辞书研究,2018-03-20,期刊,H06-2,89-92,4
52,“不+X”结构的极性特点及其词典立目分析——以《现代汉语词典》第7版为例,杜家利;于屏方,广东外语外贸大学语言工程与计算实验室南京大学外国语学院广东外语外贸大学中国语言文化学院,极性项;负极性项;“不+X”结构;结构义;,"现代汉语中的部分词汇表现出一定程度的极性敏感性,其中负极性项总是出现在否定语境中,通常形成""不+X""结构。在""不+X""结构的立目问题上,《现代汉语词典》共有三种情况:从""不+X""结构中析出""X""立目、""不+X""整体立目、""不+X""结构与""X""同时立目。文章认为,负极性项的极性程度有所不同,与否定前缀结合的紧密程度也有差异,其词汇化程度并不一致。在词典立目中,分属词汇层面的负极性项与语法层面的负极性项需要区别对待。",辞书研究,2018-03-20,期刊,H164,18-28+93-94,13
53,《新华字典》中异形词收录及使用情况分析,张永伟,中国社会科学院语言研究所,《新华字典》;异形词;不推荐词形;分层处理;《第一批异形词整理表》;,"《新华字典》以释字为根本,但也包含大量带注解的复音词。通常情况下,如果复音词是《第一批异形词整理表》不推荐的词形,《新华字典》会在左上角加*号,外加圆括号加以区分,有显性的标记。此外,《新华字典》中还有其他隐含形式的异形词。文章试图对《新华字典》中有标记的显性异形词及无标记的隐性异形词的收录情况进行分析,对释文中使用的不推荐词形进行分析,全面揭示《新华字典》中异形词收录及释文中不推荐词形使用的情况。在此基础上给出《新华字典》中异形词收录、使用的几点建议。文章采用的研究方法对处理其他字典的异形词也有一定的参考价值。",辞书研究,2018-03-20,期刊,H163,29-41+94,14
54,成语字面义在辞书释义中的呈现与隐含,王霞,中国社会科学院语言研究所,成语;字面义;实际义;意义双层性;辞书释义;,"字面义是成语双层性意义结构的一个重要方面,是成语意义形成和理解的基础。过去的研究囿于字面义容易望文生义,鲜有细致深入的研究。文章从成语意义的构成和认知入手,结合辞书编纂中对字面义的处理,详尽分析了辞书释义中影响成语字面义呈现与隐含的因素,重新审视字面义在成语意义理解中的作用,为辞书中成语字面义的设置以及成语教学提供参考。",辞书研究,2018-03-20,期刊,H164,42-49,8
55,“繻”字释义辨正,赵静莲,汕头大学文学院,O,"<正>《汉语大字典》(以下简称《大字典》)、《汉语大词典》(以下简称《汉大》)是目前我国比较权威的两部大型语文辞书,参考利用者众多。尤其是《大字典》已出版第二版,充分吸收了语言文字学成果,纠正了原版的许多错误,但仍遗留了一些问题。笔者日前查找""""字,发现《大字典》《汉大》对""""字的解释就有许多问题,其他辞书因为借鉴《大字典》《汉大》,在""""字释义上也存在类似问题。下面笔者主要以《大字典》为线索探讨""""字的释义问题,兼论《汉大》""""字的释义问题。",辞书研究,2018-03-20,期刊,H16,85-88,4
56,论电子词典的分类,王俊,上海外语教育出版社有限公司,电子词典;硬件类电子词典;软件类电子词典;词库;,"文章主要探讨电子词典的定义与分类,并针对各种不同类别的电子词典列举典型案例及其发展,试图厘清电子词典的概念及各种电子词典的现状,作为电子词典进一步研究的基础,供词典行业从业者包括作者、编辑、内容提供商、平台提供商、硬件生产商等参考。",辞书研究,2018-03-20,期刊,H061,50-56,7
57,“徐庆凯先生辞书学思想研讨会”在上海辞书出版社召开,李潇潇,O,O,"<正>徐庆凯先生因病于2017年10月23日逝世。徐庆凯先生是我国著名的辞书学家、词典编纂家,曾任上海辞书出版社副总编辑,从事编辑工作逾六十年,参加《辞海》编纂工作逾四十年,在辞书编纂理论及辞书学学科体系构建方面造诣颇深。为深入探讨徐庆凯先生辞书",辞书研究,2018-03-20,期刊,H16-2,56,1
58,框架语义学视阈下汉英词典中汉语文化局限词的译义研究——以“科举”词汇为例,马珊,陕西师范大学外国语学院,框架语义学;汉英词典;文化局限词;译义;科举;,"文章以Charles Fillmore的框架语义学为指导,以Frame Net为参照,分析汉英词典在翻译""科举""词汇方面存在的问题后提出,对汉语文化局限词进行译义,应首先提炼出其命题模型,定位其所处的认知语义框架,并根据核心框架元素明确该语词的最少释义要素,然后分析该语词的汉语文化特色义,描写核心框架元素中需要具体说明的方面,以及非核心框架元素中需要凸显的方面,对汉语文化局限词在目标语中进行语义重构,并在此基础上,克服汉英词典编排体例的影响,再现汉语文化局限词固有的语义网络。",辞书研究,2018-03-20,期刊,H316,57-67+94,12
59,英诺肯提乙《华俄字典》研究,葛松林,南开大学外国语学院俄语系,英诺肯提乙;《华俄字典》;学习词典;交际用语;,"1909年俄国北馆印字房刊印出版的英诺肯提乙《华俄字典》是俄国十月革命前出版的收词量最大的汉俄词典,其中收录了大量交际类白话俗语,突破了之前汉俄文语词典占据主流的局面。文章拟从汉学研究角度切入,对词典编纂的背景进行介绍;还将从词典学研究角度切入,对该词典的宏观架构和微观结构进行分析,并探讨其中蕴含的早期汉俄学习词典的优良词典学传统。",辞书研究,2018-03-20,期刊,H35,68-77,10
60,《〈牛津英语词典〉与众源编纂模式》评介,张艳,陕西师范大学外国语学院,《〈牛津英语词典〉与众源编纂模式》;众源方式;词典编纂;,"秦晓惠的《〈牛津英语词典〉与众源编纂模式》一书,在词典编纂、语料库的建立和翻译等方面都有一定启发意义,该书主要以《牛津英语词典》的编纂历史进程为主线,注重考究""众源方式""的源流,采用叙述评论相结合、纵向与横向相比较的方法,兼顾国内外研究,详细描述了""众源方式""的发展史。该书是探讨词典编纂技术革新方式的一部较全面、深入的著作,为推动国内词典编纂方式的发展提供了有力的技术支撑平台,也填补了国内基于""众源方式""的词典编纂发展中的空白。",辞书研究,2018-03-20,期刊,H316,78-82,5
61,《牛津英语词典》的传承与革新——读约翰·辛普森回忆录《词语侦探》,田兵,广东外语外贸大学词典学研究中心,《词语侦探》;《牛津英语词典》;回忆录;词典编纂;范式转型;,"在过往的百年间,英语经历了成为全球通用语的历史过程,也以前所未有的速度增添着新词新义,也更加直接地折射出人类知识的进步和发展。《牛津英语词典》最初的动议和设计就是为了描写、刻画英语的历史与现状。它的第一版主要是在维多利亚时期筹备和完成的,在完成后就面临着更新和修订的压力。约翰·辛普森于1976年跨出大学校门后为《牛津英语词典》工作近四十年,直到退休。他入职《牛津英语词典》编纂团队时,刚好赶上《牛津英语词典·补编》后两卷的编纂工作。他亲身经历和推动了第三版项目并担任该版词典首任主编二十年,一直致力于在继承传统和开拓创新之间保持平衡,实现了《牛津英语词典》编纂范式的转型,带领《牛津英语词典》以新的风貌进入21世纪。他的回忆录《词语侦探》具体生动地讲述了这四十年间发生在《牛津英语词典》和他本人身上的故事。",辞书研究,2018-03-20,期刊,H316,9-17+93,10
62,不列颠百科:从传统出版商向领先数字化学习供应商的转型之路,迈克尔·罗斯;张颖,不列颠百科全书公司英汉大词典编纂处,不列颠百科;工具书出版;数字化转型;,"文章回顾了不列颠百科从传统百科全书出版商向领先数字化学习供应商的转型之路,阐述了不列颠百科管理团队在转型过程中所遇到的困境和决策过程,以及如何抓住机遇,顺势而为,及时根据时代和技术的发展、消费者和市场需求的变动做出大胆探索和实践,这为我国大型工具书产品的出版运营转型提供了经验和方法,有很好的借鉴意义。",辞书研究,2018-03-20,期刊,G230.7,1-8+93,9
63,语义属性分析框架的构建及其在义位确立中的应用,尹洁,北京师范大学汉语文化学院,语义属性;框架;义位;多义词;,"义位是词义的基本单位。然而,如何在复杂多变、难以捉摸的词义系统中确立义位,使之具有客观性、科学性、准确性,却成为令人困惑的难题。文章运用""二分+多分""的义素分析法,针对义位的语义属性构建分析框架,切分出类义素、表义素、中心义素和关涉义素等成分,分层次、多角度展示义位的语义属性。通过分析不同要素的地位和作用,为确立义位提供依据,也使得义位的确立从过去纯经验的感性行为,走上具有一定学理指导的科学化道路。",辞书研究,2018-01-25,期刊,H13,23-33,11
64,《从生成词库论看名词的词典释义》补议——对尚简(2017)的回应,李强,上海大学中文系,回应;合成类;名词释义;,"文章对之前文章尚未交代清楚的问题进行补充说明,并对商榷文章进行回应。词义具有复杂性和不确定性特征,分析起来难免会出现意见不一的情况,但这并不意味着词义不可以、也不需要进行细致的切分和考察,在不确定中寻找确定乃是科学研究的必然路径和永恒动力。汉语合成类词语表现出多面性的语义特征,呈现出与之相对应的复杂的用法特点,如何对它们的词义进行准确的描写和刻画是一项有意义的研究,尤其对于机器语言处理和汉语作为第二语言的学习来说有重要的价值。",辞书研究,2018-01-25,期刊,H136,34-41+93-94,10
65,第六届全国汉语语汇学暨中华谚语研究学术研讨会纪要,安志伟,山西省社会科学院语言研究所,O,"<正>2017年8月18日至20日,第六届全国汉语语汇学暨中华谚语研究学术研讨会在甘肃天水召开。会议由山西省社会科学院、商务印书馆、上海辞书出版社、人民教育出版社、内蒙古大学和天水师范学院主办,天水师范学院文学与文化传播学院承办。来自全国各地的高校、科研机构和出版社的近120名代表参加了会议。8月19日上午的开幕式由上海辞书出版社语词编辑室副主任汪惠民主持,天水师范学院校长蔡文浩致欢迎辞,天水师范学院文学与文化传播学院院长郭昭第,商务印书馆汉语",辞书研究,2018-01-25,期刊,H13-2,80-86,7
66,语言类型学,刘丹青;曹瑞炯,O,O,"<正>分析西方语言类型学理论与不同语言实际,清晰描述语言类型学核心课题和主要贡献;阐释语言类型学所涉语言现象的等级序列、语序模型及其原则、语序共性等问题;系统介绍语言库藏类型学之内涵、创立背景及主要课题,开创性地提出建立语言类型学的分支——库藏类型学。书号:978-7-5475-1336-1 2017年12月定价:68元",辞书研究,2018-01-25,期刊,H0-0,96,1
67,《辞源》:通往传统文化的桥梁——第三版修订述略,何九盈;王宁;董琨,北京大学北京师范大学中国社会科学院语言研究所,O,"<正>《辞源》的性质、意义,要从传统文化说起。《辞源》沟通古今,是今人通往传统文化的桥梁。中国传统文化主要以古汉语(文言文)、汉字为载体,曾经有人指出:""八千年来的人类文明史中,学者们还未找到第二种文字能与我们的传统语文比。它替我们保留了十九世纪以前人类文明最丰富的纪录。它保留的总量超过人类文明史上所有其他文字所保留的总和。人类知识史上很多学科的‘第一部书’,都是用文言文、方块字写的。""(唐德刚",辞书研究,2018-01-25,期刊,H164,1-3,3
68,《辞源》第三版引书体例的编订,包诗林,商务印书馆汉语编辑中心,《辞源》第三版;辞书修订;引书体例;,"制订符合辞书特点的科学而实用的引书体例,是辞书编修的一项重要工作。文章梳理了百年《辞源》引书体例的历史概貌,介绍了《辞源》第三版引书体例编订的原则,提出了尚需进一步完善的问题。",辞书研究,2018-01-25,期刊,H164,16-22,7
69,“事件·物质”类名词的释义问题,邓双军;万艺玲,北京大学中文系,名词;事件义;隐含谓词;释义;,"现代汉语部分表事物的名词在组合中呈现出事件义,学界对词典该如何处理这类名词的释义有不同观点。文章认为""事件·物质""类名词的句法环境中有可能存在隐含谓词,事件义是由隐含谓词与""事件·物质""名词构成的及物述谓结构带来的,""事件·物质""类名词的事件义并不单独存在。时量词、动量词及时间方位词并不能构成识别""事件·物质""类名词事件义的辅助标记。我们认为,可以根据词条的使用频率对""事件·物质""类名词的词典释义给出一种可能的处理方案。",辞书研究,2018-01-25,期刊,H136,42-48,7
70,《辞源》第三版修订中语料查核选改的类型及标准——以辰集“曰部”修订实践为例,黄雪晴;万献初,武汉大学文学院古籍研究所,辞源;修订;书证;查核;标准;,"语料的查核是《辞源》第三版修订的重头工作,文章主要以辰集""曰部""的修订实践为例,针对查核中的书证索源、优选、纠误、增删、修改释义等五个方面展开讨论,探讨这些问题的类型及修订标准,以期对大型辞书的修订工作有一定的参考作用。",辞书研究,2018-01-25,期刊,H164,4-10+93,8
71,匡谬订正,,商务印书馆,《辞源》第三版;修订;书证;释义;,"《辞源》第三版在修订过程中,在审音、规范字形、核查和调整书证、审核释义、调整义项、考察源流、增补字头、增加和调整百科词目等方面都做了很多工作。其中,""纠错""始终是重点。文章主要从书证和释义两个方面介绍《辞源》第三版的修订情况。",精益求精,赵克勤,辞书研究,H164,11-15+93,6
72,“悦玩”释义辨正,周硕,复旦大学出土文献与古文字研究中心,O,"<正>《汉语大词典》(以下简称《汉大》)是当今一部权威性的大型辞书,其以""古今兼收、源流并重""为编纂原则,广泛收列各种词语、熟语、典故、成语等,可谓集古今汉语词汇之大成。然而其中若干词目释义亦偶有不确之处,本文对其中""悦玩""一词试做补苴,希望能为《汉大》的进一步修订提供参考。""悦玩""一词,《汉大》释义为""欣赏把玩"",引用了两条书证:",辞书研究,2018-01-25,期刊,H131,77-79,3
73,第十一届全国语文辞书学术研讨会综述,李雪,人民教育出版社,O,"<正>2017年9月9日—11日,第十一届全国语文辞书学术研讨会在江西井冈山市举行。本次会议由中国辞书学会语文辞书专业委员会主办,江西教育出版社、人民教育出版社承办,中国社会科学院语言研究所、商务印书馆、上海辞书出版社、语文出版社、外语教学与研究出版社协办。来自全国各地的60余位专家、学者参加了会议,共提交论文52篇。",辞书研究,2018-01-25,期刊,H16-2,87-92,6
74,用户视角下英语习语词典语法信息探析,黄锦鸿;邓小玲,厦门大学外文学院,英语习语词典;语法信息;用户视角;认知特点;认知需求;,"英语习语词典注重语法信息的处理有助于用户加深对习语的理解和使用。笔者采用比较的方法考查了六部英语习语词典的语法信息,发现这些词典语法信息的处理存在不足之处,用户如果仅查询其中一部词典,难以获知某个习语较为完整的语法信息。原因主要有三点:对用户范围的界定过于宽泛;对用户的认知需求不够明确;对用户的认知特点不够了解。文章认为习语词典处理语法信息应考虑用户因素,并提出在前页材料和微观结构中表征习语语法信息的具体做法,以期对完善习语词典语法信息处理有所裨益。",辞书研究,2018-01-25,期刊,H316,49-57+94,10
75,认知词典学理论构建与实践探索——《认知词典学:基于认知语义学理论的词典编纂新方法》评介,赵连振;耿云冬,中国药科大学外语系武汉大学外国语言文学学院,认知语义理论;认知词典学;学习词典;,"现代学习词典研究的明显趋势是认知学习词典,但是将认知语言学与词典本体结合的认知词典学理论框架尚未构建,认知原则指导下的系统词典编纂实践更显不足。专著《认知词典学:基于认知语义学理论的词典编纂新方法》是将认知语义学理论应用于认知词典学的理论构建以及英语学习词典编纂实践的有益探索。文章介绍了该书的主要内容,并简要评述了其研究特色及不足之处。",辞书研究,2018-01-25,期刊,H316,71-76,6
76,日本早期西欧对译辞书之先驱——葡和、和葡词典编纂始末与影响,李睿;王衍军,暨南大学华文学院奥胡斯大学,词典史;日本;葡和词典;和葡词典;,"最早诞生于日本的欧洲语言词典皆是葡萄牙语词典,它们为日本拉开了欧和、和欧词典编纂之大幕,是日本在大航海时代一个重要的文化现象。这一时期的葡语词典都具有对译词典的性质,这一传统也影响了后来相继诞生于日本的法语、荷兰语及英语双语词典。这些词典均为耶稣会士所编以服务其宗教目的,并率先采用罗马字来表记日语的假名与汉字,开词典中以罗马字表记日语之先河。这一时期的葡语词典不仅对日本早期双语词典的编纂贡献巨大,而且对日本十六七世纪的历史与文化也产生了较大的影响。",辞书研究,2018-01-25,期刊,H773,58-70+94,14
77,商務印書館,,O,O,"<正>创于1897专为中学师生编写了解古代文化常识提高文言阅读能力学生古代文化常识辞典(插图本)收录学习文言文所必知的古代文化常识。包括天文、历法、节日、礼俗、教育科举、宫室建筑、器物等20大类。释义简明,深入浅出,融知识性、趣味性于一体。例证丰富,多选自语文教材或古诗文名篇,突出古代文化韵味。配有插图和文化常识表格,直观呈现。",辞书研究,2018-01-25,期刊,G236,95,1
