1,古滇国青铜贮贝器造型艺术探究,刘利,云南民族大学,古滇国;贮贝器;造型艺术;,"以类型学的方法将云南古滇国的青铜贮贝器分为提桶形贮贝器、束腰筒状贮贝器、铜鼓(形)贮贝器三大类,并依据现有出土文物做造型艺术上的分析,试图总结不同时期贮贝器的特点,以期为读者提供较好的辨识方法。",创意设计源,2017-11-20,期刊,J526;K876.41,16-23,8
2,湘西土家织锦库压资源再生设计探索,王巍,湖南师范大学,湘西;土家织锦;库存积压;再设计;,"以文献搜集、实地考查、问卷调查的方法,对湘西土家织锦库压资源和消费者色彩偏好进行分析。通过对库压资源进行分类,运用余料拼贴、重叠补缀等手段对其进行再生设计,使其以兼具审美和实用功能的日常生活产品的方式重新投入市场进行销售,为库压资源的再生提供了理论基础。并通过建立在以市场为导向的土家织锦日常生活产品设计体系,将土家织锦库存资源转化为适应市场需求的产品,以解决湖南省西部龙山地区织锦传承人和织锦企业的库存积压问题。",创意设计源,2017-11-20,期刊,TS105.1,35-40,6
3,让工艺之美惊艳世界,姜鸣,《创意设计源》上海国盛(集团)有限公司,O,"<正>中国工艺美术是中国特有的文化财富,这是毋庸置疑的。作为中华民族文化精神与审美意识的物化呈现,她的内蕴和特质,有着极强的辨识度,至今仍惊艳世界。今天,人们对工艺之美抱有越来越多的挚爱与关切,即便面对""艺术设计""的现代建构,也愿意循着悠远的岁月长河去寻根探源。如此浩瀚博大的品类和样式,如此纷繁绚烂的材美与工巧,承载着旧梦沧桑,一个转身,便是百年,千年,如隔世的知己,余温犹在,甚至不用去寻找解读的方式。",创意设计源,2017-11-20,期刊,J52,2+1,2
4,开栏语,张朋川,苏州大学,O,"<正>中国人很早就已认识到工艺之美。《材美工巧,匠心独运》一文,详细分析了成书于东周时期的《考工记》中提出的""材有美,工有巧""的设计标准,并认为这是工艺之美的呈现方式。西汉帝国的巩固和强大,逐渐形成了以汉文化为主体的多元一体的中华文化,为不同区域、不同民族的工艺美术的交流创造了条件。《古滇国青铜贮贝器造型艺术探究》一文,以古滇国青铜器的代表器物贮贝器为例,用类型学的方法进行分类和分期,深入论析了三类贮贝器的不同功能,有助于我们认识西汉滇文化的地域文化及其风采。",创意设计源,2017-11-20,期刊,J52,4,1
5,"材美工巧,匠心独运——论工艺之美的呈现方式",姜坤鹏,中国艺术研究院,工艺美术;材质;工艺;构思;,"手工艺美术不仅具有物质性,也具有精神性,在创作的过程中必须借助一定的物质材料和技术,才能达到创作者的目的。材料是手工艺美术创作的物质媒介和载体,不但承载着实现手工艺品的功能,还传达着人的情感。因此,创作者在创作过程中需要求材美、树工巧,并融入巧妙的构思。",创意设计源,2017-11-20,期刊,J05,4-8,5
6,高昌王国时期维吾尔族设计思想的演变,周云,新疆艺术学院,高昌王国;维吾尔族;设计思想;演变;,"高昌王国时期是维吾尔族文化转型的关键时期。这一时期维吾尔族设计思想随着其生产生活方式的变革和先进物质文化的深刻影响发生了重要演变:由较为落后、单一的造物理念向综合、丰富与更具创造力的多元、复合型造物理念转变;由草原时期的实利至上、粗犷素简的造物思想向追求精致、细腻、华美转变。维吾尔族以民族成长为主线,手工艺体系的形成为目标的创新机制初步形成。",创意设计源,2017-11-20,期刊,J509.2,9-15,7
7,外来金属器及玻璃器对北朝釉陶艺术的影响,张卉,上海工艺美术职业学院,釉陶;北朝;外来;金属器;玻璃器;,"通过分析北朝釉陶在造型和装饰方面的特点,阐述了北朝釉陶借鉴并融合了外来金属器及玻璃器的艺术特色,呈现出金属器及玻璃器的艺术效果,形成了繁丽华美的艺术风格,指出了北朝釉陶是中国釉陶发展史上的重要转折期,是隋唐釉陶兴盛的先声。",创意设计源,2017-11-20,期刊,J527;K876.3,24-29,6
8,江汉平原皮影戏的现代价值及数字化保护方案研究,王美艳,武汉理工大学,皮影戏;江汉平原;现代价值;数字化保护;,"江汉平原的皮影戏在现代社会依然具有深层次的价值内涵,具体体现为作为娱乐、审美、创造力的艺术性价值,作为记录变迁、文化多样性的历史性价值以及作为文化教育、公益、文化认同感的工具性价值。为了保护和传承皮影戏本身固有的价值,视频录制、二维和三维动画制作以及基于交互的网络传播都是其数字化保护的良好手段。去程式化,敢于创新,是这个多元的、兼容并蓄的社会里皮影戏生存和发展的方式。",创意设计源,2017-11-20,期刊,J827;TP391.41,30-34,5
9,老字号”品牌的视觉延展与创新探究,张南岭,广东白云学院,“老字号”;品牌;视觉延展;创新;,"""老字号""品牌作为中国商业历史发展的产物,承载了中国传统商业文化,具有较高的历史价值。建国初期""老字号""尚有一定的生命力,但随着经济环境与经济制度的转变,新型国内以及国际品牌不断涌现与融入,老字号品牌呈不断衰弱的趋势:一方面数量锐减,目前仅存不足两千家;另一方面整体品牌规模与效应难以与国内外新型品牌抗衡。在全球趋势下,""老字号""的意义不应只停留在品牌名称的层面,更应是民族文化的象征。如何延续品牌形象,发扬品牌文化,提高国际影响力与知名度,是""老字号""商业竞争急需解决的问题。本文从品牌系统的视觉层面进行探究,探索""老字号""视觉延展与创新的可能性。",创意设计源,2017-11-20,期刊,F273.2,41-44,4
10,非物质文化遗产品牌包装设计——以东莞“矮子祥”腊味为例,陈文武,广东文艺职业学院,非物质文化遗产;“矮子祥”;腊味;包装设计;,"从非物质文化遗产角度探讨""矮子祥""腊味包装的重要性及其意义,并从品牌包装设计策划与主题、结构设计与元素提炼、设计定位与风格、媒介与推广等方面进行深入探究,提出非物质文化遗产在保护的同时更应做好创新与推广,以提升产品的附加值。",创意设计源,2017-11-20,期刊,TB482,45-47,3
11,武汉光谷广场公交车站架构创新设计研究,李和森;杨蓓;陈星子,湖北美术学院,公交车站;多层次发展;乘车秩序;候车体验;,"以交通枢纽设施智能化且向多层次发展的趋势为背景,通过分析光谷车站周围车流及人流状况,经过实际的调查与实践,总结出现有问题,并结合周边环境规划出方便合理的人车流动轨迹,优化出一套针对武汉光谷广场的多层公交车站概念设计方案,以期在改善乘客乘车秩序和候车体验同时缓解了周围交通拥挤状况。",创意设计源,2017-11-20,期刊,TU248.3,48-52,5
12,基于社会心理学视角下的公交站台设计研究,章倩砺,湖北大学,社会心理学;公交站台设计;社会功能;人性化;,"从社会心理学角度剖析具有代表性的公交站台设计案例,力图从群众心理角度挖掘适应社会发展的公交站台设计特点和可取之处,并对成功的公交站台案例设计元素进行梳理,以期为国内未来公交站台的设计提供借鉴。",创意设计源,2017-11-20,期刊,TU248.3,53-56,4
13,从“主体间性”视角解读微表情符号与社会互动的创新性消费趋势,余孟杰,湖北大学,微表情;符号;主体间性;消费社会;,"在数字化娱乐消费环境中,无论是可供消费的商品还是消费行为都越来越具有可视性,动态延展的电子视窗也让受众的思维进入到非线性的跳跃状态,互联网的言语行为在一定程度上也完全成为了符号化的表达。微表情符号作为网络文化对现实的虚拟模仿,构成了一种有着重要意义的""聊以生存""的方式,使得""身体在场""的这种面对面交流模式得到了延伸,并且使""虚拟世界""的符号所指不再局限于传播者所传达的意义感念,而是清楚地指向所表达的现实形态的多样化。",创意设计源,2017-11-20,期刊,J502,57-61,5
14,消费社会视角下设计的异化,李正柏;遆素丽,温州商学院,消费社会;现象学;结构;生活世界;伦理;,"以拉康的结构主义理论为基础探讨设计的结构,分析工艺美术运动以来设计结构的变化以及设计活动中设计师的位置,得出在设计与消费、设计师与市场的关系中,设计师的责任意识呈现出逐渐式微与消减的趋势的结论。鉴于此,试图通过现象学理论还原设计的责任意识,以求拯救不断恶化的生态资源环境,化解设计异化带来的社会危机。",创意设计源,2017-11-20,期刊,J502,62-66,5
15,“互联网+”背景下高校数字媒体艺术人才培养实践——以浙江理工大学为例,张姮,浙江理工大学,“互联网+”;数字媒体艺术;人才培养实践;微信公众号;,"通过分析""互联网+""对数字媒体艺术教育在技术与理念上的颠覆式影响,结合浙江理工大学数字媒体艺术新专业建设及人才培养特点,介绍了课题项目组的形式:形成跨年级老带新、从课外到课内团队模式;指导团队策划运营专业微信公众号;组织线上线下数字媒体设计和运营活动。该课程旨在突破原有课堂内外、校园内外的限制,充分利用移动互联网时代新型数字媒介集合最鲜活有效的教学资源与信息,以学生为主体,师生共同探索实践""互联网+""背景下的数字媒体艺术的创新人才培养模式。",创意设计源,2017-11-20,期刊,G434;J0-4,67-72,6
16,设计思维在展示设计课程中运用——以设计游戏引入为例,李蕴嘉,广东农工商职业技术学院,设计思维;展示设计;设计游戏;项目导入法;设计流程;,"设计思维作为整套设计流程与管理的初始,对设计项目的成败有着决定意义。目前国内多数的展示设计课程以项目导入法作为主要教学方式,由于缺乏有效的设计思维训练机制,容易使学生陷入从借鉴演化为抄袭的误区。以设计游戏引入展示设计课程为例,以设计思维作为主要推进教学进度与管理的手段,引导学生拓展创意与管理设计流程,有效调动学生的积极性,对展示设计以及其他设计课程有一定的启示作用。",创意设计源,2017-11-20,期刊,G642;J525.2-4,73-80,8
17,《创意设计源》2018年选题指南,,O,O,"<正>国家""一带一路""战略方针的制定,我国工艺美术、设计等艺术门类皆面临着新的发展、传承和创新建设机遇,社会经济与民生诉求、非遗传承与创新也面临新的问题与挑战。《创意设计源》作为艺术媒介平台,展示诸多艺术门类的发展、演变历史、传播艺术学科的理论与实践前言研究成果,以期为我国工创意产业转型发展提供借鉴思路。鉴于此,本刊推出2018年选题指南。一、核心栏目及其选题主题板块一带一路沿线工艺美术、工艺美术与市场跨界、大国外交之传",创意设计源,2017-11-20,期刊,+,81,1
18,娱神与娱民——天津城隍出巡面具的图像及象征分析,戚志雯,中国艺术研究院,面具;城隍出巡;民俗信仰;图像;,"""城隍出巡面具""是参加""城隍出巡""表演的人所戴的面具,是受到本土民俗、宗教以及外来文化等因素作用下促成的仪式美术品。与广布全国的其它类型的面具相比,天津""城隍出巡面具""无论是艺术风格还是角色寓意都具有鲜明的地域独特性。文章从""现实中的面具""和""信仰中的面具""两个方面出发,分析面具的外部形象所体现的美术风格,探究面具造型的图像学意义,发掘面具产生的社会学背景及影响,最后再以情境还原的方式重构面具在民俗活动中所扮演的角色。",创意设计源,2017-09-20,期刊,J528.3,47-51,5
19,基于人体工学的个体化家具尺寸定制软件制作,朱永蘅;丁青恒;周晓靓,南京视觉艺术学院,人体工学;《中国成年人人体尺寸(GB10000-88)》;定制软件;坐卧类家具;桌台类家具;储藏类家具;,"阐述了人体测量学与家具设计的内在联系,分别论述了人体测量学在坐卧类家具、桌台类家具、储藏类家具设计中的应用,并参照中华人民共和国国家标准《中国成年人人体尺寸(GB10000-88)》对坐卧类、桌台类及储藏类家具中的常用参数与人体尺寸的联系做出说明,继而根据人体相应尺寸给出相关家具节点公式,并将这些公式写成计算机代码配以图文,形成简洁实用的个体化家具尺寸定制软件。",创意设计源,2017-09-20,期刊,TS664.01,69-71,3
20,开栏语,许正龙,清华大学,O,"<正>入门初学时,先生们是那么教的:雕塑——凝固的艺术,坚硬厚重,是固定不变的。二战时期,亚历山大·卡德尔率先使用轻盈材料,造型比较灵巧,采用悬吊方式,微风掠过,作品动起来了。之后,学科间在快速交错与融合。雕塑界呈现开放状态,在造型过程中,塑造、雕刻、构造三驾马车齐头并进。谈及具象,对应的是抽象与意象,三者怎么划分?实际并不泾渭分明,没有明确界限。划分基础是现实参照系,其理论根源是柏拉图的""镜子说""、""模仿论""。意象并不全在具象与抽象之间,意象有时是悬在空中、飘忽不定的。言及具象,我只想说一句,""具象雕塑与用具象手法创作的雕塑不是一回事""。",创意设计源,2017-09-20,期刊,J305,4,1
21,油纸包中的德国——设计学视角下德国设计批判性解读,赵日兵,南京艺术学院,德国油纸包;德国设计;严谨性;设计转型;,"德国被公认为是现代设计的发源地之一,德国设计不仅象征着理性、简约和实用,而且越来越传递出一种良好生活方式的理念。""德国油纸包""的故事只是""德国设计神话""的一个缩影,但足以看出国人对待德国设计的痴迷程度。以德国油纸包事件为叙述线索,并联系当下国内设计市场的现状,以批判性的视角,深入阐释德国设计神话背后所隐含的设计哲理,以期为当下中国设计转型与发展带来一定的启发。",创意设计源,2017-09-20,期刊,J502,42-46,5
22,现代茶室空间的禅意境表征研究,肖德荣;任志远,中南林业科技大学,禅;禅意境;茶室空间;室内空间;,"禅意境是禅宗修行者进入禅时对周边环境所形成的""天人合一""的感悟。品茶应当既不为过去所羁绊,也不被将来所牵引,安详自在,充满生命的真实,这是古老的禅法在现代社会焕发青春的表现。因此,营造现代茶室空间的禅意境就应遵循自然朴实协调的基调、营造人文雅致的诗意氛围、找寻使人联想般入境的方式。茶空间通过呼应禅意的清净本心色彩、质朴自然的原本色材料、灵活随意的空间布局、彰显空间生机的绿色植物、简雅素洁的古朴家具以及具有人文气息的装饰物件等方式,创造出能够引人入禅的禅意茶室空间。",创意设计源,2017-09-20,期刊,TU247.3,52-58,7
23,"城市雕塑,永远是具象的",姜鸣,《创意设计源》上海国盛(集团)有限公司,O,"<正>在我们目力所及的地方,星散着林林总总的雕塑。无论是庞然高耸的地标,还是可供近玩的小品,雕塑家总会以他对世界和心灵的洞察,营造一个""引力场""。城市雕塑诞生在城市中,人和它产生对话,产生互动,因此,它的基座,往往由多重力量共同打造而成。决策者、管理者、出资人、艺术家乃至走过路过者,常常共谋了一个雕塑最后的样貌和命运。",创意设计源,2017-09-20,期刊,J313.2,1,1
24,《创意设计源》2017年选题指南,,O,O,"<正>在近年来创意实践中,""跨界""有着愈来愈重要的作用。它是传统工艺美术现代传承的生机,也是现代设计的求新求变的必要途径。""传统手工艺数字化传承""""乡村景观""""设计管理""""艺术创意产业""等方面的繁荣兴起促进了设计产业的发展,也间接地指明了学术研究与实践所具有的更多角度与可能性。作为一本连接理论与实践的艺术类学术杂志,《创意设计源》志在分享传统工艺美术与现在设计研究的前沿信息。《创意设计源》坚持设计学科独有",创意设计源,2017-09-20,期刊,+,81,1
25,城市生活形态的手工艺设计特征研究,王宏飞,湖北经济学院,都市生活;手工艺;现代性;设计;,"在深入分析农业社会传统手工艺设计特征的基础之上对现代工业社会中的现代手工艺设计特征进行了理论性的探讨,指出工业化背景下的现代手工艺有自己的设计创作主题、设计语言、服务对象以及消费特点,在设计与创作中,现代手工艺将更注重观念的表达、个性的展示和态度的宣扬,精神消费将是现代手工艺的设计特色。",创意设计源,2017-09-20,期刊,J505,31-35,5
26,浅谈英国设计活动的社会化,刘洋,上海理工大学,英国设计;多样化;创意产业;设计创新;,"设计作为一种创造性活动,通过不断地创造满足人们在生活方面所存在的需求,进而改善生活环境和物质条件,并影响大家对生活方式的选择。英国设计活动被人民和政府视为提高英国产品的竞争力和改善人们日常生活细节的重要因素。在英国设计活动的社会化过程中,通过设计实践对社会生活的影响,历经时间的更替演化成一种新的社会生活方式与社会文化观念。",创意设计源,2017-09-20,期刊,J502,36-41,6
27,苏州民居庭院与徽州民居天井空间比较,荣侠;徐潇潇,苏州大学苏州工业园区职业技术学院,苏州民居;徽州民居;庭院;天井;,"在苏州与徽州民居建筑体系中,庭院与天井既是重要的建筑节点,又是产生建筑空间虚实转换的关键环节。建筑群院落的布局、天井的设置,皆承载着传统礼制的空间序列关系。前厅后堂,尊卑有序,厅堂与庭院、天井构成一进进的室内外空间虚实转换的贯穿式组合,这种虚实之间的亲和有序,反映出明清时期两地社会等级秩序在民居空间意象、建筑空间上的表达。",创意设计源,2017-09-20,期刊,TU241.5,59-63,5
28,我国制造型企业设计管理体系构建思路研究,李若辉,南京林业大学,制造型企业;设计管理;构建方法;,"梳理了我国制造型企业发展的背景和企业设计活动特点,基于设计管理的内涵,提出了从企业战略层、组织层以及执行层三个层面布局企业设计管理体系的思路,并且每一个层面又对应着若干具体的操作方法,以求为企业在内部建立自上至下的设计管理规范提供借鉴和启示,以促进优化设计资源配置,提高设计创新活动的效率,充分发挥设计创新对企业发展的驱动作用。",创意设计源,2017-09-20,期刊,J505,64-68,5
29,“四维一体”式书籍装帧设计课程教学实践,陈竑,湖南人文科技学院,“四维一体”;书籍装帧设计;课程教学;整合思维;,"电子信息背景下的书籍装帧设计课程教学一方面需要学生掌握传统的印前、印后等全部设计流程,另一方面更强调学生通过对相关专业课程与软件课程相关知识点的接受与吸收,尤其将书籍设计电子交互与展示三维化,以提高客户对书籍设计方案的接受度。着眼于此,本研究旨在为促进书籍装帧课程教学的升级与重构提供理论与实践依据。",创意设计源,2017-09-20,期刊,G642;J524-4,72-74,3
30,内地西藏班高职艺术设计专业实践教学策略探析,柴彬彬,湖南民族职业学院,内地西藏班;艺术设计专业;实践教学策略;实践能力;,"内地高职西藏班艺术设计专业教学必须注重对实践方法的运用,以此作为提升西藏生实践能力和综合素质的重要抓手。阐述了内地西藏高职班艺术设计专业实践教学略的运用背景与意义,重点分析了实践教学策略的思路和办法,以期对相关教学活动的开展提供参考和借鉴。",创意设计源,2017-09-20,期刊,G712;J50-4,75-80,6
31,城市文化空间与雕塑公共性原则反思,张西昌,西安美术学院,城市雕塑;文化空间;公共艺术;美学批判;,"从城市文化空间的角度而言,雕塑艺术扮演着愈来愈重要的物质与精神角色,虽然传统的雕塑形态也有一定的公共性要素,但公共艺术的现代定义则赋予了城市雕塑更多的人文内涵和功能指向。在城市空间的物质扩张中,如何把握其审美的文化要义,并与多元化的城市审美相补益,是城市雕塑创作永不过时的动态话题。",创意设计源,2017-09-20,期刊,J313.2,4-11,8
32,形态的嬗变:浅析现代中国城市雕塑的发展,刘兴山;卫恒先,上海大学,中国当代城市雕塑;公共空间;关系;艺术处理;,"解读当代城雕的艺术现象,先要从其形成和本质入手。从中国城市雕塑的发展过程谈起,将中国城市雕塑的形成发展,到当代城市雕塑所呈现的艺术特征,从其存在的合理性及艺术性入手,作深入分析,并展望我国城市雕塑的未来发展。试通过该研究,来进一步解读当代城市雕塑存在与空间环境、文化因素、建筑空间等的艺术因素的和谐关系,以期为中国当代城雕的建设添砖加瓦。",创意设计源,2017-09-20,期刊,J313.2,12-17,6
33,雕塑城市:城镇化视角下的中国城市雕塑,李玉仓,清华大学,城镇化;城市雕塑;城市特色;平民性;,"城镇化是中国现代化进程的必经之路,涉及经济、政治、社会、环境和文化等诸多要素。城市雕塑是城市的眼睛,是体现城市文化和展示城市形象的重要载体。通过对城市雕塑进行实地调研、比较,对城市雕塑设计师进行访问,试图梳理在中国城镇化进程中城市雕塑与城市形象、城市历史、城市特色、市民精神关怀等方面的互动共生关系,并对两者共生关系中出现的问题进行分析,指出中国城市雕塑在城镇化进程中对城市文化与精神建构的重要意义。",创意设计源,2017-09-20,期刊,J313.2,18-24,7
34,旧日足迹——试论中国当代具象雕塑的发展,霍鹏飞,南阳师范学院,当代雕塑;具象雕塑;艺术语言;人文;,"进入新世纪以来,中国的当代具象雕塑在国际艺术舞台上显得更加成熟,在全球化语境中,中国当代具象雕塑创作在创新的同时应该把具有中国传统艺术语言的元素作为创作基础,在此基础上再进行其它表现形式上的创新,这就是中国雕塑语言表达的新内容。在形式上不限于东方或者西方、在创作手法上也不拘泥于材料的多样性,而是在不摒弃传统元素的同时进行创新。",创意设计源,2017-09-20,期刊,J305,25-30,6
35,图像背后:环形对兽样式的起源、传播与演变,于奇赫,上海大学,环形对兽样式;斯基泰文化;欧亚大陆;中国;传播;,"本文以类型学与风格分析的研究方法,根据目前发现的线索按照交流的时间和空间,梳理环形对兽样式在欧亚大陆上的传播路线,探讨该样式在传入中国之后的类型变化与地域分布,并结合史料说明证据之间的诸多关联以及文化交流背后的动力与传播媒介。",创意设计源,2017-07-20,期刊,TS934.3,19-29,11
36,可动木制玩具对儿童成长重要性探析,杨沙,上海工艺美术职业学院,可动木制玩具;儿童;成长;艺术审美;想象力;,"本文从材料、功能、艺术三个方面探讨可动木质玩具对儿童成长益处,得出相较于塑料、纺织等玩具,可动木质玩具具有更高的安全性、功能性和艺术性;更适合儿童建立自己的想象世界;更有利于培养儿童艺术美感和艺术创造力,实现儿童视觉与触觉感知交流的完美结合。",创意设计源,2017-07-20,期刊,TS958.43,76-80,5
37,《创意设计源》2017年选题指南,,O,O,"<正>在近年来创意实践中,""跨界""有着愈来愈重要的作用。它是传统工艺美术现代传承的生机,也是现代设计的求新求变的必要途径。""传统手工艺数字化传承""""乡村景观""""设计管理""""艺术创意产业""等方面的繁荣兴起促进了设计产业的发展,也间接地指明了学术研究与实践所具有的更多角度与可能性。作为一本连接理论与实践的艺术类学术杂志,《创意设计源》志在分享传统工艺美术与现在设计研究的前沿信息。《创意设计源》坚持设计学科独有",创意设计源,2017-07-20,期刊,+,81,1
38,城市公园游憩圈旅游商品开发策略分析——以老挝琅勃拉邦为例,焦云宏,云南旅游职业学院,城市公园;游憩圈;琅勃拉邦;旅游商品;旅游策划;,"文化体验是现代旅游的显著特征之一,城市公园游憩圈是原住民和游客进行跨文化沟通的重要媒介。在城市公园游憩圈的各种人文旅游资源当中,旅游商品占据着非常重要的位置。旅游商品开发既要关注地域性、文化性与现代性、实用性的设计整合,也要兼顾旅游购物行为与游憩体验活动的有机结合,同时促进文化传承、生态文明、乡村扶贫和区域经济的包容性发展。作为游客整体旅游消费中最具潜力和弹性的部分,旅游商品的产品设计与市场营销等开发策略事关城市公园游憩圈旅游资源和旅游经济的良性发展,也是改善区域民生的重要举措。",创意设计源,2017-07-20,期刊,F591,46-52,7
39,语言学习APP的游戏化设计研究,王伟;廖航云,中南大学,语言学习APP;游戏化;用户体验;设计;,"近年来关于语言学习产品的设计研究主要围绕传统教学过程的游戏化改良设计,缺少针对互联网语言学习APP的游戏化应用研究。游戏化设计属于体验设计的分支。本研究以现有游戏化理论为基础,结合富有典型性、时代性的语言学习产品案例,从游戏化框架设计、产品功能设计、交互设计、视觉设计等角度分析现有产品的游戏化特征,将游戏化思维引入语言学习APP的设计中,探讨游戏化学习理论在语言学习APP中的设计应用,以优化语言学习APP的用户体验。",创意设计源,2017-07-20,期刊,TP311.56,62-70,9
40,傩文化旅游纪念品设计研究,黄清喜;谭富强,赣南师范大学,傩文化旅游;纪念品;设计;方法;,"本文通过分析傩文化旅游纪念品所蕴含的文化价值、社会价值以及经济价值,采用消费学、类型学等研究方法探讨纪念品的设计原则,认为傩文化的旅游纪念品开发应当将地方的风物传说、民俗文化以及人文思想等资源,以现代设计眼光将傩文化旅游纪念品创作为既有现代形式感又不失其精神内涵的艺术作品,同时还应契合游客的文化诉求与生活理念。",创意设计源,2017-07-20,期刊,F592;G122,53-55,3
41,自将磨洗认前朝,姜鸣,上海国盛(集团)有限公司,O,"<正>很多时候,我们都在寻觅艺术与文化的内在关联,并且设法克服知识链条的残缺和断裂。美术考古的建构与解读,便让今人能够从容穿越历史的烟云,让艺术史上哪怕最小的单元和物事,都可以照见文化的大蕴藉、大主题。诸如阿育王石柱承载的佛教属性、年画图符民俗源流的阐释空间、古代手镯环形对兽样式的传播路径等等,对于我们来说,都显得陌生,都会产生兴味,但这需要入门的支持,需要有一部信史。""折戟沉沙铁未销,自将磨洗认前朝""。美术考古和艺术史研究从不同的学科领域共同爬罗剔抉,最终完成对某一美术",创意设计源,2017-07-20,期刊,J05,2+1,2
42,形式与意义:关于阿育王狮子柱头的考察,张同标,华东师范大学,阿育王石柱;圣兽雕刻;法轮信仰;佛教美术;,"古印度孔雀王朝第三代君主阿育王,在位时期与中国秦始皇约略相当。阿育王通过皈依佛教、圣迹巡游、竖立石柱、刻写法敕、建造窣堵波等方式,把佛教从单纯的教理层面转化为普通民众具体可感的宗教形态。阿育王石柱自身作为崇拜对象,可能始于婆罗门祭柱,后来成为因陀罗、湿婆以及水神婆留那的象征,礼拜石柱能获得神祇保祐、消除恐怖。柱顶圆雕是古印度美术史的早期实例,鹿野苑狮子柱头成为印度国徽的图案基础。柱头圣兽有狮、象、马、牛四种,对应特定的神祇崇拜。鹿野苑石柱刻有阿育王禁戒僧团分裂的铭文,柱顶法轮与佛陀在鹿野苑初转法轮对应,表明法轮柱开始与佛教联系起来,自此开始,法轮柱的佛教属性越来越明显,最终发展成为佛教的象征。",创意设计源,2017-07-20,期刊,J305,4-13,10
43,中国绘画比照下的鸡年画:民俗源流、符号特征与观看方式,崔璨,复旦大学,鸡年画;中国绘画;民俗源流;符号特征;观看方式;,"在中国绘画与民间年画中,都有大量的鸡形象。它们在""入画""源流上明显有着雅俗两套不同的传统,但以此作为尺度来进行比较的研究还较为鲜见。鸡形象在年画中呈现出符号化的特点;以阅读习惯、观看方式与记忆途径等角度考察,鸡年画在中国绘画的参照下敞开了更为意趣丰满的阐释空间。鸡形象在两套传统下的比较讨论,为艺术史视域中的民俗图像解读做了新的尝试。",创意设计源,2017-07-20,期刊,J218.3,36-41,6
44,古罗马墓葬雕刻的开端——埃特鲁斯坎人的墓葬雕刻艺术,魏久志,新疆教育学院,墓葬雕刻;埃特鲁斯坎;罗马;,"作为古罗马文明开端的埃特鲁斯坎文明,其墓葬传统和墓葬雕刻对古罗马墓葬艺术产生了深远影响。由于对死亡的重视,埃特鲁斯坎人使用了当时能够得到的所有雕刻材料,雕刻风格也反应了当时已有的各种因素的影响。在这种肆意的混合之下,埃特鲁斯坎人还发展出骨灰瓮、斜倚像等一些原创的形式。恰恰是这些原创形式,对罗马以及后来的墓葬雕刻产生了巨大影响。",创意设计源,2017-07-20,期刊,J305,14-18,5
45,从“掌生谷粒”看互联网时代创意农业品牌化设计策略,张姮;凌霓,浙江理工大学,互联网;创意农业;“掌生谷粒”;设计策略;,"创意农业作为一种新兴农业发展模式,在我国具有十分广阔的发展前景。本文以台湾著名创意农业品牌""掌生谷粒""为例,从创新品牌运营模式、打磨创意农产品或农业项目、塑造品牌时尚形象、精于讲好品牌故事等几个方面入手进行策略性思考和设计,总结其有效的创意农业品牌化设计策略。",创意设计源,2017-07-20,期刊,J524,42-45,4
46,基于用户立场的产品设计评价要素探究,熊微;张瑾婷,江南大学,用户立场;设计批评;评价要素;,"本文立足用户立场,结合实际案例,依据设计内部过程中人机沟通的性质,提出了产品设计评价五个层级的要素:""可理解性""、""易使用性""、""交互反馈""、""系统关联""和""文化适应"",建构了基于用户立场、着眼设计过程的设计评价要素架构。",创意设计源,2017-07-20,期刊,TB472,56-61,6
47,“互联网+”背景下艺术设计专业模块化教学探讨——以“文字设计”课程为例,王鑫,长沙师范学院,“互联网+”;模块化教学;艺术设计专业;“文字设计”课程;,"以模块化教学为切入口,剖析了""互联网+""背景下艺术设计专业教学的动态开放性、主观能动性特点,提出了""互联网+""模块化教学的设计思路,并以""文字设计""课程为例,探讨了""互联网+""模块化教学的实践方式。",创意设计源,2017-07-20,期刊,G434;J524-4,71-75,5
48,宋徽宗的密码——《五色鹦鹉图》再探,杨冰华,陕西师范大学,宋徽宗;《五色鹦鹉图》;《宣和睿览册》;《芙蓉锦鸡图》;《梅花绣眼图》;,"宋徽宗御笔画《五色鹦鹉图》就像其本人一样具有争议,杏花、鹦鹉虽不敢断定为徽宗御画,但瘦金体题诗为其亲笔无疑。宋徽宗信奉道教,追求祥瑞,组织宫廷画师绘制诸多祥禽瑞草,编撰《宣和睿览册》,寓意天下太平,福物致祥。徽宗将其艺术才华作为统御国家的手段,其本人生于不吉之时五月五日,但通过五瓣杏花、五色鹦鹉、五瓣梅花、五色锦鸡等祥瑞之物,将数字""五""神异化,标榜自己为五德俱全的有为圣君。",创意设计源,2017-07-20,期刊,J212,30-35,6
50,开栏语,孟祥勇,上海师范大学,O,"<正>近年来由于国家政策的鼓励,漆艺研究、教学以及实践发展很快。在刚刚过去的一年里,各种主题、层级、规模的漆艺展览与讨论更是百花齐放、百家争鸣。值得高兴的是,纵然漆艺拥有七年多年的丰厚历史,现今从事漆艺学科研究的年轻人却没有迷失其中,仍然在扎实的探索材料创作的新途和理论研究的深度。王晓军以漆画的艺术表现形式角度谈漆画的创作,并得出漆画创作应注重",创意设计源,2017-05-20,期刊,J213.9,4,1
51,刍议漆画的艺术形式美,王晓军,故宫博物院,漆画创作;艺术形式美;艺术语言;技艺;生活;,"本文将漆画艺术形式分为漆画的外在形式语言和内在精神情感。通过对外在形式语言如色彩、材料、技法以及肌理的梳理,结合自身的漆画创作《转经的藏女》对内在精神情感如题材、内涵以及自身生活感悟的探讨,笔者着重论述在漆画创作中对艺术形式美的理解以及应用。",创意设计源,2017-05-20,期刊,J213.9,4-11,8
53,浅谈漆画创作中的“偶然性”,武真旗,广西艺术学院,漆材料;偶然性;创作定式;独特性;,"本文以""偶然性""为视角浅谈漆画艺术语言独特性的另一种打开方式。通过梳理漆画偶然性的表现特点以及漆画创作者对于偶然效果的创作定式,提出新的创作观念以及材料运用手法,并指出漆画创作者为此应进行的积累及基础学习。",创意设计源,2017-05-20,期刊,J213.9,18-20,3
55,无意识创作与自我记忆——新西兰艺术家Han,Nae,广西艺术学院上海工艺美术职业学院,O,"<正>Han Nae Kim奥克兰大学绘画艺术博士,善用漆材的当代艺术家。主要个展有""Skin""(2016,奥克兰)、""Charcoal,Ott and Moments""(2015,奥克兰)""Sensual Acts of Randomness""(2015,莫林斯维尔)、""记忆与偶然(2014,南宁)""、""Korean Ottchil Art Exhibition""(2013,昌原)""Common ground""(2011,墨尔本)等,作品被新西兰、美国、澳大利亚、荷兰、德国、韩国、中国等国家的艺术机构和私人收藏家收藏。",Kim访谈录,李梦红;姜弋;盛锐;王路,创意设计源,J213.9,21-29,9
58,宁波华花圣经书房所用“拼合字”设计论说——以《汉语活字范例》为样本,曹汝平,浙江万里学院,宁波华花圣经书房;拼合字;模块化设计;构成;,"宁波华花圣经书房所用铅活字主要是""拼合字""。文章以《汉语活字范例》为样本,重点对赖格兰德、戴尔设计的拼合字之构成样式进行分析,认为以部首和字根为构成要素的模块化设计是当时出现的一种较为理想的字形方案。拼合字虽然受技术条件的限制而表现出不可避免的缺陷,但并不能抹除它应有的历史地位与价值。",创意设计源,2017-05-20,期刊,J524,40-45,6
59,以用户需求为导向的移动图书馆界面设计研究,贺孝梅;武瑶佳;高元,中国矿业大学北京理工大学,移动图书馆;界面设计;用户需求;扁平化设计;易用性设计;,"本文""以用户为中心""作为指导思想,采用观察法、问卷调研和用户访谈相结合的方式,深入研究读者对高校移动图书馆的需求,以扁平化和易用性的交互设计原则为指导,力图设计一款实用、简洁的""矿大移动图书馆""界面,并进行两轮可用性测试以检验产品设计的合理性,以提升人们使用移动图书馆的用户体验满意度,并为其他采用此类方法的移动设备界面设计研究工作提供借鉴。",创意设计源,2017-05-20,期刊,G250.76,46-50,5
60,基于学习分析技术的校本SPOC影响因素研究,张菲菲,宁波大学,学习分析;校本;SPOC;,"本研究以融合的学习分析模型为设计向导,以校本SPOC""专业导论""为例,以问卷调查、数据挖掘等学习分析技术手段收集数据,主要运用SPSS16.0进行数据处理。分析结果显示校本SPOC学习效果与学习目标明确程度等18个因素呈显著相关,与学习时间段等9个因素无显著相关,进一步分析得到预测模型并通过实践课程进行验证,结果显示预测模型基本有效,并在此基础上提出优化SPOC教学效果的措施。",创意设计源,2017-05-20,期刊,G434,51-54,4
62,台湾地区文化创意产业发展对大陆创意人才培养的启示,谭亚,北京理工大学珠海学院,台湾地区;文化创意产业;大陆;人才培养;启示;,"文化创意产业是在经济全球化背景下产生的以创造力为核心的新兴产业,台湾地区在本世纪初即将文化创意产业纳入经济发展战略及总体发展框架,经过十余年筚路蓝缕、精耕细作,在文化创意产业的各个方面取得令人瞩目的成绩。本文通过梳理大陆发展现状以及台湾地区文化创意产业发展经验,总结出文创产业的可持续发展主要得益于创意人才的培养与落实。",创意设计源,2017-05-20,期刊,G124,61-68,8
63,亲历、教育与传承——海派黄杨木雕传承人林翊访谈录,本刊编辑部;李治,O,O,"海派黄杨木雕是上海地区具有代表性的工艺美术种类,在20世纪六七十年代辉煌一时,涌现出一批优秀的木雕人才。林翊作为海派黄杨木雕创始人徐宝庆的入室弟子,是唯一一位执教过的三届海派黄杨木雕班的专业老师,对海派黄杨木雕的发展有着承上启下的作用。无论是其高超的木雕技艺,还是其对于海派黄杨木雕教育的突出贡献,都是继徐宝庆之后海派黄杨木雕发展的关键人物。",创意设计源,2017-05-20,期刊,J314.2,75-80,6
64,《亚鲁王》史诗民俗事象及文化意蕴,吴正彪,三峡大学,《亚鲁王》史诗;民俗事象;文化意蕴;,"苗族英雄史诗《亚鲁王》是一部以""亚鲁王""这个人物为中心建构起来的多文本、篇幅长短不一的民间韵律体口头历史叙事长诗。这部史诗的内容浩瀚,民俗形态丰富多样,其中从史诗唱诵的民俗语境里透视出来的文化意蕴有着独特的学术研究价值。文章通过史诗的宇宙观、《鸡经》与鸡骨卦、苗族忌食动物心脏习俗在史诗中的呈现等不同层面进行了广泛的探讨,同时还就文物民俗学与史诗文化的关系做了一些简要的梳理。",创意设计源,2017-05-20,期刊,I207.22,69-74,6
65,环境设计专业家具设计课程教学思考,叶俊东,阿坝师范学院,环境设计;家具设计课程;教学思考;,"通过机器设备的引进、教师对于机器雕刻技法的传授、木工师傅专业的制作指导,环境设计专业家具设计课程学生的专业技能得到明显提高。然而忽略设计实践与设计思维的训练,只注重于雕刻机的学习与家具的制作,在笔者看来与培养工匠无异。环境设计专业的家具设计教学课程在教学中要理论与实践结合,培养学生的设计思维,为学生的设计之路打下坚实基础。",创意设计源,2017-03-20,期刊,G642;TS664.01-4,60-64,5
1,台湾原住民的织绣技艺研究,钱静,泰州学院,台湾原住民;织绣;传统技艺;,"台湾地区原住民族的服饰艺术独具特色,从技术层面来看,这些服饰是需要传统工艺作为技术支撑的。传统的制作服饰的麻布材料,是运用精湛的纺织技术制作而成,而各类衣饰的色彩与装饰则依托于他们出色的染色工艺和绣缝技术。本文通过对台湾原住民织绣技艺的介绍与分析,在欣赏台湾原住民织绣产品特色的同时,探询其间所蕴含的造物设计智慧。",创意设计源,2018-11-20,期刊,J523.6,18-22,5
2,湖南瑶族织锦的纹样类型与造型特征,杨颐珠,湖南工艺美术职业学院,湖南瑶族织锦;纹样类型;造型特征;,"湖南瑶族织锦是至今仍保留经线起花起色工艺的""经锦""遗存,主要流传于湖南江华瑶族自治县和江永县的平地瑶族群中。瑶族织锦主要是用于被面,当地人又俗称织锦被为""八宝被""。在特殊的织造工艺与古老的瑶族文化影响下,瑶族织锦形成了独特的艺术风格。从其纹样类型上看,主要集中在文字、动物、植物以及许多未能明义的抽象几何纹样中;从其纹样造型上看,传统瑶族织锦形成了经向彩条并列、纹样以单元间隔的形式逐一排列的整体外观,其纹样的造型特点趋于强烈的几何化与抽象化。",创意设计源,2018-11-20,期刊,J523.6,23-28,6
4,云想衣裳,姜鸣,上海国盛(集团)有限公司,O,"<正>民族服饰的语义诠解里不仅有她的样式、色彩,也有她的伦理习俗和情感比附;不仅承载着审美的、实用的功能,也依赖于某种特定的历史记忆而存在和延续。衣食住行,人们日常生活之必须,服饰穿着与我们须臾不可分离。为悦己者容,更是天经地义,所以,舞台上,生活中的秀场无处不在,人们于此津津乐道。",创意设计源,2018-11-20,期刊,TS941.742.8,2+1,2
1,台湾原住民的织绣技艺研究,钱静,泰州学院,台湾原住民;织绣;传统技艺;,"台湾地区原住民族的服饰艺术独具特色,从技术层面来看,这些服饰是需要传统工艺作为技术支撑的。传统的制作服饰的麻布材料,是运用精湛的纺织技术制作而成,而各类衣饰的色彩与装饰则依托于他们出色的染色工艺和绣缝技术。本文通过对台湾原住民织绣技艺的介绍与分析,在欣赏台湾原住民织绣产品特色的同时,探询其间所蕴含的造物设计智慧。",创意设计源,2018-11-20,期刊,J523.6,18-22,5
2,湖南瑶族织锦的纹样类型与造型特征,杨颐珠,湖南工艺美术职业学院,湖南瑶族织锦;纹样类型;造型特征;,"湖南瑶族织锦是至今仍保留经线起花起色工艺的""经锦""遗存,主要流传于湖南江华瑶族自治县和江永县的平地瑶族群中。瑶族织锦主要是用于被面,当地人又俗称织锦被为""八宝被""。在特殊的织造工艺与古老的瑶族文化影响下,瑶族织锦形成了独特的艺术风格。从其纹样类型上看,主要集中在文字、动物、植物以及许多未能明义的抽象几何纹样中;从其纹样造型上看,传统瑶族织锦形成了经向彩条并列、纹样以单元间隔的形式逐一排列的整体外观,其纹样的造型特点趋于强烈的几何化与抽象化。",创意设计源,2018-11-20,期刊,J523.6,23-28,6
3,南通板鹞风筝工艺民俗研究,陈圣鋆,南京艺术学院,板鹞风筝;工艺技术;民俗;,"南通的板鹞风筝是全世界独一无二的风筝种类,拥有灵活多变的几何造型,热烈大胆的用色,以及别无仅有的发音哨口。板鹞风筝的制作工艺是中国重要的文化遗产,值得我们保护和传承。本文从风筝及其进化史,南通板鹞风筝的起源发展、制造工艺、以及现状进行研究分析,以期为南通板鹞风筝传播发展助力。",创意设计源,2018-11-20,期刊,J528.6,29-35,7
4,云想衣裳,姜鸣,上海国盛(集团)有限公司,O,"<正>民族服饰的语义诠解里不仅有她的样式、色彩,也有她的伦理习俗和情感比附;不仅承载着审美的、实用的功能,也依赖于某种特定的历史记忆而存在和延续。衣食住行,人们日常生活之必须,服饰穿着与我们须臾不可分离。为悦己者容,更是天经地义,所以,舞台上,生活中的秀场无处不在,人们于此津津乐道。",创意设计源,2018-11-20,期刊,TS941.742.8,2+1,2
5,侗族女性盛装的装饰色彩研究,焦成根;张云婕,湖南师范大学,侗族女性盛装;装饰色彩;色彩理念;,"装饰色彩是侗族女性盛装的重要组成部分,它以不同材质为载体附着于服装的襟边缘饰,呈现出千变万化的风格。装饰色彩的社会伦理和情感比附,反映了侗族妇女""美善相乐""的伦理观念和""随意赋彩""的设色理念,彰显了丰富的民族文化内涵。",创意设计源,2018-11-20,期刊,TS941.742.8,4-9,6
6,桃源刺绣瑞兽题材的类型与表现,严珞菲,湘潭大学,桃源刺绣;瑞兽;题材类型与表现;,"瑞兽是桃源刺绣最具代表性的题材之一,瑞兽造型多样,以麒麟、貔貅和狻猊等为代表,其中又有细分,其纹样构成具有中心式构成、异形同量式的均衡、异量式的均衡等不同特征与方法,纹样构件服务于整体布局,成品画面富有韵律感,好用蓝、红、白、黑、黄以及金银色等色,用色大胆,丰富多变,色相之间对比强烈,格调欢快喜庆,具有显著的地域特征和独特的艺术与人文风格,持久地散发着魅力。",创意设计源,2018-11-20,期刊,J523.6,10-17,8
7,从英国工艺美术运动与日本民艺运动看“传统工艺振兴”,董雅倩;仓平,东华大学上海工艺美术职业学院,工艺美术运动;民艺运动;传统工艺振兴;,"一个多世纪前的英国工艺美术运动和日本民艺运动作为西欧与东亚代表性发达国家所诞生的手工艺运动,带给后世诸多经验与教训。在我国大力提倡""传统工艺振兴""之际,本文通过比较三者的共性与区别,为传统工艺在工业化与城市化浪潮下的振兴从""实用""、""自然""与""技术""三个方面提出了三条可行性建议。希望通过前人的经验与教训,为我国的""传统工艺振兴""寻求一条可行性道路,提升祖国""文化自信"",助力打造""文化强国""。",创意设计源,2018-11-20,期刊,J509.1,36-42,7
8,信阳罗山皮影在数字动画中的创新应用研究,钱恒,信阳师范学院,信阳罗山皮影;数字动画;文化传承;创新设计;,"皮影是一种融合了完整戏剧与影像元素,集音乐、绘画、戏曲为一体,民俗意蕴深厚的民间表演艺术类型,河南信阳罗山皮影是其代表,其独特的艺术表现形式承载着传统中华文化的气质。本文首先分析了罗山皮影的艺术特色,并引用实践案例对罗山皮影艺术与数字动画相结合的创新设计进行有益的探讨,进而总结其在数字化时代的传承方式。传统文化与数字动画的结合,也为当前数字动画的特色品牌塑造提供了新的方向。",创意设计源,2018-11-20,期刊,J954,49-53,5
9,基于学龄前儿童成长需求的多媒体互动墙设计研究,韦鑫珠;刘小路,福州大学,学龄前儿童;成长需求;多媒体交互墙;,"游戏是促进学龄前儿童快速成长的重要途径,我们有必要为该年龄段儿童营造一种趣味性的、益智性的游戏体验新模式。本文以学龄前儿童为研究对象,通过对他们成长环境现状调查,分析该年龄层特有的需求特征,结合当前先进的互动多媒体技术设计满足娱乐性、体验性和益智性的多媒体互动墙。基于学龄前儿童成长需求的多媒体互动墙设计研究不仅对多媒体互动技术在儿童娱乐设施中的应用提供了理论支持,同时也拓展了儿童多媒体互动墙设计途径和方法。",创意设计源,2018-11-20,期刊,TN219;G434,54-57,4
10,大变迁时代北京未来文化创意发展的预测,张慧姝;张晓暄;张楠,北京联合大学,大变迁;北京未来文化创意;发展;预测;,"随着科学技术的发展,北京未来将由自然资源经济向非自然资源经济发展,社会全面进入知识型社会,文化创意难度加大,职业准入门槛提高。AR、大数据、AI、区块链、物联网、信息、通讯技术、机器人技术等将是未来文化创意产业发展的关键技术,这些前沿的科学技术成为北京新文化的基础,商业形式和经济形式更加多样化,新文化将以数字化、智能化和民主化的形式呈现。社交网络、智能云平台加快新文化传播。北京新文化将是推动文化创意产业发展的主力军,传承文化是新文化的一部分,相关的职业、教育、对创意人才的要求将随之发生巨大变化。",创意设计源,2018-11-20,期刊,J505,63-66,4
11,巴渝传统村落的空间特征与保护策略研究——以重庆巫山县龙溪镇为例,吴冰鑫;邓宏,重庆大学,传统村落;空间特征;保护;策略;,"随着城镇化建设的快速推进,传统村落因疏于保护而日渐衰败,因地域文化特色的挖掘不足而在建设实践上丢失了文脉传承。巴渝地区传统村落具有典型的临山傍水的地理特征和独特的历史人文价值,具有重要的景观风貌因子。本文以具有典型山地特征的巴渝传统村落为研究对象,采用文献史料收集、实地人工调查、比较研究等传统研究与新技术应用相结合的多学科交叉方法,归纳巴渝传统村落的类型、探寻其空间结构形态要素、空间组合特征及动态演进历程,明确传统村落的保护理念与方法,总结其营建的经验与技术,进而构建巴渝传统村落保护机制,为巴渝传统村落保护与建设提供基础依据,也为其他山区传统村落建设提供重要的历史经验和技术思路。",创意设计源,2018-11-20,期刊,TU982.29,67-72,6
12,乡村振兴环境下湘西土家族窗棂图案在地方民宿软装中的设计研究,夏慧中,湖南科技职业学院,乡村振兴;窗棂图案;地方民宿软装;,"随着社会的发展、生活水平的提高,人们对室内空间的要求不再仅仅局限于使用功能,转而开始追求其内涵的延伸和拓展。因此作为传承与发展本土民族文化的新型载体,同时又是一种体验式旅游和体现地域文化特色生活场所的民宿,越来越受到外界的关注和重视。特别是近年来在乡村振兴战略的号召下,拥有丰富地域文化的乡土村镇越来越重视本土文化在其建筑主体上的运用。本文将对湘西土家建筑窗棂分别从其造型、纹样、寓意三个方面阐述窗棂图案元素在当地民宿软装中的设计应用,进一步推动湘西当地旅游和民宿设计的发展。",创意设计源,2018-11-20,期刊,TU247.4,73-76,4
14,基于非遗保护视角的羌族传统大漆工艺运用及现状研究,杨洋,上海工艺美术职业学院,羌族;大漆工艺;非遗保护;传统民间工艺;,"羌族传统大漆工艺是一项人类所共有的非物质文化遗产,曾与羌族人民的生活息息相关。当下,大部分羌族传统大漆工艺已经脱离了羌族人民的日常生活,其保护、传承、发展也就面临巨大的挑战。本文首先介绍了羌族传统大漆工艺产生的背景及发展过程;第二部分介绍了羌族大漆工艺在羌族建筑、家具、生活用具、民间工艺等领域的应用;第三部分对羌族传统大漆工艺的现状及原因进行了分析;最后,在羌族传统大漆工艺的保护和传承方面提出了一些建议。",创意设计源,2018-11-20,期刊,J527,43-48,6
15,基于国内外艺术策展人才培养现状的比较研究,徐凯艳;许传宏,上海工程技术大学,艺术策展;人才培养;,"我国的艺术策展教育起步较晚,但我们可以借鉴英美意等国家在艺术策展人才培养方面的成熟经验。文章在分析比较国内外艺术策展教育现状的基础上,从培养目标、课程结构与内容、教学方法与形式、成果展示与学习平台四个方面指出我国艺术策展人才培养中存在的问题,并对我国艺术策展人才培养提出相应的建议,包括建构复合型专业人才的培养目标,建立跨学科综合研究与实践平台、个性化与专业化多样化的教学模式,与互联网相结合的教学延伸,引进与打造实践型国际化的师资队伍。",创意设计源,2018-11-20,期刊,J114;G642,58-62,5
16,《创意设计源》2019年选题指南,,O,O,"<正>改革开放40年,赋予了我国工艺美术、设计等艺术门类新的发展契机,也是我国艺术学科快速学习吸收、不断升级蜕变自信前行的40年。同时5G、人工智能、AR/VR等核心技术领域不断创新,为我国艺术学科的教育、非遗传承与创新带来新的问题与挑战。《创意设计源》作为艺术媒介平台,旨在展示诸多艺术门类的发展、演变历史,传播艺术学科的理论与实践前沿研究成果,以期为我国创意产业转型发展提供学术支持。鉴于此,本刊推出2019年选题指南。",创意设计源,2018-11-20,期刊,+,81,1
17,民生日用之厨房小工具设计研究,谢玮;田李莹;马旭,南京艺术学院洛阳智能农业装备研究院太原工业学院,民生日用;厨房小工具;设计开发;,"厨房小工具设计源于人们的生活需要,是关注民生的生活化设计。文章对基于民生日用的厨房小工具设计进行研究,从人的操作体验出发,分析小工具的适宜度,包括触觉、视觉、生理及心理舒适度,解决多样化厨房小工具的系列问题。根据每个小工具的结构进行合理整合,从设计的必要性及整合设计理念出发,获取设计定位,推导出厨房小工具设计过程及设计方案,为民生日用设计研究开拓新的领域。",创意设计源,2018-09-20,期刊,TS972.26,49-53,5
18,刍议墨子装饰批判思想及其理性价值,王冬冬,江西工程学院,设计批评;墨子;理性价值;,"战国初年,墨子对过分追求奢华的社会现象进行了猛烈批判,建立了节用、节葬、非乐的墨家装饰思想。本文立足于时代背景,以设计史和设计批评的视角来探讨其针对物质文化、丧葬礼仪、礼乐制度三个层面提出""节用""观念的历史价值,分析其在传播过程中对消费观念和器具制作的具体影响,并以此来揭示墨子""节用""思想对于当下艺术设计所具有的意义与价值。",创意设计源,2018-09-20,期刊,J509.2,76-80,5
19,乡村振兴中的规划先行,姜鸣,上海国盛(集团)有限公司,O,"<正>工业化、城镇化的洪流里,寻求乡村的转型与振兴,需要坚持规划先行、分类施策。从现实看,广袤的乡野,面临重构的机遇与可能。不管是景观节点,还是聚落形态,都将会有一个无法绕开的审美流程。在治理主体价值追求、区位条件自然禀赋的相互作用下,传统的反思,基因的优选,理想层面的活化与再造,都是必须的。空间设计上所有的起承转合、疏密聚散,都深刻影响着乡村的生态,其中暗含着通常人们所难以觉察的推导和联系,并会深刻影响整个社会的文化走向和大众体验。",创意设计源,2018-09-20,期刊,TU982.29,2+1,2
20,传统村落人居环境振兴策略探析——以淮安市洪泽区龟山村为例,郭苏明;赵锴彧;金京豫,南京林业大学,传统村落;价值;空间形态;社会文化;生态;,"在乡村振兴的背景下,传统村落面临活化与再生的历史机遇。文章以龟山村为例,在对人居环境现状分析的基础上,从保护与发展的辩证关系对传统村落自然禀赋和后天建设进行了思考。秉承""守乡愁、尊古貌、留人文、知山水""的设计原则,以百余户村民为核心,以历史遗存、传统建筑和文化空间为依托,覆盖村落价值、村落空间、乡村文化与生态保护四个方面,整合保护与开发对象,推行更新策略。",创意设计源,2018-09-20,期刊,TU982.29,4-9,6
21,以创业创新视角探索村落空间转型设计——以南京市溧水区薛家村为例,凡越;唐军,东南大学,创业创新;村落空间;转型;,"近年来乡村发展建设如火如荼,政府大力倡导""大众创业、万众创新"",溧水的乡村发展也面临机遇。当前溧水的乡村发展存在人口空心化、产业缺失、房屋土地闲置的问题,同时城市的科技资源丰富,但人才就业压力显著增大、土地紧张、租金高昂。在这样的背景下,文章以南京市溧水区薛家村规划设计为例,从创业创新的业态策划出发,探讨村落空间如何转型以适应创业创新的需求,提出核心交流空间、复合型双创空间、独立型双创空间三种空间转型模式,试图从村落空间转型的角度探索出一种在乡村践行创业创新的新方式。",创意设计源,2018-09-20,期刊,TU982.29,16-21,6
22,北京宋庄艺术家聚落空间演变发展探析,王小斌;李宝山,北方工业大学山东金润建设咨询有限公司,宋庄;艺术聚落;空间结构;,"北京宋庄小堡村是由政府和艺术家共同改造的艺术聚落。为能在保护艺术生态及生活环境的基础上更好地改造艺术聚落,本文分析了宋庄画家艺术聚落的改造原则和空间结构两个方面,总结宋庄画家村的成功经验,以期为未来相关的艺术乡镇发展提供参考。",创意设计源,2018-09-20,期刊,TU982.29,34-38,5
23,文化创意产业格局下的土家旅游商品创新设计——以西兰卡普为例,田志梅;陈嫱,湖北大学,西兰卡普;艺术语言;旅游商品;创新设计;,"湘西土家族特有的织锦西兰卡普织锦在旅游商品设计中的运用是对文化遗产传承与创新的一种重要形式。为探索西兰卡普的传统元素与现代设计语言有机结合的可能性与创新性,文章在对西兰卡普的特点和艺术表现形式两个方面分析的基础上,探讨了将西兰卡普艺术语言表现形式应用到旅游商品设计之中的构想与途径,以期对未来文化创意产品的设计提供参考。",创意设计源,2018-09-20,期刊,J505,54-58,5
24,耕读传家——南京漆桥村乡村景观规划设计,李岚;董婷婷;周旻慧,南京林业大学哥伦比亚大学,乡村规划;耕读传家;农业景观;漆桥村;,"在中国漫长的农业社会中,""耕读传家""是小康农家追求的一种理想生活图景。文章以南京漆桥村乡村景观规划设计为例,发掘当地极具特色的圩田农业景观和江南孔子后裔聚居地的人文特质,营造圩田湿地景观,在减灾保产、改善环境的同时形成有地域特色的农业景观;同时复建孔氏宗祠和小学,建构有儒学特色的乡村教育体系,建设知书达理、乐耕安居的现代历史文化名村。",创意设计源,2018-09-20,期刊,TU982.29,10-15,6
25,城市风景一隅:中国台湾地区独立书店空间美学掠影,李育菁,南京航空航天大学,空间设计;空间美学;中国台湾独立书店;,"在数字时代,网络书店正在不断取代传统实体书店,逐渐成为人们购书的首要选择。独立书店追求空间体验感,独特的空间设计成为当今人们追求独特文化的领域。本文以中国台湾地区独立书店的内外部空间设计为例,根据瑟夫·派恩的体验经济理论模型的四类体验方式对中国台湾地区独立书店的内部空间设计进行分析,探讨实体书店的空间美学,以期为大陆独立书店的设计提供借鉴。",创意设计源,2018-09-20,期刊,TU247,43-48,6
26,视觉符号在游戏场景设计中的应用研究,王静怡;刘芳,天津职业技术师范大学,视觉符号;隐喻;游戏场景设计;,"视觉符号越来越有效地促进了游戏场景设计的发展。为探究视觉符号在游戏场景设计中的应用,文章从审美欣赏价值的角度分析了视觉符号概念和游戏场景分类两方面,并详细阐述了视觉符号在游戏场景中应用的两个重要创作原则,即复杂中蕴含统一和对视觉效果的""度""的把握,坚持这两个原则旨在提高玩家对游戏场景设计的视觉效果和审美体验。",创意设计源,2018-09-20,期刊,TP317,59-63,5
27,窑洞建筑的地域美学:甘肃省庆阳市地域建筑的艺术考察,陈李波;马冰洁;樊驰弘,武汉理工大学,地域美学;窑洞建筑;尊重;适合;节省;,"窑洞作为我国特有的地域民居类型,具有独特的居住价值和艺术内涵。本文以甘肃省庆阳市进行的实地调研为基础,通过论述庆阳窑洞的建筑类型、立面特征、细部构造以及生态环境等特性,并以地域美学相关理论梳理窑洞建筑中蕴含的生态、自然和文化的特质,为现当代建筑生态设计与绿色设计提供借鉴与启迪。",创意设计源,2018-09-20,期刊,TU241.5,22-27,6
28,乡村乐园——儿童游乐乡村旅游项目的设计与思考,温乐娣;胡映东;戴伟斌,北京交通大学,儿童自然游戏;游戏环境;乡村旅游项目;,"随着城市化进程的不断加快,城市儿童的自然游戏群体正在逐渐消失,自然游戏空间正在减少,这不利于儿童的身心成长。本文从儿童自然游戏和乡村旅游的现状分析着手,尝试将二者结合,创立一个适合儿童游乐的乡村旅游项目,以达到让城市儿童回归自然,激发他们创造力和想象力的目的。同时尝试从整体概念、外部环境、项目组成、设计原则四个方面,总结基于儿童游乐的乡村旅游项目的特点,并通过宝水村乡村乐园的设计案例进行论证,为未来乡村旅游项目的设计提供借鉴。",创意设计源,2018-09-20,期刊,TU982.29;F592;F323,28-33,6
29,论中国古典园林景观空间中模糊性的运用,郭苓苓;张耀,南京林业大学,中国古典园林;景观空间;景观元素;模糊性;,"在中国古典园林设计中,景观空间的处理往往隐晦而含蓄。本文对模糊性的来源和相关概念进行梳理,并在此基础上引入模糊性设计的概念,结合中国古典园林中的选址、建筑、山水及植物等要素,通过对其渊源、意义和价值的分析,探索模糊性在中国古典园林景观空间设计中的运用,以期对未来景观空间塑造有所裨益。",创意设计源,2018-09-20,期刊,TU986,39-42,4
30,古滇国首饰艺术的设计学分析,谢汪蝶扬,云南大学滇池学院,设计学;首饰艺术;古滇国;,"古滇国首饰凝聚着滇人的审美思想与精神内涵,在设计表达上具有鲜明的地域特点和民族特色。为了探究古滇国首饰的设计文化,文章从艺术风格与设计表达两个层面对古滇国首饰的造型、装饰纹样、材料选材、设计构思、审美功能五个方面进行研究,以期对当代首饰设计应用提供参考。",创意设计源,2018-09-20,期刊,K872,64-70,7
31,秣菟罗佛造像狮子座源流考,方倩,华东师范大学,秣菟罗佛造像;狮子座;双狮座;三狮座;,"印度秣菟罗佛教造像以本土特色而著称,其狮子座有双狮座和三狮座两种,是印度本土狮子文化与西亚王座相融合的产物。通过与犍陀罗佛教狮子座的对比和分析,发现其狮子座和佛教造像相一致,具有显著的本土特征。中国化的秣菟罗佛教双狮座则开始转变为双狮以博山炉为中心相对蹲坐的具有中国特色的新形式。秣菟罗佛造像狮子座的来源与流变充分体现了多元文化融合下佛教题材与表现形式的扩大。",创意设计源,2018-09-20,期刊,J315,71-75,5
32,《创意设计源》2018年选题指南,,O,O,"<正>国家""一带一路""倡议的提出,为我国工艺美术、设计等艺术门类的发展、传承和创新提供了新的机遇,同时社会经济与民生诉求、非遗传承与创新也面临着新的问题与挑战。《创意设计源》作为艺术媒介平台,展示诸多艺术门类的发展、演变历史,传播艺术学科的理论与实践前沿研究成果,以期为我国创意产业转型发展提供学术支持。鉴于此,本刊推出2018年选题指南。一、核心栏目及其选题主题板块""一带一路""沿线工艺美术、工艺美术与市场跨界、大国外交",创意设计源,2018-09-20,期刊,+,81,1
33,画珐琅夔纹盘,,O,O,O,清乾隆,,创意设计源,J526.3,82,1
34,"工艺美术,可以是“潮”文化",姜鸣,上海国盛(集团)有限公司,O,"<正>工艺美术,历史悠久、品类丰富,以其独特的工艺和样貌,与我们的生活建立千丝万缕的联系。一方面,我们感叹许多绝艺绝活面临失传,亟需抢救性保护和活态传承;另一方面,重技术轻内涵、重材料轻设计、重观赏轻实用,又是人们对工艺美术现状的种种诟病。",创意设计源,2018-07-20,期刊,J52,2+1,2
35,国家新征程,,中国工艺美术协会,O,"<正>中国共产党第十九次全国代表大会,是在全面建成小康社会决胜阶段、中国特色社会主义进入新时代的关键时期召开的一次十分重要的大会。习近平总书记在会上作的重要报告,科学分析了当前国际国内形势,深刻阐述了五年来党和国家事业发生的历史性变革,深刻阐述了新时代坚持和发展中国特色社会主义的一系列重大理论和实践问题,",产业新机遇,周郑生,创意设计源,J52,4-7,4
36,新时代工艺美术行业的转型与发展,王山,中国工艺美术协会,新时代;工艺美术;转型与发展;,"工艺美术行业在新的时代条件下,要正确认识转型与发展的关系,树立变化中求生存、生存中求转型、转型中求发展的观念。针对转型中的政策执行、人才培养、理论研究、法律保障等问题,行业需要认清现状,重视创新和人才培养,预估行业风险,加快产业转移。",创意设计源,2018-07-20,期刊,J52,8-11,4
37,变革中的中国工艺美术走向信息时代,赵萌,清华大学,信息时代;中国工艺美术;产业发展;,"信息时代是当今世界发展的主导方向。处于变革中的中国工艺美术应需以时代、国家的发展调整产业与功能,以适应时代发展的需求,满足市场和历史的期许。",创意设计源,2018-07-20,期刊,J52,12-17,6
38,文化创意经济下工艺美术产业发展与创新,马翔;秦峰,工业和信息化部,文化创意经济;工艺美术产业;发展与创新;,"随着社会经济的发展,文化产业已成为我国经济发展的重要支撑,工艺美术产业因其文化和经济双重属性成为国家文化建设事业与国民经济发展的一个重要组成部分。文章从工艺美术产业的发展历程入手,分析文化创意经济背景下工艺美术产业发展与创新模式。",创意设计源,2018-07-20,期刊,J52-F,18-23,6
39,产学合作助力工艺振兴——以江苏地区为例,马达,中工美(江苏)进出口公司,工艺美术行业;产学合作;传统工艺振兴;,"文章以江苏地区工艺美术为例,结合江苏工艺美术发展的历史、现状和机遇,指出产业与人才培养相结合的产学合作模式能够拓宽传统工艺的发展空间,促进产业的传承发展。",创意设计源,2018-07-20,期刊,J52,24-27,4
40,新时代工艺美术的创新发展之路——以东阳木雕产业为例,陆光正,O,工艺美术;东阳木雕;创新与发展;,"文章以东阳木雕产业创新发展历程为案例,指出工艺美术行业的创新发展要紧扣时代命题、重视后备人才培养、尊重行业发展规律、融入工匠精神。",创意设计源,2018-07-20,期刊,J314.2,28-31,4
41,论云南青花瓷绘艺术的当代价值,吴白雨,云南大学,云南青花;瓷绘;当代价值;设计运用;,"云南青花瓷器的风格特征集中展现在其瓷绘技艺上。从美术史、传播学、社会学、艺术学的视角分别考察,云南青花瓷绘的当代价值有四个方面:图像内容可以作为云南元明时期绘画史料的补充;为中国青花文化向东南亚南亚的传播提供依据;艺术特征可以彰显云南文化的多元性、包容性、开放性和创造性;有助于实现云南青花艺术的当代设计转化与应用。",创意设计源,2018-07-20,期刊,J527,32-36,5
42,传统节日民俗价值的缺失与重塑——以赣南客家清明节为例,谭富强;黄清喜,赣南师范大学,清明节;赣南客家;民俗价值;传统节日;,"传统民俗节日的研究成果多以理论构建为主,忽视了微观层面及实证层面的研究。文章以赣南客家清明节为研究对象,运用田野调查方法,分析传统节日的价值变化及现实意义;发现传统节日民俗存在价值遭到质疑、神圣空间趋于瓦解、面向未来的特性缺失等问题;呼吁重塑传统节日的价值,包括维系族群运行、平衡与调节民众心理、促进人与自然和谐相处。",创意设计源,2018-07-20,期刊,K892.11,43-48,6
43,无锡精微绣品牌视觉形象设计研究,王平善;王安霞,无锡科技职业学院江南大学,无锡精微绣;视觉元素特征;技艺元素特征;品牌视觉形象设计;,"文章以无锡精微绣的艺术本体元素作为研究对象,通过视觉元素和技艺元素两方面深入剖析了无锡精微绣的艺术特征,在此基础上结合现代视觉设计理论设计无锡精微绣品牌视觉形象,从而为无锡精微绣品牌的创新发展提供可资参考的途径。",创意设计源,2018-07-20,期刊,J524,49-56,8
44,哈罗德·泽曼展览实践与策展理念探析,周甜美;许传宏,上海工程技术大学,哈罗德·泽曼;展览模式;自由主义;理想主义;,"哈罗德·泽曼是20世纪当代艺术领域最重要的独立策展人,被誉为西方""策展之父""。他在长期的策展实践中,形成了兼顾信息传播和艺术鉴赏、开发利用展览空间的策展思路,并通过一系列展览策划传达他自由主义、理想主义、个人主义相互交织的艺术展览理念。他开阔的国际视野、勇于开拓的冒险精神、敏锐的历史意识、系统化的学科思维、独立于场馆之外的自由精神,值得当代策展人学习和借鉴。",创意设计源,2018-07-20,期刊,J114,75-80,6
45,《创意设计源》2018年选题指南,,O,O,"<正>国家""一带一路""倡议的提出,为我国工艺美术、设计等艺术门类的发展、传承和创新提供了新的机遇,同时社会经济与民生诉求、非遗传承与创新也面临着新的问题与挑战。《创意设计源》作为艺术媒介平台,展示诸多艺术门类的发展、演变历史,传播艺术学科的理论与实践前沿研究成果,以期为我国创意产业转型发展提供学术支持。鉴于此,本刊推出2018年选题指南。一、核心栏目及其选题主题板块""一带一路""沿线工艺美术、工艺美术与市场跨界、大国外交",创意设计源,2018-07-20,期刊,+,81,1
46,海南黎族传统手工艺非遗保护现状探析,张红梅,海南师范大学,海南黎族;传统技艺;非遗保护;,"海南黎族拥有多项活态传承的手工技艺类非遗,其保护过程中存在原料替代化、流程删减化、产品变异化、制作表演化、传承困难化等问题。文章提出了黎族传统手工艺已从多数人掌握的大众技能变成了少数人掌握的精英技能、从为本土民众的生产生活服务转向了为异地人群的旅游需求服务、传承人的责任意识缺失、社会各界对非遗的认知不足等思考,认为传统技艺类非遗应积极适应当下社会语境,在坚持传统的手工艺制作底线和融合当前生活需求的基础上进行保护和发展。",创意设计源,2018-07-20,期刊,J52,37-42,6
47,基于4V营销理论的儿童绘本馆经营策略分析——以蒲蒲兰绘本馆为例,王馨漪;庄莹,青岛科技大学,儿童绘本馆;4V营销理论;蒲蒲兰绘本馆;,"文章以儿童绘本馆的经营状况和策略为研究对象,运用4V营销理论分析案例——蒲蒲兰绘本馆的经营策略,认为4V营销理论有助于儿童绘本馆形成一套完整的经营战略体系。",创意设计源,2018-07-20,期刊,G239.23-F,69-74,6
48,大理白族民间工艺旅游创意产品现状及研发策略探究,余宏刚,云南旅游职业学院,大理白族;民间工艺;旅游创意产品;旅游创意产品研发;,"大理白族民间工艺种类繁多,是当地文化符号的重要载体之一。本文基于大理白族民间工艺与旅游创意产品之间的关系,在实地调研的基础上,分析了大理地区民间工艺发展现状、旅游创意产品研发现状及研发路径,认为大理白族民间工艺旅游创意产品受多方面因素的影响与制约,要抛弃原有的设计观念,着眼于民族文化符号的运用,加强创新力度。",创意设计源,2018-07-20,期刊,F592.7,57-63,7
49,基于文博旅游资源的博物馆场馆文化体验因素分析——以鹿野苑石刻艺术博物馆为例,唐佩璐;周睿,西华大学,文博旅游;文化体验;博物馆;场馆设计;焦点小组;,"文化体验是文博旅游的核心内容,而文化的非物质属性成为文博场馆设计的重点与难点。文章以鹿野苑石刻艺术博物馆为典型案例,针对其场馆禅意文化体验的营造方式,运用场景式焦点小组研究方法,捕捉参观者的文化体验感受触点,从动线规划、材质运用、水景穿插、植被寓意和采光五个方面剖析文博场馆的文化体验因素,从而为文博旅游场馆建设和强化文化资源体验设计提供相应参考。",创意设计源,2018-07-20,期刊,TU242.5,64-68,5
50,海洋文化教育融入涉海专业人才培养的思考,卢锟,上海海洋大学,海洋文化;涉海专业;人才培养;,"涉海专业人才培养需要海洋文化教育作为支撑。而我国当前的高校教学实践中不同程度地存在着海洋文化教育薄弱、海洋意识培养缺失的状况。通过科学的课程设置,将社会历史、比较文化、艺术教育等海洋文化教育融入涉海专业教学,可以促进涉海专业学生海洋意识的形成和人文素养的提升、推动人才培养体系的完善。",创意设计源,2018-05-20,期刊,G642;P7-4,71-76,6
51,媒体融合背景下传统文化IP出版的内容创新机制探析——基于《道引·形体牵引篇》的个案研究,刘峰;易贤恒,上海理工大学上海外国语大学贤达学院,传统文化IP出版;内容创新机制;媒体融合;《道引》;,"面对文化大发展大繁荣的历史任务与传播生态融合发展的背景,IP出版成为传统文化创新传播的有效方式。文章结合传统文化IP出版物《道引·形体牵引篇》的个案分析,通过对IP内容创新与传播机制构建这两大环节中各种运营方式的梳理和对比,分析当下传统文化IP存在的问题、误区及其症结所在,明确创新机制的培育是传统文化IP出版的基础与核心。",创意设计源,2018-05-20,期刊,G237.9,36-40,5
52,基于搜索引擎优化的出版社网站设计研究,靳帆;邓三鸿;江莹,南京大学,搜索引擎优化;出版社网站;少儿类图书;,"出版社网站是出版社数字化转型的关键,但低迷的流量限制了其功能的发挥,搜索引擎优化(SEO)工作可以提高网站访问量。文章选取10家少儿类图书出版社网站,从网站内容、title和meta标签(keywords、description)、网站结构、图片alt属性、flash、内外链接等影响搜索引擎排名因素的角度,对出版社网站的设计进行分析,提出五条出版社网站优化设计的建议:重视网页内容、合理设置网页的keywords和description、编制网站地图、优化图片、优化导出链接。",创意设计源,2018-05-20,期刊,TP391.3;TP393.092,32-35,4
53,博物馆设计类展览图录功能性研究,张明,清华大学,博物馆;设计类展览;图录;展览出版物;设计史;,"设计类展览的图录既要能够承载博物馆的研究成果,全面准确地反映展览的内容,也要对展览构成补充、阐释和延伸。文章结合国外相关案例,发现设计类展览图录的功能因定位而异,主要有普及性传播、专业观点探索、设计史论研究等三种功能。在对设计类展览图录功能性分析的基础上,针对我国图录""过度设计""等问题,提出相应的应对策略,以期促进我国展览图录设计的发展。",创意设计源,2018-05-20,期刊,G265,15-20,6
54,论书法题签在书籍封面设计中的应用,孙张;吴燕,南京大学,书法;封面设计;书籍装帧;,"书法题签是书籍封面标题设计的常用元素,书法题签在书籍封面设计中具有表意、传情、审美的作用,形成了不可重复性、规范性、文化性和社会性的特征。在具体应用中,书法题签应立足于书籍的内容,处理好与图形、色彩之间的关系,注重题签的易识性,创造出兼具艺术审美和文化内涵的书籍封面作品。",创意设计源,2018-05-20,期刊,J524,21-25,5
55,中德木刻插图艺术风格比较研究——以16世纪文学作品为例,杨若含;史挥戈,江苏大学,16世纪中国文学;16世纪德国文学;木刻插图;艺术风格;比较研究;,"16世纪木刻插图艺术在中国和德国均取得极高的成就,这得益于当时商品经济和通俗文学提供的创作基础。文章以16世纪中国和德国文学作品中的插图为切入点,以跨文化视角对同一时间段内两种不同文化语境下的插图艺术风格进行比较研究,通过它们在构图、线条、人物造型方面的差异,揭示了相似的艺术形式在相同的时代形成不同风格和发展方向的原因在于继承了不同的文化艺术传统,以此来增进不同文化间的互相理解,构建理性的世界文化观。",创意设计源,2018-05-20,期刊,J218.5,26-31,6
56,基于特定环境类型的公共艺术教学方法探索,王鹤,天津大学,环境;公共艺术;教学;探索;,"公园、广场、步行街、大学校园、滨水环境、建筑内外环境、公路沿线和生态环境这8种环境涵盖了当今公共艺术实践的主要场所。通过在高校中开展针对这8种特定环境的公共艺术教学实训,并以主题、环境契合度、形式美感、功能便利性和图纸表达五个考察点进行评价,从教学反馈看,能够提升相关专业学生的公共艺术实践能力。",创意设计源,2018-05-20,期刊,G642;J0-4,41-47,7
57,设计类专业全英文教学模式探索——以“设计思维与方法”课程为例,凌霓,浙江理工大学,设计类专业;全英文教学;模式探索;设计思维与方法;O2O&Co-;,"随着设计类教育国际化,全英文授课越来越多地被用于高校设计类专业课程教学中。文章针对设计类专业全英文课程存在起步较晚、师生英语功底相对较差、设计人才培养与企业需求互动不足、授课模式不够灵活等现状问题,通过""设计思维与方法""课程教学实践,构建O2O&Co-全英文混合教学模式,借助线上微信、MOOC平台、线下翻转课堂等手段,穿插国际合作、企业携手的workshop设计工作坊的联动混合教学模式,开展设计类EMI教学,从而提高艺术设计类学生的英语学习兴趣和英语交流能力,锻炼学生的创新设计思维。",创意设计源,2018-05-20,期刊,G642;J50-4,48-53,6
58,构建契合非遗语境的艺术设计人才培养模式——云南民族大学“非遗”特色教育思考,刘玉璟;徐人平,云南民族大学昆明理工大学,非遗传承;艺术设计;人才培养模式;,"随着非物质文化遗产保护工作的深入和国家创意文化产业的发展,各高校艺术专业纷纷寻求打破大众化、市场化的发展潮流,在一统化的教育模式下寻求突破点和契合点。云南民族大学设计专业凭借地缘优势,通过将非遗资源引入特色课程、毕业设计和校内文创基地,从而构建起契合非遗传承发展的艺术设计专业人才培养模式,为中国本土""非遗""保护工作在艺术设计教育领域的融合发展提供了理论与实践依据。",创意设计源,2018-05-20,期刊,G642;J50-4,54-59,6
59,SOLOMO模式下在线旅游产品的交互界面设计,王玮;韩鹏;黄琳皓;罗亦然,南京林业大学,SOLOMO模式;周边休闲游;交互设计;用户体验;,"以社交化(social)、本地化(local)、移动化(mobile)为核心的SOLOMO模式,已经运用在互联网背景下的各个领域并逐渐得到了完善。以SOLOMO模式为依据的在线周边游产品界面设计,通过用户调研、人物建模、用户行为分析等交互设计方法,调整信息架构设计,对现有移动端在线周边游产品的社交功能、本地服务功能进行优化,使用户获得更好的使用体验。",创意设计源,2018-05-20,期刊,TB472,60-65,6
60,基于移动终端的民间美术类互动媒体产品设计策略研究,谭坤,北京电子科技职业学院,民间美术;交互媒体设计;移动终端;用户体验;,"民间美术作为重要的文化资源,通过开发民间美术类移动终端交互媒体产品,能有效利用用户碎片化的时间传播民间美术资源,有助于民间美术的体验与传播。文章结合民间美术类互动媒体产品设计实践,针对内容选题、界面设计、用户体验等方面提出相应的设计策略,认为:小切口引出大文化的选题策略可给用户最直观的打动;将抽象概念化作具体事物的信息架构能减轻用户对界面的学习负担;""拙""""巧""相依的界面设计能有效地表达作品的特点与趣味;动态场景、游戏互动、三维展示等设计手段能使用户获得沉浸式的体验。",创意设计源,2018-05-20,期刊,TB472,66-70,5
61,高职院校科研共同体的构建——以上海工艺美术职业学院为例,刘素芹,上海工艺美术职业学院,高职院校;教科研人员;科研共同体;,"高职院校教师自身科研能力有限,在科研成果产出方面有一定困难。文章运用案例研究的方法,通过对上海工艺美术职业学院科研共同体实践案例的研究,对其产生的初步成效进行分析,探索高职院校搭建科研共同体的实践意义,而搭建科研共同体是提升高职院校科研实力的有效途径。",创意设计源,2018-05-20,期刊,G717.25,77-80,4
62,《创意设计源》2018年选题指南,,O,O,"<正>国家""一带一路""倡议的提出,为我国工艺美术、设计等艺术门类的发展、传承和创新提供了新的机遇,同时社会经济与民生诉求、非遗传承与创新也面临着新的问题与挑战。《创意设计源》作为艺术媒介平台,展示诸多艺术门类的发展、演变历史,传播艺术学科的理论与实践前沿研究成果,以期为我国创意产业转型发展提供学术支持。鉴于此,本刊推出2018年选题指南。一、核心栏目及其选题主题板块""一带一路""沿线工艺美术、工艺美术与市场跨界、大国外交",创意设计源,2018-05-20,期刊,+,81,1
63,书为悦己者“容”,姜鸣,上海国盛(集团)有限公司,O,"<正>一卷在握,每有爱不释手的时刻。爱书者,自然首先会为书的核心内容、图文辞采等所吸引,或可知人论世,因作者而生发无尽的话题。书籍精致的装帧设计,则从形式上赋予了出版物勃发的生机和表现力,丰富了读者对图书的情感认知,将读者导入有温度的阅读之旅。纸质读物的这一份品质追求,成就了""中国最美的书""和""世界最美的书""。",创意设计源,2018-05-20,期刊,J524,2+1,2
64,西方设计初传中国——晚清时期西方编译出版中的设计发端,李江,北京师范大学,晚清;传教士;编译出版;工业设计;,"晚清时期西方传教士出于加强和优化宗教传播的目的,将西方科技和工业文明通过编译出版传入中国。这些编译出版的内容以宗教、风物和科技知识居多。从设计史的视角审视,通过对西方早期来华传教士编译出版活动的梳理与分析,能够析出其中有关西方设计初传入中国的内容,为认识西方设计最早传播和影响中国提供了基础。",创意设计源,2018-05-20,期刊,G239.29,10-14,5
65,改革与专制——彼得大帝与18世纪前期的俄罗斯出版印刷,袁园,北京印刷学院,俄罗斯;出版印刷;彼得大帝;改革与专制;,"俄罗斯18世纪前期即彼得大帝在位期间,彼得大帝对俄罗斯出版印刷业推行了一系列的变革及专制措施,从而使俄罗斯的出版印刷开始由宗教性垄断逐渐向世俗性、社会性转变,并从一个单纯的由教会主导的文化现象发展成为一个更大更复杂更多元化的为政府服务的机构体系,出版印刷的发展对俄罗斯社会发展产生了重要影响。",创意设计源,2018-05-20,期刊,F419,4-9,6
66,试论交通建筑的结构节点美学,胡映东;沈百琦;邱明兵,北京交通大学北京又土又木网络科技有限公司,交通建筑;结构节点;美学;材料;力;,"交通建筑的结构节点是力汇集与消散的枢纽,在结构体系中至关重要。节点设计不单要解决工程问题,同时也是一种艺术创作,通过将节点形式与结构力流的传导规律进行比较印证,论述交通建筑节点设计是一种理性的艺术创作过程,能够将不同材料、构造形式与结构力学性能等特质转化为可感知的建筑美学,实现力与形的有效协同。",创意设计源,2018-03-20,期刊,TU248,10-15,6
67,宁波“朱金漆木雕”工艺文献考究,刘中华,上海工艺美术职业学院,宁波朱金漆木雕;十里红妆;非物质文化遗产;民俗民艺;,"""‘十里红妆’的传承与保护暨宁波‘朱金漆木雕’工艺文献考究""项目在阐述宁波朱金漆木雕文化与历史内涵基础上,对宁波朱金漆木雕的工艺文献进行了考释,探讨了宁波朱金漆木雕工艺创新传承的必要性和可行性,提出了宁波朱金漆木雕技艺的具体保护策略。",创意设计源,2018-03-20,期刊,J314.2,60-64,5
68,山西祁县渠家大院砖雕纹饰初探,于蒙群;文婷婷,上海大学,渠家大院;砖雕艺术;纹饰;工艺;,"渠家大院是中国宅院建筑的集大成者,其砖雕更是中国砖雕工艺的代表作。基于田野调研走访,通过对渠家大院砖雕纹饰系统、组配规律、装饰寓意等方面的分析,发现渠家大院砖雕纹饰包含着丰富的历史文化信息,是晋中地区人文传统、生活方式、审美趣味的集中体现。",创意设计源,2018-03-20,期刊,J314.9,65-69,5
69,浅析海南椰雕技艺传承现状,刘珵澔,海南师范大学,海南椰雕;传统工艺;非遗保护;传承人;,"国家级非物质文化遗产海南椰雕集实用与美观于一体,曾在海南人民生产生活中占有重要地位,但其技艺在今天面临着后继无人的困境。基于对椰雕文化内涵、工艺特色、传承现状的分析,认为通过技艺创新提升椰雕的工艺附加值走高端艺术品路线有助于椰雕技艺的传承和创新发展。",创意设计源,2018-03-20,期刊,J314.2,70-72,3
70,新时代景泰蓝创作观念探讨,丁明鸿,北京京华艺彩文化有限公司,景泰蓝;传统工艺;创新发展;,"源于宫廷技艺的景泰蓝,风格华丽繁复。随着社会的发展进步,景泰蓝的服务对象与审美趣味都随之改变。新时代的景泰蓝创作者不仅要传承传统技艺,也要更新创作观念。无论是工艺美术还是美术,过于雕琢带来的繁琐无度,必然导致艺术生命力的匮乏,单纯技术美或工艺美并不等于真正的美。",创意设计源,2018-03-20,期刊,J526.2,73-76,4
71,站域营造与建筑美学,姜鸣,上海国盛(集团)有限公司,O,"<正>无论从本初释义出发,抑或广域的泛指,交通建筑显然具有公共属性,与节点、流向、站域、密度、动线等等,无不相关。交通建筑,由各个向度贴合百姓日常生活,其专业视野的考量:坚固、安全、便捷、经济,自不待言,同时也包含着空间的标示,人流的荷载,场景的转换,功能的延展。正因如此,它成为我们公共生活里充满活力的有机组成部分。通衢广陌,杳不可知际;上天入地,四通八达,站立着大大小小、形形色色的交通建筑。它们或以都",创意设计源,2018-03-20,期刊,TU248,2+1,2
72,开栏语,夏海山,北京交通大学,O,"<正>交通是人类社会最基本的活动之一,交通的发展、变迁也是社会进步轨迹的表征。《易经》曰:""天地交而万物通,上下交其志同也"",从中可见中国古代""交通""的内涵,不仅包括人、物的流动,也包括信息的传达。时至今日,科技推动交通在速度与运量上不断发展,也不断改变着人们的生活方式。高效率与高效益是现代交通的基本特征,与此同时现代交通也更加关注交通的人文特征。交通如同城市的血脉,联系着整个复杂的城市系统,城市所有活动都会有交通信息的反馈,",创意设计源,2018-03-20,期刊,+,4,1
73,城市交通站点边际空间环境设施使用评价及优化策略研究——以广州市地铁为例,赖文波;薛蕊;杜尉鹏;徐金涛,华南理工大学,地铁站点;边际空间;环境设施;POE使用后评价;,"交通站点是城市边际空间的重要组成部分。现代城市生活与地铁交通紧密相连,地铁站的物理空间和其中的环境设施在人们生活场景转换中扮演着重要角色。文章从使用者的心理诉求入手,选取广州数个地铁站点为代表,通过使用评价,发现地铁站内设施设置的主要问题,提出边际空间环境设施的优化策略。",创意设计源,2018-03-20,期刊,TU984.18;U231,16-22,7
74,主题性地铁站域空间文化信息呈现方式分析——以北京市地铁调研为例,鲍英华;谭笑,北京交通大学,主题性站点;站域空间;文化信息;呈现方式;,"主题性站点是含有明确设计理念的地铁车站。通过对北京市部分地铁站点空间文化信息的调研分析,发现存在表现形式缺乏整体设计、内容多从环境文脉直接呈现、信息之间分化独立、传递方向单一等问题,主题性地铁站域空间的文化信息呈现应注重平衡性、整体性和艺术性,强化乘客对文化信息的感知体验。",创意设计源,2018-03-20,期刊,TU921,23-27,5
75,从“十里红妆”看博物馆的民艺收藏与研究趋向,何振纪;赵帆,中国美术学院中国丝绸博物馆,博物馆;民艺;展览;十里红妆;,"博物馆的民俗艺术收藏及其陈列在许多公共博物馆的馆藏展览中扮演着重要的角色,它们在彰显博物馆的馆藏资源与藏品特色方面发挥了独特的作用。以""十里红妆""为例,文章分别从馆藏资源特色、在公共艺术教育中的位置、民艺藏品的陈列展示研究以及与其它科研机构合作共同提升展览影响力四个方面出发,对当前博物馆的民艺收藏陈列展览研究进行了重新思考。",创意设计源,2018-03-20,期刊,G894,53-59,7
76,景泰蓝技艺的当代创新实践,李佩卿,北京艺泽嫣工艺美术品有限责任公司,景泰蓝;传统工艺;非遗文化遗产;创新实践;,"景泰蓝技艺在传承过程中形成了完整、成熟的艺术语言和工艺流程。文章探讨了当代景泰蓝在吸收传统技艺基础上寻求器型和色彩变化的技艺创新思路,分析了《蝶舞》《鱼韵》《鱼舞天娇》等创新实践作品。",创意设计源,2018-03-20,期刊,J526.2,77-80,4
77,北魏洛阳永宁寺遗址出土玻璃珠的用途研究,刘明虎,临沂大学,永宁寺;玻璃珠;用途;庄严;,"1994年北魏洛阳永宁寺西门遗址出土15万余枚玻璃珠,造型精美并受到了安家瑶、孟晖及朱晓丽等一批学者的密切关注,其生产工艺、化学成分与来源等问题被逐渐廓清。本文依托以上成果,结合文献记载推断出永宁寺玻璃珠的三种用途:绣珠像、菩萨璎珞、建筑珠帘,并分析其与当时佛教庄严时尚之间的联系,以此认识一种由丝绸之路所承载中西贸易和文化交流现象。",创意设计源,2018-03-20,期刊,K876.5,40-46,7
78,犍陀罗雕刻艺术中芒果系圣树及其中国化分析,晏丹丹,华东师范大学,犍陀罗;芒果系圣树;中国化;释迦牟尼佛;,"犍陀罗雕刻艺术中的芒果系圣树图像具有多种组合模式和样式,呈现出立体化、具象化、写实化的特征。随着佛教的向外传播,芒果系圣树图像突破了程式化的犍陀罗风格。通过对中国佛教遗迹中芒果系圣树图像的分析,发现该图像出现了宗教含义扩大化、表现手法抽象化、样式简单化的""中国化""特点。",创意设计源,2018-03-20,期刊,J315,47-52,6
79,新加坡轨道交通车站综合开发简析及启示,张毅;袁胜强;李朝阳,上海交通大学上海市政工程设计研究总院(集团)有限公司,轨道交通;车站综合开发;交通枢纽;常规公交车站;,"新加坡作为地少人多的城市国家,通过开发轨道交通车站综合体:立体布局轨道交通站、公交换乘站、屋顶花园,提高土地利用率和居民出行效率,其在法律保障、换乘关系、功能布局、安全配套等方面的经验可为我国的城市交通建设提供借鉴。",创意设计源,2018-03-20,期刊,U291,4-9,6
80,从符号学角度看当代“造物”文化,尹小玲,中国地质大学(武汉),造物;符号意义;赋值;造物文化;,"从符号学角度看,""造物""不仅是具有实用价值的人工制品,更是一个具有象征和隐喻意义的符号。使用者对""造物""的选择和消费,包含了符号意义的消费。造物者可以通过对造物""赋值"",来满足和引导使用者对""造物""意义的追求。",创意设计源,2018-03-20,期刊,J505,28-34,7
81,浅论功能主义在中国当代设计中的必要性,吴海波,广西机电职业技术学院,家具设计;形式主义;功能主义;,"近年来,随着经济增长和人们消费水平的提高,设计中的形式主义问题日益显露。基于人类需求层次理论,以中国当代家具设计中出现的形式主义现象为案例,剖析形式主义设计观的弊端,指出功能主义在中国当代设计中仍具有现实意义。",创意设计源,2018-03-20,期刊,J505,35-39,5
82,《创意设计源》2018年选题指南,,O,O,"<正>国家""一带一路""倡议的提出,为我国工艺美术、设计等艺术门类的发展、传承和创新提供了新的机遇,同时社会经济与民生诉求、非遗传承与创新也面临着新的问题与挑战。《创意设计源》作为艺术媒介平台,展示诸多艺术门类的发展、演变历史,传播艺术学科的理论与实践前沿研究成果,以期为我国创意产业转型发展提供学术支持。鉴于此,本刊推出2018年选题指南。",创意设计源,2018-03-20,期刊,+,81,1
83,"丝路梵相,佛教之美",姜鸣,上海国盛(集团)有限公司,O,"<正>与东方世界影响最大的宗教相关联,佛教美术照应了人们对于美和善念的向往。举凡绘画、雕刻、造像,无不浸渍了先人的瑰丽意象,佛教美术以自己的典雅、庄穆与灵妙,使得佛理智慧变得具体可感。佛教美术用形象传播思想,并且在发展中逐渐形成自己的形式语言和内容题材,它是宗教信仰和艺术元素的完美结合。同时,我们也分明可以看到佛教和佛教美术的流播进程里所发生的取",创意设计源,2018-01-20,期刊,J19,2+1,2
84,“微设计”理念及其在产品设计中的应用,高凤麟,中国美术学院,微设计;产品设计;应用;,"""微设计""理念是一种从微小细节观察并改良物的思维方法。其分为两层含义,一层是观察并找到物存在的深层问题,另一层是用最为精确的方式改良物。""微设计""理念既强调准确找到物被人需要的理由,也重视以最小的改变达到对原有物品的精确改良。这种理念实则是对产品无节制更新换代提出的有效控制方法,旨在实现人、物、环境三者的和谐共存。",创意设计源,2018-01-20,期刊,TB472,42-46,5
85,国内外铁路客站室内环境热舒适性研究进展综述,杜晓辉;李晓波,北京交通大学,铁路客站;热舒适性;研究方法;研究进展;,"在我国,大多数的建筑室内环境热舒适性研究是关于住宅和办公建筑的,针对大型公共建筑的研究很有限。本文以铁路客站这一类型公共建筑为例,通过国内外文献梳理,从研究方法、研究角度、研究特点等方面进行归纳分析,研究成果为今后针对铁路客站开展室内环境热舒适方面的研究提供参考。",创意设计源,2018-01-20,期刊,TU111,47-51,5
86,综合材料在当代插画设计中的应用——以珍妮·贝克作品为例,夏平,武昌工学院,综合材料;插画;珍妮·贝克;,"近年来,插画设计早已不再受限于传统绘画的表现形式,越来越多的插画作品运用综合材料进行表现,呈现出不同的面貌。以珍妮·贝克作品为例采用实证研究和理论研究的方法,将综合材料在当代插画应用的观念与背景、作用与表现进行探讨,推动我国插画设计新兴创作的发展。",创意设计源,2018-01-20,期刊,J218.5,52-55,4
87,数字化语境下博物馆APP的体验设计,王伟;王莉,中南大学,数字化;博物馆;APP;体验设计;,"博物馆APP是传统博物馆形态与新兴数字技术相结合的产物,它的出现突破了传统博物馆与大众之间的时空限制,使博物馆与大众的交互方式更加便捷、高效、灵活、丰富。本文从当前国内外博物馆APP的现状分析出发,从用户体验设计的战略层、范围层、结构层、框架层和表现层等五大层面综合考虑,探讨数字化语境下结合了博物馆特色与智能终端优势的博物馆APP体验设计新模式。",创意设计源,2018-01-20,期刊,TP311.56,56-62,7
88,“一带一路”背景下非遗IP创新案例探析,刘中华;焦基鹏,上海工艺美术职业学院,“一带一路”;数字文化产业;非遗IP;,"非物质文化遗产凭借其丰富的文化内涵可以为优秀传统文化资源进行创造性转化与创新性发展提供土壤,在""一带一路""倡议的推动下,非遗IP创新可促进沿线国家文化交流、文化传播、文化贸易创新发展,实现互利共赢。本文结合非遗IP创新实际案例,通过对非遗IP创新类型及特点的分析总结,对""一带一路""非遗IP的创新开发与创造转化进行探索。",创意设计源,2018-01-20,期刊,G124,68-73,6
89,凤翔泥塑代表性传承人技艺与传承梳理,陈淑姣,北京电子科技职业学院,凤翔泥塑;传承人;传承谱系;,"通过对国家级非物质文化遗产陕西凤翔泥塑传承人现状进行的田野调查,阐述了胡深、杜银、胡新明三位代表性传承人的艺术风格和艺术成就,并对他们的传承谱系进行了梳理,指出了凤翔泥塑""立人造像""等技艺所面临的传承危机,以期能推动凤翔泥塑的保护与传承。",创意设计源,2018-01-20,期刊,J314.7,78-80,3
90,敦煌壁画中于阗白衣立佛瑞像源流研究,张小刚,敦煌研究院,佛教美术;敦煌壁画;于阗白衣立佛瑞像;,"在敦煌壁画中,于阗白衣立佛瑞像图题材丰富、数量众多,背光中布满化佛或者头上戴冠系带是其显著特征;在和田地区考古遗迹、石窟壁画中发掘的白衣立佛可推断为敦煌壁画中相关造像的原型;而这种背光中布满化佛造像样式,可能与舍卫城神变故事对佛教造像的影响有密切关系,在犍陀罗艺术中也有这种造像形式的原型。由此我们能够了解白衣立佛造像从印度到西域,再到敦煌的传播情况。",创意设计源,2018-01-20,期刊,J218.6,21-30,10
91,全面交互语境下设计对象变迁刍议,白仁飞,天津科技大学,设计;体验;交互;意识;触点;,"随着时代的发展和科技的进步,设计的边界逐渐模糊,设计的需求和研究对象也在发生变化。针对这一现象,本文提出了""触点""的概念,并就全面交互语境下""意识的边界和体验的维度""问题进行深入探讨,试图剥离传统用户研究过程中对""人""的过度关注,转而将焦点对准产品生态中最本质的""关系""。",创意设计源,2018-01-20,期刊,TB47,38-41,4
92,海宁安国寺唐咸通年经幢佛顶尊胜陀罗尼经变相考述,赖天兵,杭州佛学院,海宁安国寺;唐咸通六年;经幢;佛顶尊胜陀罗尼经与序文;变相;,"本文叙录了海宁安国寺唐咸通六年经幢所镌佛教造像,通过与经序、经文与其他佛教图像的比较,结合榜题残字考证经幢主体造像为佛陀波利译《佛顶尊胜陀罗尼经》序与经文的变相,这是该经变相在经幢上的首度发现。经变造像的揭示为我们研究经幢崇拜与《佛顶尊胜陀罗尼经》信仰提供了新的资料,也为发现新的佛顶尊胜陀罗尼经变存例提供了方向。",创意设计源,2018-01-20,期刊,J315,31-35,5
93,“灵”第三届“薪技艺”国际青年工艺美术展暨学术研讨会在上海工艺美术职业学院举行,,O,O,"<正>2017年12月15日上午,由上海工艺美术职业学院与清华大学美术学院联合主办的2017""灵""第三届""薪技艺""国际青年工艺美术展暨学术研讨会在上海工艺美术职业学院徐汇校区盛大开幕。来自中国、日本、英国、美国、法国、韩国、意大利、孟加拉国等10个国家的100余位青年艺术家与海内外的工艺美术大师、社会各界及众多新闻媒体汇聚一堂,共襄盛典。",创意设计源,2018-01-20,期刊,J50-28,36,1
94,长三角VR虚拟现实创新联盟成立大会暨教育创新研讨会在上海工艺美术职业学院举行,,O,O,"<正>2017年12月29日下午,由上海市教委立项并资助建设,上海工艺美术职业学院、上海应用技术大学、同济大学创意学院、网龙华渔教育作为发起单位;苏州大学、浙江传媒学院为长三角区域牵头单位;中国传媒大学为区域外协作牵头单位的长三角VR虚拟现实创新联盟成立大会暨教育创新研讨会在上海工艺美术职业学院嘉定校区召开。来自长三角地区数十家高校、教育科研单位、相关企业、媒体代表齐聚D203报告厅,共",创意设计源,2018-01-20,期刊,TP391.9-2,37,1
95,南京夫子庙景区文化创意产品现状分析与研究,王玮;韩鹏;苏静,南京林业大学,秦淮文化;南京夫子庙景区;文化创意产品;,"近年来以文化为核心的旅游产业以及周边衍生产业能够带动区域经济的发展。如何开发利用各地区的传统文化资源使其转变成文化产品并带来经济效益成为相关领域一个新的研究课题。以秦淮文化作为区域文化创意产品背景,以南京夫子庙旅游文化产品为研究对象,从实用性、创意性、文化性、历史性以及服务设计等角度,分析南京夫子庙文化创意产品的现状及缺陷,并为南京夫子庙文创产品的持续发展提供思路。",创意设计源,2018-01-20,期刊,G124;TB472,63-67,5
96,地方高校与传承人家庭协同参与下的凤翔泥塑传承研究,花蕾;钟福民,赣南师范大学,非遗保护;凤翔泥塑;地方高校;传承人家庭;,"非遗活态保护的关键在于为传承人提供一个可持续发展的环境。陕西省凤翔县六营村的彩绘泥塑是国家级非物质文化遗产,目前面临着代际传承的困境。本文从凤翔泥塑发展概况入手,剖析泥塑家族代际传承中的问题,探讨凤翔泥塑家族传承人与地方高校协同参与下的传承模式,寻求凤翔泥塑活态传承和生产性保护的可行性路径。",创意设计源,2018-01-20,期刊,J314.7,74-77,4
97,《创意设计源》2018年选题指南,,O,O,"<正>国家""一带一路""倡议的提出,为我国工艺美术、设计等艺术门类的发展、传承和创新提供了新的机遇,同时社会经济与民生诉求、非遗传承与创新也面临着新的问题与挑战。《创意设计源》作为艺术媒介平台,展示诸多艺术门类的发展、演变历史,传播艺术学科的理论与实践前沿研究成果,以期为我国创意产业转型发展提供学术支持。鉴于此,本刊推出2018年选题指南。",创意设计源,2018-01-20,期刊,+,81,1
98,开栏语,李静杰,清华大学,O,"<正>以规模之盛大、内涵之系统而言,中西文化交流之大宗成果,概莫有胜于佛教文化,这其中尤以佛教艺术最为绚烂。一者人物造型,汉文化地区北朝前期受到犍陀罗文化影响,创造一大批注重形体结构刻画的佛教造像,南北朝晚期与隋代又大量吸收笈多文化因素,形成圆润、优美、冥想式造像风格,初盛唐时期伴随着新一轮中外交流热潮,产生了丰盈、柔美且富于情感的艺术形体。二者装饰纹样,南北朝以来随同大发展的佛教物质文化,来自印度的莲花纹样被赋予佛国净",创意设计源,2018-01-20,期刊,+,4,1
99,西方极乐净土的莲花池图景源流,张同标,华东师范大学,极乐净土;莲花池;佛教美术;,"净土信仰的西方极乐世界,以""三经一论""为核心依据。按照佛经撰著史分析,鸠摩罗什译《佛说阿弥陀经》(""小经"")铺陈和美化了莲花池,视之为极乐净土的核心区域。康僧铠译《佛说无量寿经》(""大经"")、畺良耶舍《佛说观无量寿佛经》(""观经"")虽然又进一步发挥,却仍然保持了把莲花池作为极乐净土原型的基本构想。在印度的热带地区,水池是日常洗浴的基本设施,阿育王曾经把开凿水池作为他仁政的一部分,贵霜时期的各式宗教造像题记中也常有开凿水池的记载。在水池中栽种莲花,既美化了水池,也是水池后来神圣化的起点。莲花池并非佛教专有,印度教神庙的凿池之举更加常见。以莲花池为原型,从真实的水池开始演化,最终被神圣化为阿弥陀佛的极乐净土。",创意设计源,2018-01-20,期刊,J19,4-13,10
100,早期印度佛教植物装饰源流与传播研究——以莲花纹和忍冬纹为例,张晶,华东师范大学,佛教植物装饰;莲花纹;忍冬纹;,"佛教艺术传播过程中,大量运用植物纹样进行装饰。莲花纹和忍冬纹一直被认为是佛教传入中国以来最为流行的植物纹样,其源头可以上溯印度本土早期信仰崇拜和无佛像时代。伴随着佛教的传播,植物纹样在贵霜时期(Kushan Period)的犍陀罗艺术(Gandhara)中,吸收了希腊化艺术(Hellenistic art)的特征以及波斯文化、草原游牧各族文化的特征,发生新的融合和改变。公元1世纪左右,佛教传入中国,石窟寺的营建中使用了大量外来的植物装饰纹样。以莲花纹和忍冬纹为代表的植物纹样,改变了中国汉代以前以动物纹样为主的格局。",创意设计源,2018-01-20,期刊,J535.12,14-20,7
