1,转型模式:创造和谐幸福的交互产品设计,F·赫斯特·欧森;辛向阳;孙志祥,美国旧金山欧特克(Autodesk)公司基础设施协作产品部江南大学设计学院江南大学外国语学院,O,"<正>一、引言行为和社会变化问题既复杂又重要,已经成为当今设计师所面临的一大挑战。解决单个的产品或孤立的功能问题的传统方式已经失去了影响力。为应对这些挑战,设计领域受认知科学和工程学的影响,开始把重点放在动机和最终目标上。2但是,倘若一个人没有明确的目标或动机,而是处于不断变化的状态,又会如何呢?倘若变化与现状界限模糊,又会如何呢?尽管",创意与设计,2017-12-30,期刊,TB472,4-12,9
2,美国奥本大学工业设计专业设计基础课程介绍与经验总结,胡伟峰,江南大学设计学院,设计教育;基础设计;奥本大学;,"设计基础课程对于工业设计专业学生的设计能力培养至关重要,其教学质量很大程度上决定了工业设计专业学生的设计实践能力。本文主要将美国奥本大学工业设计专业的设计基础课程的教学内容、方法和模式进行介绍,并系统总结其优点和成功经验,希望能够对于我国工业设计专业基础课程教学提供一些启发和借鉴。",创意与设计,2017-12-30,期刊,G642;TB47-4,56-62,7
3,无锡近代园林遗产的保护与发展策略研究——以太湖鼋头渚风景区为例,朱蓉;吴尧,江南大学设计学院,近代园林;保护;发展;太湖鼋头渚;,"在城市宜居环境可持续发展与文化遗产保护热潮的推动下,近代园林的保护与发展问题已逐渐成为近年来学术界研究的热点。本文选取无锡近代园林遗产较为集中的、并具有代表性的太湖鼋头渚风景区为例展开研究,在明确这种新型文化遗产内涵与价值的基础上,针对近代园林遗产保护的特殊性与现实挑战,提出未来的保护和发展策略方法,以期为我国历史园林现代化转型的规划设计提供参考与借鉴。",创意与设计,2017-12-30,期刊,TU986,21-27,7
4,设计随想录,周武忠,上海交通大学设计学院,O,"<正>我自2012年调往上海交通大学设计系工作,3年后,在上海的工作基本稳定,得闲常回南京成贤街。这是一条有着深厚文化教育底蕴的历史街道,国民政府时期中央大学、教育部,以及著名建筑教育家杨廷宝先生故居都在成贤街上。每次来到这里,都会与东南大学和东方景观的同事交流心得,大多是关于具体项目的规划思想、设计理念和方法技巧;但由于大多数设计新人刚刚从学校毕业,所以也经常会与他们谈谈规划设计行业信息、规划设计师队",创意与设计,2017-12-30,期刊,TU984.114,49-55,7
5,品牌提升:新媒体艺术在城市公共空间的运用,李文嘉;李紫薇,上海理工大学出版印刷与艺术设计学院,城市品牌;新媒体艺术;公共空间;品牌提升;,"城市品牌的提升与重塑在新媒体环境的发展下显得尤为重要,新媒体艺术融入城市空间塑造具有重要意义,可以提升公共空间审美,丰富城市居民生活,提升城市品牌形象。本文在对城市品牌与公共空间概念的阐述基础上,从三个层面入手分析了新媒体艺术参与城市公共空间,并找到了新媒体艺术运用的特征与原则。",创意与设计,2017-12-30,期刊,J0;TU984.113,63-67,5
6,中国艺术精神视野下的艺术内在结构“诠释”,赵忠,南京财经大学艺术设计学院,结构;艺术哲学;意味;,"中国艺术的内在""意味""根源于中国传统文化,""结构""是艺术哲学存在的最为重要的元素,也是我们探索物象和分析物象的经常光顾的""地方""。""结构""所隐含的内在元素:言、象、神、道将形成一个呈现艺术精神的外在形式规律,任何的艺术作品所展示的作品的主旨都是通过这四个元素诠释出来的,也就是说,四个元素在表现作品的隐含意味和外显作品的外貌上都会相互联系,不可分割,""结构""引领着我们去探索物象的未知区域,去研究物象存在的精神意味。",创意与设计,2017-12-30,期刊,J120.9,39-44,6
7,故事世界与虚拟空间——VR动画叙事方式的探索与思考,宋方圆,上海理工大学出版印刷与艺术设计学院,虚拟现实;视觉互动;电影美学;,"VR作为一个以沉浸式体验为主要特点的计算机仿真系统,可以创建和体验虚拟世界,从传统动画到VR动画,叙事的侧重点从讲述故事转变为互动体验,如何利用这种新兴载体讲故事,是目前行业内一个基本空白的状态,叙事的方式更多的注意力是在故事和体验之间找平衡。本文从传统电影美学视角考察VR动画作品,探讨对运用于动画的VR叙事提出一些问题和设想,从而进一步探寻新技术应用的价值点和未来发展新方向。",创意与设计,2017-12-30,期刊,J954;TP391.9,85-89,5
8,“泛动画”背景下高校动画人才的培养,张巧,金陵科技学院动漫学院,泛动画;人才培养;复合型;课程建设;,"随着数字技术的发展,与新媒体结合的各种形态的""泛动画""将传统动画的范畴延展到一切动画应用领域。在此背景下,社会、行业对动画人才的需求更加倾向于多元化。文章以泛动画的特征及对人才的全新需求为依据,从树立泛动画概念下的复合型人才观、新课程开发建设、个性化的人才培养、复合型师资建设等方面探讨培养兼通艺术创意和多媒体技术的复合型、多类型、个性化的""泛动画""人才的方法路径。",创意与设计,2017-12-30,期刊,G642;J218.7-4,74-79,6
9,泥韵陶润,,南京师范大学美术学院,宜兴均陶;审美特质;窑系;,"宜兴陶窑系的研究与开发最近获得学术界的广泛关注。宜兴窑产区历史悠久,从新石器时代至春秋至两晋隋唐,绵延不绝,于宋代发生了重大变化,开始了专门的陶器生产,形成了日用釉陶以及无釉陶的生产和创造,最终形成了均陶、紫砂以及彩色釉陶的陶窑系格局。宜兴陶窑体系的艺术特质研究将是其中重要的一个研究方向,加深研究有助于宜兴陶窑系的深化挖掘,有助于从事与加强宜兴陶业的内涵和创意实力。本文首先从宜兴均陶艺术开始,做初步的探究。",朴雅天成——宜兴均陶艺术基本审美特质探究,高英姿,创意与设计,J527,90-96,7
10,扼中国设计艺术史之要道——评《华戎混生开新风——北朝设计艺术研究》,董波,苏州工艺美院,O,"<正>中国设计艺术史是否有咽喉要道?读了《华戎混生开新风——北朝设计艺术研究》(以下简称《华》)(图1)便会对这个问题形成一个答案:中国设计艺术史至少有一处要道,那就是北朝的设计艺术。该书作者张晶、黄良莹两位学者的学术成果,我拜读过不少,与她们也有面对面的交流与探讨,此部新著仍让我获益匪浅。一、独具慧眼的选题中国古代史,安史之乱可谓公认的转",创意与设计,2017-12-30,期刊,J509.2,97-104,8
11,2017年第二届中国设计文化遗产研究学术论坛暨设计学博士生论坛综述,王强;陈嘉晔,江南大学设计学院,设计文化遗产;设计学;会议综述;,"由江南大学主办,江南大学产品创意与文化研究中心、《创意与设计》杂志社、中国轻工业工业设计重点实验室共同承办""第二届中国设计文化遗产研究学术论坛暨设计学博士生论坛""活动,与会的各位专家、学者重点从社会制度、生活方式、生产方式、民俗文化、科学技术、数字艺术等方面探讨中国设计文化遗产领域的研究成果,探析不同领域对设计文化遗产研究的新方法,寻求多视角、多学科研究的新风向。",创意与设计,2017-12-30,期刊,J50-2,13-20,8
12,摩登时代的商业化炫耀:“装饰艺术”缘起及其转变新论,王敏,江南大学设计学院,装饰艺术;风格;现代设计;贝维斯希利尔;,"兴起于二十世纪初的""装饰艺术""在汲取多元文化要素和新技术的背景下,走向了炫耀与时尚之路。通过对相关文献的分析与比较,剖析了""装饰艺术""所呈现出的两个阶段变化及特点。认为""装饰艺术""从早期的技术炫耀到时尚消费,再到多元化设计,完整地体现出两次世界大战期间,在新技术背景下从艺术与设计领域向商业化方向的拓展之路。指出""装饰艺术""的商业化本质,是形式要素来源广泛的一场风格化设计运动。",创意与设计,2017-12-30,期刊,J509.1,28-33,6
13,论《康熙南巡图》与《乾隆南巡图》中苏州历史图像与苏州城市经济的发展与变迁,孙国良,中国艺术研究院,康熙;乾隆;南巡图;苏州;历史图像;,"康熙和乾隆两位帝王前后分别六次南巡,是清代中前期政治生活中的重要事件,而《康熙南巡图》与《乾隆南巡图》正是记录康熙、乾隆南巡盛举的纪实性宫廷绘画巨作。苏州是清代中前期江南社会经济文化的中心,""驻跸苏州城""也是南巡二图重点表现的内容。文章通过对《康熙南巡图》和《乾隆南巡图》中苏州历史图像的比较研究认为,作为历史纪实性绘画的鸿篇巨制,二图不仅在表现手法及艺术风格方面富有特色,是清代中前期院画的代表作品,体现了这一时期院画的艺术成就,而且也具有很高的历史文献价值。二图中苏州历史图像为我们生动形象的展示了康乾时期苏州城市社会经济的兴盛繁荣的真实景象及苏州城市规模和格局的变迁等状况,不仅印证了历史文献的记载,且一定程度上弥补了文献资料记载的空白处。",创意与设计,2017-12-30,期刊,F299.27;J212,34-38,5
14,西夏文书籍装帧艺术特点初探,李晓春,宁夏大学美术学院,西夏文书籍;装订形式;版面;装饰;,"西夏时期(1038—1227),党项族创造了神秘的民族地域文化。其中最为重要而且影响深远的是李元昊让大臣野利仁荣借鉴汉字的某些造字方法创造了记录党项语言的民族文字——蕃(番)书(即西夏文),西夏文的创制不仅对民族语言的发展可规范化起到了积极作用,而且对西夏文化和教育事业的兴盛,宗教的传播,文学的繁荣,印刷业的进步等都有直接的影响。本文通过对西夏文书籍装帧的特点进行研究和探索,发现西夏书籍无论是装订形式还是版面装饰都将他们朴素的民族文化、审美特点和汉族艺术风格相融合,并从汉族艺术风格中吸取精华,从而创造出反映西夏时期独特的人文形态。",创意与设计,2017-12-30,期刊,J524,45-48,4
15,科技与文明的枢纽——基于当代生活语境下中国设计的教育身份,黄颖茜,中国美术学院艺术管理与教育学院,日常生活;设计;教育身份;,"随着中国经济与科技的发展和外来文化的冲击,现代社会的生产方式和文化思潮正在向多元化趋势的进行转型。设计正以愈来愈日常化和审美化的方式介入于大众所处的生活环境中。大众生活水准的提高使人们的欣赏水平和文化需求不断提升。基于这些趋势,当代设计的超越性层面的身份正在被日益关注。本文采用调查研究和文献分析的方法,以""日常生活审美化""视角审视中国现当代设计,从设计的社会教育与文化传承身份的角度厘清和分析中国当代设计的角色定位、社会影响、社会认同以及社会职能,以期对当代中国设计具有启发作用。",创意与设计,2017-12-30,期刊,J50-4,80-84,5
16,“中国建筑史”课程多维教学法的实践应用——基于环境设计专业的研究合,方智果;章丹音;谢城,上海理工大学艺术设计学院,环境设计中国建筑史;多维教学法;教学策略;实践应用;,"基于环境设计专业特点,在分析现有中国建筑史的教学模式与内容存在问题的基础上,提出运用多维教学法在教学内容与实践上进行教学改革,旨在突破传统史学教育的局限性,探索一种新的理论课程与技术实践相结合的教学策略,帮助学生吸收建筑历史文化及经验,提升创造性思维能力。",创意与设计,2017-12-30,期刊,G642.4,68-73,6
17,民族场域下的饮食器具设计思想,丁诗瑶,广东工业大学艺术与设计学院,场域;饮食器具;设计思想;,"本文结合蒙古族饮食器具的传统造物理论,探究饮食器具的设计思想和设计环境,立足于蒙古族在文化交流上地位和文化意义,从不同视角诠释饮食器具的设计思想。器物所存在的手工场域、民族场域和民间场域即为民族手工艺及造物之前提。",创意与设计,2017-10-30,期刊,TS972.23,33-37+102,6
18,基于大数据的移动互联产品创新设计研究,吴祐昕;吴波,江南大学设计学院,大数据;移动互联产品APP;信息设计;,"随着互联网向移动化和全息化的加速进化,从物联网到车联网,各类联网应用与大众日常生活日益紧密的融合,要求互联网应用设计者对人性、文化、生活传统等有更加深刻的把控。大数据则是很好的研究背景和工具,依托大数据,可以实现用户洞察。对于轻便化和随身化的移动互联产品设计而言,了解用户是设计的前端和根本,本文着重阐述大数据背景下设计的本源思考,大数据和移动互联产品创新设计的文化联系,逻辑关系以及实现路径。",创意与设计,2017-10-30,期刊,TB472,51-55+83,6
19,北图-故宫本《鲁班经》版本特征分析及其演变,江牧;冯律稳,苏州大学艺术学院,北图-故宫本;鲁班经;版本;,"《鲁班经》作为一部在我国古代民间广为流传的工匠用书,对研究古代建筑、家具、民俗文化等都有着非常重要的价值。目前,《鲁班经》流传下来的古籍版本较多,版本质量参差不齐。笔者在调查比对大量版本的基础上,发现其中一大部分《鲁班经》古籍与""北图本""和""故宫珍本""《鲁班经》有着非常大的关系,而这两个版本相似度很高。本文将""北图-故宫本""作为底本,对与之有相似性的十一部《鲁班经》版本加以对比研究,分析其特征与差异,揭示它们之间传承与演变的关系。",创意与设计,2017-10-30,期刊,TU-092,14-17,4
20,经典重译——设计寻根之旅——读格罗皮乌斯的新建筑与包豪斯,曹天慧,鲁迅美术学院设计学院,O,"<正>拿到这本精致的小书,我是十分惊喜的:因为这本书的出版是包豪斯精神的再次发声,是我们呼唤设计界和设计教育界重新审视包豪斯,重新理解包豪斯,并为他们厘清目前世人对于包豪斯的各种误解。而这也正是经典重译的价值之所在。在国人开始接触包豪斯到现在,我们经历了崇拜、学习、吸收、质疑、批判、",创意与设计,2017-10-30,期刊,TU-86,99-102,4
21,研究及设计在学界和实践中的定位问题,马金·范·德·维杰;康拉德·范·克里坡;希尔德·海嫩;孙志祥;辛向阳,鲁汶大学哈塞尔特大学哈瑟尔特大学(比利时)室内设计研究室鲁汶大学建筑系江南大学外国语学院江南大学设计学院,O,"<正>一、引言本文探讨研究在建筑设计学中定位的不确定性问题。由于实践、教育及学术界对于建筑研究的性质存在多种不同的阐释,所以有关建筑研究的性质目前尚无定论。本文以此作为研究对象,试图揭开这些离散的阐释背后的不同逻辑,并指出前进的",创意与设计,2017-10-30,期刊,TU201,4-13,10
22,中美两国老年人在城市公共空间中的用户行为比较研究,魏娜;辛向阳,江南大学设计学院,用户行为;问卷调查;公共空间;中国;美国;老年人;,"本论文依据问卷调查的方法,探讨中美两国老年人在公共空间中的用户行为研究。在中国上海市、无锡市和美国纽约市、辛辛那提市共选取了1960名老年人的有效问卷进行数据分析。其结果显示了中美两国老年人对于城市公共空间中用户行为体验需求的异同点。即中国老年人的使用频率明显高于美国老年人;中国老年人在公共空间中的体验目的主要为运动和健身,而美国老年人则选择放松为首要目的;气候条件是中国老年人参与公共空间的影响重要要素,而时间要素则对美国老年人产生影响;两国老年人都喜欢体育和运动,但中国老年人更偏向于群体性聊天活动,美国老年人更多是独自欣赏风景;公共空间的公共设施是中国老年人最重视的公共空间要素,而交互式设计则是美国老年人的独特需求。最后,文章从文化、经济和政治因素的角度分析了产生上述研究结果的原因。",创意与设计,2017-10-30,期刊,TU984.113,71-76,6
23,瓦尔特·格罗皮乌斯,,O,O,"<正>瓦尔特·格罗皮乌斯是德国现代建筑师和建筑教育家,现代主义建筑学派的倡导人和奠基人之一,公立包豪斯(Bauhaus)学校的创办人。1883年5月18日生于柏林,1969年7月5日卒于美国波士顿。",创意与设计,2017-10-30,期刊,K835.16;TU-86,2+105,2
25,“匠人精神”的现在时——文创语境下传统民间工艺美术的“文化更新”论,韩超,湖州师范学院艺术学院,匠人精神;文化创意;传统民间工艺美术;文化更新;,"""匠人精神""是传统民间工艺美术一直秉持的态度和恪守的原则,它在现代社会的发展并不排斥推陈出新,而与文化创意的""联姻""有利于推动传统民间工艺美术的""文化更新"",亦有利于""匠人精神""的存续与发展。传统民间工艺美术的更新与社会实践的牵引、旧有文化精神的偏移及心理情感的认同关系密切。在文化创意语境下传统民间工艺美术可借助思想观念及文化内涵的变迁催生新的功能与形式;通过价值认识的嬗变促进创作手段和媒介的创新;以""匠人精神""为准则保障样式与技艺的分离。",创意与设计,2017-10-30,期刊,J52,18-27,10
26,17—20世纪西方扇文化发展演变探析——以俄国扇文化为论述中心,杨祥民;全行,南京邮电大学传媒与艺术学院上海大学数码艺术学院,17—20世纪;扇子;扇文化;俄国;英国;法国;,"17世纪到20世纪这段时期,西方社会发生诸多改变,扇子作为艺术与生活完美结合的产物,正是这段时期社会风尚和精神面貌的写照。西方扇子的装饰风格、设计演变,深受不同阶段社会大环境和审美趋势的影响。俄国扇子在学习欧洲先进国家的同时,也形成了具有自身地域特色的制扇风格。通过对于西方扇文化发展的述评解读,从而实现对该时期西方艺术、设计、审美和社会生活的全面认知。",创意与设计,2017-10-30,期刊,J539,28-32,5
27,论传统农耕文化传承的价值和设计策略,林鸿;邓芬;江牧,苏州大学艺术学院,农耕文化;传承;价值观念;,"农耕文化是我国人民几千年来智慧的结晶,它不仅是中华民族世代繁衍、生生不息的物质基础,还影响着世世代代人的价值观念和伦理道德。传承中华民族传统农耕文化,有利于实现和稳定我国的可持续发展。尤其在我国社会转型时期,生态环境严重破坏,国民道德缺失、价值观颠覆的现状下,学习和弘扬我国传统优秀农耕文化具有重要意义。",创意与设计,2017-10-30,期刊,J505,46-50,5
28,在应用中建构:对展示空间中数字媒介的认识,李伟;王瑜,南京航空航天大学艺术学院,数字媒介;展示空间;设计应用;,"信息时代背景下,数字媒介在展示空间中的广泛应用,使其成为新的设计现象出现在人们的视野之中。本文力图揭示这一现象背后的必然性,以及对当代展示空间特征与功能的建构,进而清晰认识当代展示设计的发展动向,引发一部分的思考。",创意与设计,2017-10-30,期刊,J535.2;TP399,64-70,7
29,《髹饰录》研究访谈,长北;刘帅,东南大学艺术学院,O,"<正>2017年8-9月,《中国生漆》期刊编辑刘帅借与东南大学长北教授同往缅甸参加亚洲漆器工艺交流研究项目系列活动间隙,就《髹饰录》研究对长北进行了访谈。刘帅:长北老师,您怎么会用如此长期艰苦的努力来研究《髹饰录》的呢?",创意与设计,2017-10-30,期刊,J527,84-93,10
30,非物质文化遗产传承与创新的理论与实践——评《无锡纸马艺术》,童永生,江南大学设计学院,无锡纸马;民俗艺术;文化遗产;传承与创新;,"《无锡纸马艺术》是由江南大学设计学院王安霞教授和其弟子刘伟强合著,2017年1月出版的一本关于无锡纸马艺术研究的专著。作者以理论创新和艺术实践的方式,从突破民俗学本体认识的历史观,反映了无锡纸马的发展渊源。探讨了无锡纸马的发展概述,解析了无锡纸马的民俗意蕴与艺术特征,对无锡纸马与其他地区纸马进行了横向比较,并将无锡纸马置于当代语境下,提出了具体有效的保护策略与传承创新途径。该专著是贴近无锡纸马艺术历史真实的解读,是对非物质文化遗产传承与创新的理论与实践的探索,由此也赋予了无锡纸马更加永久存在的意义。",创意与设计,2017-10-30,期刊,J205,94-98,5
31,制造时尚:民国电影画报中“时髦的身体”,付晓彤,南京艺术学院设计学院,民国;电影画报;时尚;身体;,"民国时期,随着社会的转变,电影画报一跃成为近代报刊中最受人们欢迎的报刊类型之一。电影报刊与电影呈同步繁荣发展的趋势,内容主要是报道电影业的发展,同时也透露出这一时段人们的审美观念、生活方式,揭示着中国社会的现代性转变。可以说,当今留存下来的民国历史影像再现了当时风华。从民国电影相关的资料,如电影海报、民国影人时装照和旧时的电影杂志为切入点,可探讨民国时期的时尚,进一步揭示时尚与身体的本质关系。",创意与设计,2017-10-30,期刊,J509.2,38-45,8
32,从体验设计角度看汉译图书的视觉翻译问题,代福平,江南大学设计学院,体验设计;书籍设计;汉译图书;视觉翻译;,"设计品质较好的外版图书,给读者带来了内容和形式交融的独特体验,这就使译版设计师的视觉翻译工作变得十分重要。本文论述汉译图书视觉翻译的基本方法和主要内容,并以两岸翻译同一本书的典型案例进行分析,有针对性地总结相关问题,旨在为汉译图书提供视觉翻译的若干借鉴。",创意与设计,2017-10-30,期刊,J524,77-83,7
33,从三次中外参数化设计工作坊联合教学看设计与研究的结合,詹和平;徐炯,南京艺术学院设计学院,中外参数化设计工作坊联合教学;设计与研究;结合;研究型设计;,"针对当前设计学研究生教育中设计与研究脱节的问题,本文以南京艺术学院设计学院3次中外参数化设计工作坊联合教学为例,从教学课题、教学内容、教学方法、教学成果等几个方面对工作坊教学中设计与研究的结合状态作了分析,在此基础上,进而提出进一步思考,即重视研究对设计的作用、加强设计与研究的结合和提高研究型设计的认识,为解决存在的问题提供一些有价值的经验和参考。",创意与设计,2017-10-30,期刊,G642,56-63,8
34,阿波罗的可视化:人机关系的图形化探索,雅尼·亚历山大·路凯萨;大卫·敏德尔;辛向阳;孙志祥,哈佛大学设计研究生院伯克曼互联网与社会研究中心麻省理工学院江南大学设计学院江南大学外国语学院,O,"<正>一、引言美国航空航天局(NASA)一直在与不确定的国家政策环境作斗争,时下正在寻求新的人与机器人组合的探索模式。在阿波罗时代,在太空建立人类存在是NASA工作不可分割的一部分。~2最近,火星探索漫游者任务已经表明对行星表面的远程探索可以做到非常丰硕和成功。~3太空探索是在极端环境下进行的众多技术操作的范例之",创意与设计,2017-08-30,期刊,V476,4-12,9
35,多学科视角下汽车设计专业的知识领域与课程体系研究,黄雪飞,武汉理工大学艺术与设计学院,多学科视角;汽车设计专业;知识领域;课程体系;,"欧美发达国家的设计学科教育历史悠久、体系完整,建设了成熟的汽车设计专业。本文基于设计创新、设计工程、设计战略与管理以及设计教育等多种学科视角,对汽车设计专业的知识领域及子知识领域梳理分析;对美国的艺术中心设计学院和创意设计学院以及我国的清华大学和武汉理工大学共四所院校的交通工具设计专业课程设置进行调研;从历史文化、思维方法、工程技术及经济管理等四类知识领域分析院校之间课程设置之间的差异,窥探汽车设计专业课程设置的基本框架。摘要:",创意与设计,2017-08-30,期刊,U462-4,85-91,7
36,F.L.赖特——美国住宅建筑大师,,O,O,"<正>弗兰克·劳埃德·赖特(Frank Lloyd Wright),工艺美术运动(The Arts&Crafts Movement)美国派的主要代表人物。美国最伟大的建筑师之一。1867年6月8日生于威斯康星州里奇兰森特,1959年4月9日卒于美国菲尼克斯。F.L.赖特师从摩天大楼之父、芝加哥学派(建筑)代表人物路易斯·沙利文,后自立门户成为著名建筑学派""田园学派""(Prairie School)的代表人物。F·L·赖特与瓦尔特·格罗皮乌斯",创意与设计,2017-08-30,期刊,TU201,2+105,2
37,1700-1840年英国的中国风格壁纸设计,蒋茜,南京艺术学院设计学院金陵科技学院,设计交流;壁纸设计;模仿与融合;,"就历史发展进程而言,不同文明的接触,便会成为人类进步的里程碑。比如,1700-1840年间英国人对于中国风格的模仿,将他们自己所理解的中国传统题材加以利用,强调的夸张审美,最终臆造出虚无的中国式形态。本文以此时期英国的中国风格壁纸设计为研究对象,探讨其历史形成的渊源及设计特点,以此阐述中英设计文化交流带来的丰富历史景象。摘要:",创意与设计,2017-08-30,期刊,TU238;TU531.5,70-75,6
38,江苏明清私家园林踏访,长北,东南大学艺术学院,江南;江苏;明清;私家园林;,"江苏苏州、扬州、南京等地明清私家园林是江南明清私家园林的精华。作者以亲身踏访为线,逐一评述江苏明清私家园林审美个性及其修复造成的缺憾,并从数十案例中归纳出江南明清私家园林的审美共性。摘要:",创意与设计,2017-08-30,期刊,TU986.55,57-61,5
39,设计之良善与共生之反思——借改造激活设计伦理与生态共生,熊承霞,上海理工大学出版印刷与艺术设计学院,设计伦理;生态共生;良善样态;造物之美;,"在建筑改造的热潮中探索历史文化样态的传承与伦理视觉的激活,对时尚现代西方样态""入侵""后遮蔽本土民粹设计而进行伦理反思。通过改造工业建筑的内外空间而铸造良善视觉图景,焕发传统中国营造中经典样式的当代价值,理解传统建筑中传递的物质化中介符号作用,重塑儒家思想与建筑的生态伦理共生,实现建筑改造中的审美价值和精神价值。摘要:",创意与设计,2017-08-30,期刊,TU201,92-98,7
40,浙江松阳“乡建”实践基本模式的分析,史明;李佳颖,江南大学设计学院,松阳县;“乡建”;政府政策;传统村落;更新;模式;,"浙江省是全国率先探索""乡建""的省份之一,许多实践案例对当下如火如荼的美丽乡村建设具有参考与借鉴作用。本文基于对拥有大量历史传统村落的浙江松阳县近十年来众多""乡建""实践案例的实地调研基础上,梳理与总结了不同阶段松阳县""乡建""的政策导向,根据进行""乡建""实践的不同主体,可将松阳县的""乡建""实践分为政府主导、建筑师主导以及自发性改造等三种基本模式。摘要:",创意与设计,2017-08-30,期刊,TU982.29,99-104,6
41,台南艺术空间的发展模式析探,谭奇;吕少卿,南京艺术学院文化产业学院,文化创意产业;艺术空间;发展模式;,"本文将梳理整合现阶段既有文献与研究成果,结合台南特殊的历史文化氛围与古建筑风格之特色,以及对台南地区策展人群体的采访及认识,分析在台南产生的古宅与艺术展演结合发展的特殊模式和经验,以对这种特殊的艺术空间的发展历程有充分的认知,从而寻求对其他同样拥有悠久历史的一些古城发展文化创意产业的启发,对大陆地区发展自身特色的艺术空间提出建议。摘要:",创意与设计,2017-08-30,期刊,J124,52-56,5
42,视觉的诋毁与重构:视觉文化思潮中的“反视觉”文化创意,许正人,南京工程学院艺术与设计学院,视觉;诋毁;重构;视觉文化;反视觉;文化创意;,"各种颠覆性的视觉文化形式自古就有——它们突破我们的视觉习惯,突破传统惯常的视觉形式,极尽颠覆与诋毁,它们抹去的是;既有的文化样式,构建的是一种新的权利意志的话语权;它们从形式与观念两方面彻底瓦解我们对于""视觉""的习惯性解读;它们更加直接、更加地偏激;它们以一种""反视觉""的文化表征方式推动着文化思潮的裂变式发展。文章从历史中的一些极端的反视觉事件及当下某些反视觉的文化现象出发,将视觉的诋毁与重构的力量解读为视觉之于文化的某种革新与创意之所在……摘要:",创意与设计,2017-08-30,期刊,J05,23-26,4
43,“极端化”行为:当代艺术表达的“底线”,曹司胜,中国艺术研究院,极端化;历史谱系;当代艺术表达;,"""极端化""行为表达作为一种当代艺术表达的""语言"",在西方艺术史发展中有其演变的历史渊源,其根本特征便是其""用之其极""的极端化表现,而这样的表达形式与中国传统美学价值格格不入,甚至严重冲突,因此既缺乏生长与适应这种文化艺术的语境,又遭到主流官方艺术形态的打击与压制;与其自身的困境相比,更为不利的是当代艺术评论家对其置若罔闻,艺术批评探讨的空气非常稀薄。即使在中国前卫的当代先锋与实验艺术中,也再难见到它的身影,其基本存在状态处于地下式的或是潜伏式的。尽管""极端化""艺术表达在学理上具有一定的价值与意义,但是在中国社会生活、学术研究中缺乏任何的文化支撑或语境,因此,""极端化""行为基本上没有向前推进或发展的可能,而最有可能做到的就是通过弱化自身的存在感与存在方式,而寄身于诸如电视电影等流行媒介或艺术形态之中。摘要:",创意与设计,2017-08-30,期刊,J5,47-51,5
44,约稿函,,《创意与设计》编辑部,O,"<正>《创意与设计》是由教育部主管、江南大学主办、江南大学设计学院承办的一份专事文化创意与设计艺术研究的全国性学术刊物。为进一步打造本刊的学术品位,尽快进入CSSCI、中文核心等来源期刊,特向各位专家、学者诚约大作,稿件一旦录用即付优厚稿酬。一、稿件内容文化创意专论;艺术设计历史与理论研究;设计行业、设计教育、设计现象、设计产品、设计人物等批评(评论);产品创意设计实践研究;国内外最新设计理念的翻译、介绍与研究;设计师的个人创意心迹、所思所感等;设计学术交流活动的深度报道;设计行业及",创意与设计,2017-08-30,期刊,+,32,1
45,论品牌家族化设计战略与方法,李祥文,湖北经济学院艺术设计学院,品牌定位;产品家族化设计;设计战略;设计方法;,"品牌家族化设计对于品牌形象的提升具有重要的意义。品牌家族化设计战略具有易识别性、统一性和相对稳定性等特征。品牌家族化设计战略包括领导型、模仿型、竞争型和补充型等类型。品牌家族化设计方法包括使用家族化造型符号、设定产品整体造型语言、延续家族化装饰风格和传承家族化色彩等一般方法。在品牌战略转型过程中,家族化设计方法的选择对于品牌发展至关重要。摘要:",创意与设计,2017-08-30,期刊,J534,33-40,8
46,汉唐香事——汉唐时期南粤地区的香料贸易与传统香器设计,葛芳,南京艺术学院设计学院广州美术学院工业设计学院,两汉时期;唐代;广州口岸;香料贸易;传统香器;,"以广州为主的南粤地区,作为珠江地区的出海口,自古以来被誉为南中国的门户。从目前发现的考古实物来看,至迟自两汉时期开始,在以朝贡贸易为主的贸易交流中,南粤地区就有与香料、香器有关的史料记载及实物遗存。通过对该时期薰香料的研究后发现,我国最初是由蕙草之类的植物香料通过燃烧的方式来获取香味,后随着与东南亚、阿拉伯等国家的贸易往来,各种树脂类香料的使用渐成主流,与此同时,还引发了一系列薰香香器形制的产生。如汉代时出现了经典的博山炉样式,唐代时随着与西域国家往来的频繁,工艺形制更加精致而多样,出现了设计精巧的银质香熏球,以及各类多足香薰炉及长柄手炉等样式,甚至产生了薰笼之类与香料有关衍生物品的流行。本文即从香料最早输入我国时的汉代南粤地区展开研究,对比历史上汉唐两个时期我国的薰香文化,探寻通过不同香料的进口所带来的薰香器物的发展与演变。摘要:",创意与设计,2017-08-30,期刊,J509.2,76-84,9
49,时尚:何以先觉、先行、先倡——关于时尚与文化创意产业协同发展的思考,夏燕靖,南京艺术学院艺术学研究院设计学院,时尚;文化创意产业;协同发展;,"当时尚成为文化创意产业的重要依托,时尚便有了产业可言,其产业的三项主题也就日益突显,即生产、消费和品牌,这些产业内涵值得从宏观和微观多个层面进行深入探究。时尚还有其特点,即可用""先觉""、""先行""和""先倡""来概括。道理非常明白,时尚始终是一种洋溢着活力且永不退色的生活艺术。而时尚产业的价值,就在于对其所包含的文创产品实现全方位的商品化运作。这表明,时尚产业并不是一个单向度的产业,而是涉及到技术、创意、审美、传播和消费诸多环节的放射性产业链,是对各类产业的整合与提升。据此可言,当我们在谈论文化创意产业构成与发展时,是绕不开时尚这个核心话题的。在我国经济迅速发展的过程中,在资源紧张、传统产业缺乏核心竞争力的前提下,时尚与文化创意产业协同发展的新举措,应当引起业界的高度关注,这对于探寻我国文化创意产业未来发展之路有着非常现实的意义。摘要:",创意与设计,2017-08-30,期刊,G114,13-22,10
50,江苏省文化创意产业价值链开发对策研究,王媛,南京艺术学院文化产业学院,文化创意产业;价值链;发展;对策;江苏;,"文化创意产业价值链不同于一般经济产业,有其独特的价值关联形态与特点。文化创意产业价值链的搭建与发展不仅关系到文化创意经济的发展壮大,更成为区域经济结构转型、经济发展方式调整的驱动机制。江苏省作为文化大省,有良好的文化资源禀赋和社会经济基础,具备发展文化创意产业的先天条件。然而,综观其发展现状,一方面凸显出文化创意产业价值链构建的不完整、不健全问题;另一方面凸显出文化创意产业价值链开发的规模经济、范围经济不足等问题。因此,如何对文化创意产业价值链进行开发与完善,是推进、提升全省文化创意产业整体发展的关键问题。摘要:",创意与设计,2017-08-30,期刊,G124,41-46,6
51,基于区域文化背景下的创客生态研究,路明,江苏第二师范学院美术学院,区域文化背景;创客及创客生态;文化创新;,"本文基于文化创意产业勃兴的大背景,立足区域文化语境,从文化土壤、政策条件、民间资本、个体发展、文化产业聚集地五个方面论述创客作为个体以及群落存在的具体生态,并提出影响创客生存和发展的主观、客观条件,以及创客与文化创新战略作为国家文化战略的重要内核的重要意义。摘要:",创意与设计,2017-08-30,期刊,G124,27-32,6
54,《创意江南基于江南民间文学的文创产品设计》,唐黎;赵梦晓;王安霞;李振宇,江南大学设计学院,O,O,创意与设计,2017-06-30,期刊,TB472,98-99,2
55,《基于爱宠人群与家养宠物的智能产品研发设计》,赵正允;廖曦,江南大学设计学院,O,O,创意与设计,2017-06-30,期刊,TB472,2+105,2
56,《无锡洪口墩老村落景观建筑更新设计》,于杨;史明,江南大学设计学院,O,O,创意与设计,2017-06-30,期刊,TU982.29,104,1
58,《追·恒——马王堆汉墓博物馆设计》,王太洋;张希晨,江南大学设计学院,O,O,创意与设计,2017-06-30,期刊,TU242.5,102-103,2
59,《玩味人间-二〇一六大事记概念书籍设计》,何汇;姜靓,江南大学设计学院,O,O,创意与设计,2017-06-30,期刊,J524,96-97,2
60,“工匠”与“设计师”概念之衍变,何振纪;郭哲渊,中国美术学院设计学系,工匠;设计师;概念;衍变;,"本文主要关注于""设计师""的概念问题,同时对""工匠""与""艺术家""的概念变化也展开了相关的讨论。由于""设计师""的称谓诞生于近现代时期,文中大部分的讨论自然也就集中于这一时期,但当中也对文艺复兴及更早之时的相关发展脉络作了检讨。在述及一些与""设计师""概念相联系的情况时,亦向设计教育的历史发展方面作了扩展。因为""设计师""的概念生成并非是某个名人的伟大创造,所以本文所论并未具体说明""工匠""与""设计师""概念之间的转换点所在。本文的结论认为""工匠""与""设计师""概念的变化具有相对性,虽然当前对设计师历史的研究依然较为薄弱,但对这些概念有了更深入的把握之后,将有利于增进对这方面的认识。",创意与设计,2017-06-30,期刊,J505,43-49,7
1,古代豆形灯具装饰设计研究,王强;赵思颖,江南大学设计学院,豆形灯;装饰;纹样;设计;,"本文通过梳理考古类期刊中古代豆形灯具信息与资料,针对豆形灯具的装饰纹样展开微观的分析与研究,并运用设计学的图像研究与统计学的数据量化方法,对豆形灯具的装饰纹样与装饰规律进行探究。研究发现,豆形灯具纹样发展是一个循序渐进的过程,由简洁向复杂、集中向扩散、单一向丰富、规整向飘逸以及扁薄与饱满相互更替变化的演变过程。古代豆形灯具的装饰纹样不仅是满足人类物质生活的产物,更是寄托了人类精神生活中希望与理想,是中国古代传统造物活动的重要承载物。",创意与设计,2018-12-30,期刊,TS956,33-44,12
2,“时”“空”之道:与自然共生的中国传统可持续环境艺术思考,董治年,深圳技术大学创意设计学院,共生景观;自然交互;生态审美观;,"造物设计作为人们基于自己的工具、语言、符号、建构系统,进行建立、发生、发展与变化,最终构成了人类早期与环境相关的全部艺术思想,这正是环境艺术在中国古代社会中最重要的特征。这种以营造为特征的行为活动包含了人类最初的环境设计意识,即基于中国传统共生设计观的环境艺术设计,在中国传统""共生""自然观的哲学基础上,经过抽象精神化的山水诗、具象图形化的山水画、山水模型化的山水园林的环境设计营建思想的发展与流变,才形成了以""时""""空""通感互融的共生景观模型特征。作为一种对过去系统即中国传统环境艺术营建思想的深入研究,目的是为了继往开来地在中国当代环境艺术理论中融入传统共生理论,并对环境艺术设计的可持续整体设计思考有所裨益。",创意与设计,2018-12-30,期刊,TU984;TU238,23-32,10
1,古代豆形灯具装饰设计研究,王强;赵思颖,江南大学设计学院,豆形灯;装饰;纹样;设计;,"本文通过梳理考古类期刊中古代豆形灯具信息与资料,针对豆形灯具的装饰纹样展开微观的分析与研究,并运用设计学的图像研究与统计学的数据量化方法,对豆形灯具的装饰纹样与装饰规律进行探究。研究发现,豆形灯具纹样发展是一个循序渐进的过程,由简洁向复杂、集中向扩散、单一向丰富、规整向飘逸以及扁薄与饱满相互更替变化的演变过程。古代豆形灯具的装饰纹样不仅是满足人类物质生活的产物,更是寄托了人类精神生活中希望与理想,是中国古代传统造物活动的重要承载物。",创意与设计,2018-12-30,期刊,TS956,33-44,12
2,“时”“空”之道:与自然共生的中国传统可持续环境艺术思考,董治年,深圳技术大学创意设计学院,共生景观;自然交互;生态审美观;,"造物设计作为人们基于自己的工具、语言、符号、建构系统,进行建立、发生、发展与变化,最终构成了人类早期与环境相关的全部艺术思想,这正是环境艺术在中国古代社会中最重要的特征。这种以营造为特征的行为活动包含了人类最初的环境设计意识,即基于中国传统共生设计观的环境艺术设计,在中国传统""共生""自然观的哲学基础上,经过抽象精神化的山水诗、具象图形化的山水画、山水模型化的山水园林的环境设计营建思想的发展与流变,才形成了以""时""""空""通感互融的共生景观模型特征。作为一种对过去系统即中国传统环境艺术营建思想的深入研究,目的是为了继往开来地在中国当代环境艺术理论中融入传统共生理论,并对环境艺术设计的可持续整体设计思考有所裨益。",创意与设计,2018-12-30,期刊,TU984;TU238,23-32,10
3,演进与异化——澳门建筑风格之演变,吴尧;Francisco,江南大学设计学院澳门圣约瑟大学,澳门;建筑;风格;演进;异化;,"澳门是特定历史条件下发展起来的一个具有西方文化传统的东方小城,是中国本土文化和西欧葡萄牙文化共同孕育出的一支奇葩。自1553年葡萄牙人开埠建城开始,中西文化在此演绎了四百多年的冲突与融合的历史,澳门建筑风格就是在这种文化交错影响下,兼收并蓄东西方文化传统,采用澳门式的语法方式加以组合,最终形成了独特的建筑风格,展现了澳门建筑世界文化遗产的文化内涵。",Vizeu,Pinheiro,创意与设计,TU-86,63-68,6
4,六朝时期园林理水理念的现代传承——以南京玄武湖公园为例,李雪艳;吴言;时潇潇,南京林业大学艺术设计学院,六朝时期;园林理水;理水理念;玄武湖公园;,"建康园林中以玄武湖畔的皇家园林为首,六朝时玄武湖的理水虽已难觅踪迹,但六朝园林理水的理念仍然被记载于古籍文字中,散发着夺目光辉。现今的玄武湖公园承载着六朝文化的传承重任,依靠自然风光的得天独厚,在理水方面已成就颇丰。本文从六朝时期建康皇家园林理水的历史社会背景入手,即动荡不安的战乱环境、山水环抱的地理位置优势和玄武湖畔园林内人物的禊饮赋诗活动入手,根据遗迹和文字记载追溯历史人物和历史事件,探寻园林理水理念在六朝时期的文化源头。目的是以南京玄武湖公园为例,从理水方面出发传承六朝的神仙象征意识、历史文化色彩、旷奥相济的造园手法,再现六朝独特的文化遗产。以期能够发扬玄武湖公园其特有的文化价值,对南京城市乃至中国城市文化的特色打造提出建议。本文阐释了玄武湖公园对六朝时期园林理水理念的现代传承表现,并提出了一些理水手法提升方式,以更好地继承民族文化,丰富南京的城市精神。",创意与设计,2018-12-30,期刊,TU986.5,59-62,4
6,运河环境遗产更新设计——天津市新港船厂景观更新设计,李雨航;王晔,江南大学设计学院,O,O,创意与设计,2018-12-30,期刊,TU984.114,105,1
7,“广泛转型与设计机会”——江南大学2018Cumulus国际艺术、设计及媒体类院校联盟会议,张凌浩;钱晓波;娄明,江南大学设计学院,O,"<正>2018Cumulus(国际艺术、设计及媒体类院校联盟)国际会议于10月31日至11月3日在江南大学成功召开。Cumulus联盟成立于1990年,汇集了来自全球最知名的设计院校,是被联合国教科文组织正式确认的全球唯一的艺术、设计与媒体院校国际组织,目前有全球院校成员257个,在艺术设计院校间具有较高声誉和国际学术",创意与设计,2018-12-30,期刊,J114,94-98,5
8,卷首语,王敏,O,O,"<正>智者创物,基于对万物之理的洞悉与诠释。匠心者遵""天道""而不炫技斗巧,恪守的是成器之道,体现的则是设计之仁。从工匠、艺匠再到哲匠之路,古今已有诸多论述,但造物活动在面向更为广阔的""非物质""领域的同时,并不是仅拘泥于社会生活中的""物理""或""事理""针对性地",创意与设计,2018-12-30,期刊,+,4,1
9,论日本对中国早期现代书籍装帧的影响,谭小飞,安徽师范大学美术学院,现代书籍装帧;日本;内山书店;图案画;,"本文从日本对中国早期现代书籍装帧的影响的角度,进行的专门研究。关于中国早期现代书籍装帧艺术风格的形成,日本起到首要的推动作用。本文认为,中国早期现代书籍装帧设计取得了非凡的艺术成就,在很短的时间内就加入了世界潮流,是日本长期累加影响的结果。本文试图通过对新材料的发掘,并综合设计史、历史学等学科的最新研究成果,综合分析日本对中国现代书籍装帧设计发生影响的几条路径,力求还原中国早期现代书籍装帧发展过程中的真实情况。",创意与设计,2018-12-30,期刊,J534.5,69-76,8
10,面向智能制造的“互联网+设计”创意服务平台构建研究,王敏;刘小路,江南大学设计学院福州大学工艺美术学院,互联网;设计师;互动平台;双创;创意平台;,"""互联网+设计""互动式创意平台基于新的创意生态,目的是打造个人与企业之间对接的桥梁,以""微""的方式汇聚资源助推社会创新。微平台较为灵活且自由度高,将成为设计师和企业品牌成长的孵化器,也使得未来的设计信息交流与项目合作更为便利,并有效促进社会公平与全民参与性。在当下创意产业竞争日益加剧的背景下,打造新型创新服务的微平台,并探寻信息时代创意设计的升级与服务,能够真正做到物尽其用及人尽其才,最终实现资源与环境的精准利用。",创意与设计,2018-12-30,期刊,J505,18-22,5
11,论《三才图会》设计理论体系的当代建构——中华考工学设计理论体系研究系列,邹其昌;范雄华,同济大学设计创意学院上海大学美术学院,《三才图会》;设计理论体系;中华考工学;当代中国设计理论体系建构;,"《三才图会》是中国古代一部极其重要的设计文献,既包括文字文献,更有丰富的图像文献,实际上是一部传统意义上的《中国设计史》(当然这里的设计与我们现在的设计,内涵有一定差异),有极高的学术价值和当代设计实践意义。本文拟就《三才图会》""文献体系""、""设计文献体系""、""设计理论体系""等三大设计核心问题及其价值做一初步探讨。文章认为,《三才图会》作为中华考工学设计理论体系的重要组成部分,注重图像设计和言说设计的融合,突出无序之序、无法之法的逻辑思维方式,将生活中耳熟能详的普通事物经典化、理论化,彰显着浓郁的设计民族情怀与理论特色——以《易》《礼》体系为思想源头的中华考工学设计理论体系,是我们当今设计学科构建中国当代设计学理论体系值得借鉴的重要资源。",创意与设计,2018-12-30,期刊,J509.2,5-17,13
12,满足性符号意义的消费与设计——创意时代高端设计产业人才培养改革研究,张波;赵榕榕,岭南师范学院美术与设计学院岭南师范学院科研处,满足性;符号意义;消费特征;高端设计;培养改革;,"创意时代的设计提出了更高的要求,国际前端产业链的竞争加剧了设计教育的改革步伐。这种改革不仅要从人文素养、团队合作模式等方面入手,也要从知识体系、企业与设计的协同创新入手,共同展开改革。创意时代的消费,其主要特征是满足消费者对产品的符号意义的需求和渴望为心理特征,而这种符号意义,代表着某一团体、亚文化、族群等方面的共同文化认可。",创意与设计,2018-12-30,期刊,J50-4;G642,77-80,4
13,设计资源的寻找与选择,何方,南京艺术学院设计学院,设计资源;主题;题材;体裁;文化;多元;背景;,"越来越多的信息对设计师来说是好还是坏?巨大的文化内容和历史背景如何为设计背书?在浩瀚的宇宙和知识中,如何寻找有价值的线索?如何在多元的社会中发掘可利用的资源?本文从设计的角度分析了设计资源的重要性,以及设计资源与设计之间的联系。鼓励设计师关注设计以外的社会、人、自然、心灵、事件,学会向复杂的、交叉的、涉及多学科的内容借力,使设计更有意义。",创意与设计,2018-12-30,期刊,J50-4,81-85,5
14,艺术设计专业创新创业能力培养模式探究,张安华,南京工业大学艺术设计学院,创新;创业;艺术设计;人才培养;,"艺术设计作为一门实践性很强的专业,需要注重创新创业教育。现阶段积极开展创新创业教育,深化创新创业教育改革对高校艺术设计专业大学生的就业创业起到了至关重要的作用。结合目前高校艺术设计专业创新创业教育的现状,提出艺术设计创新人才培养模式:第一、积极开设创新创业课程,与艺术设计专业课程紧密结合;第二、拓展校内外创新创业实践平台,加强产学研联合培养机制;第三、改善创新创业教学方式方法,提高教师开展创新创业教育的能力。",创意与设计,2018-12-30,期刊,J50-4;G642,86-89,4
15,表征、集合、推广——节庆情境下文创品牌体验与策划设计课程教学研究,丁诗瑶,广东工业大学艺术与设计学院,节庆情境;体验设计;文创;品牌;,"以节庆情境的品牌体验为核心,文创品牌作为课程研究对象并对其进行再设计,选取诚品书店和方所作为案例。教学过程设计包括:首先学生分组选择文创品牌展开市场调查,主要关注品牌展开的品牌体验与策划设计手段,分为三个阶段,五个步骤。第一阶段为被表征要素提取;第二,汇总调研资料后形成策划方案,针对已有文创品牌的终端策划设计提出新的策划方案和路径;进入具体策划实施阶段,包括文案、展示设计制作,第三,网络终端的推广等。文创品牌策划设计过程即品牌性格的外在表征,并且借助教学达到对于多元表达手段的集中和整合。以三大阶段作为教学设计的脉络主线和课程目标,形成一套品牌情境式策划实施方案。由此期望对于教学与相关产业发展模式有所启示。",创意与设计,2018-12-30,期刊,J524-4;G642,90-93,4
16,中国岩画中的原始狩猎文化考释,童永生,江南大学设计学院,中国岩画;狩猎文化;,"岩画作为流传至今的人类最早最辉煌的艺术遗产,也是远古人类活动的真实记录。在我国岩画中,有很多有关原始狩猎生产的题材,图解式地表现了远古人类在狩猎经济时代的行猎情况,狩猎的规模,猎人手持武器时的猎姿,猎取的对象,行猎的方式等等。狩猎岩画充分反映了我国古代北方的狩猎业曾给当时社会各方面以深刻的影响。",创意与设计,2018-12-30,期刊,K879.4;K892.2,54-58,5
18,东欧世界遗产考察,长北,东南大学艺术学院,东欧;世界文化遗产;,"本文通过对东欧五国、柏林及其周边世界文化遗产为期半月的审美考察认为,东欧较好地保存了历史文脉与自然面目,东欧人屡世经营一国、一城的文化靓点,华沙复建完整再现出历史文脉,值得国人借鉴。",创意与设计,2018-12-30,期刊,K86,45-53,9
19,南京金箔锻制技艺数字化保护与传承研究,王克祥,南京邮电大学传媒与艺术学院,南京金箔锻制技艺;数字化;保护;传承;,"本论文基于南京金箔锻制技艺信息数字化挖掘——数字化信息整合——信息可视化呈现""的研究思路,拟解决南京金箔锻制技艺信息化呈现的关键技术,通过对南京金箔锻制技艺的发展历史、制作工艺、非遗传人等方面进行数字化的保护,形成古老传统工艺传承的示范效应,有助于南京金箔锻制技艺的挖掘、保护、传承,也满足人民群众日益增长的精神文化需求和价值的多样性的价值追求,从而在科学发展和文化保护相结合、非遗传承、示范效应三个主要的方面具有重大的现实意义。",创意与设计,2018-10-30,期刊,TS934,63-70,8
20,宋代织绣艺术的嬗变及文化动因研究,李建亮;吴海燕,浙江理工大学服装学院中国美术学院艺术设计学院,宋代;织绣艺术;嬗变;文化动因;,"宋代是我国工艺美术发展的繁盛期和转折期,尤其是织绣艺术的发展。文章以中国织绣艺术的发展史为背景,对宋代织绣艺术嬗变的形式和特征进行梳理和明晰,进而从书画艺术的兴盛、社会审美趣味的转换、书画消费经济的萌芽三个方面,分析社会政治、经济、文化及审美趣味的变化发展对宋代织绣艺术发展的重要影响,总结其变化发展的价值和规律。其研究成果为我国当前织绣文化创意产业的发展提供文化艺术上的支持和理论参考。",创意与设计,2018-10-30,期刊,TS935;J212,76-82,7
21,企业竞赛任务驱动下的家具设计课程CDIO教学模式研究,李文嘉;李紫薇,上海理工大学出版印刷与艺术设计学院,家具设计;教学模式;竞赛;CDIO;,"本文以家具设计课程目标为基础,企业竞赛主题为依托,实践教学为载体,将CDIO理念贯穿家具设计教学全过程,通过具体课程案例进行教学改革探索,使学生参与家具产品构思、设计、实现、运行全过程,最终完成课程理论知识系统性、设计思维创新性与综合能力实践性的三重构建与桥接,对探索设计学科创新人才培养,提升学生的设计、创新、协作、沟通等能力有一定的启示与借鉴意义。",创意与设计,2018-10-30,期刊,TS664.01-4;G642,100-104,5
22,自由精神和工匠精神的深度融合——山本耀司的服装设计思想分析,孙涛,江南大学纺织服装学院,山本耀司;服装设计;设计思想;自由精神;工匠精神;,"在日本国际著名服装设计师山本耀司的精神世界中,自由精神和工匠精神深度融合,由此形成他极具魅力的服装设计思想,可以概括为:在设计师与自我的关系上,将自我理解为自由,设计师的成长就是自由层次的不断深入;在服装与设计师的关系上,服装是设计师独特个性的表达;在服装与社会的关系上,服装是对人性自由平等的追求;在服装与材料的关系上,服装是对布料生命的尊重和升华。这些思想对于当代服装设计教育有积极的启发价值。",创意与设计,2018-10-30,期刊,TS941.2,18-25,8
23,理念、方法与实践:《用户研究与产品定义》的立体式教学探索,鲍懿喜,江南大学设计学院,《用户研究与产品定义》;立体式教学;定性研究与定量研究;,"《用户研究与产品定义》课程致力于培养学生在设计""模糊前期""从用户角度洞察设计机会和挖掘设计价值的专业知识与技能,以树立""用户研究是一个有意义的过程""的设计理念为教学主题,以综合学习用户研究中的定性方法和定量方法为教学核心,以组织学生在实践中锤炼用户研究与产品定义的能力为教学手段,积极探索理念、方法与实践三者融合贯通的立体式教学体系。",创意与设计,2018-10-30,期刊,TB472;G642,87-91,5
24,从未知到已知-超感体验对先验知觉的创新设计,董泽辉;廖曦,江南大学设计学院,O,O,创意与设计,2018-10-30,期刊,TB47,2,1
25,基于健康生活方式下的新物种创新,蓝宇宸;曹鸣,江南大学设计学院,O,O,创意与设计,2018-10-30,期刊,TB472,105,1
26,古代印度美学思想浅析,鲍月,巴黎Ipag高等商学院,原始思维;吠陀;《摩诃婆罗多》;《罗摩衍那》;,"古代印度的美学是在千年的历史发展中不断发展起来的,外族的入侵使印度的文明不断融入新的元素,美学思想也是繁复而悠久,印度艺术在美学思想的影响下蓬勃发展。本文主要结合原始思维的观念、吠陀时期的典集以及两大史诗《摩诃婆罗多》和《罗摩衍那》来对古代印度美学以及美学于印度艺术之间的联系进行浅析。原始思维同印度美学、艺术之间互相渗透;吠陀时期的经典使印度美学趋向成熟;两大史诗的美学思想对后世的诗歌、绘画、舞蹈、雕刻等产生的深远了影响,这些都决定了印度美学的独特品格。",创意与设计,2018-10-30,期刊,I01,26-36,11
27,明清多页连式山川版画初探,周亮,江南大学设计学院,方志;山川版画;多页连式;,"在传统版画研究领域中,多页连式山川版画是一个被忽视的门类,本文以明清两代方志中的多页连式山川版画为主,对其版本、刊刻内容以及审美功能进行了初步的研究。",创意与设计,2018-10-30,期刊,J217,47-55,9
28,传统的发明——日据时期台湾地区“蓬莱涂”漆器的产生及影响,高志强,江苏理工学院艺术设计学院,日据时期;台湾地区;蓬莱涂;漆器;,"""蓬莱涂""漆器是台湾地区在日据时期出现的漆器品类,本文依据日本殖民政府推行的""殖产兴业""与""抚化教育""政策研究指出,台湾漆器产业从漆树的引种、殖林、人才培养、加工生产、销售甚至命名等一系列发展是殖民者经济拓殖、文化同化政策的具体实施。作为""被发明的传统"",""蓬莱涂""现象的本质是殖民政府实施文化霸权及同化政策、美化殖民统治的一个符号。它以""传统""的名义被提及,反映出台湾社会现存的文化认同混杂与错乱现象应值得人们深思与明辨。",创意与设计,2018-10-30,期刊,J527,71-75,5
29,设计人类学的引介及其前景,何振纪,中国美术学院设计学系,设计人类学;研究;引介;前景;,"在过去数十年里,作为一门综合了设计学与人类学研究的学科,设计人类学在设计发展的进程中逐渐形成了一种独特的认知方式与实践方法。笔者自2014年于中国美术学院设计艺术学院设计学系开设名为""设计与人类学原理""的专业选修课程,向美术与设计实践专业的学生们推介设计人类学的理论及研究动态。本文系该课程第一讲当中有关设计人类学的形成介绍以及中国的设计人类学发展情况略述。",创意与设计,2018-10-30,期刊,J50-05,11-17,7
30,卷首语,王敏,O,O,"<正>设计无处不在,得失均需反思。在当下,设计一方面被作为社会文化现象和促进经济增长的手段得到重视与研究;另一方面,设计无疑已经介入到普通人的日常生活之中,并影响着大众的生活方式、存在方式、价值观甚至是健康。正因如此,与其说是被赋予了各种功能的人工物品体现了我们这个时代的消费特征与物质追求,不如认为这一切正是设计师在技术语境下精心谋划的结果。",创意与设计,2018-10-30,期刊,+,4,1
31,走向自觉与反思的设计史研究——兼谈设计史学科建设中的若干基本问题,祝帅,北京大学现代广告研究所,设计史;问题意识;学科建设;,"从学科的构成来看,设计史学科包含了""设计""和""历史""两个有机的组成部分。这就造成了设计史在学术界的边缘身份:它既边缘于作为应用学科的设计学研究,也边缘于作为人文学科的历史学研究。作为一门学科的设计史,对于研究者提出了两层相互联系的要求,即一方面,设计史研究需要与""设计学""乃至设计业界相对话;另一方面,也要与历史学乃至一般人文社会科学相对话。在某种意义上,这样的""双重身份""也正预示了设计史研究的难度:它既要求研究者对于设计行业有""同情之理解""甚至亲身参与,也要求研究者具备和掌握人文社会科学的一般的学术方法与规范。",创意与设计,2018-10-30,期刊,J509.1-4,5-10,6
32,唐宋香炉形制分类及造型特征研究,魏洁,江南大学设计学院,唐宋;香炉;类型分析;造型特征;,"中国的香文化溯至春秋战国,承自秦汉,完善于唐宋时期,而所用之各异香炉亦成为唐宋社会生活与文化之缩影。现存可见与图像可考的唐宋香炉数量众多,面貌纷呈。本文以唐宋香炉为研究对象,从设计学的角度出发,对其进行形制分类及造型特征研究。综合考虑香炉基本造型和细节特征,将其分为仿古、仿生、长柄、球、单足和多足六大类型,每一型亦可细分为各式,通过型与式分析将唐宋香炉的造型谱系得以廓清。在形制分类的基础上,对唐宋香炉各类型演变关系的分析比照,进行其设计原型的追溯考释,并对由唐到宋香炉造型的来源、演化与设计特征进行分析。",创意与设计,2018-10-30,期刊,J509.2,37-46,10
33,设计生态的历史,曹天慧,鲁迅美术学院,设计生态;手工艺;机械主义;消费主义;生态意识;,"设计生态的历史不同于设计的历史,关注的是设计作为一个整体的体系,如何与自然环境和社会环境进行交互的过程中,在环境产生变化之后,设计又是如何的调整以适应变化。文章将设计生态分为四个阶段进行介绍:手工艺的设计生态、机械主义的设计生态、消费主义的设计生态和生态意识下的设计生态。四个阶段,四种设计生态体系完整地体现了设计在社会环境和自然环境的变迁之中的发展变化。",创意与设计,2018-10-30,期刊,J509.1,56-62,7
34,古代儒道思想中的“用物之道”简析,赵盼超,中央民族大学美术学院,儒家;道家;用物之道;,"当前,随着经济发展,大众对使用物品的文化审美诉求日益增长,与工业产品无法满足这一诉求形成了矛盾。由于工业化大生产造成的""产品过剩""及""过度消费"",导致了当代人的""厌物""与""恋物""两种倾向。这两种倾向共同构成了后工业时代的社会问题,也导致了作为使用者的""人""与作为被使用者的""物""之间关系的脱离。儒家与道家作为中国本土文化衍生出来的哲学,其中诸如""与物为春""、""物我为一""、""人与物齐""等论述,皆涉及人与物之关系,值得我们当代人吸收和借鉴。该论文结合儒家与道家哲学思想中有关""人""与""物""关系的论述,阐述了当代人应该从古代""用物之道""中汲取有益营养,以丰富和提升生活质量,并形成更加科学、合理的社会发展观。",创意与设计,2018-10-30,期刊,B22,83-86,4
35,整合创新理论的新发展:以价值创新为导向的TDBMC模式,刘颜楷;尤建新,同济大学经济与管理学院,整合创新;价值创新;创新维度;TDBMC整合创新;,"21世纪随着互联网、移动通信、物联网、云计算和大数据等高科技发展,以及知识经济、消费主义和众包模式的兴起,传统以技术创新为主导的创新模式,已经难以适应互联网智能时代复杂多变的市场环境和快速迭代的消费需求。不仅传统大型科技企业陷入了""创新者的窘境"",而且广大中小新兴科技企业也迫切需要更为有效的创新模式来指导和引领。基于这一目的,本文从分析互联网智能时代的创新难点和核心问题入手,通过对现有整合创新等理论的梳理与对比基础上,提出并构建了一种以价值创新为导向、能有效整合多元创新维度、符合互联网智能时代需求的TDBMC整合创新模式,论文最后总结了这种新模式的优势并给出了结论。",创意与设计,2018-10-30,期刊,F273.1,92-99,8
36,视障人群出行公共设施设计研究,江牧;朱峰立,苏州大学艺术学院,视障人群;出行公共设施;全适性设计;,"随着我国经济的高速发展,城市基础设施日趋完善,但是视障人群的出行公共设施却发展缓慢,甚至阻碍了他们的活动。本文从视障人群使用公共设施的需求出发研究视障人群的行为习惯与正常人的差异,在实际调研的基础上归纳出与视障人群相关的设计原则,并且运用全适性设计设计方法进行了概念性的设计探索,为方便广大视障人群出行提出道路公共设施设计的新途径。摘要:",创意与设计,2018-08-30,期刊,TU998.9,45-51,7
37,公共艺术视野下城市公园儿童游戏设施及其空间设计研究,范晓莉,江南大学设计学院,城市景观;环境设施;公共艺术;儿童游戏设施;儿童游戏空间;,"本文从儿童户外体力运动和儿童游戏出发,研究了公共艺术视野下的城市公园儿童游戏设施及其空间设计。从空间的距离感、空间的创造性、艺术审美体验及立体多感官空间的构建等方面具体阐述了公共艺术介入城市儿童游戏空间的设计研究,并从自然、开放、冒险、隐匿、设施、游戏环境塑造等方面详细研究了儿童游戏设施的艺术化介入设计,提出了生态意识与艺术的景观化、注重复合感官设计、高新技术的结合等未来儿童游戏设施的发展趋势。摘要:",创意与设计,2018-08-30,期刊,J0;TU986.5,60-73,14
38,京都、奈良世界文化遗产中寺院考察,长北,东南大学艺术学院,京都;奈良;世界文化遗产;寺院;,"作者区分详略,记录了两次16天考察京都、奈良世界文化遗产中寺院的心得,以就教于方家并推进境内世界文化遗产的切实保护。摘要:",创意与设计,2018-08-30,期刊,K883.13;TU252,21-33,13
39,基于PSS的城市移动献血车服务体验设计,王炜;胡飞,广东工业大学艺术与设计学院,产品服务系统;移动献血车;功能-活动交互矩阵;,"自20世纪90年代以来,在信息系统、业务管理、工程与设计等领域对产品服务系统(PSS)进行了大量的研究。PSS旨在创造客户效用和创造价值的一整套产品和服务。在工程与设计领域,PSS强调PSS工程方法、可持续性和PSS设计等概念。本文将PSS设计支持工具应用于城市移动献血车的服务体验设计。首先,构建了城市移动献血车的服务蓝图,然后提取分析了""提供初步筛选服务""的服务要素与产品要素。利用FAI(功能-活动交互)矩阵,从PSS的角度探讨了优化城市移动献血车服务体验的本地化解决方案,并通过使用可供性来整合产品与服务元素,证明了PSS设计方法的有效性。同时,此方法应用于本地化设计时,须进行适当的调整与扩展。摘要:",创意与设计,2018-08-30,期刊,R-05,86-91,6
40,文字设计课程教学中的书法意识培养——江南大学设计学院文字设计课程教学实验,陈原川,江南大学设计学院,字体设计;书法意识;教学实践;,"认识是设计的基础,通过对字体设计与书法艺术特征、风格、审美三个意识层面的关系进行剖析,并将四个与书法相艺术关的设计手法——""古拙""、""碑意""、""书势""、""墨韵""融入到实际教学任务当中,探讨出书法意识的培养是字体设计教学的重要课题。摘要:",创意与设计,2018-08-30,期刊,J50-4;G642,52-59,8
41,传统“虚实”美学观念下的文创产品设计课程改良与实践,宗亮;金云舟,浙江工业大学之江学院杭州师范大学钱江学院,虚实美学;文创课程;改良与实践;,"从当前文创产品火热的市场影响和逐渐开展的高校相关教学为出发,反思文创产品教学正在面临的困境。由此提出应以""虚实""为核心,将中国传统美学观导入原有教学模式中,并围绕""理解——转化——应用""这三个步骤,形成能短时间执行,并富有深度的文创课程。摘要:",创意与设计,2018-08-30,期刊,J50-4;G642,80-85,6
42,国家社科重大课题推介活动,,同济大学设计创意学院上海国际设计创新学院,O,"<正>本次论坛立足全球化视野和人类共同体语境,深入探索中国设计理论的实践与价值,进一步探讨中国工匠培育与设计教育的转型等核心问题,在上海市哲学社会科学办公室指导下,国家社科重大项目""中华工匠文化体系及其传承创新研究""课题组于2018年6月18-19日在上海同济大学召开《中国设计理论与世界经验学术研讨会——第二届中国设计理论暨第二届全国""中国工匠""培育高峰论坛》。",中国设计理论与世界经验学术研讨会——第二届中国设计理论暨第二届全国“中国工匠”培育高峰论坛成功举办,邹其昌;石琳,创意与设计,J505,92-104,13
43,字·定义——汉字性格视听实验及其衍生品设计,刘华聪;陈原川,江南大学设计学院,O,O,创意与设计,2018-08-30,期刊,J524,105,1
44,歙砚的雕饰题材及其设计语言特征研究,陈克义,安徽师范大学美术学院,歙砚;雕饰题材;类型;文化特质;艺术性;创新;,"歙砚是实用性与审美高度统一的一种传统手工艺品,本文主要从类型、文化特质、艺术性、继承与创新等方面对歙砚的雕饰题材展开论述。探讨了传统歙砚雕饰题材的特点及背后的社会历史文化内涵,分析了歙砚雕饰题材在歙砚工艺中的价值,并对其在当代的创新途径进行了探讨。摘要:",创意与设计,2018-08-30,期刊,J314.9,34-40,7
45,基于广场舞文化的社会分析及视觉设计研究,周雯洁;朱琪颖,江南大学设计学院,O,O,创意与设计,2018-08-30,期刊,J524,2,1
46,传统工艺复兴和大学设计教育,刘道广,东南大学艺术学院,O,"<正>现代国家形成过程中,也是机械工艺取代手工工艺的过程。在工业、后工业时代的今天,先进国家都意识到传统工艺自有其不可取代的经济和文化价值,保护传统工艺成为世界性的课题。中国几千年历史未曾中断,历朝历代有服务内廷的手工管理及生产机构,社会广大手工业者以师徒传受、行业公会形式生产与管理,处于自生自灭状态。时过境迁,今天国家形态变了,对传统工艺有""非物质文化遗产""(简称""非遗"")的专项保护政策及相关工艺美术管理制度。从教",创意与设计,2018-08-30,期刊,J50-4;G642,41-44,4
47,构建“我-你”关系:论体验设计中的同理心,代福平,江南大学设计学院,体验设计;同理心;“我-你”关系;用户研究;设计思维;,"体验设计领域对""同理心""的理解和实践,应从用户研究的客观方法层面深入到设计师的主观信念层面。马丁·布伯的""我-你""关系理论启发我们洞察到""同理心""的根基是""我-你""关系。因此,设计师要培养真正的同理心,就必须把用户视为永恒的""你"",走出""我-它""模式的对象世界,进入""我-你""模式的关系世界。从这种具有根基的同理心出发,就可以演绎出体验设计思维的多种表达式如:永恒之""你""的信念与广义触点设计思维,""谦卑""精神与""痛点""设计思维,""负轭""精神与""容错""设计思维,""宽恕""精神与""允许例外""设计思维等。同时,这也为我们进一步拓展体验设计思维提供了源泉性的动力。摘要:",创意与设计,2018-08-30,期刊,J505,11-15,5
48,跨界与多元——界说“视觉文化研究”及其范式方法的探绎,常雷,鲁迅美术学院,视觉文化研究;文化研究;符号学;艺术社会史;当代图像学;,"随着时下图像外延的扩大以及学科间交叉影响的增强,传统艺术史面对当代""流行、大众文化""下的图像范畴,往往显得力不从心。20世纪60年代""视觉文化研究""的诞生,其跨界又多元的学科特点及方法,为视觉图像研究赋予了更加丰富多彩的形状。值得注意的是,任何理论方法的使用都是一把双刃剑,它的有效性和局限性如影随形。同时,由于""视觉文化""研究的是可见之物,一般性的视觉符号通俗易懂,但并不意味着看到这些视觉符号的观者的反应会保持一致。因此,我们在使用诸多研究方法的同时,需要保持一种审慎而严格的分析。摘要:",创意与设计,2018-08-30,期刊,J509.1,16-20,5
49,镜子存在与视觉丰盛的文化契约——作为同一主体与异质性介入的后工业消费文化,许正人,南京工程学院艺术与设计学院,同一性主体;镜子存在;视觉丰盛;异质性介入;后工业;消费文化;,"同一性文化主体体现着一个时代的某种文化契约精神,它们形态万千,或者付诸大工业生产,或者籍由互联网媒体得以复制与传播……在文化生产的背后,同一性的主体精神往往隐匿于视觉丰盛的物质世界,那是一个模仿与山寨文化泛滥的世界;而异质性文化因素的介入则是谨慎的,它拒绝简单的复制与耗费,它在消费与文化之间寻得一种均衡——它让我们明白,消费社会所衍生出来的视觉符号与文化产品为我们展现的是另一种镜子存在及视觉丰盛的后工业文化生产模式——作为""同一性主体""与""异质性介入""的双重文化品质将检视我们的当下所直面的后工业消费文化的存在与走向……摘要:",创意与设计,2018-08-30,期刊,G112,4-10,7
50,通识教育课程的混合式教学思考,宋颖,复旦大学艺术教育中心,混合式教学;建构主义学习;自主性学习;情境化学习;合作学习;,"混合式教学是一种结合了线上教学和传统教学模式的全新教学模式,这种教学把传统教学的时间和空间都进行了扩展,在教学理念、教学方法、教学形式、教学效果各方面带来了革命性变化,在本文中,基于通识教育混合式教学课程《虚拟空间设计与表现》的教学实践,反思混合式教学的独特优势和实践中出现的问题,希望通过理论总结,优化通识教育课程的混合式教学。摘要:",创意与设计,2018-08-30,期刊,G642,74-79,6
51,基于人物关系研究的运动装备概念设计,杨志博;张立昊,江南大学设计学院,O,O,创意与设计,2018-06-30,期刊,TS943.74,105,1
52,跨域性与装饰性——试论纤维艺术介入现代公共空间,牛天越,南京大学艺术学院,纤维艺术;跨域性;装饰性;公共艺术;环境设计;,"从纤维艺术以及成为现代艺术的重要表现形式则是,纤维材料自身所具有的亲和力,以及其可用的创造手法、创造手段较多,形式多样,给了艺术家很多创造空间,可以用编织、缝纫、环绕等各种方法从平面或立体进行艺术创作。纤维艺术还具有很强的跨域性以及现实的装饰作用,扮演着艺术品和生活用品的多种角色,并且在手工艺术品、壁挂艺术方面都有能进行展现,同时穿越了时间的界域以及变现形式的界限。目前,纤维艺术的发展方向大致可以分为两个,一是作为一种现代艺术的独立表现形式,成为艺术的创作者对现代艺术理解与表达的一个途径。二是作为为建筑环境服务的有机组成部分,为其增加视觉亮点和精神重点。随着时代和社会发展的变化,人们在纤维艺术的创造上又会出现新的理解与形式,有带来了新的现实思考,以及审美体验,以及演化成为了和现实紧密结合、和自然和谐相处的一种新的视觉审美价值,也深刻影响地了人文精神所存在存在的空间媒介。",创意与设计,2018-06-30,期刊,TS102;TU238.2,71-78,8
53,基于新环境下的母婴清洁洗护类产品设计,韩笑;邓嵘,江南大学设计学院,O,O,创意与设计,2018-06-30,期刊,TB472,2,1
54,“传统器具设计研究”类课程教学探索,张明山,江南大学设计学院,传统器具;造物;设计研究;教学;,"""传统器具设计研究""是设计学科的新兴课程,强调从中国传统造物中挖掘和探寻优秀的设计思想和方法,并在此基础上进行现代设计的拓展和创新。文章呈现了研究与教学中的思考,教学的前期以教师的教为主,讲授器具研究的基本框架搭建;中期是在教师的引导下,学生逐步进行器具的分类案例采选;后期是学生独立进行器具个案的研究与创新设计。教学中的重点是要以设计学的本体语言对传统器具进行材料、结构、形态、功能等视角的分析;难点是关注器具本身的同时,还要关注器具与人、环境三者的关系。帮助学生在学习中梳理传统器具研究的基本思路、建立清晰的器具研究体系。",创意与设计,2018-06-30,期刊,G642;TB47-4,55-59,5
55,设计何为?——围绕德国红点奖(Red,Dot,江南大学视觉文化研究所,红点奖;工业设计;设计教育;开放性;质疑精神;,"2018年4月,德国红点奖因清华美院资深教授柳冠中先生在一次访谈中直言""红点奖是商业机构来骗中国人钱来了""而一度置身于舆论焦点,在网络上引爆热议,继而激发设计教育界掀起一波持续的广泛讨论,本文在对此事件回顾的基础上,加以梳理与综述,以期相对客观地呈现此一事件的完整过程与各种不同观点,希望借此引发人们对设计大奖赛及设计教育等各方面的深层反思。",Award)事件的回顾、综述与反思,墨鱼子都,创意与设计,TB47,79-91,13
56,汽车车身消失面的构建方法分析与教学,梁峭;陈旻瑾;陈香,江南大学设计学院,工业设计;汽车车身建模;消失面;计算机辅助设计教学;,"消失面是一类重要的曲面形式,是计算机辅助设计教学中的重难点。目的为了探讨消失面的规律与构建方式,有效辅助汽车车身建模。方法基于造型特征线层次对汽车形面进行了分类,进而探讨了汽车造型中消失面在三个层次的运用。通过实例和数模演示,总结了消失面的形成原理及影响因素。最终基于上述分类与总结,使用案例对典型汽车消失面的构建方法进行了展示与分析。结论消失面的构建需要的不仅是软件技巧,更需要对曲面形态与走势的理解与把握能力。",创意与设计,2018-06-30,期刊,U463.82,48-54,7
57,传统建筑作为文化原型隐喻的伦理价值,熊承霞;王泽家;张蔼佳,上海理工大学出版印刷与艺术设计学院,建筑图像;伦理象征;媒介叙事;形态语义;空间体系;,"传统中国的建筑在长达3000多年的体系叙事中,扮演的核心价值是其社会伦理的教化功能。传统建筑外化的""物态""象征实施感官上的伦理呼应,从而使建筑中隐喻的秩序守则与凡俗生活互为关照。传统建筑形态正如著名传播学家麦克卢汉所言的""人体延伸"",以立面形态导引出秩序和规则,以视觉样态解读仁善和美,从而传播普世化的道德伦理。传统建筑对称的轴线等级仪式、神话思维的装饰构件、序列三分的结构约束,正是传统中国伦理社会所要表述的核心造物思想,这些造物思想中隐喻的智慧是中国文化的生命基因,而在当代社会纷扰的建造传播视觉中,重新认识传统建筑的伦理通义性显然拥有重铸社会伦理的""治疗""作用。",创意与设计,2018-06-30,期刊,TU-092,12-18,7
58,雅安“4.20”地震后高颐阙的数字化重建保护实践研究,邓育林;候汝军,四川音乐学院数字艺术系四川大学艺术学院,高颐阙;数字化重建;保护;实践;,"本文主要对高颐阙的数字化重建保护实践进行综合论述。重点解析了高颐阙的建筑数据和图片资料采集、建筑制图、建筑的数字模拟、建筑漫游动画、虚拟现实制作这五个主要的实践实施环节和技术重点,分析了高颐阙数字化重建保护过程中的出现技术问题并提出解决方案。",创意与设计,2018-06-30,期刊,TU-87,19-24,6
59,江南近代园林研究的跨学科新探索——评《太湖鼋头渚近代园林研究》,田如男,南京林业大学风景园林学院,O,"<正>鼋渚风光,山青水秀,为太湖风景精粹之所在,故有""太湖第一名胜""之称。当代大文豪郭沫若先生诗赞:""太湖佳绝处,毕竟在鼋头。""始建于1918年的太湖鼋头渚近代园林充分凝聚了太湖的烟波浩瀚与无锡自然山水园林的精髓,两者相得益彰,相映成趣,成为江苏巧妙结合真山真水,进行市郊近代风景园林规划设计的典范。太湖鼋头渚近代园林对无锡山水城市格局",创意与设计,2018-06-30,期刊,TU986,104,1
60,美国蒙大拿大学美术学院课程设置、特色与瓶颈,周进,复旦大学艺术教育中心,美国;蒙大拿大学;美术学院;工作室;,"本文依托笔者2017年在美国做访问学者的经历,论述了蒙大拿大学美术学院的学位与课程设置、工作室教学制度以及经过百年发展之后美术学院面临的财政瓶颈,认为我们应该学习其建立严格的学术研究体制、加大对美术工作室的配套建设与维护,并将视野扩展到学院与大学所在的美国西部城市文化资源与景观研究中去。",创意与设计,2018-06-30,期刊,G642;J0-4,39-47,9
61,“新时期”电影与现代性想象的三种方法,惠恭健,江南大学人文学院,“新时期”电影;传统;现代化;,"在通常被称为""新时期""的二十世纪八十年代,""现代""成为其时的社会与文化思潮中最为重要的主题词。""新时期""的中国电影也以其热切的想象回应了这一主题。借用黑格尔的术语,本文认为第四代导演的作品采用的是合题的方法,对于现在与传统这一二元对立中的每一项都表露出了矛盾的态度,第五代导演的作品采用的是反题的方式,通过在另类的传统中重新发现生命力而形成了一种反现代性的现代性,常规的主流影片则基于实际的社会状况和经济水平采用了正题的方式,追求一种更具世俗现代性的工业现代化叙事。",创意与设计,2018-06-30,期刊,J905,65-70,6
62,想象力在设计中的鲜为人知的作用,麦兹·尼加德·福尔克曼;辛向阳;孙志祥,江南大学设计学院江南大学外国语学院,O,"麦兹·尼加德·福尔克曼:比较文学博士(哥本哈根大学),丹麦南丹麦大学科灵校区设计与传播系副教授,主要研究领域为美学、设计理论、设计文化分析以及虚构及想象力在设计中的作用,学术出版物主要围绕设计和文学话题,2013年于麻省理工学院出版社出版专著《设计中的想象力美学》(The Aesthetics of Imagination in Design)。",创意与设计,2018-06-30,期刊,J505,4-11,8
63,心手合一:艺术设计学科模型课教学管理与工匠培养的关联,林鸿;江牧,苏州大学艺术学院,艺术设计;教学管理;模型课;,"课程体系是人才培养方案的主体,也是组织教学活动的依据。构建完善的课程体系管理是提高教学质量的根本保证,也是推进教学改革的重要手段。目前,我国关于课程体系管理研究主要集中在整个学科的课程管理上,对于单项专业课程的管理研究较为缺乏。因此,本文欲以我国高等院校艺术学院的模型课程为例,研究该课程的管理内容和方法,以期能为相关专业课程管理提供一些思路。",创意与设计,2018-06-30,期刊,G642;J50-4,33-38,6
64,公共空间新媒体原型设计的视觉呈现,陈媛媛,南京邮电大学传媒与艺术学院同济大学设计创意学院,公共空间;新媒体设计;原型设计;,"新技术革命赋予公共空间新媒体设计新的关系、体验、反馈形式和内容。其原型设计的视觉呈现基于社会场所,在设计的过程中建立于数字媒体和新型社交网络的支持上,构成了主动性的技术、艺术、社会参与网络;通过情境创造,结合纸上原型设计,视觉呈现等方法,完善和表达城市生活公共空间的新媒体设计。",创意与设计,2018-06-30,期刊,J505,60-64,5
65,走向理论自觉的设计史研究——读李立新教授新著《象生:中国古代艺术田野研究志》,祝帅,北京大学现代广告研究所,O,"<正>近日,笔者欣喜地收到南京艺术学院李立新教授的新著《象生——中国古代艺术田野研究志》(北京大学出版社2017年11月出版,以下简称《象生》)。近年来,李立新教授作为我国设计学、艺术学理论两个领域中的一位重要学者,新作不断涌现,而且每每引起学术界的关注和兴趣,《象生》这部著作自然也不例外。尽管这是作者的一部最新论文的结集,但无论从主导思想、写作逻辑还是编选思路来看,",创意与设计,2018-06-30,期刊,J509.2-5,100-103,4
66,从印度到中国:丝绸之路上的佛陀降生神话图像——从五台山繁峙岩山寺佛传故事画说开去,伊家慧,南京大学哲学系,佛传;佛陀;佛陀降生神话;丝绸之路;,"佛陀降生神话图像初创于古印度,一开始是没有佛陀形象的图像体系,最早有佛陀形象出现的犍陀罗艺术图像代表其典型原初形态。随着佛教经由丝绸之路传入中国,佛教艺术也在西域和汉地发展兴盛,现存佛传图像主要集中于中国。中国的佛传图像呈现出多元化的特点,时间上,从魏晋南北朝绵延至明清时期,体现出以印度文化和中国文化为核心的多元文化的碰撞与融合,亦反映出大乘佛教的发展对佛教各方面的影响。空间上,从克孜尔石窟到敦煌莫高窟、云冈石窟、甘青地区藏传佛教寺院等,几乎遍布于佛教兴盛的各个地域。可以说,佛陀降生神话图像见证了佛教在丝绸之路上的传播历程。",创意与设计,2018-06-30,期刊,K879.4,25-32,8
67,文脉与文明——《南朝访古录:南朝石刻艺术总集》序言,陈传席,中国人民大学,O,"<正>汉、唐是前辈学者研究的重点,六朝的研究,人就少了。有一位已故的著名学者就说过:""那些短命的王朝,短命的诗人、艺术家,尽量不要去研究。""我当时正在研究六朝,也研究唐寅、弘仁,前者是短命的王朝,后者是短命的艺术家,听后心为之一振。但因为需要研究,我还是研究下去了。其实,六朝是汉向唐的转型时期,显得特别重要,人的自觉,文的自觉,艺",创意与设计,2018-06-30,期刊,K879.3-5,98-99,2
68,图形用户界面(GUI)的外观设计专利保护——以GUI第一案为例,金银,上海海事大学徐悲鸿艺术学院,图形用户界面(GUI);知识产权保护;外观设计专利;,"图形用户界面被纳入到外观设计专利保护范围中,但其侵权纠纷仍然遵循通常的外观设计专利侵权判定规则,须首先确定产品种类是否相同或相近。在GUI第一案中,原告与被告在是否侵权、侵权赔偿与专利是否在申请前就已经公开等方面激烈交锋,提供了此类纠纷诉讼策略的范例。法院以产品类别不同为由而判决不侵权,显示了我国目前GUI保护的困境,相应的知识产权法律体系可能会在外观设计专利中加入局部外观设计保护制度与将GUI规定为外观设计的产品类别直接获得保护。",创意与设计,2018-06-30,期刊,D923.42,92-97,6
69,基于空间叙事的城市感性家具设计研究,褚军刚,中国美术学院上海设计学院,美术学;城市感性家具;空间叙事;活化;在场;,"当前城市公共家具的研究较为注重功能性和实用性,在城市公共空间中偏重于理性表达。如何更好地提升空间的品质,需要从感性的角度来研究人与空间的情感联系和交互体验。本文从空间叙事这一视角出发,来研究公共家具的感性表达,提出了建设城市感性家具这一新的命题,并对城市感性家具的定义、特征、作用以及理论体系的建构做了深入的研究,以期能补充和丰富城市公共家具的研究,促进""公共空间—人—感性家具""三者之间的相互交融,更好地营造出有特色的场所空间。",创意与设计,2018-04-30,期刊,TS664.01,77-80,4
70,“十大要素”之变——从三篇文章初窥张协和设计思想,黄厚石,南京艺术学院设计学院,张协和;设计思想;工业美术;,"作为抗战时期延安重要设计师的张协和,在建国后仍然笔耕不辍,写作了多篇重要的设计文章。尤其是在80年代初期,他在三篇内容上有连续性的论文中提出了""工业美术""的""十大要素"",非常具有前瞻性地分析了设计的本体问题。本文从这三篇文章出发,试图解读在这过程中,张协和设计思想的演变和发展,并从中看到时代变化中的中国设计思想发展的整体面貌。",创意与设计,2018-04-30,期刊,TB47,4-10,7
71,丹下健三,,O,O,"<正>丹下健三(Kenzo Tange),日本著名建筑师,1913年9月4日生于大阪,2005年3月22日病逝于东京。曾获得普利兹克建筑奖,于1961年创建了""丹下健三城市·建筑设计研究所""。""建筑是凝固的音乐""是丹下常挂在嘴边的一句话,人与建筑应和谐共处是他的设计原则。而这些,他在自己的《日本建筑的传统与创造》、《人类与建筑》、《从一根铅笔开始》等著作中都进行了阐述。丹下健三的建筑创作活动大致分为三个阶段。",创意与设计,2018-04-30,期刊,K833.13;TU201,2+105,2
72,南宋馆阁园林的营造与承续,何晓静,中国美术学院设计艺术学院,馆阁园林;营造;承续;,"南宋的三馆秘书省作为专门管理国家藏书的机构,是宋室南渡后在皇家宫苑园林营造基本完成时第一批兴建的官家机构。作为保存仪典文献的主要机构,馆阁园林的营造受到皇家的关注和重视,同时,以掌管机构文人为主导进行的园林营造,具有较高的文化内涵和审美意义。融糅了皇室审美倾向、文人典型品味以及公共趣味的馆阁园林,彰显了南宋园林中心扎根江南后,形成江南园林型构的转折性特征。",创意与设计,2018-04-30,期刊,TU-098.4,53-58,6
73,基于被动式休闲行为的城市公共空间设计,杨茂川;徐龙飞,江南大学设计学院上海弘城国际建筑设计有限公司,被动式休闲;城市公共空间;行为;体验;,"本文结合休闲学、环境行为学的研究成果,从空间的社会属性出发,研究具有普遍休闲功能的城市公共空间。研究内容主要集中于以下两个方面:首先,研究被动式休闲的行为特征;其次,研究支持被动式休闲行为的城市公共空间的环境特质、设计原则与手法。",创意与设计,2018-04-30,期刊,TU984.113,65-71,7
74,《历史街区》课程的教学思考——图示再现、形式创造与认知更新,赵衡宇;陈雨萌;李贵华,中南民族大学美术学院,历史街区;图像再现;教学思考;,"图示再现是城市街区研究的重要内容,也是建筑学科的主要思想工具,历史街区图示语言表达的转型是近年来学术前沿颇受关注的热点。图示对于建筑学基础教学也起到了重要作用,近年来图示发展更加注重表达时空变迁、感受环境本身变量并开始展现社会文化驱动等着力点。历史街区的图示应该看作是以空间和场景衍化理路的叙事文,关于其呈现形式的矛盾性与多元性直接决定了街区的主体性内容与叙事的衍伸价值,本文通过对历史街区的案例教学与相关考察来说明这一运用问题。",创意与设计,2018-04-30,期刊,G642;TU984.114-4,81-89,9
75,揭示苏南传统民居建筑装饰的新意义——评《苏南传统民居建筑装饰研究》,过伟敏,江南大学设计学院,O,"<正>《苏南传统民居建筑装饰研究》一书是崔华春博士在其博士学位论文的基础上,进行了比较长时间的打磨,再思考,修订而成的学术研究成果出版物。作为崔华春博士的指导教师,遵嘱为该书写序,应该是当仁不让的。一是,《苏南传统民居建筑装饰研究》的出版非常及时,适逢包括苏南地区在内的江浙两省14个江南水乡古镇联合申报世界文化遗产之际,该书可以帮助更多的人从建筑装折及装饰的层面,来重新和系统地认识作为中国传统建造文化中具有代表性的地区——苏南传统建造",创意与设计,2018-04-30,期刊,TU241.5,93-94,2
76,论奢侈品的审美价值,李祥文,湖北经济学院艺术设计学院,奢侈品;审美价值;光;浪漫主义;古典主义;,"奢侈品通常具有优雅精致的外观,因而具有一定的审美价值。特殊的光泽效果是奢侈品审美价值的重要体现;奢侈品强调多变梦幻的外观形式,体现出强烈的浪漫主义美学精神;奢侈品固守传统,追求和谐与永恒,又体现出一定的古典主义美学精神。",创意与设计,2018-04-30,期刊,J505,11-19,9
77,局限与反响:日本民艺运动的发展及嬗变,何振纪,中国美术学院设计学系,日本;民艺运动;发展;局限;影响;,"汉字中的""民艺""一词,率先由日本工艺思想家、作家柳宗悦约于1925年提出,其涵义指的是为民众的手工艺。在19世纪末至20世纪初,柳宗悦作为其时日本民艺思想的领袖,在日本脱亚入欧迅速迈向现代化的社会背景下,展开了一场影响广泛的""民艺运动""。面对陷入危机当中的传统手工艺,柳宗悦与志同道合的几位朋友共同通过这场运动投身于民艺的保护与振兴活动之中。日本民艺协会与日本民艺馆相继成立,及后更成为了日本民艺运动的轴心与标志。直至今天,这场民艺保护与振兴运动仍然在当代日本的民艺发展中发挥着重要影响。",创意与设计,2018-04-30,期刊,J509.313,20-29,10
78,论“漂霞”在中国渐进历程和中华特色,长北,东南大学艺术学院,漂霞;《髹饰录》;中华特色;本土髹饰工艺;,"作者分析了""漂霞""工艺在中国的渐进历程,探讨了《髹饰录》前后多有""漂霞""工艺记录、《髹饰录》记为纹样未记工艺的原因,认为""漂霞""是极富中华特色的髹饰工艺,其中融入了中华漆工二百余年智慧,呼唤维护中华工艺传统,呼唤本土髹饰工艺语言""漂霞""回归。",创意与设计,2018-04-30,期刊,J527,30-34,5
79,试论《淮南子》之用漆科学思想,潘天波,江苏师范大学传媒与影视学院,《淮南子》;用漆;科学思想;,"汉代是一个漆器的时代,漆器是""养生送终之具也""。作为融会众家思想的《淮南子》闪烁几许植漆、制漆、髹漆等用漆科学思想之光。笔者拟就该著中论及的用漆与月令、用漆与化学、用漆与工艺、用漆与色彩等语段,在阐释中理解汉代的用漆科学思想,以期为当代缺乏""元经验""的工艺设计提供反思与传承的视点。",创意与设计,2018-04-30,期刊,J527,35-40,6
80,中国古代设计思想对社会设计的价值研究——以《三才图会》为例,于钊;林迅,上海交通大学媒体与设计学院,《三才图会》;社会设计;设计伦理;,"现代社会的各种社会问题日益严重,设计盲目为消费社会追求利益,如何实现为人的需求而非欲求设计,如何满足设计的社会性需求成为设计研究广泛关注的一个问题。技术在进化,但人不能离开其生存的自然环境、社会环境,这个大的文化生态并没改变,中国拥有的不是""璀璨""的工业的历史而是漫长的农耕时代孕育出来的""传统"",要解决中国设计的社会性需求,需要从中国古代设计思想中寻找可用的设计伦理和人文价值,从而辅助社会设计的推进和发展。",创意与设计,2018-04-30,期刊,J509.2,41-45,5
81,服务设计五要素——基于戏剧“五位一体”理论的研究,曹建中;辛向阳,合肥工业大学建筑与艺术学院江南大学设计学院,服务设计;要素;戏剧五位一体;服务;行为;,"从美国20世纪修辞学泰斗肯尼思·伯克的戏剧""五位一体""理论出发,将人、行动、目的、场景、媒介归纳为服务设计的五个基本要素,结合服务的本体属性和戏剧的相关概念详细阐述这些要素的含义、特征以及彼此间的逻辑关系,构建基于五要素的服务设计框架,旨在为服务设计的深入认知和有效开展提供引导。",创意与设计,2018-04-30,期刊,J505,59-64,6
82,一个谱系性画派的研究与启示——读童永生教授新著《宣城画派研究》,子莫,江南大学视觉文化研究所,O,"<正>(一)在中国绘画史上,地域性的画派概念出现的较晚,以地别为派者""至明季方有浙派之目。是派也,始于戴进,成于蓝瑛。""(清张庚《浦山论画》)明清之际,画派纷呈,一时""乱花渐欲迷人眼""。苏松、云间、华亭三派并立,又总称""松江派"";江苏境内则有""金陵八家""、虞山、娄东、武进诸画派;皖南则有新安、姑熟、宣城诸画派;作为中国绘画史上的一个理论概念,宣城画派出现得最晚,对它的研究也方兴未艾,在这一领域,童永生教授无疑是其中的佼佼者,而《宣城画派研究》则是他在这方面的最新学术成果。(图1)",创意与设计,2018-04-30,期刊,J212,95-97,3
83,紫砂的传承与创新——对“重构紫砂·百相罗汉”当代紫砂雕塑展的回顾与思考,徐诚一;宋佳音,江南大学设计学院无锡太湖学院艺术学院,罗汉;紫砂雕塑;当代;展览;,"""重构紫砂·百相罗汉——江苏省第二届当代紫砂雕塑展""暨《重构紫砂·百相罗汉》紫砂雕塑创作研讨会于2017年10月14日在紫砂陶艺的发源地——江苏无锡宜兴市丁蜀镇成人文化技术学校成功举办。本次展览以""重构""为理念导向,以紫砂为创作媒介,以""罗汉""这一中国传统雕塑中的固有符号作为创作主题,吸引了省内外近60位艺术家创作的近200件紫砂罗汉雕塑作品前来参展。雕塑家们力图尝试和探索用新的雕塑形式和造型语言来表达""罗汉""这一传统题材,作品形式丰富多元,语言风格个性独立。本次展览是继2015年""江苏省首届当代紫砂雕塑展""成功举办的基础上,对于具有江苏地域特色的传统工艺和雕塑艺术的深化和延续,在理论和实践上更好地传承和弘扬江苏紫砂雕塑艺术。",创意与设计,2018-04-30,期刊,J314.8-28,98-104,7
84,"引重致远,载道明礼——《中国古代设计思想研究-以先秦独辀马车设计为例》书评",张凌浩,江南大学设计学院,先秦独辀马车;古代设计思想;发展历程;制造范式;,"胡伟峰博士撰写的《中国古代设计思想研究-以先秦独辀马车设计为例》一书是从设计的视角并基于""事理学""的理论成果,系统研究先秦独辀马车的使用情境和设计情境、发展历程和演进逻辑、设计制造范式和设计思想,并对于先秦独辀马车的设计思想结合现代设计理念和思维逻辑进行阐释。作者是从设计视角对于先秦独辀马车的设计思想进行研究,从而和已有的从考古学、科技史、美学等角度对于先秦独辀马车进行研究的成果进行区分,目的是从传统造物思想和设计文脉中发现设计灵感,启迪现代设计。",创意与设计,2018-04-30,期刊,K875.3-5,90-92,3
85,娱乐与启蒙:市民文化生成中的《点石斋画报》研究,杨慧丹,河南理工大学建筑与艺术设计学院,娱乐;启蒙;市民文化;点石斋画报;,"1884年创刊的《点石斋画报》立足于晚清正在形成的市民社会,反映了传统社会向现代社会转型时期的市民生活,充当了市民文化的代言人,在娱乐市民大众的同时扮演了启蒙者的角色。作为一种新型的文化产品,《点石斋画报》既在转型的社会文化中定义了自我,同时又成为市民文化的塑造者之一。新的观念和新的意识逐渐深入人心,《点石斋画报》也由此成为市民生活的一部分。",创意与设计,2018-04-30,期刊,G239.29,46-52,7
86,基于互联网大数据技术下的CMF平台发展概况及构想,刘霞,太原工业学院,CMF;材料共享平台;服务设计;,"随着时间和人类的进化发展,材料在现代制造业及经济发展过程中变得越发的重要,这种趋势对(CMF)新色彩、新材料,新工艺大数据的汇总、管理、传播和各专业间的知识交流和共享方式提出了全新的需求。本文通过对世界兴起的17个材料共享平台案例的研究,总结了他们的特点和设计趋势,最终运用服务设计的用户旅程(Customer Journey)、系统图(System)来对我国CMF平台进行设计框架的构想。",创意与设计,2018-04-30,期刊,TP311.13,72-76,5
87,科技设计温暖世界,应放天,浙江大学中国工业设计协会,O,"<正>(主持人:应放天教授也是中国工业协会副会长兼秘书长,教育部计算机辅助产品创新设计工程主任,教育部高校工业设计教学指导委员会委员,应放天教授也是中国工业设计界的明星,他的演讲充满激情,大家欢迎。)各位好,刚才介绍的都不重要,最重要的是我是无锡轻工业学院的学生。我记得去年还是前年,我在这边同样的舞台上,做了一个报告。很多人问我,你是一位教授,你认为什么是设计?我说我不知道。但是设计,我学了这么多年,留给我内心的只有两个字""温暖""。所以我不知道为什么,我站在这个舞台上,我认为是一个""舞台"",我觉得我始终想把这种温暖的力量与各位",创意与设计,2018-02-28,期刊,TB47,33-38,6
88,产品突破型创新设计的方法与实施,陈江,广州美术学院工业设计学院,O,"<正>设计研究,我们知道,设计是在八十年代初引进我们国家,我们做设计的时候唯一的方法就是头脑风暴。现在三四十年过来之后,设计不光是设计本身了,越来越多地涉及到科技这方面的工作,设计研究的成份是越来越重了。",创意与设计,2018-02-28,期刊,TB472,45-47,3
89,基于系统创新的个人交通,曹鸣,江南大学设计学院,O,"<正>(主持人:刚才奥克兰大学的Cheung老师已经陈述了服务设计和媒体方面的设计经验。很显然这个领域在今天极大程度的改变了我们的设计的范畴和内涵。今天在设计学院,我想很多设计学院的同学,你在三年和四年的学习过程当中,不知道做了多少的app,很多作业体现在app上面,这是我们这个时代转型过程当中产生的现象。但是有时候我们也在反思,是不是我们过于虚拟现实过于互联网经济,有时候我们要反思一下实体经济的重要性。",创意与设计,2018-02-28,期刊,TB47;U48,61-64+69,5
90,设计:拿什么与平凡微笑?,李凌虹,芬兰拉普兰大学艺术与设计学院,O,"<正>我毕业于江南大学设计学院工业设计专业的,在这里度过了我的本科、硕士、博士岁月,在江南大学工业设计专业做博士后,研究的是关于""服务设计""的问题。我自己也是独立的项目策划人,有自己的设计公司,同时我也是长期的设计专栏的作家。",创意与设计,2018-02-28,期刊,TB47,65-69,5
91,跨学科的设计趋势研究和实践,黄晓靖,上海理工大学出版印刷与艺术设计学院YANG DESIGN,O,"<正>谢谢江南大学的邀请,在讲座正式开始之前,我先简单地进行自我介绍,我来自于上海的YANG DESIGN设计公司,我们是中国最具前瞻思维的设计公司,也是中国首家囊获包括德国红点、iF、日本G-Mark、美国IDEA在内全球四大设计奖项的顾问公司,至今累计获得了近百项设计大奖。",创意与设计,2018-02-28,期刊,TB47,70-73,4
92,技术融入设计,孙效华,同济大学设计创意学院,O,"<正>我今天跟大家分享的题目是:技术融入设计。邓老师在今天上午论坛主题演讲中,也讲了技术在我们这个时代,在设计里面的作用,这个方面我就不再多讲了。我主要分享一下我们在设计创意学院是如何从不同的方面,在教学实践中,包括本科和研究生,在不同的层面如何真的把技术能够从不同的维度融入到设计学生的基础能力里面。我主要主要从下面四个方面,本科教学、研究生教学以及如何构建教学和科研的平台,并且组织大量的活动,从不同的维度让技术真的能够给同学提供非常丰富的机会来谈一谈。",创意与设计,2018-02-28,期刊,TB47,78-81,4
93,工程研究、技术创新与设计教育,包海默,大连民族大学设计学院,O,"<正>今天我演讲的题目是工程研究技术创新与设计教育。主要介绍的是我们学院整体的教学思路,我拿出一个可能比较具体的课题来跟大家分享我们如何进行教学的。我们这个院跟刚才的两位老师,徐老师和孙老师执教的学院,可能不太一样。我们是一个小学校,一般人可能不一定听说过我们学校。徐老师和孙老师都是有很大的平台,我们这样一个学校,在我们这个环境里面,大连是一个相对来说不是特别开放的,或者特别前沿的这样一个城市,我们如何开展我们的本科",创意与设计,2018-02-28,期刊,TB47,82-86,5
94,微交互与艺术化生存,王文聪,南京艺术学院工业设计学院,O,"<正>大家好,我是来自南京艺术学院。刚才几位都是来自综合性大学。南艺的特点,艺字是抹不掉的。所以今天要谈的可能是两部分,第一部分是我对于一些技术,因为这次的主题是技术,技术如何与艺术相结合的这样一些想法。第二部分是介绍一下我们在教学当中的一些思考和尝试。我们知道,回溯世界的发展,技术还是起着决定性的推动性的作用。现在技术是我们创造这样一个本质的必要的手段。我们很多现有的一切东西,应该还是靠技术来推动的。但是有时候我们也在思考,这次这个主题,我想到一本书,大家比较常见,也是比较通俗的读物,""技术是由心智创造""。这",创意与设计,2018-02-28,期刊,TB47,90-93,4
95,DesignX:一个设计新行动主义的时代,娄永琪,同济大学设计创意学院,O,"<正>我非常高兴又一次来到了风景如画的江南大学,也非常抱歉,因为晚到了。我刚刚从浦东机场赶过来,昨天我在维也纳,我们开维也纳国际应用艺术大学的咨询委员会。我算了算,前后只待了48个小时,又回到了祖国。今天要讲的题目不是新的,但是我在不同的地方做演讲,都试图加一些新的东西。所以如果说有听过我之前讲同样题目的朋友,也许你能发现一些新玩意儿。",创意与设计,2018-02-28,期刊,TU201,25-29,5
96,那不勒斯Ponticelli老人院设计,单靖雯,米兰理工大学,水资源管理;那不勒斯;建筑自动化系统;老人院;幼儿园;,"<正>将幼儿园融入老人院的设计,丰富了老年人的日常活动,为老年人的生活带来生机。由走廊及公共活动空间串联起来的独栋老年人住宅楼,在实现活动中心的流动性的同时,使室外绿色活动空间面积最大化。施工技术追求环境可持续性和节能标准和基于广泛和多样化的使用可再生资源和高效的系统。老年人住房功能系统都是集中和自动化,利用",创意与设计,2018-02-28,期刊,TU246.2,102-104,3
97,米兰Caserma,Montello街区规划及建筑设计,米兰理工大学,毯式街区规划;毯式建筑;周边;可视性;混合空间;,"<正>本案设计注重建筑的尺度与地平面及周边环境的关系,采用了毯式建筑的设计手法。建筑的尺度,选择了更亲近与人的高度,作品通过底层高密的水平院落以及可持续设计的适应性结构,将建筑设计成为与内外环境相互协调的综合体,增强建筑对周边街区的可视性,从而提高周边人群对建筑承办活动的参与度。在空间设计的艺术表达上,采用程式化的方形空间分割及单元重复延伸的平面布局方式,一方面建筑内部各部分空间相流通,使多种功能的空间相混合;另一方面和经纬交错重叠的线性建筑结构与光影的有机结合,使建筑更具律动感。",单靖雯,创意与设计,2018-02-28,TU201;TU984.113,105,1
98,大型灯光表演及其用户体验设计,徐迎庆,清华大学美术学院,O,"<正>非常感谢张院长给我这样一个机会,来跟各位汇报一下我们最近做的一些工作。也特别感谢各位在大周末来会场。真的没有想到我们这么多同学,已经来过江南大学几次了,每次都非常有感慨,这里有非常漂亮的校园,非常好的同学。昨天我是上课上到五点,我们清华大学信息艺术交叉学科的课程,我们有两位非常优秀的学生就来自江南大学,你们的学长,沈逸浩(音译)同学和刘迎新(音译)同学,他们都做得非常好。我们期望有更多的同学有兴趣加入我们清华大学的信息艺术设计交叉学科的研究生团队,算是做一个广告。",创意与设计,2018-02-28,期刊,J814.4,74-77,4
99,"2017""为转型而设计""系列国际会议——Ⅱ",设计框架:可持续的设计创新力,O,O,O,,创意与设计,2018-02-28,J50-2,2,1
100,开幕演讲:创新与复杂性,张凌浩,江南大学设计学院,O,"<正>我们这次会议的主题是""为转型而设计""。为什么取名""设计研究,技术和意义的革新""?我先做一个简短的报告,希望能抛砖引玉,为大会做一个简单的介绍。我的主题是创新与复杂性,为转型而设计的教育反思。众所周知,我们这次邀请了很多来自于企业创新的领军人物,大家在全球游历的时候可以发现,最近十年整个技术对于设计教育,原来是作为一个",创意与设计,2018-02-28,期刊,J50-4,4-7,4
101,设计创新驱动变革,Vijay,伊利诺伊理工大学,O,"<正>感谢主办方的邀请,感谢江南大学的各位领导和设计学院的各位领导的邀请,我很高兴能够来到无锡,非常开心能够有这样的机会。今天我想先给大家做一个简单的自我介绍,讲讲我个人一路的发展。今天我们的主题是设计与转型,或者说设计与变化,而对我个人来讲,我也在一生当中经历了很多变化,所以我想给大家讲一讲这当中的一些重要的事件,这些事件让我的人生发生了很多变化。我就出生在印度,包括我早期求学的阶段都是在印度。这是1976",Kumar,创意与设计,2018-02-28,J502,8-16,9
102,主体的觉醒,宋协伟,中央美术学院设计学院,O,"<正>尊敬的领导们,尊敬的张凌浩和魏洁两位院长,还有在座的所有渴望知识的同学们,上午好!很开心,到这里跟大家来做一个分享。当然我也在想,因为近期确确实实,全国高校似乎都在觉醒。与此同时,我也突然觉得我有点像李扬,疯狂英语,到处走穴的感觉。但是没关系,这体现了我们对设计,尤其对设计教育的这样一个关注和思考。",创意与设计,2018-02-28,期刊,J50-4,17-21,5
103,设计领域的新现象,辛向阳,江南大学设计学院,O,"<正>感谢在座的各位嘉宾、各位同学!不好意思,演讲题目临时换了,技术的意义,我本来想从经济学、社会学和普通社会大众对技术这两个字的解读来谈这个话题,后来发现,可能过于抽象。我分享另外一个题目,在非物质设计领域新出现的规律性的东西。",创意与设计,2018-02-28,期刊,J502,22-24,3
104,公共设计中的用户体验研究,邵健伟,香港理工大学设计学院,O,"<正>大概是三十年之前我来过无锡,当时我只是一个学生。我非常高兴,而且也很荣幸受邀请来到这里,在这边我见到了很多老朋友。很抱歉我的普通话不是很好,今天的演讲我将会使用英语来讲。接下来我会和你们讨论这幅图。它非常的有趣。在过去的3-4个月中,我忙于各项公共空间设计项目。因为我需要去理解很多新的用户行为和用户感受。",创意与设计,2018-02-28,期刊,J505,30-32,3
105,为生活而设计,Roberto,英国普利茅斯大学创业发展系,O,"<正>大家好!非常感谢江南大学邀请我来演讲,我演讲的主题是为生活而设计。我要从这张图开始我的演讲。我想我们正处在一个新的人类的可能性的时代。对于我来讲,我的理解就是说,我们都是相互依赖相互依存的。我认为为生活设计,其实就是一个把我们联结在一起的一个过程,让我们在设计过程中可以互相的交流,并且不断的发展。",Fraquelli,创意与设计,2018-02-28,J502,39-44,6
106,自由对话:设计教育家的“成长性心态”研究,Peter,美国俄亥俄州立大学视觉系,O,"<正>今天下午的时间还是比较长的,在座有多少是老师?其实我今天的演讲主要是为了老师讲的。可以吗?大家应该不介意吧?我今天所演讲的内容不是任何的模型、特定的框架,我只是想从一名设计教育者的角度讲一讲我对于成长型思维概念的理解。我之前从事设计师的工作有十多年,之后就开始做老师教设计有17年,是俄亥俄州立大学视觉传达设计方向的教授。它是美国第三大的公立大学,拥有十八个学院,175个本科学位,有超过6万多个学生。事实上,我今天的演讲主要是和视觉传达专业的老师分享,可能会稍微快一点。",Kwok,Chor,Chan,J50-4,48-54,7
107,媒体感知交互模型,Ming,新西兰奥克兰理工大学新西兰奥克兰理工大学传达设计系,O,"<正>给大家介绍一下我今天的主题,它其实是为用户体验当中设计的一个新的模式,MPR(Media Perception-Reaction)模式。我现在是在澳大利亚工作,我之后会去新西兰的奥克兰工作了。在座有多少人去过新西兰?在座有多少人去过澳大利亚?在座有多少人去过中国?我知道了,我知道中国比较热门比较火。",Cheung,创意与设计,2018-02-28,J534,55-60,6
108,发现与建构东方设计语言体系——评《字趣未央》,过伟敏,江南大学设计学院,O,"<正>《字趣未央》是陈原川所著关于汉字设计研究的新作,亦是其拟定的系列文化阅读丛书之一,与《紫气微尘》、《明式上下》等两卷成为姐妹篇章。就汉字和汉字设计的研究来言,学界的既有研究成果颇为丰盛。但近三十万字的《字趣未央》写作的视角较为独特,以""趣""字为轴,并侧重于汉字审美及其在平面设计中的应用研究,起到了重新思考当下汉字传播的意义和路径,梳理与总结中国当代汉字设计成就的重要作用。在一定程度上,《字趣未央》是当下中国汉字设计研究趋向的缩影与镜像。当然,《字趣未央》更是陈原川近二十年来从事汉字设计研究的最新总结和重",创意与设计,2018-02-28,期刊,J524-5,94-95,2
109,近五年中国设计学理论建设与发展概述——中国当代设计理论体系建构问题探索系列研究,邹其昌;华沙,同济大学设计创意学院,当代中国;设计理论体系;建设与发展;中国设计学派;,"本文立足中国设计学科健康发展,旨在探索中国设计理论发展与建构,重在事实呈现,不做价值评判,共同推进中国设计理论发展,以期建构中国设计学派。在设计学学科升级的背景下,中国设计理论领域近五年来涌现了一批研究成果,这些成果进一步推动了当代中国设计学理论体系的建设。通过对近五年来中国设计理论的代表性研究成果进行梳理概括,以期从设计基础理论建设、设计实践理论建设、设计产业理论建设三个方面较为全面的反映近五年来中国设计理论建设发展的状况。",创意与设计,2018-02-28,期刊,J505,96-101,6
110,VR语境下的用户体验设计与情感计算,王海宁,湖南大学设计艺术学院,O,"<正>今天非常荣幸能够来到江南大学和各位老师、学生一起分享和交流。我来自湖南大学设计学院,我在学校主要是做情感计算,特别是多模态和多通道情感识别在人机交互领域的应用。大家知道最近两年VR技术特别火爆,在硬件、内容和交互层面都有大量的应用产生,所以随之带来的是很多用户体验的问题。所以在VR环境下如何去度量用户的情绪,是我们非常关注的一点。这就是我今天带来的主题,也就是VR语境下的用户体验设计与情感计算。首先情感计算这个概念,其实是来自信息学科,它是由MIT媒",创意与设计,2018-02-28,期刊,TP312.1,87-89+93,4
