1,艺术中“反技术”的本质及其内在张力,张传文,广西艺术学院,O,"<正>纵观几个世纪以来艺术发展的历程,一条清晰可见的脉络是:反技术的文化倾向与艺术的发展如影随形。事实上,这种悖反的线索还可追溯到更早。如柏拉图、亚里士多德甚至阿基米德,都毫不掩饰地表现出对技术的轻视,亚里士多德甚至把工匠看作是""无生命的客体""(inanimate objects);在我国魏晋南北朝时期,东晋画家顾恺之提出""以形写神""""迁想妙得""",大舞台,2018-12-05,期刊,J02,44-49,6
2,影视剧对网络小说的二次创作研究——以电视剧《如懿传》为例,桑陌,O,《如懿传》;网络小说;电视剧;二次创作;,"电视剧《如懿传》根据流潋紫的小说《后宫·如懿传》改编,于2018年8月在腾讯视频独家首播。作为《甄嬛传》的姊妹篇,该剧在开播伊始和播出的过程中,即获得极高的关注度和讨论度。本文通过小说和电视剧中的人物形象对比,兼及叙事结构、视听语言,来分析电视剧《如懿传》在原著基础上进行的二度加工,二次创作。结论是成功的二次创作,是电视剧成功的必要前提。",大舞台,2018-12-05,期刊,J905;I207.42,72-76,5
3,从画说到肥皂,王祥夫,O,O,"<正>看马骏的人物画,我就常常想洗澡。我是洗混塘长大的,至今还喜欢在混塘里洗澡,周边都是哗啦哗啦的水声,除了水声就是水雾,中国人洗澡最讲究泡澡,不泡好就不算是洗澡,泡澡是一种享受,可以慢慢慢慢把身子浸到挺热的水里去,泡澡就是要挺热的水才行,没听过要泡凉水澡的。泡澡泡到浑身大汗,满脑门儿都是汗,眼睛给汗杀得睁不开,然",大舞台,2018-12-05,期刊,I267,50-52,3
4,2018年度河北省优秀原创舞台剧剧本征集结果揭晓,王昊,O,O,"<正>11月15日,由河北省文化和旅游厅主办、河北省艺术研究所承办的2018年度河北省优秀原创舞台剧剧本征集签约仪式在省艺术研究所举行,省艺术研究所与话剧《承诺》等省内外10部入选剧本的作者进行签约。本次征集活动于今年3月1日开始,面向全国征集适合我省院团排演的大型优秀舞台剧剧本,以及面向全省征集年龄在50周岁以下的青年创作者创作的大型",大舞台,2018-12-05,期刊,I207.3-2,105,1
5,燕赵风骨杨继盛,王景恒,O,O,"<正>时间明嘉靖二十九年——隆庆元年(1550—1567年)人物杨继盛,容城""三贤""之一,明代著名谏臣。张贞,杨继盛夫人。严嵩,明·嘉靖朝内阁首辅。纪秉龙,通政司参议,杨继盛挚友。唐锦芳,朱厚熜随侍太监。幺婆婆,狄道百姓,卖褐人。",大舞台,2018-12-05,期刊,I23,53-68,16
6,曹大傻卖羊,王建国,O,O,"<正>时间:农村精准扶贫时期。地点:驻有扶贫工作组的农村。人物:曹大傻,六十多岁,多年单身。梁主任,五十多岁,扶贫工作组主任。[工作组居住地,农村小院。[室内一桌两椅。[梁主任腰抽围裙上在忙活着什么……梁主任(唱)精准扶贫乡下住,",大舞台,2018-12-05,期刊,I23,69-71,3
7,德平大秧歌的动作特征及传承发展,樊海伦,德州学院音乐学院,德平大秧歌;动作特征;传承发展;,"德平大秧歌是德平镇具有代表性的民俗活动,现为省级非物质文化遗产。它有很多独特的特点,是一种文化的代表。它来源于群众,发展于群众,是一种很接地气,很有群众基础的独特的艺术形式。德平大秧歌的表演和演出具有一定的影响力和积极作用,研究和传承它是有深远意义的。",大舞台,2018-12-05,期刊,J722.211,90-94,5
8,谈歌曲《延安颂》的音乐风格,梁召今,国防大学军事文化学院,O,"<正>由莫耶作词、郑律成作曲的《延安颂》是抗战期间具有代表性的革命歌曲,全曲以激昂的旋律,表达了千万革命人民向往延安的强烈愿望和真挚情感,反映出一种时代精神——延安精神,体现了革命英雄主义与革命浪漫主义的完美结合,是一首广为传唱、经久不衰的经典作品。笔者作为一名军旅音乐工作者,从这首歌曲的创作背景、音乐创作、时代意义三个方面来分析这首革命歌曲的时代意义。一、《延安颂》创作背景抗日战争时期,中共中央和陕甘宁边区政",大舞台,2018-12-05,期刊,J605,102-104,3
9,坚守艺术本体,,O,O,"2018年9月28日至10月19日,全国梆子声腔优秀剧目展演在河北省会石家庄上演。来自陕西、山西、河北、河南等14个省份,秦腔、晋剧、豫剧、河北梆子等23个剧种,精彩呈现。展演期间,河北省艺术研究所组织省内外专家、参演院团长等相关人士,围绕着梆子声腔剧种的发展路径、现实题材创作、传承和发展等主题展开研讨,现将有关专家发言整理刊发,以飨读者。",坚定文化自信——新时期梆子声腔剧种的发展路径专题研讨会纪要,冀艺,大舞台,J825,4-10,7
10,“旧程式”的坚守与“新程式”的创造,李建平,上海戏剧学院,O,"<正>演现代戏难,难于上青天!不仅难写难导难演,用什么样的""程式""去表现更是件要命的事。几天前见一位业内专家评论一个戏曲现代戏,前面说的很流畅,谈到这个戏的戏曲程式运用就开始语句艰涩词不达意了。""程式""是戏曲塑造舞台形象的基本语汇,也是戏曲艺术最重要的美学特征,戏曲要求演",大舞台,2018-12-05,期刊,J812,11-12,2
11,缺失的“现实”:当下现实题材创作的问题,孙红侠,中国艺术研究院戏曲所,O,"<正>当下,现实题材剧作的创作备受重视,对现实题材剧作的讨论逐渐成为当下的热点话题。各级各种艺术节和汇演中,现实题材剧作的比例要求很多时候高达百分之八十。如此高的现实题材创作比例当然体现了创作者响应政策要求做出的努力,但是如果冷静客观地看,无论是从剧作的思想价值还是舞台呈现来看,数量不菲的现实题材作品呈现出的却是现实的缺失。当下现实题材的作品,有这样几个问题。其一是工具化。工具化,简而言之就是把",大舞台,2018-12-05,期刊,J804,16-19,4
12,也谈戏曲产业化发展,杨广金,河北省河北梆子剧院,O,"<正>曾看到一位研究文化产业的学者写的一篇探讨河北梆子市场化之路的文章。文中针对河北梆子""风光不再,惨淡经营""的现状,提出了把作为非物质文化遗产的河北梆子转化为文化产品,使之成为一种新兴文化产业,通过市场化之路达到复兴目的的设想。笔者又上网浏览了十几篇有关论述戏曲产业化的文章,其中有些专家学者乐观的认为""中国传统文化的产业化发展,将成为21世纪中国经济最大的增长点""。就戏曲而言,他们引用最多的成功例",大舞台,2018-12-05,期刊,J892,20-22,3
13,戏曲现代戏创作的两个关键点,冉常建,中国戏曲学院,O,"<正>2018年是中国改革开放40周年,为繁荣现实题材戏曲创作提供了新的契机。中华人民共和国建立后,现实题材始终是中国戏曲的主流创作题材,也是中国戏曲乃至中国文艺的重要历史传承和时代使命。在现代题材戏曲作品的创作中,应紧扣时代脉搏,贴近群众生活,创作出体现时代精神的戏曲精品。在这里,想重点谈两个问题。第一个问题,现实题材戏曲作品要深刻地融入时代精神。第二个问题,创作现实题材戏曲作品要坚持表意主义美学",大舞台,2018-12-05,期刊,J804,23-24,2
14,在传承发展语境下谈梆子声腔的“完善”及“如何完善”,蒋国新,河北省艺术研究所,O,"<正>""传承发展""这一概念的正式提出源于2015年国务院办公厅印发的《关于支持戏曲传承发展的若干政策》(国办发[2015]52号)一文,文件在总体要求和目标里提出,""坚持扬弃继承、转化创新,保护、传承与发展并重"",""培育有利于戏曲活起来、传下去、出精品、出名家的良好环境""。传承,主要是对剧种加以记录、收集、保存,追求""原汁原味""的再现。发展,属于动态的保护,有创造性转化、创新性发展的内在含义,要求剧种和唱腔契合",大舞台,2018-12-05,期刊,J825,25-27,3
15,实验戏曲《来自地球的你》导演创作谈,吴丹妮,中国戏曲学院,O,"<正>""明月""自古以来便是中西方达成审美默契的美学符号,实验戏曲《来自地球的你》以明月为载体,以两段情连结起""古今中外,天上人间"",以打破常规的叙事结构和舞台呈现方式,让古典文明与现代文明相互碰撞,将戏曲本体和话剧元素相结合,充分发挥实验戏剧的创新性,做出""传统戏剧现代化""的探索。一、实验戏曲《来自地球的你》一度创作(一)剧情摘要及选题的由来《来自地球的你》讲述了这样一个故事:来自地球的宇航员亨瑞,带着人类的登月梦想",大舞台,2018-12-05,期刊,J811,82-85,4
16,梆子剧种现代戏创作的出路,郑荣健,《中国艺术报》新闻部,O,"<正>在全国戏曲版图中,梆子剧种占了半壁江山。它不仅起源早,覆盖范围广,分支剧种多,更因其对戏曲剧种的辐射和影响,相比于被誉为""百戏之师""的昆曲,有着更深远的戏脉传承,可以说是""百戏之师""。它的唱腔高亢激越、音乐个性鲜明、表演兼具规范与自由的特色,具有较强的适应性和表现力,因此在现代戏创作中具备较大的优势。长期以来,包括秦腔、豫剧、河北梆子、晋剧、山东梆子等剧种在内的现代戏创作纷繁并茂,诞生了如豫剧《朝",大舞台,2018-12-05,期刊,J825,13-15,3
17,全国戏剧期刊联盟年会召开,,O,O,"<正>由上海戏剧学院、全国戏剧期刊联盟、田汉戏剧奖组委会主办的全国戏剧期刊联盟主编年会暨第32届田汉戏剧奖评选活动10月29日至11月1日在上海戏剧学院举办,经评委的评选,由全国15省市近20家戏剧专业期刊推荐的24个剧本、31篇论文获奖分别获得剧本一二三等奖、评论一二三等奖。《大舞台》编辑部推荐的戏曲剧本《魏象枢》(编剧/",第32届田汉戏剧奖揭晓,,大舞台,J892.7,89,1
18,当下戏曲人的双重身份:传承者与传播者,齐爱云,陕西省戏曲研究院,O,"<正>戏曲艺术由一辈辈艺术家传承、发展,延续至今,既有艺术上的口传心授,又有品德精神上的言传身教,以及人生观、价值观、审美观的熏染。在文化多元化的今天,传统戏曲艺术受众群体减少与老龄化现象的日趋严重,使戏曲人担忧、焦虑,如果没有了受众,戏将演给谁看?所以,越来越多的戏曲人意识到了受众的培养在戏曲艺术传承中的重要性和紧迫感。严格地说,传承与传播就像是一枚硬币的两面,缺一不可。前者侧重于艺术的延续,",大舞台,2018-12-05,期刊,J825,32-36,5
19,新时期梆子声腔剧目的创作发展路径,麻立哲,河北省艺术研究所,O,"<正>习近平总书记指出""中华优秀传统文化已经成为中华民族的基因"",他强调""要处理好继承和创造性发展的关系,重点做好创造性转化和创新性发展""。中国戏曲具有悠久的历史、独特的魅力和深厚的群众基础,是表现和传承中华优秀传统文化的重要载体。2018年9月28,全国梆子声腔优秀剧目展演活动拉开了帷幕,来自陕西、山西、河北、河南、山东、云南、广东等14个省份,秦腔、晋剧、豫剧、河北梆子、滇剧、西秦戏等23",大舞台,2018-12-05,期刊,J825,37-39,3
20,豫剧现实题材创作的实践与反思,姚金成,河南省艺术研究院,O,"<正>现实题材的戏曲现代戏难写难演,成活率低,优品率更低,似乎是不争的事实。我长期与专演现代戏的河南豫剧院三团合作,现实题材的现代戏创作就成了我经常要面对的课题。上世纪八、九十年代,三团就排演了我的《归来的情哥》和《蚂蜂庄的姑爷》等三个剧本。2000年以来,我先后为三团创作了《香魂女》《村官李天成》《焦裕禄》《全家福》《乡官马凯明》等六部现实题材的现代戏剧本。除了《乡官马凯明》还在修改加工,",大舞台,2018-12-05,期刊,J825,40-43,4
21,戏曲的传承与创新,周喜俊,石家庄市文联,O,"<正>我出生在河北农村,从小喜欢戏曲,那时农村精神文化生活非常匮乏,看戏是农民最大的艺术享受。农闲时剧团到村里演出,我们一帮小伙伴经常兜里揣个窝头,在露天剧场一看就是一整天,吃过晚饭再接着去看。剧团挪了台口,还会追到十多里地的外村去看。戏曲,是我少年时代人生观、价值观的启蒙,让我从中懂得了什么是真善美,什么是假恶丑。我因爱好戏曲走上了文学创作之路。十六岁开始写作品,至今已四十余年,发表",大舞台,2018-12-05,期刊,J804,28-31,4
22,《行书七言诗轴》,梁清标,O,O,O,大舞台,2018-12-05,期刊,J292.35,2,1
23,非遗保护中的法制化管理和先进科技的应用——以日本“祇园祭”保护为例,张琳,辽宁师范大学外国语学院,O,"<正>闻名世界的日本""祇园祭""是一个具有上千年历史的规模盛大的传统文化活动。它浓缩了日本古城京都的历史文化,也吸纳了大量包括中国文化在内的外来文化。其中的山鉾彩车巡游表演是活动的高潮部分,享有""行走中的美术馆""之称誉。每年的7月""祇园祭""活动时,都吸引来一大批世界各地的游客到此观看。2009年日本""祇园祭""被世界教科文组织列入世界非物质文化遗产名录。祇园祭的历史最早可追溯到公元869年,",大舞台,2018-12-05,期刊,G131.3;DD912.1;D931.3,86-89,4
24,论文化认同与京津冀区域协同发展,黄建生,河北省社会科学院,O,"<正>文化认同指的是某区域内个人或群体对一种文化从心理、情感等方面的确认和归属。这种确认和归属对于一个国家或者一个区域的协同发展作用重大,京津冀协同发展是我们的重大国家战略,对实现""两个一百年""奋斗目标和中华民族伟大复兴具有重大的现实和历史意义。经过几年努力,目前在交通、产业、环保等方面,协同发展取得了积极成效。党的十九大提出,要抓住疏解北京非首都功能这个""牛鼻子"",推动京津冀协同发展,这为京津冀协",大舞台,2018-12-05,期刊,F127;G127,95-98,4
25,引进节目的本土化创新策略研究——以《爸爸去哪儿》为例,冯哲辉;胡迪,浙江传媒学院,海外引进模式节目;本土化;创新策略;《爸爸去哪儿》;,"随着市场竞争的日趋激烈,我国广大电视媒体直接引进海外成熟节目的模式,在此基础上进行本土化创新改造,成为一个便捷而有效的吸引受众的途径。本文通过《爸爸去哪儿》本土化创新的成功之路,总结了应该如何根据我国国情和受众收视习惯对海外引进模式节目进行本土化创新,如何构建我们的节目研发创新机制,创作出真正体现中国特色和中国精神的电视节目模式。",大舞台,2018-12-05,期刊,G222,77-81,5
26,博物馆展出效果与“个人文化资本”的关系,桑雨秾,英国华威大学,博物馆;文化资本;展出效果;,"本文以皮埃尔·布迪厄的""个人文化资本""理论为基础,以观众素养为主要分析对象,探讨博物馆展出效果在多大程度上是由观众自身的文化资本作用的,并据此提出博物馆如何根据""游客""的不同需求,对自身的发展进行调整,以满足观众日益提升的文化需求。",大舞台,2018-12-05,期刊,G266,99-101,3
27,玉衣魂,姬君超,O,O,"<正>人物窦绾刘胜之妻,窦姬的侄孙女。巧哥汉武帝时长信宫内府工匠,后封为""巧手圣人""。刘胜汉景帝之子,窦姬之孙,立为中山王,谥为靖。实姑窦姬的贴身侍女。窦姬汉文帝太后,汉景帝尊为皇太后,汉武帝尊为太皇太后。刘嫖窦姬的长女,武帝皇后陈阿娇之母,封为馆陶长公主。",大舞台,2018-10-10,期刊,I23,62-80,19
28,《居官鉴》与《招隐居》比较研究,李春秀,国家新闻出版广电总局研修学院,O,"<正>近代早期的时事剧中有两个具有代表性的剧本,一是晚清著名戏曲家黄燮清的《居官鉴》,另一个是革命先驱钟云舫的《招隐居》。历来对这两部剧作都有不同角度的研究,但鲜有对其进行比较研究的。其实,这两个剧本本质上存在着诸多相似之处,都以鸦片战争为背景,反映了鸦片战争后中国内忧外患,满目疮痍,官吏腐败,强盗横行的黑暗现实,都充满",大舞台,2018-10-10,期刊,I207.3,42-46,5
29,李渔的戏曲导演理论阐析——据《闲情偶寄》而论,孙良,中国艺术研究院,戏曲导演;李渔;《闲情偶寄》;《演习部》;选剧;授曲;合乐;,"李渔作为清代文学家、剧作家,在戏曲艺术史上具有重要地位。其著作《闲情偶寄》以""填词之设,专为登场""的创作角度为出发点,联系元明以来的戏曲创作经验,结合个人实践体会,对中国古代戏曲理论做了较系统的总结。与《闲情偶寄》中的《词曲部》相比较,《演习部》更偏重于二度创作的导演思维,可称得上是一篇雏形已具的戏曲导演学论著。因此,本文欲《演习部》所论及的选剧、授曲、合乐三方面进行分析,通过阐释其中的主要思想,管窥李渔的戏曲导演艺术。",大舞台,2018-10-10,期刊,I207.37,47-52,6
30,三类戏的断想,姬君超,O,O,"<正>我把五十年来写的戏分为三类:应景戏、实益戏和感怀戏。也有既为应景又有实益的感怀戏。应景戏即为了适应时事、年份、庆典、节日或某一纪念活动的应急之作。此类戏多为主题先行,上马容易,经费充足,大张旗鼓,制作宏大,轰轰烈烈,效应隆重。但大多不能成为经常上演的保留剧目。好在作曲是我的老本行,就能够按照唱腔的规律填写唱词,进而设计出几段讨好的唱腔,来迎合戏迷的欣赏要求。所以常常听到的观众评论",大舞台,2018-10-10,期刊,I207.3,81-83,3
31,话剧剧本《铁杆高粱》简评,郭文岭,河北省文联《当代人》杂志社,O,"<正>高宏然写剧本是第一次尝试。但作为读者,口味并不会因她的尝试而有所降低。近三万字的作品,一口气读完,阅读中几次哽咽。我觉得这个本子有生活根底、元气充沛。先说人物。宏然笔下的主角徐艳丰这个形象,性情有几分痴、几分拧、几分憨,比较丰满、立体。为钻研古老的秸秆扎刻艺术,他在家庭中饱受继父刁难凌辱,同时还要承受那个特殊时代的不解、不容而带来的精神和肉体双重折磨,甚至差点搭上身家性命,一棵根",大舞台,2018-10-10,期刊,I207.34,34-35,2
32,说虾,王祥夫,O,O,"<正>东北人喜欢把小的东西叫""毛这个""""毛那个"",瓜籽儿叫""毛嗑儿"",小虾米皮儿叫""毛虾""。小孩儿叫""小毛孩儿"",小偷叫""小毛贼""。我父亲高兴了偶尔会下厨,炒两个菜再来一个汤,会说:""汤里再给你们来点小毛虾。""喝酒的时候,父亲有时候会以毛虾下酒,但要新鲜的那种,放一小碟子在那里,同时还会有一碟子油炸花生,或者,再来一碟子茴香豆。",大舞台,2018-10-10,期刊,I267,60-61,2
33,溯源经典之缘由——析舞剧《红色娘子军》,黄雨微,中国艺术研究院,舞剧;芭蕾舞剧;《红色娘子军》;,"本文以中国芭蕾舞剧《红色娘子军》为主要论述对象,分别从它的产生背景、女性视角、芭蕾民族化特色三个方面进行了时间轴与空间轴的分析。探究了其成为中国芭蕾经典之缘由,在捋顺前因后果的同时,加深它在当代人心中的印象,指引当下同类主题的舞剧创作,延续革命之可贵精神。",大舞台,2018-10-10,期刊,J723.4,26-29,4
34,民比天大——蔚县秧歌剧《魏象枢》观后,王露霞,河北省艺术研究所,O,"<正>鲁迅先生在《中国人失掉自信力了吗?》一文中说:""我们从古以来,就有埋头苦干的人,有拼命硬干的人,有为民请命的人,有舍身求法的人,……虽是等于为帝王将相作家谱的所谓‘正史’也往往掩不住他们的光辉,这就是中国的脊梁。""前不久,由蔚县秧歌演艺有限责任公司创排的、国家艺术基金2016年度大型舞台艺术创作资助项目——蔚县秧歌剧《魏象枢》,就塑造了这样一位""为民请命""""舍身求法""的民族英雄,客观、真实、",大舞台,2018-10-10,期刊,J825,14-19,6
35,导演艺术的特性,罗锦鳞,O,O,"<正>导演艺术创作的依据是剧本。剧本是现实生活在剧作家头脑里反映的产物。因此我们说作家的创作是一度创作,是戏剧艺术其他部门的创作依据。如果剧作家的剧本写出来,未经演出,那这个剧本只不过是一个文学作品而称不上戏剧作品,只是属于文学范畴的作品。只有经过导演和演员、舞台美术工作者……的再创造,搬上舞台,向观众演出,才能称其为戏剧作品。否则只能是摆在书架上供读者阅读的文学作品。导演的艺术创作是在剧本基础上",大舞台,2018-10-10,期刊,J811,36-41,6
36,坚持走“山庄戏剧”特色创作道路,王家奇,河北省承德话剧团,O,"<正>承德话剧团始建于1948年,是一个从战火硝烟中走过来的文艺团体。七十年来,承德话剧团一直没有离开承德这片深厚的生活沃土,剧团始终坚持深入生活、坚持自己的创作,在话剧艺术的创作道路上,留下了值得怀念的足迹。剧团先后把自己创作的近百个剧目搬上舞台,50年代的《渠水长流花盛开》《在无人区》,60年代的《青松岭》《当家人》,70年代的《珊瑚岛上的死光》《飞水滩》,80年代的《懿贵妃》《愿望》《班禅东行》,",大舞台,2018-10-10,期刊,J824,4-6,3
37,"四十年风雨兼程,开创戏曲繁荣发展新局面——张家口戏曲艺术研究院改革开放四十年发展回眸",谢岩,O,O,"<正>改革开放以来,张家口戏曲艺术研究院坚持""二为""方向、""双百""方针和""三贴近""原则,以饱满的热情和创造性的劳动,讴歌伟大时代,弘扬民族精神,赞美火热生活,创作生产了一批作品,推出了一大批戏曲人才,其中的优秀作品和演员接连在国家、省、市获奖,为张家口市的文艺发展做出了积极贡献,提升了张家口戏剧的影响力。张家口戏曲艺术研究院从1952年成立之初,就把根深深地扎在塞北广袤的大地上,汲取并传承着这里的艺术营养和文化精神。新",大舞台,2018-10-10,期刊,J805,7-9,3
38,河北省戏曲类非遗传承与发展研讨会暨国家级非遗深泽坠子戏保护成果展演,,O,O,"<正>2018年9月6日,由河北省非物质文化遗产保护中心、河北省艺术研究所、石家庄市文广新局、深泽县委县政府主办,石家庄市群艺馆、中共深泽县委宣传部、深泽县文广新局承办的河北省戏曲类非遗传承与发展研讨会暨国家级非遗深泽坠子戏保护成果展演在深泽举行。作为全省36个剧种大家庭中的""小字辈"",上世纪三四十年代由打板说唱完成从曲到戏转身的深",大舞台,2018-10-10,期刊,J825,105,1
39,顺改革之势,,河北省话剧院,O,"<正>对于一个艺术团体,时代的变革意味什么?如何用与时俱进的眼光对社会和生活现实进行艺术的诠释?回顾改革开放四十周年,河北省话剧院始终坚持对时代和现实的洞察,对行业发展的预判,对自身文化艺术身份的审视,从未忘记自己的责任、使命和担当。河北省话剧院成立于一九五三年,六十多年来,一直坚持党的文艺路线,坚持从群众中来到群众中去,以乡土气息浓郁的农村现实题材作品在全国话剧舞台上独树一帜,曾三进",沐时代新风——河北省话剧院改革成长四十年,孙婧,大舞台,J824,10-13,4
40,民族文化自信的时代表达——评邕剧《玄奘西行》,许燕滨,南宁市民族文化艺术研究院,O,"<正>邕剧《玄奘西行》是2016年度国家艺术基金资助项目,由中国艺术研究院研究员、戏曲学者毛小雨任编剧,河南豫剧院新锐青年导演王香云导演,""广西第一小生""黄俊成领衔主演。这部邕剧新作着力塑造""人间玄奘""形象,弘扬""玄奘精神"",将视角转到印度,透过印度学者的眼光,截取玄奘从公元628年",大舞台,2018-10-10,期刊,J825,20-22,3
41,漂泊之心何处宿——河北梆子《剪影》之品评,沈楠,天津社会科学院出版社,O,"<正>新编河北梆子现代戏《我们村里的年轻人》系列之《剪影》是一部站在城市化进程的视角下深度发掘当代农村问题的艺术作品,它以社会风气为切入点,直指人心,触人深思,看似简单的剧情却揭露了当下农村中所存在的许多现实问题。河北梆子《剪影》通过敏锐的视角反映落后地区贫困的经济状况和落后的生活观念导致了种种陈规陋俗,歪风邪气在很大程度上影响着社会风气,甚至在社会上产生了许多的负能量。而河北梆子《剪影》的故事背景也来",大舞台,2018-10-10,期刊,J825,23-25,3
42,"人间一场恋,西湖几度春——观青春版新编粤剧《白蛇传·情》有感",刘佳宏,O,O,"<正>当电视剧《新白娘子传奇》的主题曲""千年等一回""还在悠远的记忆里回响时,而今穿越千年时空,以今人的艺术审美重新演绎的这段白蛇与凡人的千古凄美浪漫爱情传说的青春版新编粤剧《白蛇传·情》,给人耳目一新的视听感受,这与当下的艺术审美相契合,也使我第一次领略到享有""南国红豆""美誉的粤剧声腔艺术的清音雅致、流畅写意的魅力。特别是广东粤剧院副院长、中国戏剧""梅花奖""得主曾小敏,以妩媚靓丽的青春造型,清丽雅",大舞台,2018-10-10,期刊,J825,30-33,4
43,只研朱墨作春山——《钱金福脸谱图说》跋,张铁荣,O,O,"<正>《钱金福脸谱图说》是李孟明先生的新作(南开大学出版社2018年10月出版)。这本书有人物介绍、有分量很重的论文(代前言)、有图谱和说明文字,更重要的是有作者的经典评说(即《颊上史笔解读》),拿在手上沉甸甸的。按图索骥,许许多多经典的戏剧人物在我们面前走过,读者犹如走进了台前幕后,和那些著名的表演艺术家相遇,近距离接触到许多个性鲜明的舞台人物。仅此一点,李孟明先生抢救京剧文",大舞台,2018-10-10,期刊,J821.5-5,53-54,2
44,“校园国剧”《封金育子》之启示,杨茹涵,中央戏剧学院戏剧管理系,O,"<正>为了弘扬中华优秀传统文化,全国众多的中小学校都开展了""国粹艺术进校园""活动,但是,选择什么形式进校园,选取哪些剧目进校园,是一个不能忽略的问题。广大青少年正处于培育人生观和价值观的基础阶段,正需要加强善与恶、美与丑、好与坏、先进与落后、科学与愚昧等基本价值观念的教育,由于历史的原因,我们的一些传统剧目并不适合这种需求。如果不加选择,把只有成年人才能欣赏的剧目也呈现给孩子,肯定达不到预期的效果。",大舞台,2018-10-10,期刊,J821,55-56,2
45,对新编古装吕剧《长白寒儒》的三点思考,李娟,山东省滨州市艺术创作研究所,吕剧;《长白寒儒》;剧种特色;基层地方戏剧团;,"基层地方戏剧团是保护传承戏曲文化、增强戏曲创作活力的重要力量。但是,囿于资金、人才、创排条件等现实问题,新创大型剧目的选题、创作、立上舞台往往成为基层地方戏剧团的短板。本文将目光投向吕剧这一山东最具代表性的地方戏剧种,以邹平县吕剧团新编大型古装吕剧《长白寒儒》为评论对象,透过地域特点与历史名人选题、剧种特色与艺术化追求、基层院团大戏创作与可持续发展这三个方面的思考,聚焦基层地方戏剧团新创剧目的艺术呈现及其创排实践。",大舞台,2018-10-10,期刊,J825,57-59,3
46,“另类”的战争影像,张川平,河北省社会科学院,O,"<正>对于战争题材影片而言,""另类""的极端莫过于对诉诸于武力解决争端的方式加以质疑和对残杀场面的剔除,《地中海》便是一部以喜剧形式反思和否定战争的影片,由意大利导演盖布·瑞尔沙瓦执导,它以新颖的角度、诗意的画面、深刻的哲思和人道主义的情怀摘取1992年度奥斯卡最佳外语片奖。影片的背景是二次大战接近尾声之时,一",大舞台,2018-10-10,期刊,J905,89-91,3
47,论青年亚文化视阈下青年喜剧电影的类型化发展,方冰玉,南京师范大学文学院,青年亚文化;喜剧电影类型;主流化成因;,"近几年,影视界涌现出了一批喜剧电影,这些电影往往以青年人物为主角或带有鲜明的亚文化色彩,形成了独特的""青年喜剧""风格,这些喜剧电影成本不高,却往往能取得较高的电影票房,如《泰囧》《港囧》《夏洛特烦恼》《缝纫机之恋》等作品。本文试图对这一类型的喜剧作品做出界定,分析其类型特征,并试图揭示这一类型喜剧电影逐渐主流化的深层原因,对当下喜剧电影的发展进行深刻反思。",大舞台,2018-10-10,期刊,J905,92-98,7
48,《魏紫图轴》,邹一桂,O,O,O,大舞台,2018-10-10,期刊,J222,2,1
49,真迹一词在书法史中概念的演变,贾明昊,北京师范大学艺术与传媒学院书法系,O,"<正>真迹一词在《汉语大词典》中解释为:""出自书画作者本人的手笔。""[1]《辞海》解释为:""真实的笔迹。多指书画家本人的原作。""[2]这与今天日常所说真迹的意义基本吻合,但是这一词汇在古代书论当中并不单单指这一种含义。真迹一词的内涵在历史上也在发生改变。启功《论怀素〈自叙帖〉墨迹本》:""按我们今天判断法书真伪,有三种区分,甲是原写的原纸,这叫‘真迹’;乙是钩摹而成的复制品,虽非原写原纸,但字形笔法还能保留,",大舞台,2018-10-10,期刊,J292.1,84-88,5
50,新媒体语境下大运河(河北段)非物质文化遗产数字化保护与传承策略研究,窦兴斌;何边,河北经贸大学工商管理学院文化产业管理系河北省艺术研究所,新媒体;大运河;数字化;保护与传承;,"大运河是中华文明史上的重大工程,是涵养中华精神文明的""母亲河"",近年来对别具物色的大运河(河北段)的研究与开发工作不断推进。笔者认为新媒体语境下,大运河(河北段)保护与传承应该与现代数字相结合,利用现代传播途径,提高对大运河非遗项目的发掘与传承。",大舞台,2018-10-10,期刊,G122,99-104,6
51,论《牡丹亭》中的“情”,文静,四川艺术职业学院,牡丹亭;汤显祖;情;理;至情;,"""情""是《牡丹亭》的灵魂和核心词汇,也是其取得巨大艺术成就的根本原因,但是剧中男女主人公超越生死界限的""至情""却存在着一个极大的悖论:如果两个人对彼此的爱慕一直停留在""色""的层面,何来""至情""?如果只是顺应命运,爱情成了神秘主义的产物,又何谈""至情""?如果""梦""成为女主人公仍然""贞洁""的遮羞布,""至情""岂不是沦为一句空话?杜丽娘和柳梦梅之间的""爱情""其实也可以有另一种解读,让我们重新审视与思考。",大舞台,2018-08-10,期刊,I207.3,36-38,3
52,盘子里的佛手,王祥夫,O,O,"<正>往昔过年过节,母亲总是会买些青红丝回来,而且会拿鼻子闻闻,说这可是真货!我不明白什么真货假货,母亲告诉我好的青红丝一定要用佛手做才香,才有味,桔子皮做的青红丝味道稍逊,青红丝有什么味儿?像是没什么味儿,但你要是",大舞台,2018-08-10,期刊,I267,45-47,3
53,奔跑的柴尼,王新良,O,O,"<正>时间21世纪初地点森林王国角色柴尼虎大王龟爷爷猴子兔子松鼠蜗牛青蛙蚂蚁一群狗娃汪星人甲乙一群小蜜蜂三只豺狼序幕[青山绿水,山脚下,鲜花盛开。[一群狗娃欢笑着跑上,按队列站定其中一个回头呼喊:柴尼,柴尼,快来玩呀!",大舞台,2018-08-10,期刊,I23,48-60,13
54,包装,唐建华,O,O,"<正>时间当代。地点桂北某农村。人物曾志炎——男,30岁,下村扶贫的第一书记。余友前——男,40多岁,农民,曾志炎的舅舅。贾冬梅——女,40多岁,余友前妻子。[幕启。农家乐餐馆。[欢快的音乐声中,余友前和贾冬梅提酒上。",大舞台,2018-08-10,期刊,I23,61-64,4
55,“信仰”一直在场的戏剧创作——访剧作家孙德民先生,齐丽梅,河北省艺术研究所,O,"<正>""为什么我的眼里常含泪水,因为我对这土地爱得深沉。""这不仅仅是诗人艾青的自况,也是众多社会责任感极强的作家内心的真实写照。这样的创作者古今中外数不胜数,但让我亲近可感的一位,是河北的剧作家孙德民先生。走进孙德民的剧作,如同走入当代模",大舞台,2018-08-10,期刊,I207.3,4-6,3
56,民族气韵,,呼和浩特市文学艺术研究所,蒙古族;群舞;《舞胡杨》;,"蒙古族群舞作品《舞胡杨》立意深远,主题鲜明,通过演员肢体语言生动刻画了胡杨树昂扬向上的外形和坚强不屈的性格,塑造出充满生命张力、形神俱佳的胡杨形象。舞蹈基调苍劲、激昂、厚重,具有强烈的艺术感染力。",大漠精魂——蒙古族舞蹈《舞胡杨》赏析,梁悦玲,大舞台,J722.22,102-104,3
57,传统戏曲存在的现实反思——以炊庄高腔为例,王东,廊坊市艺术研究所,传统戏曲;高腔;以人为本;活态创新;,"本文通过实地采访调查当地戏曲资料,对炊庄高腔戏的发展演变、历史传承、剧团现状以及表演特点等进行了系统研究,探讨并反思了导致当前传统戏曲发展陷入窘境的现实原因,并进一步提出了传统戏曲可持续发展的根本是要以人为本,必要条件是生存空间的""活态""保护。",大舞台,2018-08-10,期刊,J825,72-75,4
58,《侯玉山昆弋脸谱》出版的价值,李孟明,O,O,"<正>《侯玉山昆弋脸谱》终于出版了。其中许多脸谱、剧目湮汩已久,忽焕然眼前,心为之动,目为之眩。一霎时似置身清末,沉迷于彼时众多古老的北方昆弋勾脸之中,目不暇给。1963年,一部重要的脸谱著作——《郝寿臣脸谱集》问世。其重要性在于,它第一次开启了京剧脸谱美学认知的大门。从此观剧者不再迷茫于粉墨青红的花面,而是从表情、神态的角度,从精神、性格的角度欣赏脸谱,品味脸谱。《侯玉山昆弋脸谱》无疑也是一部重量",大舞台,2018-08-10,期刊,J82,76-77,2
59,商业舞台剧“综艺化”趋势探讨,杨一丹;郑莉,天津中医药大学河北省杂技团,O,"<正>近年来,话剧市场一反先锋实验话剧退潮以来的冷清,市场消费势头强劲。从""开心麻花""火爆京城,到各地民营剧团遍地开花,话剧艺术似乎表现出强势回归的势头,然而仔细分辨会发现当下大受市场欢迎的所谓""话剧""实质是一种融合了话剧、歌舞、相声、滑稽剧、脱口秀等舞台表演形式的杂糅表现艺术,""爆笑""""减压""往往成为其主打特征,话剧的""综艺化""已经成为不可忽视的发展趋势,甚至出现了话剧与喜剧电影的""自由",大舞台,2018-08-10,期刊,J824;J905,78-82,5
60,韩国电影“集体发力”给中国电影业带来的启示,张含,云南艺术学院影视学院,韩国电影;分级制;集体发力;中国电影;,"近年来韩国电影日渐成熟,佳作频出,呈现出""集体发力""的创作热潮。扎实的剧本创作、高超的导演叙事能力、精良的视听语言呈现、先进的影视制作技术水平以及对于社会、经济、文化、民生密切的人文关怀,是韩国电影成功的法宝。它为如今在全球文化战争中激烈角逐的发展中国家和部分发达国家提供文化""走出去""的成功样本,处于电影市场发展高峰期的中国可以借鉴韩国电影的有益经验,促进本土文化的传统性与现代性融合,从而创造出符合人类社会发展需求和潮流的多元文化。",大舞台,2018-08-10,期刊,J943,83-88,6
61,变与不变——宁浩电影作品艺术特色分析,刘强;段京含,山东艺术学院传媒学院影视学系,宁浩;导演风格;美学嬗变;,"在后现代主义思潮的浸染下,受盖·里奇、昆汀·塔伦迪诺等西方导演以及香港警匪电影的多重影响,宁浩的作品可谓后现代风格突出,一直被冠以""后六代""导演的称谓。透过宁浩的作品,可以看出他是一个集客串、编剧,甚至摄像于一体的极具风格化与独特性的导演。其十三年来的电影创作大致经历了对电影本体的摸索学习、自我意识驱动、向商业靠拢等三个阶段,其中叙事结构的创新求变、社会底层人群的人物设定、以""欲望""为核心的故事内核构成了其作品一以贯之的美学风格,而影像风格、镜头语言等方面的锐意革新则又体现了宁浩导演风格的美学嬗变。",大舞台,2018-08-10,期刊,J905,89-96,8
62,现代评剧《秋月》,兰万玲;赵德平,O,O,O,大舞台,2018-08-10,期刊,J825,105,1
63,薪火相传,,河北省艺术研究所,O,"<正>河北省河北梆子剧院作为地方剧种河北梆子的保护单位和示范基地,承担着保护、传承、发展和创新河北梆子之重任。2018年正值我国改革开放40周年之际,回眸过去的40年,剧院人在改革开放中走出了一条不断""出戏、出人、拓市场""的发展之路。促发展,""出戏""是关键剧目是一个剧种发展的生命之源,没有好的剧目,剧院的发展就成为无源之水,无本之木,因此剧目生产是一个院团发展的重中之",砥砺前行——改革开放四十年河北省河北梆子剧院发展之路,范红亚,大舞台,J825,7-11,5
64,从经济学的角度看戏曲振兴,杨广金,O,O,"<正>20世纪80年代初,被禁锢了十几年的戏曲部分传统剧目重新在舞台上演出了,一时间人们奔走相告,争相涌进剧场,甚至出现一票难求景象。然而好景不长,只一年多的时间观众的热情即开始消退,特别是年轻一代更是迅速把兴趣转到了借改革开放之风传进来的港台流行歌曲和舞蹈上。毋庸置疑,所谓的样板戏在艺术上取得的成就已经影响了人们的欣赏观念,不管是老戏迷还是新戏迷,都已经不满足于传统戏的表现形式。不",大舞台,2018-08-10,期刊,J892,12-14,3
65,心中有爱,,河北省艺术研究所,O,"<正>赵德平无疑是一位具有传奇色彩的人物,做编剧,他创作的《嫁不出去的姑娘》《啼笑皆非》《男妇女主任》以及一些列小品,深受基层群众的喜欢,每个戏的演出达到上千场,大部分被搬上了银幕,先后获得戏剧、影视的最高奖,被人们誉为""赵德平现象"";当团长,他带领的大厂评剧歌舞团从上世纪80年代初的""要饭团""到如今固定资产过亿元、响当当的""全国文化战线的一面旗帜""。回眸笑慰,近四十年的时间里,在戏曲发展的起起伏伏",天高地阔——赵德平和他的大厂评剧歌舞团,孟彦军,大舞台,J825,15-18,4
66,河北梆子现状问题断想,胡世铎,O,O,"<正>河北梆子是燕赵家乡戏,是河北人的文化精神家园。多少年来,她蕴含着""燕赵自古多慷慨悲歌之士""的人文传统,充盈着崇高美、阳刚美、豪放美的美学精神,尤其是她那""繁音凄楚、热耳酸心""的大韵声腔,伴随着梆子文化""爱国为民、惩腐除恶、积德行善、忠义孝廉""的正能量,始终鼓舞、激励着人民大众,滋润、温暖着他们的心灵。河北梆子是在全国有影响的大剧种,自新中国成立以来,特别是在新时期改革开放之后,在党的文艺方针、路线指引下,以其独特",大舞台,2018-08-10,期刊,J825,19-22,4
67,"真诚,所以有力——评河北梆子现代戏《耿长锁》",赵惠芬,河北省艺术研究所,O,"<正>艺术创作离不开虚构。艺术的魅力也在于与真实生活的距离,是距离产生的美。然而,艺术的力量却也常常来自于真实,来自于艺术家的直面现实的勇气和真诚的态度。由孙德民编剧,河北省河北梆子剧院演艺有限责任公司演出的《耿长锁》让我们真切感受到了这种真诚戏剧的力量,为主人公感动,为剧作的深刻思考而沉思。《耿长锁》是根据全国劳模、被毛泽东主席称为""群众信得过的领袖人物""的耿长锁的真实事迹创作的。真人真事的戏剧创作",大舞台,2018-08-10,期刊,J825,23-26,4
68,《新原野》:一碗夹生饭,张彤,辽宁省文化艺术研究院,O,"<正>买票看戏,往往不需要太多的深思熟虑,给上一个沉甸甸的名字,便会兴奋地掏出钱包。《新原野》即是一例。观众会掏钱,自然是联想到了曹禺的《原野》,一部写出了爱恨情仇里人性纠葛的经典戏剧。然而,拿到手的说明书明确标注了该剧与《原野》没有改编或接续的关系,是一部新戏。如果非要牵扯点联系出来,那么,两部戏都写了生活在荒原上的人。《新原野》是万方根据自己的中篇小说《杀人》改编而成。六团、服仙、鞠生,这",大舞台,2018-08-10,期刊,J805,27-30,4
69,温情与惨烈美学的完美融合——观新编现代京剧《狼牙山》有感,王露霞,河北省艺术研究所,O,"<正>走出剧场,听到左右的观众大都感叹一句话""真好看!""这一现象,对于有着多年观剧经验的我来说,是很少碰到的。""好看""不是严格意义上对一部艺术作品的评价标准,而对大多数的普通观众而言,是他们买票进剧场的最大收获。我能体察观众""好看""背后所蕴含的真正意义,那就是综合了编剧、导演、表演、音乐、灯光、舞美等高超技艺的前提下,全剧呈现了一个""好看""的故事。这部由著名剧作家杨舒棠、杨斌编剧、北京京剧院创排的",大舞台,2018-08-10,期刊,J821,31-35,5
70,心到身到方为真,陈鹏,河南省话剧艺术中心,O,"<正>""心到身到方为真"",是中华传统武学中一句重要的口诀,心到身不到或者身到心不到,都是拳学的大忌。心到身到、身心相随、合一同动、圆融贯通才是拳艺的至高追求和至高境界。我想,文艺创作又何尝不是如此?现实题材的剧本创作更需如此,才能至动人传世之境!艺术作品门类不同,表现形式和方法不同,即使相同题材,也会各有千秋、特点迥异。我觉得,艺术作品的千变万化,异彩纷呈,总离不开一个""真""字,真的生活,真的感受,",大舞台,2018-08-10,期刊,J805,39-41,3
71,马门翘楚,,青岛市京剧院,O,"<正>解放前的青岛,早已成为山东乃至全国的一个京剧大码头,众多的京剧名家、梨园名伶沿德国人修建的胶济铁路,来到这带有异国情调的海滨城市演出献艺,青岛京剧呈现出了一片繁荣的景象。新中国成立后,更是如此。太平盛世,人民安居乐业,对文化生活的需求越来越高,诸多京剧名家更是纷纷至此,满足岛城观众的欣赏需求。如众所周知的四大名旦""梅尚程荀"",老生名家马连良、谭富英、杨宝森、奚啸伯、李少春,花脸名家裘盛戎,老",言归正传——记著名京剧表演艺术家言少朋先生,刘鹏,大舞台,J821,42-44,3
72,鲁迅设计的书衣中汉画图像运用分析,章霞,绍兴文理学院元培学院,鲁迅书衣;汉画;现代性再造;传统文化;,"鲁迅设计的书衣共有六十多枚,其中《国学季刊》《桃色的云》和《心的探险》成为书衣典范,原因在于鲁迅依据书籍内容对汉画图形进行择取,运用现代设计手法进行重塑,这不仅拓宽了汉画的表现空间,也丰富了书衣的文化意蕴。本文对这三枚书衣上的汉画图像进行深入研究,探析鲁迅是如何结合书籍内容将汉画图像进行""出古入今""地现代性再造。这对当下如何合理运用诸如汉画这样的文化遗产、有效提升本土设计的文化内涵,具有重要的参考价值和借鉴意义。",大舞台,2018-08-10,期刊,J524,65-68,4
73,虚谷《紫绶金章图》赏析,张金栋,河北博物院,O,"<正>1840年鸦片战争之后,上海被辟为商埠,成为东南地区经济、文化中心,吸引了许多画家麇集于十里洋场。张鸣珂《寒松阁谈艺琐录》载:""自海禁一开,贸易之盛,无过上海一隅。而以砚田为生者,亦皆于于而来,侨居卖画。""他们精研翰墨,善于借鉴吸收",大舞台,2018-08-10,期刊,J212,69-71,3
74,《紫绶金章图轴》,虚谷,O,O,O,大舞台,2018-08-10,期刊,J222,2,1
75,从城市转向农村——大学生创业创新模式与实践研究,莫军华,苏州科技大学传媒与视觉艺术学院,新农村品牌;创业创新;模式;,"在乡村振兴的进程中,江苏新农村品牌建设为大学生从城市转向农村创业创新提供了实践平台,通过建设""孵化器+加速器+落地器""大学生创业创新模式,打通课堂、工作室、众创空间之间的壁垒,建立科学的创业创新人才培养模式。",大舞台,2018-08-10,期刊,G647.38,97-101,5
76,黄瓜酱油,王祥夫,O,O,"<正>晚上吃米饭,两小碗米饭,就一小碟儿腌黄瓜,然后喝几杯花茶,清淡而有味。忽然就想起一种美味来,那就是母亲的黄瓜酱油。各种腌制的菜里,黄瓜可能是第一等的清鲜。但腌黄瓜必须要用大酱,而且是好大酱,现在的大酱质量是越来越差,是一味的咸。秋天来的时候,买大量的黄瓜,不",大舞台,2018-06-10,期刊,I267;TS971,45-47,3
77,白朴其人,文然然;秦健,河北医科大学,O,"<正>2016年,白朴诞生790周年;2017年,白朴来到正定(时称真定)整整过去780年。白朴是元曲四大家之一,是当时元曲创作的领军人物,因此,我们认识先贤白朴,重读白朴的作品,是非常有意义的一件事情。白朴祖籍山西河曲,一生主要生活在河北正定、江苏南京(时称建康),中间大概有二十年居无定所,漂泊于江南水乡。白朴不慕功名利禄,希望摆脱尘世的羁绊,向往山水林泉,在辗转",大舞台,2018-06-10,期刊,I207.37,26-29,4
78,叫魂儿,曹涌波,O,O,"<正>人物(以出场先后为序)串戏人(兼扮戏内戏外各色人等)黄爱玉(旦)张佩元(生)蒲贤、刘罗锅(丑,可由一人兼演)(一)[清乾隆年间。直隶景州蒲家湾。[小戏台中间:佛龛和一桌两椅处被界定为了蒲家舍内。[旁侧灯光亮处:老式的文武场乐队演奏",大舞台,2018-06-10,期刊,I23,48-60,13
79,舞有尽而意无穷——评舞剧《青衣》,张怡雯,中国艺术研究院,舞剧;《青衣》;,"在""亚彬和她的朋友""第七季的创作中,文学小说与舞剧艺术擦出火花,戏曲元素与现代舞蹈跨界融合。舞剧《青衣》以独特的意象诠释文学作品中细腻温润的刻画,以舞蹈的形式诉说着筱燕秋用生命换取嫦娥奔月的梦想。",大舞台,2018-06-10,期刊,J723,39-41,3
80,舞剧《朱鹮》的中国美,许莉,韶关学院音乐学院,写意之美;克制之美;形态之美;,"舞剧《朱鹮》是一部表现人类在城市化进程中与自然环境休戚与共关系的舞剧作品。作品用写意之美、克制之美、形态之美及浓厚的人文关怀深深打动了观众,是在中国传统美学形态下创作出的优秀作品。作品用中国人的情感表达方式和审美情趣来说话,在中国传统美学形态下用舞蹈传递东方哲学和人文情怀。",大舞台,2018-06-10,期刊,J723,42-44,3
81,舞蹈《牧神的午后》不同版本比较,黄雨微,中国艺术研究院,O,"<正>自上世纪初至现在的一百多年的时间里,关于《牧神午后》的故事有三个不同版本的舞蹈作品。这三个舞蹈作品都根据法国诗人斯台法尼·马拉美于1876年创作的田园诗《牧神午后》而作,它们同时配合着法国作曲家德彪西创作的管弦乐前奏曲《牧神午后》,分别以不同的舞蹈形式向我们诉说了身为性爱象征的古希腊神话角色——牧神,在爱情来临之时,内心最本能的情欲冲动,纠结徘徊于酒神的原欲精神和日神的理性精神中无法自拔,",大舞台,2018-06-10,期刊,J705,89-92,4
82,读懂当今农村和农民——现代农村题材戏剧创作得失谈,唐建华,桂林市艺术研究所,O,"<正>当今戏剧舞台,现代农村题材的剧目所占比率相当大,尤其现代戏曲剧目,农村题材占据了绝大比例。这种现象的成因,有外在推动的因素,也有剧作家创作惯性的使然。外在因素,主要是政策鼓励创作现代题材和农村题材戏剧,这类剧目投排上演机率大,使得剧作家和剧团不得不青睐现代戏的创作,尤其是热衷于反映农村题材的创作。内在原因,是中国戏曲本来就是源于乡村,是农耕文明的产物。戏曲艺术的表演程式都是为农耕文明时代的生活形态而创造的,可以给创",大舞台,2018-06-10,期刊,J804,4-7,4
83,以剧目促教学——以《窦娥冤》人才培养项目为例,张韶华,河北艺术职业学院,O,"<正>近年来,河北艺术职业学院按照""项目带动、教学相长、学演创结合、整体提升""的办学目标,进行""以剧目促教学,教学演创一体化的人才培养模式""的实践与探索,并以此作为内涵建设的强力依据和重要支撑。2017年在文化厅的大力支持下,学院又复排了河北梆子传统名剧《窦娥冤》。随之,《窦娥冤》先后被批准为河北省精品工程项目、国家艺术基",大舞台,2018-06-10,期刊,G712;J80-4,8-11,4
84,表演艺术的特性和演员如何创造人物形象,罗锦鳞,O,O,"<正>一、表演艺术的特性1、在戏剧艺术中,表演艺术是中心环节,演员是表演艺术的主体。戏剧就是由于产生了演员扮演人物当着观众的面表演故事而诞生的。2、演员是在剧本的基础上,在导演构思的指导下完成对人物形象的塑造和刻画的。他将通过人物的心理、形体和语言的刻画,运用舞台行动等艺术手段,充分揭示人物的内外部性格、情感和思想,创造有血有肉的、鲜活的人物形象,创造典型环境中的典型性格。戏剧演出是重复进行的,但每一次的演",大舞台,2018-06-10,期刊,J812,12-17,6
85,河北梆子现代戏《当家哥哥当家嫂》,麻立哲;张晓宁,O,O,O,大舞台,2018-06-10,期刊,J825,105,1
86,武戏的传承与创新——以河北梆子《宝莲灯》《钟馗》为例,李平芳,河北省心连心艺术团有限公司,O,"<正>中国戏曲艺术是集诗歌、音乐、舞蹈、绘画、雕刻、建筑、武术、杂技等艺术种类为一体的综合艺术。戏曲剧目中有以演唱为主的文戏、也有以念白和武打为主的武戏。在一些大的剧种中,积累了数量可观的武戏,独树一帜,拥有众多观众。武戏之所以自立门户,与做功戏、唱功戏平分秋色,它塑造人物主要靠自己独特武功技艺,以武功为主,唱念为辅,因此,武戏演员依赖武功创造出鲜明的人物形象。河北省河北梆子剧院的看家戏《宝莲灯》",大舞台,2018-06-10,期刊,J825,18-20,3
87,以现代审美理念激活传统戏曲人物——以两版《白罗衫》为研究对象,齐丽梅,河北省艺术研究所,O,"<正>《白罗衫》是唐代至清代以来流传颇远的民间故事,清代无名氏将其改编为传奇剧本《白罗衫》。该剧本部分散佚,情节结构以及语言唱腔较为粗糙,但故事的核心脉络曲折动人,符合善恶有报的传统戏曲主题定位,所以一直未曾离开后代创作者的视野,被多个剧种移植演绎,比如京剧、昆曲、河北梆子、潮剧、黄梅戏、上党落子、茂腔等很多剧种均有《白罗衫》剧目。丝弦是北方民间的一个古老剧种,颇合民间传统的审美趣味,风格""土、俗、野、",大舞台,2018-06-10,期刊,J82;J825,21-23,3
88,口梆子现代戏《八一风暴》的程式化表演技巧,张小飞,张家口戏曲艺术研究院,O,"<正>近期,张家口戏曲艺术研究院的口梆子现代戏《八一风暴》在北京和石家庄成功上演,得到业内专家和观众的一致好评。2018年2月,口梆子现代戏《八一风暴》成功入选国家艺术基金2018年度资助项目。该剧移植改编于原张家口市京剧团同名京剧,讲述了南昌起义军在党的领导下,在国民党反动派叛变革命的紧要关头,毅然举行起义,向反动派打响了武装斗争的第一枪,并取得最后的胜利。口梆子现代戏《八一风暴》",大舞台,2018-06-10,期刊,J825,24-25,2
89,京剧《曹操与杨修》的结构和语言,胡世铎,O,O,"<正>新编历史题材京剧《曹操与杨修》的编导者秉怀对历史的温情与敬意,着意人性的开掘与剖析,生动鲜活地刻画出两位光彩夺目的历史人物——曹操与杨修,在塑造人物层面取得了卓越的艺术成就。为了写活人物,该剧调动包括艺术结构、戏剧情节与文学语言在内的一切手段,全力打造出了一部臻至完美、撼动人心的精品力作。一、结构硬整、情节摇曳艺术结构是框架,戏剧情节是线索,二者结合编织起的网格使戏剧呈现立体、多元",大舞台,2018-06-10,期刊,J821,30-38,9
90,刘红雁:荀韵卫调新一代,甄光俊,O,O,"<正>百余年前,京津戏台实行梆子京剧""两下锅""的演法,许多旦角演员既唱梆子,也会唱京剧,在优势互补中得到充实、完善,逐渐形成小旦、花旦、闺门旦、泼辣旦兼演的格局,于有意无意中淡化流派概念。京剧四大名旦之一的荀慧生,起初在天津唱梆子,后来在北京改唱京剧,把当初所学的一批梆子剧目翻改成京剧,唱红各地。如今,天津河北梆子剧院国家一级演员刘红雁,跨界投拜京剧表演艺术家孙毓敏为师,在师父指导下,尝试将京剧荀派",大舞台,2018-06-10,期刊,J803,61-63,3
91,新荷初绽——记河北梆子优秀青年演员孙娜,范红亚,河北省艺术研究所,O,"<正>2000年,孙娜凭借自己的努力,顺利考入河北省艺术学校(现河北艺术职业学院)。从此进入艺校中专部戏曲科梆子班,专业学习河北梆子表演,主攻闺门旦和刀马旦。在这里她遇到了许多优秀的专业老师,尤其是遇到了对她影响至深的彭蕙蘅老师。彭老师惜才、爱才的高尚情操,严谨的治学态度,对艺术的执着追求,一直激励着孙娜。孙娜坚持每天早晨",大舞台,2018-06-10,期刊,J803,64-66,3
92,演绎丑角之美,芦永旺,唐山市评剧团,O,"<正>戏曲中的""丑"",俗称""小花脸"",又称""三花脸""。就其艺术特色而言,就是插科打诨、亦庄亦谐、幽默滑稽、自然成趣,可谓是戏曲肴馔中不可或缺的""调味剂""。我们习惯上说戏曲行当为""生、旦、净、丑"",人们认为丑排在最后,无足轻重,而纵观我国戏曲发展史,这一观点恰恰本末倒置了。丑角在戏曲中地位非常高,所谓""无丑不成戏""就足以证明这一点。丑角在戏里经常表现出不畏强权、敢于针砭时弊、讽刺时事、伸张正",大舞台,2018-06-10,期刊,J812,67-69,3
93,情欲与道德的冲突——论侯麦影片的两性关系叙事及其主旨寓意,张川平,河北省社会科学院,O,"<正>《午后之爱》是法国导演埃里克·侯麦系列电影作品《六个道德故事》的最后一部,围绕婚恋中的道德问题展开叙事,涉及精神恋爱和肉欲满足、爱情的一与多、定与变等诸多矛盾困惑。主人公弗雷德里克是位已婚男士,与妻子海琳生有一个女儿,第二个孩子正在孕育中,他们把家安在巴黎郊外幽静的别墅区,弗雷德里克每日乘火车到城里打理公司业务,海琳一面照顾家庭,一面抽暇完成学位论文,一家人过着安宁富足的中产阶级的生活。然",大舞台,2018-06-10,期刊,J905,70-73,4
94,晋察冀抗战电影中儒家精神的体现,马明杰,河北传媒学院,O,"<正>儒家学说是中国古代最有影响的学派,是中国传统文化中的主流思想。儒家学说的代表人物孔子、孟子、荀子以及后世的继承人董仲舒、二程、朱熹等,都对儒家思想进行了新的阐发,使它能够与时俱进,成为中华文化的重要内容。在中国人民饱经磨难的抗日战争中,儒家精神成为激励中国人民的精神财富。儒家",大舞台,2018-06-10,期刊,B222;J905,74-77,4
95,历史剧走向“年轻态”——谈视频网站崛起对历史剧的影响,蔡胜辉,河北广播电视台,O,"<正>2017年,视频网站迅速崛起,头部网剧和网综开始与电视台的综艺节目、电视剧平分秋色,一线卫视黄金档大剧出现了""先网后台"",甚至是""只网不台""的形式,内容选择和编排的话语权开始在""台""与""网""之间进行交割。向来以""老成持重""为标签的历史题材电视剧在视频网站崛起,在年轻观众向网站迁徙的背景下,在人物设置、情节、审美、宣推等方面都发生了比较大的变化。""年轻态""正在成为历史剧的新标签。",大舞台,2018-06-10,期刊,J905,78-80,3
96,电影《百鸟朝凤》中的太阳意象解读,赵忠富,唐山学院文法系,吴天明;《百鸟朝凤》;太阳意象;行动元;文化隐喻;,"导演吴天明如夸父逐日般追逐自己的电影梦想,他把毕生精力都献给了中国电影事业。他想借助自己的电影,挽狂澜于既倒,规世风之正途,他的绝笔之作《百鸟朝凤》,就如同夸父死后留下的桃林。在影片《百鸟朝凤》中,他先后六次将太阳意象由背景推向前台,其用意一方面是借助太阳意象实现""行动元""功能,推动剧情的发展,另一方面借助太阳意象由骄阳到夕阳并最终隐没的变化过程,隐喻了传统唢呐技艺的式微以及唢呐所代表的乡土秩序的瓦解。",大舞台,2018-06-10,期刊,J905,81-85,5
