1,青海民和喇家遗址出土人骨研究,王明辉,中国社会科学院考古研究所,喇家遗址;人骨研究;形态特征;,"1999年以来,喇家遗址的房址和墓葬中出土了大量人骨,其对于研究齐家文化古代居民的性别年龄结构、体质特征、遗传关系、食性结构、健康状况等都具有重要的价值。初步研究显示,不同性质的遗迹出土人骨的性别年龄结构差异较大。人骨的主要体质特征属于明显的东亚蒙古人种,其主体形态特征可能更多地继承了甘青地区新石器时代人群的体质特征,也不排斥有小规模基因交流的可能性。同时,喇家组的聚类位置显得较为特别,主成分因子的3D散点图显示,喇家组与甘青地区新石器时代和青铜时代、甚至汉晋时期的人群关系较为密切。",北方文物,2017-11-20,期刊,K878;Q981,42-50,9
2,山西泽州县和村遗址出土春秋时期人骨初步研究,原海兵;刘岩;张光辉,四川大学考古学实验教学中心山西省考古研究所,和村遗址;春秋时期;人骨;退行性骨关节炎;足骨跪踞面;,"通过对山西泽州和村遗址出土的三例春秋时期人骨进行的包括性别与年龄、骨骼病理观察和身体发育等体质人类学初步研究可知,三例个体均为男性,死亡年龄大体处于成年期。M1个体存在龋齿、脊柱的退行性骨关节炎和""骑马人小平面""病理改变,M1和H26∶1还存在足骨跪踞面。另外,和村遗址男性居民的平均身高约为164.58厘米。这为了解春秋时期山西高原古人的生存状态提供了新的材料。",北方文物,2017-11-20,期刊,K878;Q981,51-53,3
3,拓跋鲜卑农业发展的古食谱分析,张国文,南开大学历史学院考古学与博物馆学系,拓跋鲜卑;骨胶原;稳定同位素分析;粟作农业;畜牧业;,"拓跋鲜卑作为中国古代北方的传统游牧民族,其农业经济的发展一直被学术界所忽视。结合文献、考古资料以及考古出土骨骼胶原蛋白的稳定同位素分析数据,重建拓跋鲜卑的食物结构,在此基础上探讨拓跋鲜的卑农业经济发展情况及其与北方农耕文明的交流和融合。",北方文物,2017-11-20,期刊,K878;S-09;TS971,31-35,5
4,黑龙江鲜丰隧道穿越亚沟石刻建设控制地带爆破振动实施的现场监测,王剑;张伟,黑龙江省文物保护中心黑龙江省文物考古研究所,鲜丰隧道;亚沟石刻;爆破振动;质点峰值振速;监测;,"鲜丰隧道穿越亚沟石刻建设控制地带,对爆破振动实施的现场进行了检测。隧道采用暗挖法施工,爆破开挖采用数码电子雷管与普通毫秒雷管组合控制爆破技术施工,为确保文物安全,控制爆破振动质点峰值振速在允许标准范围内。",北方文物,2017-11-20,期刊,K877.4;U456,54-57,4
5,中国古代夯土城墙基础加固技术,李合群,河南大学土木建筑学院,夯土;基础槽;木桩;石板;城基;,"中国古代城墙基础,多是先挖基槽,然后再填土夯筑,宋代以前多为素土,宋以后增加了砖瓦夯层,并出现了木桩、睡木、石板(块)等加固技术。木桩有竖立与横铺两种,主要是为了加强地基的承载力与整体性。石板或石块,可使基础更加坚固。这些加固措施,有时又相互配合,如木桩之上往往铺以石板,木桩有时打入夯土中,等等。这些城基加固技术,和现代建筑地下桩基、地下钢筋网等功能相似,只是材料不同。",北方文物,2017-11-20,期刊,K878.3;TU753.8,36-41,6
6,论金代进士的婚恋观——科举制度下金代文人的社会心态(三),裴兴荣,山西大同大学文学院,婚恋观;金代;进士;风流韵事;,"在中国古代社会,影响文人的前途和命运的最大因素是仕宦与婚姻。魏晋以前,""婚姻重门第"",世族和庶族之间极少通婚;自唐末五代以后,实行了科举取士制度,社会上逐渐形成了""婚姻重进士""的观念。金朝灭北宋后,亦实行科举制度,进士受到社会的普遍尊崇,在婚姻观念上,也延续了唐宋时期""婚姻重进士""的风习。进士与官宦联姻,会给男女双方都带来实际的利益。一方面,举子攀龙附凤,借助于权贵的力量,能在仕途上得到更好的发展。另一方面,官宦之家""榜下择婿"",有利于巩固家族的利益。金代文人也有一些风流韵事,但为数较少,且受到时人的疵议,这与唐代文人对此类艳情故事津津乐道、大肆宣扬形成了明显的对照。可见,与唐代社会相比,金代的世俗风气已不那么开放和宽容了。",北方文物,2017-11-20,期刊,I206.2;K246.4,96-100,5
7,日本馆藏细菌战文件档案整理与研究,杨彦君,哈尔滨市社会科学院七三一问题国际研究中心侵华日军第七三一部队罪证陈列馆,七三一部队;细菌战;作战命令;档案文件;,"日本国立公文书馆、防卫省防卫研究所、厚生劳动省保存的细菌战文件档案能够全方位地揭示日本细菌战部队鲜为人知的历史事实。通过对这些档案文件的研究可以认定,以七三一部队为代表的日本细菌战部队在组建和扩张过程中得到了日本内阁、陆军省、外务省、关东军等多方支持。这些细菌战命令和相关文件档案有助于揭示日本准备和实施细菌战和人体实验的战时行为、战争犯罪和战后危害,对于我们从日本国家犯罪视角认识日本细菌战的总体规模、作战体系和活动范围有着重要的价值。",北方文物,2017-11-20,期刊,G272;K313.4,105-110,6
8,辽朝的东、西上閤门司探析,李月新,赤峰学院历史文化学院,辽朝;东、西上閤门司;属官;职能;,"隶属中央官署的东、西上閤门司并不见于传统契丹社会,其设置与唐代的""入閤礼""有关。入閤起初是朝仪的一种,其后閤门逐渐演变为固定的官署。辽太宗会同初年,效仿五代职司机构始置东、西上閤门司,但其职掌并不以""入閤""礼仪为限。检阅史料可以发现,辽朝中期以后,东、西上閤门司的属官、品级及职掌等诸多方面,在对北宋制度借鉴、效仿的基础上,形成了自己的特点。总体上看,辽朝时期的东、西上閤门司虽有不完善的一面,但作为职掌国家礼仪生活的部门之一,在辽朝中后期国家礼仪生活中发挥了较为重要的作用。",北方文物,2017-11-20,期刊,K246.1;K877.45,85-90,6
9,金代经史书籍的出版与民族文化认同,李西亚;杨卫东,吉林师范大学传媒学院吉林大学吉林师范大学历史文化学院,金代;经史;出版;民族文化认同;,"金朝统治者效仿辽宋,主要推崇和宣扬以忠孝仁义为核心的儒家思想,推动了金代经史书籍出版的兴盛。其中,开设汉人科举与女真进士科,设立中央与地方官学及女真学校是影响金代经史书籍出版的主要因素。对以儒学为核心的汉文化的认同是金代经史书籍出版的根本动因,同时经史书籍的出版也巩固了金统治者的民族文化认同意识,在一定程度上对推进民族融合与文化传承发挥了积极作用。",北方文物,2017-11-20,期刊,K246.4,91-95,5
10,黑龙江穆棱市靠山东山旧石器地点石制品研究,倪春野;陈全家;李有骞;林森,穆棱市文物管理所吉林大学边疆考古研究中心黑龙江省文物考古研究所,黑龙江;穆棱河;靠山东山旧石器地点;旧石器时代;,"2016年,黑龙江省文物考古研究所、吉林大学边疆考古研究中心和穆棱市文物管理所组成旧石器考古队,对黑龙江省穆棱河流域进行了旧石器田野调查工作。在穆棱市共和乡靠山村东山发现一处旧石器地点,采集到石制品70件,石制品原料以砂岩为主,大小以中小型为主,类型包括石片、断块和刮削器、尖刃器、凹缺器、砍砸器、两面器毛坯、锛形器等工具,工具以片状毛坯为主,单向加工为主要的加工方式,推测该地点的年代为旧石器时代晚期。",北方文物,2017-11-20,期刊,K876.2,3-8+27,7
11,辽宁喀左县利州商业街金代纪年墓葬的发掘,侯申光,喀左县博物馆,金代;冯兴安;墓志;辽宁;,"2003年5月,喀左县利州新区步行商业街东端施工中发现一座墓葬,为仿木构砖筑双室墓,墓室内发现一通长方形墓碑(志),墓主人冯兴安,为金朝官员。该砖室墓是喀左县出土的有明确纪年的第一座金代墓葬。墓志的内容丰富,它的发现对研究辽金时期的政治制度、州城建置、民族关系等具有重要学术价值。",北方文物,2017-11-20,期刊,K878.8,9-13,5
12,清代《敕赠文林郎、河南中牟县知县慎斋李府君传》碑考释,裴一璞,聊城大学运河学研究院,张贞;李沁;清代;安丘;,"《敕赠文林郎、河南中牟县知县慎斋李府君传》碑为清初山东著名文人张贞所撰,字迹清晰完整,详细记载了墓主李沁的生平事迹,是研究张贞家族及与安丘峰山李氏关系的珍贵实物资料。碑文可与相关文献互证,订正其阙误,并弥补史书记载的不足。",北方文物,2017-11-20,期刊,K877.42,81-84,4
13,黑龙江嫩江县铁古拉村清代墓葬发掘简报,陈永婷;赵永军;俞平,黑龙江省文物考古研究所吉林大学黑河博物馆,嫩江;清代;墓葬;,"2004年,黑龙江省文物考古研究所对嫩江县铁古拉墓葬进行了抢救性发掘,发掘面积182平方米。共清理土坑墓2座,出土有瓷器、铜器、铁器、玉器、骨器等各种质地的随葬品约70余件。墓周围有土筑围墙附属建筑,应为""同坟异穴""的夫妻合葬墓,根据出土遗物推测墓葬年代应属于清代中晚期。",北方文物,2017-11-20,期刊,K878.8,14-18+113-114+2,8
14,老官台文化生计方式研究,陈畅;宋柯欣,南开大学历史学院,老官台文化;生计方式;生产工具;,"老官台文化出土了四类典型生产工具,据其演变序列可将老官台文化分为三期,并分为渭水和汉水上游两个地方类型,其中渭水类型农业发展水平较高,生产工具和生计方式较为多样。结合生产工具数量、动植物遗存、聚落和墓葬资料,可知老官台文化的先民们采取的是一种以农业生产为主、渔猎采集为辅的广谱性生计方式,并有着与生产力水平相符的社会组织和精神信仰。",北方文物,2017-11-20,期刊,K875.1,19-27,9
15,喀喇沁旗三百垅出土辽鎏金荔枝纹铜带銙,李云龙;李凤举,赤峰市喀喇沁旗文物管理局,O,"<正>1983年,内蒙古赤峰市喀喇沁旗乃林镇三百垅村村民建房时,在距地表约1米处黄褐土中,发现一套鎏金铜带銙,旗文物管理所(现文物管理局)专业人员赴实地勘查征集(图一)。因取土破坏了原来的遗存环境,故以窖藏视之。共出土13件遗物:长方形带銙8件、桃形带銙1件、鉈尾1件、带扣2件、带箍1件,就其形制、数量来看,应为一套完整的带銙(图版二,5)。现藏于喀喇沁旗文物管理局。",北方文物,2017-11-20,期刊,K876.41,28-29,2
16,渤海上京城2号宫殿址出土玉石“杖首”应为“熏炉”考辨,彭善国,吉林大学文学院吉林大学边疆考古研究中心,O,"<正>2004年黑龙江省文物考古研究所等在发掘黑龙江宁安渤海上京城第2号宫殿基址时,出土了淡黄色玉石质器物一件(04NSGⅢT002006(2)∶1),高10.4厘米,管箍状,中空,上为母口,下为子口,器表透雕3条首尾相逐的龙(图一)(1)。此器物在上京城址发掘报告、《海曲华风》等图录或著述中(2)均定名为杖首,这显然是错误的。秦汉以来杖顶端有横出之扶手,呈丁字形,直到唐代尚",北方文物,2017-11-20,期刊,K876,30+80,2
17,出土墓志与北朝赵郡李氏家族研究——以东祖李顺房支为中心,杨艳华,闽南师范大学闽南文化研究中心上海大学文学院,赵郡李氏;李顺;李宪;家族发展;北朝;,"北朝是赵郡李氏发展成高门大族的重要历史时期,""李氏三祖""中,尤以东祖李顺及其子孙在北朝影响较大,而出土墓志也多集中于这一房支。李宪是李顺一支在李氏家族承传中的重要人物,通过对自李宪起李氏四代墓志文献的解读,辅以传世文献相印证,在对李宪本人的生平遭际及仕历详细梳理的基础上,探绎其家族在北朝政权中的政治沉浮及其上升为高门大族的深层原因。",北方文物,2017-11-20,期刊,K877.45,58-63,6
18,高丽朴景仁墓志考,么乃亮;韩冰,辽宁省博物馆,朴景仁;高丽;辽朝;,"朴景仁是朝鲜高丽王朝平山朴氏家族中的重要一员,进士出身,官至高位,与其父兄有过数次使华经历。朴景仁墓志使用了辽朝的年号,反映出了辽与高丽的藩属国关系。",北方文物,2017-11-20,期刊,K883.126,64-69,6
19,金代时立爱家族成员时丰妻张氏墓志铭考释,王新英,吉林建筑大学,金代;墓志铭;时立爱;时丰;时氏家族;,"金代时丰妻张氏墓志铭出土于河北新城,志主张氏系金初重臣时立爱季子、礼宾副使时丰的妻子,是金代涿州时氏家族的重要成员之一。墓志所记张氏生平及家庭情况不仅可以完善涿州时氏家族成员世系、婚姻及仕履等信息,同时还涉及到海陵正隆削爵、进士人数辑补等金代史实,具有重要史料价值。",北方文物,2017-11-20,期刊,K877.45,70-73,4
20,传世韩琦墓志拓本定年考,刘兴亮,重庆中国三峡博物馆,韩琦;传世拓本;出土墓志;翻刻;,"长期以来,学术界对于韩琦墓志传世拓本之议论甚多,就定年而言,一般认为该拓是北宋或南宋拓本。然通过梳理文献材料,并将其与2009年河南安阳新出土韩琦墓志作比对后认为,传世韩琦墓志拓本应为明人翻刻韩琦墓志拓本,后经清人装裱而成,并非原石宋拓。",北方文物,2017-11-20,期刊,K877.45,74-80,7
21,《北方文物》2017年1～4期总目录,,O,O,O,北方文物,2017-11-20,期刊,Z87,111-112,2
22,俄藏清代满文珍稀文献研究,王敌非,中国社会科学院民族文学研究所黑龙江大学满族语言文化研究中心,满文;传教士;珍稀文献;,"俄罗斯科学院东方文献研究所、圣彼得堡大学东方系图书馆和俄罗斯国家公共图书馆藏有部分满文珍稀文献,它们多属子部的释家类、基督教类和医家类。俄藏满文珍稀文献中孤本较少,未藏于中国而藏于其他国家的稀缺版本和因文种不同而产生的其他版本较多。",北方文物,2017-11-20,期刊,G256,101-104,4
24,从河曲坪头遗址看晋西北史前建筑技术的承袭发展,张登毅;李延祥;高策;刘翠;郭银堂,北京联合大学应用文理学院历史文博系北京科技大学科技史与文化遗产研究院山西大学科学技术史研究所山西省文物鉴定站忻州市文物管理处,坪头遗址;建筑技术;白灰面房址;窑洞式房址;,"通过对河曲坪头遗址前后两期房址的建筑技术进行比较分析,得出史前晋西北地区窑洞式建筑在窑跨、门洞处理、防潮技术、白灰烧制及涂抹技术、火塘周边装饰手法等建筑技术方面的承袭发展。通过对房址进行建筑力学分析,得出史前晋西北先民对黄土窑洞结构力学的稳定性已经有了很好的认识。最后对房址白灰样品进行扫描电镜能谱分析及碳十四测年,扫描电镜分析显示:后期房址白灰烧制技术比前期提高;碳十四测年显示:前期房址距今3835±25年,后期房址距今3535~3715年。",北方文物,2017-08-20,期刊,K878;TU-092,52-56,5
25,陶寺文化彩绘蟠龙纹浅析,崔天兴,郑州大学历史学院,陶寺文化;蟠龙纹;蚕纹;图式;,"陶寺遗址出土的彩绘蟠龙纹陶盘,考古学者一般认为陶盘的彩绘图案是蛇形龙的形象,而通过对其图形部件的图式分析,分辨出该艺术形象可分解为蜷体、分节、长吻有齿、张口、树枝状纹饰、尺木""角""等图式,通过与史前相关遗存的比较,认为该蟠龙纹原型应为蚕吃桑叶的形象。这种新认识为进一步深入理解中国蚕桑文化在文明形成过程中所起的重要作用提供了新的视角。",北方文物,2017-08-20,期刊,J522;K876.3,24-28,5
26,辽太宗二次即位考释,耿涛,中央民族大学,耶律德光;后族;述律后;扶余之变;,"对于中土文献与《辽史》所载辽太宗即位的差异,学界一直存有争议。立足于文献之异,重新梳理太宗即位一事,揭示出辽太宗在后族预政的影响下先后二度即位的事实,并在此基础上重新挖掘辽太宗即位的原因与影响。",北方文物,2017-08-20,期刊,K246.1,86-92,7
27,金朝护丧制度考,苗霖霖,黑龙江省社会科学院,护丧;赏赐;金朝;护丧官;丧葬制度;,"金朝护丧制度自太祖建国后便已出现,国家通过派出护丧官对嫔妃、皇太子和三品以上官员的丧事进行监护,对逝世的官员及其家族进行褒奖,从而使护丧制度成为国家荣誉赏赐中重要的一项内容,为后世所继承。",北方文物,2017-08-20,期刊,K246.4,98-102,5
28,金代文化政策对图书出版的影响,赵媛;宋萍,哈尔滨学院图书馆阅览部国家图书馆,文化政策;金代;图书出版;,"金代文化政策对于文化的恢复和发展、社会的进步具有重要的作用。这其中,宗教政策、教育政策、科举政策等,对金代图书的出版有重要影响。阐述金代文化政策对其图书出版的影响,一定程度上能窥见文化政策与图书间的必然关系。",北方文物,2017-08-20,期刊,K246.4,107-109,3
29,尧王城遗址与尧王城类型再探讨,梁中合;贾笑冰,中国社会科学院考古研究所,龙山文化;类型;尧王城;,"通过近些年新发现的资料对鲁东南地区龙山文化的特征、范围及内涵进行了新的梳理,同时提出了鲁东南龙山文化尧王城类型的特征及与其他类型存在的差异,特别是对其与其他类型的不同进行了总结,进一步厘清了尧王城类型的全貌。",北方文物,2017-08-20,期刊,K878,29-34,6
30,辽宁宽甸县太平哨镇北山旧石器地点调查简报,陈全家;李万博;李霞,吉林大学边疆考古研究中心辽宁省文物考古研究所吉林大学考古系,石器;旧石器时代;丹东;大石器工业;,"2014年4月,吉林大学边疆考古研究中心与辽宁省文物考古研究所对辽宁省丹东地区进行旧石器考古调查,其中宽甸满族自治县太平哨镇北山地点发现石器49件。石器原料以石英砂岩为主,打制方法为锤击法。石器包括石核、石片以及二、三类工具。工具可分为刮削器和砍砸器两类。从石器总体特征来看,应属大石器工业类型,年代推测为旧石器时代晚期。",北方文物,2017-08-20,期刊,K878,3-9,7
31,辽阳《东京胜严寺彦公禅师塔铭》补议,李智裕,辽宁省辽阳博物馆,彦公;东京;云门宗;佛教;金代;,"经过研究认为,辽阳博物馆藏的一方金代塔铭主人不是彦公,而是塔铭记载的澄公。塔铭记载内容客观反映金代东京辽阳地区渤海遗民群体崇信云门宗的历史信息,是研究金代东北地区佛教传播难得的珍贵材料。塔铭被损坏遗弃于井中推测是与金末辽东地区战乱有关。与此同时,对其他学者已发表文章中的部分观点进行尝试性更正和补充。",北方文物,2017-08-20,期刊,K877.4,75-77,3
32,挹娄、勿吉文化的考古学考察——以滚兔岭文化与凤林文化为中心,张伟;田禾,黑龙江省文物考古研究所,三江平原;汉晋时期;滚兔岭文化;凤林文化;挹娄;勿吉;,"滚兔岭文化和凤林文化是三江平原汉晋时期的两支考古学文化,这两支考古学文化的族属问题一直为学界所关注。滚兔岭文化和凤林文化的时空范围与黑龙江地区古代""肃慎族系""的活动区域多有重合。梳理文献记述与研究的挹娄、勿吉的民族特征、生活习性,将滚兔岭文化和凤林文化进行更深入的研究,可以发现滚兔岭文化、凤林文化分别与文献记述与研究的挹娄、勿吉相符,得出滚兔岭文化属于挹娄、凤林文化属于勿吉的结论,并推演出凤林文化是在属于挹娄系统的波尔采文化因素为主体,融合、吸纳了包括团结文化、泡子沿上层文化、滚兔岭文化等多种文化因素而构成的。",北方文物,2017-08-20,期刊,K878,45-47+63,4
33,唐代新罗人金日晟墓志及相关问题研究,王连龙;丛思飞,吉林大学古籍所吉林艺术学院,圣德王;金日晟;安史之乱;光禄卿;永寿乡;,"近年出土的唐代新罗人金日晟墓志,对于探讨唐、新关系史具有重要史料价值。对金日晟墓志及相关问题进行了考证,结论如下:其一,金日晟之名为入唐后改名,其为圣德王侄子,即孝成王、景德王之从兄,与开元十八年(730年)入唐的金志满事迹多有重合。其二,金日晟入唐后,累授银青光禄大夫、光禄卿,为目前文献仅见新罗王室子弟入唐宿卫除授之职官,其长期居于长安并擢升诸官,应与""安史之乱""有关。其三,金日晟以大历九年(774年)八月五日葬于长安永寿之古原,永寿乡之始置可追溯至隋代大兴县,入唐后,永寿乡辖属于长安县下,范围向北至长安城郊,东以天门街为界,南界可达韦曲,西面将姜村一带纳入辖属。",北方文物,2017-08-20,期刊,K877.45,70-74+97,6
34,辽宁朝阳市文明路四座唐墓,蔡强;刘超,朝阳市文物考古研究所辽宁省朝阳市文物考古研究所,朝阳;唐墓;墓志;刘氏;,"2014年6月,朝阳市文物考古研究所在市区南部文明路发掘清理了四座唐代墓葬,出土了墓志、陶器、瓷器、铜器等遗物。这一区域属于朝阳市公布的中山营子古墓保护区,曾发掘三燕、唐、辽等各时代墓葬数十座。M2出土的墓志为研究朝阳(唐代营州)地区的历史又增添了一个宝贵资料。",北方文物,2017-08-20,期刊,K878.8,10-16,7
35,黑龙江友谊县凤林城址出土黑衣陶片及颜料块的科学分析,崔剑锋;张伟;田禾;赵永军,北京大学考古文博学院黑龙江省文物考古研究所,凤林城址;黑衣陶;石墨涂层;凤林文化;,"使用显微观察、成分分析、扫描电镜能谱、激光拉曼光谱等科技手段分析黑龙江省友谊县凤林古城所出的凤林文化时期的表面涂黑黑陶和共出颜料块,结果表明黑色涂层为石墨。这和我国古代传统的通过渗碳形成黑色表面的黑陶技术完全不同。凤林古城所处的鸡西鹤岗煤田地区盛产石墨,因此石墨陶衣很可能就取材自当地的煤矿。",北方文物,2017-08-20,期刊,K876.3,48-51,4
36,石鼓山青铜牺尊的造型与装饰,胡小玉,汉景帝阳陵博物院,青铜牺尊;造型;装饰;纹饰;,"从造型特征与装饰工艺角度,观察宝鸡石鼓山青铜牺尊和其他同类型牺尊,尝试分析石鼓山青铜牺尊呈现出的时代特征和典型性及其在商周青铜礼器发展中的礼制、政治、人文等方面可能存在的影响。",北方文物,2017-08-20,期刊,K876.41,64-68,5
37,古玺释文“岌阳”勘误,马洪,吉林省文物考古研究所,O,"<正>由张英、任万举、罗显清辑录的《吉林出土古代官印》(1)一书,卷末附有吉林各地馆藏私印68方,经审阅发现,释文、断代纰漏颇多;其中3印,笔者先后已作研讨(2),余下之印,尚需辨明是非。下揭编号228之印(图一),原书释作""岌阳""。此印左字无疑问,右字不确。原书释""岌"",显然不明该字为先秦古文,而按小篆的字形结构作为比照,由此走入误区。此字上部从""""形,实为""ö"",甲骨文、金文皆有",北方文物,2017-08-20,期刊,K877.6,69,1
38,先秦时期黑龙江古族及其与考古学文化对接问题,刘晓东;胡秀杰;王乐文;李有骞,黑龙江省博物馆黑龙江省文化厅办公室黑龙江大学历史文化旅游学院黑龙江省文物考古研究所,先秦;黑龙江;古族;考古学文化;三大族系;,"通过对文献史料(侧重于先秦文献史料的拣选)和考古资料(侧重于考古学文化谱系源流的分析)的进一步归纳、梳理,系统地研讨了先秦时期黑龙江古族与考古学文化的对接问题。",北方文物,2017-08-20,期刊,K871.3,35-44,10
39,新石器时代东北亚玉玦的传播——从俄罗斯滨海边疆地区鬼门洞遗址个案分析谈起,邓聪;邓学思,香港中文大学美国圣路易斯华盛顿大学,玉器工艺;砂绳切割;东北亚;玉玦;兴隆洼;,"从东北亚视野,探索新石器时代较早阶段(距今8000—7000年前),中国东北兴隆洼遗址,俄罗斯滨海地区鬼门洞及日本福井桑野遗址出土相类似玉器,包括玦饰、匕形器、弯曲条形器等组合。由香港中文大学通过实验证实鬼门洞的玉玦是通过砂绳切割技术开口,这是一种以砂、绳子和水结合,对玉器加工的技术。同样的技术在兴隆洼和桑野出土的玦饰上被证实。因此,从空间、时间、玉器组合及制作技术,证实在7000年前后,中、俄、日上述三处的遗址可能存在共同玉器文化的因素。最后,讨论了东亚地区新石器时代玦饰的起源和传播关系:一、按现今东亚玦饰整体分布,8000多年前原生玦饰玉文化在辽海一带已经形成。在距今8000—7000年间,玦饰范围已突破辽海地区进入河海平原及山东丘陵一带,是东亚最早玦饰的分布圈。二、早期玦饰的传播,是玉器组合的扩散。",北方文物,2017-08-20,期刊,K86,17-23+2+117-118,10
40,辽代贵族墓葬墓门兽吻装饰及意义,聂定,赤峰学院,辽代;贵族墓葬;兽吻装饰;,"在已发现的辽代贵族墓葬中,墓门仿木门楼装饰的兽吻,其意义比较重要。分析研究表明,兽吻装饰的存在与否,是鉴别辽代贵族墓葬前、后两个时期或区分世家大族墓葬与普通贵族墓葬的条件,并且从其位置、形态再结合辽代社会文化,可以看出其中包含有萨满教、佛教、道教等方面的因素,体现了辽代的民族交流与融合,但贵族墓葬墓门装饰兽吻现象,却未能在辽代墓葬中完全盛行。",北方文物,2017-08-20,期刊,K878.8,93-97,5
41,《全金石刻文辑校》疑校百二十例,王玉亭;孙绵,内蒙古赤峰巴林左旗文史部河南省济源市王屋山文物保护研究所,金代;石刻文;辑校;补校;,"对《全金石刻文辑校》一书于文字释读方面存在的标点误施、字词误辨、用典失校等方面再次梳理,对于明显错误处予以指出,约计120例。未就文中所及原碑刻石、拓片等原始资料进行一一对比,只是依据辽金碑志行文、用典及金代制度所具等规律作出的猜测式的出校提示,期引起使用者注意。",北方文物,2017-08-20,期刊,K877.2,103-106+112,5
42,缅怀张忠培先生——黑龙江省文博考古界举行张忠培先生追思会,王孝华;田索菲;孙琳;阴美琳,《北方文物》编辑部,O,"<正>著名考古学家、吉林大学考古学科创始人和奠基者、中国考古学会原理事长、国家文物局考古专家组成员、故宫博物院原院长张忠培先生因病医治无效,于2017年7月5日9时40分在北京病世,享年83岁。为表达对张忠培先生的崇敬与深切怀念,回顾先生考古事业的丰功伟绩与非凡人生,承继先生宏愿,开创黑龙江省(以下简称""省"")文博考古事业新局面,7月25日,省文物博物馆学会与省",北方文物,2017-08-20,期刊,K825.4,110-116,7
43,东夷“十月祭天”习俗渊源考,武宏丽;姜维公,长春师范大学长春师范大学历史文化学院,十月祭天;十月贺岁;东夷;秦汉;高句丽;,"东夷各族学习到秦汉农业历法《颛顼历》之后,将内地""十月贺岁""的习俗移植并改造为本民族的高级祀典——""十月祭天""。这一习俗之所以能够形成,根本原因在于东夷各族与秦汉均为农业社会,并且在庆祝丰收的时候,都有歌舞祭祀,具有相同的文化特征。从文化角度可以进一步解释东夷各族的族属,高句丽应是从汉族异化出去的一支。",北方文物,2017-08-20,期刊,B933,78-85,8
44,关于重量单位“镒”的几点认识,胡传耸,北京大学考古文博学院北京市文物研究所,镒;战国衡制;记重铭文;单位量值;,"""镒""是先秦时期重要的度量衡单位,见于楚、齐、卫、三晋诸国衡制体系中,有十六两、二十两、二十四两等三种单位量值,战国时期秦国和统一后的秦朝少见用""镒""的例证。",北方文物,2017-05-20,期刊,K877;TB9,38-40+74,4
45,元代《全宁张氏先德碑铭》蒙古文考释,嘎日迪;斯钦巴图;都仁,内蒙古师范大学蒙古学学院内蒙古赤峰卫生学校内蒙古师范大学蒙古学古籍文献研究所,全宁张氏先德碑铭;八思巴字;回鹘蒙古文;解读考释;,"《全宁张氏先德碑铭》是近期发现的大型汉文、蒙古文对照石碑,具有较高的语文学、历史学和翻译学研究价值,为学术界提供第一手资料。在汉文研究的基础上,从碑文蒙古文的角度对于碑文的概况、碑额八思巴字、碑文回鹘蒙古文进行了介绍和解读,同时通过对碑铭的人物、事件以及与有关碑铭的比较来探讨张丑闾的先辈出身、碑文的蒙古文译者等。其中根据碑文回鹘蒙古文的拉丁文转写解读,可以复原部分原文。",北方文物,2017-05-20,期刊,H212;K877.42,56-74+118-120,22
46,蒙元瓷器风格形成因素分析,王爱东,故宫博物院,蒙元瓷器;元青花;元代龙泉窑;多元文化因素;,"蒙元时期是一个多元文化融合的时期,其瓷器生产受到了伊斯兰文化、草原文化、汉地文化和藏地文化等多元文化的冲击,形成了鲜明的时代特征。从蒙元时期开始,出现了专门管理陶瓷生产的官府机构。从蒙元生产制度和多元文化因素的影响两个方面,结合考古资料,对蒙元瓷器风格形成的原因进行研究。",北方文物,2017-05-20,期刊,J504;K876.3,75-78,4
47,研究区域人口史的力作——《东北汉族人口史研究》评介,何天明,内蒙古社会科学院,O,"<正>东北地区一般指黑、吉、辽三省及内蒙古东部地区。孟广耀等人所著《东北汉族人口史研究》(内蒙古人民出版社2014年10月)是以东北地区为基本区域,依不同历史时期具体情况适当向周边拓展,商周下至1911年与汉人有关的历史,是系统全面研究东北地区汉族人口史的力作。研究东北地区各个民族的历史始终受到学术界的高度重视,但针对其汉族人口历史的系统研究尚显薄弱。历史学与人口学研究理论、方法的不同,增加了这一研究的难度,处理好历史学与人口",北方文物,2017-05-20,期刊,K29-5,112,1
48,辽代皇帝祭祀先祖行为分析,高科冕,南开大学历史学院渤海大学图书馆,先祖祭祀;陵庙;山川祭祀;辽代;,"依据《辽史》记载,对辽代皇帝祭祀先祖的行为进行统计,包括辽历代皇帝谒陵、祭庙、奉安石像等行为。辽代为死去的帝后设殿,各有其名,在某种程度上等同于该帝(后)之庙,故此辽代皇帝谒某殿、至享于某殿、拜御容于某殿,均属于其祭祀先祖的行为,也一并进行统计。通过对辽代统治者进行此类行为的频次、对象、间隔时间等方面情况进行梳理,从而试图对影响辽代先祖祭祀活动诸多因素,有更多的了解。同时通过统计,对辽代先祖祭祀中,庙祭与墓祭的地位差别,以及先祖祭祀与祭山、祭水等行为的重要程度,进行了考察。",北方文物,2017-05-20,期刊,K246.1,94-99,6
49,“崇儒重道”之策下金朝婚姻习惯法的演进与调适,杨琳,南阳师范学院,崇儒重道;婚姻习惯法;制定法;,"金朝婚姻习惯法萌芽于生女真中完颜部落的氏族习惯,通过对金朝婚姻习惯法发展轨迹的考察,在金朝婚姻习惯法与制定法的互动中,一方面习惯法作为一种普遍的法律渊源,在金朝法律制度发展中并不是完全游离于制定法之外,金朝有遵循""旧俗""的传统,部分习惯法得到了承继和默许并进入到制定法中;另一方面伴随""崇儒重道""之策的逐步建立,金朝统治者裁夺改变了与儒家法律思想不吻合的部分婚姻习惯法,既体现了""法自君出""的时代烙印,也体现了金朝政权对于儒家思想的法律运用和认同。",北方文物,2017-05-20,期刊,K246.4,108-111,4
50,唐后期河朔地区少数民族人口规模试探,李佳哲,南开大学历史学院,唐后期;河朔地区;少数民族;人口规模;,"天宝年间,唐政府集中安置在幽、营二州的少数民族约有8万人,所占比例可达当地人口的五分之一。安史之乱后,这些被集中安置的少数民族散入河朔地区,不过由于战争的消耗,其人口数量已削减至5万人。这5万人口是唐后期河朔地区少数民族人口发展的基数,其发展程度最高可达20万人。由于河朔地区总人口数量的增加,少数民族人口在当地人口中所占的比例却下降至6%左右,远低于天宝年间少数民族聚居于在幽、营二州时所占的人口比重。",北方文物,2017-05-20,期刊,K242,79-83,5
51,《辽史》正误二则,曹流,中央民族大学历史文化学院,O,"<正>1.中华书局2016年修订本《辽史》卷72《义宗倍传》(第1333页):""义宗,名倍,小字图欲,太祖长子,母淳钦皇后萧氏。""按:此处义宗耶律倍生母非淳钦皇后萧氏。《辽史·韩知古传》:""太祖平蓟时,知古……为淳钦皇后兄欲稳所得。""同书卷1《太祖纪上》载天复三年(903年):""冬十月,引军略至蓟北,俘获以还。""《资治通鉴》卷264天复三年:""阿保机遣其妻兄阿钵将万骑寇榆关。""""阿钵""即《韩知古传》之""欲稳"",则韩知古被淳钦皇后兄俘",北方文物,2017-05-20,期刊,K246.1,83,1
54,吉林扶余市富康东山旧石器地点的石器技术和古人类行为研究,万晨晨;陈全家,吉林大学考古学系,富康东山;旧石器;石器工业;,"富康东山旧石器地点的发现为吉林省含细石器遗存的研究提供了宝贵的实物资料。对该地点所获的石器采取定量分析方法,通过对全部标本的观察、数理统计和图表分析,对该地点石器的原料选择与利用、石器类型、剥片与加工技术以及人类的生存模式进行深入分析,以期通过石器材料提取更多古人类的生产技术和行为模式方面的信息。",北方文物,2017-05-20,期刊,K871.11,25-30,6
55,新疆出土双联器初探,鲁礼鹏,新疆维吾尔自治区博物馆考古部,新疆;双联器;合卺杯;,"自20世纪60年代初开始,截止到21世纪初的考古发掘中,相继在新疆的切木尔切克墓地、鄯善县洋海墓地、且末县扎滚鲁克一号墓地和托克逊县鱼儿沟墓地等地出土了一种很相似的随葬器物""双联器""。根据双联器的出土情况及其所属墓葬的年代,结合文献和中原出土的类似器物,对新疆各地墓葬中出土的双联器的使用流传年代和发展源流进行了分析,另外对其主要功能进行了讨论。",北方文物,2017-05-20,期刊,K878.8,31-37,7
56,辽金瓦当制作工艺的个案研究——以吉林省出土的瓦当标本为视角,石玉兵;卢成敢,吉林大学边疆考古研究中心,瓦当;工艺;辽金;范制法;,"基于近年吉林境内辽金时期遗址出土瓦当材料,对瓦当制作流程与技术,及其与筒瓦的连接技术进行了初步考察,且作了尝试性的分析和推测。同时,又重点针对各遗址瓦当材料中常见的同纹不同范现象,从生产来源、生产时间与使用方面作进一步的思考和剖析,并简单讨论建筑遗存中常见的不同纹饰瓦当的混杂使用问题。",北方文物,2017-05-20,期刊,K876.3,46-52,7
57,魏韩君夫人舆氏墓志小考,梁春胜,河北大学文学院,韩兴宗;内小;中散;官制改革;,"北魏韩君夫人舆氏墓志是韩兴宗之妻慕容氏的墓志。此志对于探讨北魏内廷官""内小""的演变,韩氏与慕容氏的交谊,以及慕容氏在北魏的遭际,都具有一定的史料价值。",北方文物,2017-05-20,期刊,K877.45,53-55,3
59,辽宁阜新市八家子金元时期遗址发掘报告,苏军强;褚金刚;崔嵩;郭添刚,阜新市文物管理办公室辽宁省文物考古研究所阜新市文物考古研究所,八家子遗址;金代;元代;居住址;辽宁;,"2014年10月至11月,辽宁省文物考古研究所联合阜新市文物管理办公室对八家子遗址进行了抢救性发掘,揭露出房址8座、灰坑18座、室外灶4座。出土陶器、瓷器、铁器、铜器、骨器、石器等近300件。该遗址为一处金元时期居住址。",北方文物,2017-05-20,期刊,K878,15-24+116-117,12
60,关中西汉中小型墓葬“性别代码”初探,王洋;刘一婷,中山大学社会学与人类学学院中国社会科学院研究生院考古系,关中;西汉;墓葬;性别;对子基;,"以随葬品共存关系为基础,结合人骨性别鉴定,并利用对子墓、秦墓材料的验证,辨识出关中西汉中小型墓葬中的""性别代码""。认为兵器、工具、砚研、铁杵臼为男性性别代码,纺织用具为女性性别代码。而以往认为是女性专用品的耳珰、手镯可能并不具有性属意义。该研究可为关中西汉墓葬的性别判定,提供更为丰富的依据。在方法上,亦可对缺乏人骨鉴定的""性别代码""研究提供借鉴。",北方文物,2017-05-20,期刊,K878.8,41-45,5
61,《陕溪太氏族谱》神话传说探微,綦中明;刘丽华,牡丹江师范学院历史与文化学院牡丹江师范学院文学院,《陕溪太氏族谱》;崇龟;星象感生;阴符风角;,"《陕溪太氏族谱》是渤海国王大祚荣家族的谱牒,该谱虽对增补史实无益,但其所载的渤海国先世神话传说却反映了作者的文化倾向。试从龟崇拜、星象感生及阴符风角三方面阐释其对中国古代传统文化的认同,进而阐述国内渤海国神话传说的文化因素。",北方文物,2017-05-20,期刊,B932;K820.9,89-93,5
63,高句丽“尉那岩城”考辨,孙炜冉,东北师范大学历史文化学院,尉那岩城;丸都山城;国内城;高句丽;,"通过大武神王在位期间的辽东太守围困""尉那岩城""一事可以看出,尉那岩城乃是一座平原城,而并非是一座山城,更加不可能是丸都山城,其就是国内城的前身。",北方文物,2017-02-20,期刊,K312.31;K878.3,77-81,5
65,渤海国人口变迁与民族特性初探,王旭,吉林省社会科学院高句丽研究中心研究室,渤海国;人口;变迁;民族特性;,"渤海国人口数量是衡量渤海国社会经济发展状况的重要参数之一,而人口本身的特性则是判断渤海民族兴衰的晴雨表。渤海国初期的人口构成元素多样,流动性较大,其后随着渤海国发展、繁荣和衰退经历了一个逐渐增加、迅速膨胀和全面流失的过程。而梳理渤海国人口的变迁过程可以从新的角度阐释渤海国民族所固有的特征。",北方文物,2017-02-20,期刊,K28,82-85,4
1,《御制清文鉴》价值考述,田鹂,黑龙江大学满族语言文化研究中心,御制清文鉴;满语文;满族文化;,"《御制清文鉴》是清代皇帝钦定的首部百科性语义分类满语词典,在编纂、选词、分类、释义等方面具有显著的时代特征和民族特征。《御制清文鉴》具有收录词语全面系统、词语解释科学规范的特点,所以其对当今的满语文研究及满族历史文化研究具有重要的参考价值。",北方文物,2018-11-20,期刊,K249;H221,100-103,4
4,论人地关系对慕容鲜卑早期兴起历程的影响,范恩实,中国社会科学院中国边疆研究所,慕容鲜卑;人地关系;地理环境;,"地理环境是影响人类历史发展进程的长时段因素,慕容鲜卑的兴起即受此因素的显著影响。当其以游牧者的身份进入辽西区,首先立足于""棘城之北"",即今辽宁北票至阜新地区;后又迁往""辽东北"",即今辽宁彰武、内蒙科左后旗一带,以上均为蒙古草原之东南缘。在上述地区,慕容鲜卑控扼区域交通节点,施行""外部边界战略"",但是在西晋势力的打击下,""外部边界战略""失败,同时又受到背后的草原游牧势力宇文鲜卑的压力,陷入发展困境。在此情况下,慕容鲜卑改变发展道路,利用虏获的万余夫余农业人口南迁大凌河河谷,从此以农业兴国,逐步强盛起来。",北方文物,2018-11-20,期刊,K28,78-83,6
5,宋辽金元铁券考,关树东,中国社会科学院历史研究所,丹书铁券;金券;誓券;答剌罕;,"北宋授铁券见于宋太祖、宋太宗统一过程中,主要用于安抚和招纳强藩,以后除特殊情况外,不再颁赐铁券,故在宋人的意识里,本朝并无铁券之制。宋人对古制铁券授受的认识,反映了唐宋以来政治文化的演进。辽朝仅有的几次授铁券的记录,其颁授对象多为宗室近亲,立有殊功的其他民族人士也有获赐铁券的。辽代崇尚铁券,与贵族政治具有密切关系。金初,赐给在灭辽伐宋战争中建立功勋的将帅铁券。金海陵王以后,金代文献不再见有颁赐铁券的记载。迁都中都后,金朝的政治形态由贵族政治向官僚政治与贵族政治的混合形态快速转变,铁券作为贵族政治的产物,不再受欢迎。蒙元时期,铁券似仅见于成吉思汗对勋臣木华黎的赏赐。铁券在蒙元的缺位,倒不是因为与蒙元的政治文化不相容,而是其采取了一种更具民族特色的赏赐功臣的名号——答剌罕。",北方文物,2018-11-20,期刊,K244;K246,92-96,5
6,辽代黄龙府设置沿革考,孙文政,黑龙江省社会科学院历史所,黄龙府;扶余府;辽代;,"辽代黄龙府始设于太祖平定渤海之后,前后经历了辽天赞五年(926年)太祖置龙州于渤海扶余府、天显二年(927年)太宗改扶余府为黄龙府;至辽景宗保宁七年(975年),因黄龙府守将燕颇叛乱,致使黄龙府城废弃,从景宗保宁七年(975年),黄龙府侨置于扶余府附近的通远县;至圣宗开泰九年(1020年),复置黄龙府于通州东北,从开泰九年(1020年),复置到通州东北,到金收国元年(1115年),黄龙府被金军占领,前后共计经过了三个演变阶段。",北方文物,2018-11-20,期刊,K246.1,97-99,3
7,唐代东北丝绸之路初探,石岩,黑龙江大学历史文化旅游学院考古系,丝绸之路;东北地区;唐代;,"东北自古以来就有通往中原的道路,但文献中少有线路记载,最早有明确文献记载的东北丝绸之路始于唐代,通过水、陆两条道路,使渤海得以向唐朝朝贡和学习中原的先进文化,促进了""海东盛国""的形成。考古发现有相关遗迹,证实在唐代东北已经有成熟的丝绸之路通往中原。",北方文物,2018-11-20,期刊,K242;K871.43,88-91,4
8,黑龙江哈尔滨市李家马架子遗址发掘简报,王长明,黑龙江省文物考古研究所,李家马架子遗址;汉代;靺鞨;辽金时期;哈尔滨市;,"李家马架子遗址位于哈尔滨市阿城区东北、松花江支流蜚克图河下游左岸的岗地上。2016年6—8月,为配合哈尔滨至佳木斯铁路客运专线工程建设,对该遗址进行了抢救性考古发掘工作,共清理房址5座、灰坑33个、灰沟5条,出土陶器、石器、铁器、骨器及动物骨骼等文物标本200余件。从揭露的遗迹及出土遗物可知,该遗址至少包含三个不同时期的考古学文化遗存;第一期文化遗存与宾县庆华遗址及索离沟遗址早期遗存的文化面貌比较接近,属扶余文化系统的旁支,年代相当于两汉时期;第二期文化遗存与宾县索离沟遗址晚期遗存、老山头遗址部分遗存的文化面貌最为接近,属靺鞨文化系统的粟末集团某部遗迹,年代大致处于南北朝晚期至隋代,下限可能进入唐代初期;第三期为辽金时期文化遗存,年代大致处于辽代晚期至金代早期。",北方文物,2018-11-20,期刊,K878,3-12+2+113-114,13
1,《御制清文鉴》价值考述,田鹂,黑龙江大学满族语言文化研究中心,御制清文鉴;满语文;满族文化;,"《御制清文鉴》是清代皇帝钦定的首部百科性语义分类满语词典,在编纂、选词、分类、释义等方面具有显著的时代特征和民族特征。《御制清文鉴》具有收录词语全面系统、词语解释科学规范的特点,所以其对当今的满语文研究及满族历史文化研究具有重要的参考价值。",北方文物,2018-11-20,期刊,K249;H221,100-103,4
2,“皇甫权”铭文“南京”地望新考,刘铮,安徽师范大学博物馆,“皇甫权”;“南京”;大都;铭文;元代;,"""皇甫权""铭文内容多样,其中常见""南京""二字。此""南京""为""皇甫权""之铸造地,学界无异议,然对其地望,学者则议论纷纷,聚讼难定。在前人研究的基础上,通过对相关材料的爬梳分析,此""南京""实应是元大都之别称。",北方文物,2018-11-20,期刊,K877.3;K928.6,51-56,6
3,试探来护儿兵败平壤与萨水之战的关系,刘炬;董健,吉林省社会科学院高句丽研究室,来护儿;萨水之战;隋丽战争;平壤之战;,"关于来护儿兵败平壤之战与萨水之战的关系,学界很少关注,但事实上,来护儿兵败平壤,恰是隋军萨水之败的前奏,因为来护儿的水军开赴平壤的主要任务并非攻取平壤,而是为宇文述、于仲文所率的陆路军提供后勤供给;而来护儿兵败撤离平壤,使得陆路军到达平壤后粮草断绝,陷入困境并最终导致萨水之败。",北方文物,2018-11-20,期刊,K241;K312.31,84-87,4
4,论人地关系对慕容鲜卑早期兴起历程的影响,范恩实,中国社会科学院中国边疆研究所,慕容鲜卑;人地关系;地理环境;,"地理环境是影响人类历史发展进程的长时段因素,慕容鲜卑的兴起即受此因素的显著影响。当其以游牧者的身份进入辽西区,首先立足于""棘城之北"",即今辽宁北票至阜新地区;后又迁往""辽东北"",即今辽宁彰武、内蒙科左后旗一带,以上均为蒙古草原之东南缘。在上述地区,慕容鲜卑控扼区域交通节点,施行""外部边界战略"",但是在西晋势力的打击下,""外部边界战略""失败,同时又受到背后的草原游牧势力宇文鲜卑的压力,陷入发展困境。在此情况下,慕容鲜卑改变发展道路,利用虏获的万余夫余农业人口南迁大凌河河谷,从此以农业兴国,逐步强盛起来。",北方文物,2018-11-20,期刊,K28,78-83,6
5,宋辽金元铁券考,关树东,中国社会科学院历史研究所,丹书铁券;金券;誓券;答剌罕;,"北宋授铁券见于宋太祖、宋太宗统一过程中,主要用于安抚和招纳强藩,以后除特殊情况外,不再颁赐铁券,故在宋人的意识里,本朝并无铁券之制。宋人对古制铁券授受的认识,反映了唐宋以来政治文化的演进。辽朝仅有的几次授铁券的记录,其颁授对象多为宗室近亲,立有殊功的其他民族人士也有获赐铁券的。辽代崇尚铁券,与贵族政治具有密切关系。金初,赐给在灭辽伐宋战争中建立功勋的将帅铁券。金海陵王以后,金代文献不再见有颁赐铁券的记载。迁都中都后,金朝的政治形态由贵族政治向官僚政治与贵族政治的混合形态快速转变,铁券作为贵族政治的产物,不再受欢迎。蒙元时期,铁券似仅见于成吉思汗对勋臣木华黎的赏赐。铁券在蒙元的缺位,倒不是因为与蒙元的政治文化不相容,而是其采取了一种更具民族特色的赏赐功臣的名号——答剌罕。",北方文物,2018-11-20,期刊,K244;K246,92-96,5
6,辽代黄龙府设置沿革考,孙文政,黑龙江省社会科学院历史所,黄龙府;扶余府;辽代;,"辽代黄龙府始设于太祖平定渤海之后,前后经历了辽天赞五年(926年)太祖置龙州于渤海扶余府、天显二年(927年)太宗改扶余府为黄龙府;至辽景宗保宁七年(975年),因黄龙府守将燕颇叛乱,致使黄龙府城废弃,从景宗保宁七年(975年),黄龙府侨置于扶余府附近的通远县;至圣宗开泰九年(1020年),复置黄龙府于通州东北,从开泰九年(1020年),复置到通州东北,到金收国元年(1115年),黄龙府被金军占领,前后共计经过了三个演变阶段。",北方文物,2018-11-20,期刊,K246.1,97-99,3
7,唐代东北丝绸之路初探,石岩,黑龙江大学历史文化旅游学院考古系,丝绸之路;东北地区;唐代;,"东北自古以来就有通往中原的道路,但文献中少有线路记载,最早有明确文献记载的东北丝绸之路始于唐代,通过水、陆两条道路,使渤海得以向唐朝朝贡和学习中原的先进文化,促进了""海东盛国""的形成。考古发现有相关遗迹,证实在唐代东北已经有成熟的丝绸之路通往中原。",北方文物,2018-11-20,期刊,K242;K871.43,88-91,4
8,黑龙江哈尔滨市李家马架子遗址发掘简报,王长明,黑龙江省文物考古研究所,李家马架子遗址;汉代;靺鞨;辽金时期;哈尔滨市;,"李家马架子遗址位于哈尔滨市阿城区东北、松花江支流蜚克图河下游左岸的岗地上。2016年6—8月,为配合哈尔滨至佳木斯铁路客运专线工程建设,对该遗址进行了抢救性考古发掘工作,共清理房址5座、灰坑33个、灰沟5条,出土陶器、石器、铁器、骨器及动物骨骼等文物标本200余件。从揭露的遗迹及出土遗物可知,该遗址至少包含三个不同时期的考古学文化遗存;第一期文化遗存与宾县庆华遗址及索离沟遗址早期遗存的文化面貌比较接近,属扶余文化系统的旁支,年代相当于两汉时期;第二期文化遗存与宾县索离沟遗址晚期遗存、老山头遗址部分遗存的文化面貌最为接近,属靺鞨文化系统的粟末集团某部遗迹,年代大致处于南北朝晚期至隋代,下限可能进入唐代初期;第三期为辽金时期文化遗存,年代大致处于辽代晚期至金代早期。",北方文物,2018-11-20,期刊,K878,3-12+2+113-114,13
9,黑龙江宾县王朝珠遗址发掘简报,王乐文;包曙光;石岩;蒋辉,黑龙江省文物考古研究所黑龙江大学考古学系,王朝珠遗址;居址;建筑构件;陶器;辽金时期;,"王朝珠遗址是一处辽金时期女真文化居住址,位于黑龙江宾县城西的居仁镇,2016年6—8月进行了考古发掘,发现灰坑12座,灰沟3条,出土大量砖、瓦建筑构件,较多的罐、盆类日用陶器,此外还有少量的铜币、铁器等遗物。从数量很多的建筑遗物看,此地应该有大型建筑。",北方文物,2018-11-20,期刊,K878,13-19,7
10,侵华日军第七三一部队本部焚尸炉遗址调查与清理简报,关燕妮;魏明江;尤洪才;李陈奇,黑龙江省文物考古研究所,焚尸炉;四方楼;七三一部队;本部旧址;,"侵华日军第七三一部队本部焚尸炉遗址,是侵华日军进行细菌研制和活体实验的有力见证,长期以来始终备受学界和社会广泛关注。通过对七三一部队本部焚尸炉遗址的全面调查与清理,可以进一步理清其规模、形制、布局与结构,深入揭露七三一部队的反人道反人类的残暴罪行,并为今后的研究提供可靠的第一手资料。",北方文物,2018-11-20,期刊,K878,24-29+39+116,8
11,秦汉唐代陶片的力学性能比较与分析研究,兰德省;方钦志;夏寅;王东峰,秦始皇帝陵博物院西安交通大学航天航空学院,陶片;力学性能;三点弯曲实验;载荷-位移曲线;超声波;秦汉唐;,"通过对秦汉唐代陶片在三点弯曲实验中的载荷-位移曲线的研究,分析了试件以及材料的拉伸强度和弯曲弹性模量。利用超声波检测仪测量了与材料密实度有关的参数(波速、幅度),并与材料的拉伸强度与弯曲弹性模量进行了一元线性相关性分析,结果是:秦代陶片的拉伸强度和弯曲弹性模量较好,但内部差异较大;汉代陶片和唐代陶片的力学性能与秦代陶片相比较差。在所有残片样品中壅颈部位陶片的力学特性较好,铠甲和内衬陶片的力学性能较差;波速、幅度与力学参数的线性相关性较差,需进一步的微观研究来寻找微观结构与宏观力学特性的关系,为大件陶器文物的保护修复与包装提供了理论依据。",北方文物,2018-11-20,期刊,K876.3,68-74,7
12,挑战与机遇:新媒体时代的公共考古学,桑栎,洛阳师范学院历史文化学院,公共考古学;人文关怀;认知能力;政府与媒体;,"公共考古学浪潮的兴起,是现阶段中国考古学转型发展的产物。随着移动互联网和智能终端的普及,以自媒体为主的新媒体时代席卷中国。新形势下,考古学公众面临伦理道德、价值信仰的质疑,考古学有被""黑化""的危机。故而,急需从学科定位、人文关怀、成果转化等方面重新构建和拓展考古学的目标和任务,提倡全社会在认知和在践行层面提升公共考古学的正能量,化解考古学与各相关方存在的误解和隔阂。公共考古学以""回报社会""为己任,提醒人们注重对历史文化的传承和人文精神的坚守。",北方文物,2018-11-20,期刊,K85,104-110,7
13,河北隆化县孙志沟墓葬清理简报,韩金秋;王晓强;张英健,河北省文物研究所承德市文物局隆化县文物保管所,辽墓;契丹贵族;隆化;孙志沟;,"2016年6—8月,河北省文物研究所组队对隆化县孙志沟村被盗墓葬作了清理。该墓葬已多次被盗,随葬品几乎被盗掘一空。墓葬形制大体保存,为圆形竖穴土坑墓,墓室为六边形,以木炭作为墓壁,内有木护墙。墓室上部有打破墓圹的灰坑和横洞。从墓葬形制和残存的随葬品分析,墓葬的年代为辽代中晚期,墓主为契丹贵族。",北方文物,2018-11-20,期刊,K878.8,20-23+115,5
14,新疆古代编带和编绳初探,贺婧婧;王博,新疆维吾尔自治区博物馆考古部,纺织考古;编带;编绳;新疆;,"编带和编绳是纺织考古研究的一个门类。新疆古代的编带和编绳主要分布在南疆和东疆的塔里木、吐鲁番和哈密三个盆地的绿洲河流水系上,质地以毛为主。毛编带产生于公元前2000年—前1450年,毛编绳产生的年代较晚,在公元前8世纪,编带和编绳的组织结构变化较多,在各个水系延续的时间有所不同,最晚到了公元5世纪。研究编带和编绳的组织以及演化的年代序列,会对新疆古代编带和编绳的发展史有更为深刻的认识。",北方文物,2018-11-20,期刊,K876.9,30-39,10
15,关中邰城汉墓墓地结构研究,种建荣,陕西省考古研究院,邰城汉墓;墓地结构;西汉;家葬制;族葬制;,"以邰城汉墓为对象,对墓地形成过程、墓地结构进行了分析,认为汉初至宣帝前后,竖穴土坑墓、竖穴墓道洞室墓代表的两个族群,采用聚族而葬的族葬制,而在同一族群内部流行以夫妻为核心的家葬制。西汉末期及之后,墓地人群发生变更,家葬制进一步发展。对邰城墓地结构的研究,展示了关中地区西汉平民墓地的面貌,为进一步探讨西汉墓地制度奠定了基础。此墓地结构研究方法亦可为其他地区的汉代墓地研究提供借鉴。",北方文物,2018-11-20,期刊,K878.8,40-46,7
17,青海出土鲜卑动物形牌饰研究,李国华,青海省文物考古研究所,动物形牌饰;鲜卑;魏晋十六国;青海;,"通过与辽宁、吉林、内蒙古等地鲜卑墓葬出土的类似牌饰的比较研究,结合随葬品,对青海出土的双马形铜牌饰、连体兽形金牌饰等的纹饰渊源、制作工艺、年代及文化性质进行分析考证,认为其属于鲜卑文化遗存,年代大体为魏晋十六国时期。这有力证明了鲜卑文化对青海地区的历史影响,为青海地区鲜卑考古研究提供了珍贵的实物资料,同时也展现了鲜卑文化的传播与交流。",北方文物,2018-11-20,期刊,K876.4,57-61,5
18,洛阳出土崔乃墓志及相关问题研究,权玉峰,首都师范大学历史学院,崔乃;仕宦;博陵崔氏第二房;唐代;,"洛阳出土的崔乃墓志详细记载了墓主的生平宦迹、家族世系、婚姻卒葬等情况。从崔乃本人生平宦迹来看,虽然他以门荫的方式获得任官资格,释褐后也获得了不错的官职,但因兵变、丧妻等事件导致他长期待选在家,一生官运坎坷,最终卒于开封县令任上。以此墓志为基础,结合传世文献及出土崔乃家族其他成员的墓志,可以发现,基于人物的不同任官情况及时代背景,各墓志中对姓氏来源、世系流传、近祖称谓等记载均有所差异。相关文献及墓志记载中,也涉及崔乃家族成员的家族仕宦、婚姻、籍贯、信仰等情况,可补传世文献之不足,为进一步研究博陵崔氏在唐中后期的状况提供条件。",北方文物,2018-11-20,期刊,K877.45,62-67,6
20,承德普陀宗乘之庙古建筑保护修缮研究,张建勋,河北省古代建筑保护研究所,普陀宗乘之庙;古建筑保护修缮;承德;,"普陀宗乘之庙古建筑保护修缮工程是承德文化遗产保护工程中规模最大、投资最多的单项工程,通过对该庙古建筑及基址进行科学、系统、全面的保护修缮,排除了古建筑的安全隐患,使普陀宗乘之庙得到了科学有效保护,保存、延续了文物的真实历史信息和价值。",北方文物,2018-08-20,期刊,K878.6;TU-87,76-81,6
21,关于几个契丹大字的拟音,张少珊,赤峰学院历史文化学院,契丹大小字;对比;拟音;,"根据前人研究成果,通过契丹大小字的对比,为几个契丹大字进行了拟音。认为■可拟音为[sime],■可拟音为[thiit],■拟音为[lai]。同时结合契丹文碑刻内容认为耶律昌允第一个儿子的契丹语名字叫■■,译为迟知或旗帜。而■■为人名""度赖""。",北方文物,2018-08-20,期刊,H211.5;K877.4,98-99,2
22,清代以来东北的民间社会组织述评,刘扬,吉林省社会科学院历史所,民间组织;清代;东北;官方控制;,"清代以来,东北民间自发形成了许多团体组织,主要以民间祭祀组织、民间同业组织、民间同乡组织、民间宗教组织为主。在近世现代社会团体并不健全的情况下,民间组织发挥了一定的社会功能,凝聚了群体,整合了力量。由于民间组织集合了一部分基层民众,时常受到来自官方的监督和控制,但这些组织也在利用一些手段寻求生存的空间,在相当长的时间里,维持了平衡。近代社会变迁加剧,加之官方对社会控制的加强,传统民间组织渐渐被现代性的社会组织所取代。",北方文物,2018-08-20,期刊,K249,109-112,4
23,辽“本班郎君”非本部族之郎君考辨,乐日乐,中国国家博物馆,O,"<正>不同于中原王朝传统选官方式,契丹宗戚子弟通过候补郎君在宫中担任侍从侍卫,换取入仕资格。辽代具有起家资格之郎君除牌印、御盏、祗候郎君外,《辽史·百官志》""北面著帐官""条下同牌印、御盏等局并列,有""本班局"",下设""本班郎君""(1)。贵族子弟萧阳阿、耶律仆里笃、耶律适禄、耶律斡特剌、耶律棠古皆补本班郎君入仕(2)。学者推测本班郎君很可能是隶属于诸部落、族帐和院本部的郎君(3),实际并非如此。统和七年(989年)三月""乙",北方文物,2018-08-20,期刊,K246.1,97+99,2
24,辽代军事监察制度新探——兼析《辽史·百官志》“监军”、“都监”诸问题,李碧瑶,长春师范大学历史文化学院,辽代;监察;监军;都监;《辽史·百官志》;,"前贤在论及辽代军事监察制度时,依据的史料多是《续通典》卷33《职官十一》,由于其史源为《辽史·百官志》,又《百官志》的记载存在各种问题,从而误导了对辽代军事监察制度的认识。辽朝建立了一套完整周密的军事监察制度,至少有行军监军、招讨司监军、驻军中的监军三种类型。监军的职责主要为监督地方官、管理驻军,有时亦亲自带兵执行作战任务。辽代方面性军事机构,如统军司、招讨司等,因带有军管性质,故其监军有时亦负责民政事务;根据辽代凡有军队之处,无论是行军还是驻军,皆设有监军这一特点,对《辽史·百官志》中关于""监军""、""都监""的记载重新进行审视。",北方文物,2018-08-20,期刊,K246.1,100-105,6
25,黑龙江先秦史研究中的几个问题——写在张忠培先生逝世一周年之际,刘晓东,黑龙江省博物馆,黑龙江;先秦史;基础材料;年代序列;族源族属;,"提出并归纳了黑龙江先秦史研究中的三点认识:一、在基础材料的使用方面,不应纠缠于神话故事、历史传说以及后世追补性文献的修订和考索,而应全面采用考古学提供的新资料、新成果;二、在年代序列方面,对于已经进入中原王朝历史时期的时段,不宜再使用生产工具、武器质料的断代概念(如青铜时代、铁器时代等),而应使用体现与中原王朝相对应的断代概念(如夏商周时期、秦汉时期等);在族源族属方面,不应笼统套用传统的东北土著民族三大族系说,而应具体研讨其先秦时期在黑龙江境内分布情况,即主体部分、延及部分甚或有无等情况,同时还应审慎考虑其与同时段考古学文化的对接问题。",北方文物,2018-08-20,期刊,K22,88-93,6
26,金代女真人生态环境保护举措初探,王岩,哈尔滨学院文法学院,金代;女真人;生态环境;诏令;,"金代是以女真族为主体建立的少数民族政权,在长期生活实践中,不断协调人、自然与社会三者关系,颁布了许多有关环境保护的诏令,其中许多涉及保护森林资源、野生动物资源等措施,无不体现着女真族政权生态意识和生存智慧。",北方文物,2018-08-20,期刊,K246.4,106-108,3
27,辽代契丹人墓葬壁画的“启门图”探析——以宝山1号辽墓为例,葛华廷,O,契丹族;墓葬;启门图;神仙信仰;辽;,"宝山辽墓1号墓墓室北壁壁画中心位置为一开启的门户,门前侧立一犬、一山羊。此壁画即由汉朝以后中原墓葬壁画常见题材""启门图""演变而来,它反映了契丹族的丧葬观念和丧葬文化的多元性。宝山1号辽墓壁画""启门图""中的犬、羊,当是卫送、伴送死者魂神归往契丹黑山的使者。""启门图""中的门,即死者魂神归往契丹圣山,进入神仙世界的通道。",北方文物,2018-08-20,期刊,K879.41,62-65,4
28,内蒙古科右中旗巴彦套海遗址调查简报,吉平;胡春佰;格日乐图,内蒙古自治区文物考古研究所内蒙古自治区文物保护中心吉林大学边疆考古研究中心,巴彦套海遗址;科尔沁沙地;新石器时代;青铜时代;,"巴彦套海遗址位于内蒙古自治区兴安盟科右中旗新佳木苏木巴彦套海艾里东南的一座沙丘上,地表遗物散布范围东西长约200、南北宽约50~70米。2014年内蒙古自治区文物考古研究所在调查过程中采集到以细石器为主,包括打制石器、磨制石器、陶片、动物骨骼在内的丰富遗物。根据采集标本的形态风格来看,该遗址的延续时间较长,早至新石器时代晚到唐代,是一处时代跨度较大、文化内涵丰富的复合型遗址。",北方文物,2018-08-20,期刊,K878,9-16,8
29,辽宁盖州市光荣村积贝墓的调查与发掘,孟丽;王辉;万欣,辽宁省文物考古研究所营口市文化局文物科盖州市文物管理处盖州市文物管理处管理科营口市西炮台遗址管理所,光荣墓地;积贝墓;西汉;,"光荣墓地是发现于盖州地区为数不多的西汉积贝墓地之一。该墓地虽遭严重破坏,但经抢救性发掘,仍然出土了较多的泥质灰陶器等,尤其是其中的彩绘陶器以及特殊的墓葬形制,皆具有鲜明的时代特征和地域色彩,对研究辽南地区汉代的历史与考古文化具有重要价值。",北方文物,2018-08-20,期刊,K878.8,17-26+2+113-117,16
30,柞伯簋铭文新释,张海波,湖南大学岳麓书院,周代;青铜器铭文;柞伯簋;小子;小臣;,"自柞伯簋铭文公布以来,""两派""学者对柞伯世代、""小子""称谓问题争讼不已,其症结在于双方据以立论的前提(即都认为柞伯可以被王称作""小子"",王讲话的对象中有柞伯)不可靠。重新审视这个前提,并系联静簋、令鼎等铭文后不难发现:王口中的""小子""""小臣""很可能与静簋铭文中的""小子""""小臣""身份相当,""小子""应是初学射艺的年轻贵族,""小臣""则是学射于学宫的王之近侍,王的讲话是专门对他们的叮嘱、激励之词,而非对所有参加射礼人员而言,更与柞伯无涉。",北方文物,2018-08-20,期刊,K877.3,57-61,5
31,《明故特进荣禄大夫怀柔伯施聚墓志》补释,李智裕,辽宁省辽阳博物馆,施聚;黑厮;怀柔伯;券词;明朝;,"北京地区出土的《明故特进荣禄大夫怀柔伯施聚墓志》是一方非常具有学术研究价值的石刻文物。墓志主人施聚声名显赫,镇守辽东数十年。经过考释后发现墓志内容涉及到明朝诸多重要人物和历史事件,可与《明史》、《明实录》等史料互补,对研究明初辽东地区边政提供有益的历史信息。另外通过对志文内容重新释读考证,对其他学者观点进行尝试性补充和更正。",北方文物,2018-08-20,期刊,K877.45,66-69,4
32,新出土赵弘燮墓志铭相关问题考证,王琨;马建民,宁夏文物考古研究所北方民族大学非物质文化遗产研究所,赵弘燮;墓志铭;清代;宁夏;,"赵弘燮是清初宁夏籍名将赵良栋次子,历任山东按察使、河南巡抚、直隶巡抚、直隶总督等职。赵弘燮去世后,其子赵之壁请求汪士撰写了赵弘燮墓志铭,该文被收录在《秋泉居士集》中,后又被《碑传集》等文献收录并流传至今。赵弘燮墓志铭的发掘出土,可与传世文献参照比较,为考证《赵公弘燮墓志铭》撰文者、书丹者、篆盖者及赵弘燮生平经历、埋葬地点等信息提供了新材料。",北方文物,2018-08-20,期刊,K877.45,70-75+81,7
33,鲜卑“季春大会”之“作乐水”考辨,李鹏,内蒙古民族大学文物与考古研究所,鲜卑;作乐水;新开河;饶乐水;,"通过对文献考证、鲜卑遗址和遗物分布以及西拉木伦河与新开河河道属性的分析,认为《三国志·魏书·鲜卑传》及《后汉书·鲜卑传》所言的""作乐水""(饶乐水),是今西拉木伦河及下游新开河的统称。鲜卑""季春大会""之""作乐水""(饶乐水),应为位于今通辽市境内的新开河,而非西拉木伦河。",北方文物,2018-08-20,期刊,K874,94-96,3
34,黑龙江穆棱市三处旧石器遗址调查简报,倪春野;陈全家;崔祚文;李有骞,穆棱市文物管理所吉林大学边疆考古研究中心黑龙江省文物考古研究所,小石器工业;旧石器时代晚期;黑龙江省;穆棱市;,"亮子河南山、红土山和梨树沟南山三个地点分别发现石器7、4和6件,石器类型包括石核、石片、断块和工具,石片和工具,三类工具。通过研究分析,皆属于东北地区以小型为主的石器工业类型。经对比分析,均暂归于旧石器时代晚期。",北方文物,2018-08-20,期刊,K878,3-8,6
35,侵华日军第七三一部队旧址地下回水池遗址发掘简报,尤洪才;关燕妮;魏明江;李陈奇,黑龙江省文物考古研究所,七三一部队旧址;地下回水池;发掘清理;,"地下回水池是侵华日军第七三一部队动力系统重要组成部分,具有供水、冷却降温以及对循环水进行沉淀、过滤等功能。地下回水池遗址的发掘为探讨七三一部队动力班当时的生产能力和规模提供了翔实依据,亦为控诉二战期间日本法西斯反人类反人道的暴行提供了新的罪证。",北方文物,2018-08-20,期刊,K878,27-33+118,8
36,试论鄂尔多斯乌兰木伦遗址第1地点的性质和功能,刘扬;侯亚梅;杨泽蒙;包蕾,中山大学社会学与人类学学院中国科学院古脊椎动物与古人类研究所鄂尔多斯市文物考古研究院,鄂尔多斯;乌兰木伦遗址;田石器时代;石制品;,"鄂尔多斯乌兰木伦遗址是2010年新发现的一处旧石器时代旷野遗址,经过多年发掘出土大量石制品、动物化石、颜料块和火塘等遗迹现象。石制品组合和拼合、动物考古埋藏学以及用火遗迹表明乌兰木伦遗址属于原地埋藏,较好地保存了古人类原料采集、预剥片、剥片、加工和使用的完整动态链,表明该遗址具有石器制造场的性质。大量动物碎骨、骨骼上的切割痕迹以及火塘和烧骨的发现表明在乌兰木伦遗址还发生了屠宰动物的行为和生活行为。综合来看,乌兰木伦遗址是一个多功能的古人类活动营地。",北方文物,2018-08-20,期刊,K878,34-40,7
37,西安高陵坡底秦墓的人口学特征,周亚威;张翔宇;高博,郑州大学历史学院西安市文物保护考古研究院,坡底墓地;秦人;年龄;性别比;,"坡底遗址是关中地区规模较大的一处秦人墓地,通过对墓地出土的154例人骨标本的人口学分析,得出以下结论:在154例个体中,性别明确者91例,鉴定率为59.09%,年龄段明确者127例,鉴定率为82.47%;坡底居民的平均死亡年龄为28.67岁,其中男性平均死亡年龄为30.29岁,女性平均死亡年龄为29.73岁;死亡高峰为壮年期(51.18%),其次为青年期(24.41%)和中年期(18.90%),不见老年个体。秦国长期征战导致关中地区大量男丁入伍应该是坡底居民性别比例失调(性别比0.596:1)的主要原因。通过对我国北方地区古代居民年龄组数据的分析,坡底居民的死亡高峰提前到了青年期和壮年期,这或许是战国晚期秦人生存压力较大,寿命普遍较低的一个缩影。",北方文物,2018-08-20,期刊,K878.8,41-45,5
38,忻州九原岗北朝壁画墓门楼图建筑用瓦考略,王飞峰,中国社会科学院考古研究所,建筑用瓦;鸱尾;当沟;尖桃形器物;北朝壁画墓;九原岗;,"忻州九原岗北朝壁画墓作为北朝考古的重要发现,墓道东西两壁的狩猎图、北壁的门楼图成为研究当时社会生活和建筑形制的珍贵资料。墓道北壁的门楼图中出现了鸱尾、筒瓦、板瓦、当沟、兽面砖和尖桃形器物等建筑用瓦,其中尖桃形器物与河北省邢台市顺德路遗址出土的隋代邢窑产品应为同一类器物,对于邢窑和中国古代建筑用瓦的研究具有十分重要的意义。",北方文物,2018-08-20,期刊,K876.3,46-52,7
39,承德普佑寺石质文物病害机理研究,王景勇,河北省文物保护中心,承德避暑山庄;普佑寺;病害;机理;,"普佑寺作为世界文化遗产——承德避暑山庄与外八庙的重要组成部分,其内的石质文物本身就承载着大量的历史信息。通过对病害各项缜密的、科学的调研统计,通过岩相分析、压汞分析、XRD分析以及离子色谱分析对普佑寺石质文物及腐蚀产物进行了科学全面的分析,在此基础上,结合行内外石质文物的保护现状和对策对普佑寺石质文物的现状和病害特征提出了保护修复对策。",北方文物,2018-08-20,期刊,K878.6,82-87,6
40,辽宁营口西炮台遗址铁炮的金相实验初步研究,赵代盈;王贺,辽宁省文物考古研究所,金相研究;材质;西炮台;铁炮;,"营口西炮台是第二次鸦片战争后东北地区的海防要塞之一,现存晚清时期铁炮11尊。对该遗址9尊铁炮炮体进行了初步的金相实验研究,并对其材质进行了判定,以期为丰富中国铁炮史的金相学研究提供科学的依据。",北方文物,2018-08-20,期刊,K875.8,53-56+69,5
41,渤海“灵光塔”装饰纹样小识,张胜超;冯恩学,东北师范大学人文学院吉林大学边疆考古研究中心,渤海;灵光塔;装饰纹样;,"长白县渤海""灵光塔""是现存东北最早的塔。详细介绍塔身镶嵌装饰花纹的数量、分布和样式,其镶嵌花纹装饰是莲花、云纹托宝珠图案,均为佛教文化常见图案。其部分花纹装饰应为后人补修时依照原图修正绘制的。",北方文物,2018-05-17,期刊,J522;K878.6,54-56,3
42,辽金元三朝史学批评的主旨和气概,吴凤霞,渤海大学政治与历史学院,辽金元;史学批评;史笔;史书;三史凡例;,"辽金元三朝的史学批评成果并不丰富,但自有其质朴的风格。各族君臣认同直书原则且以之为史笔的根本,元顺帝颇具代表性的言论""史书所系甚重,非儒士泛作文字也""突出强调了史之社会功用,元末宋辽金三史分修,当时的史官不仅在体例上择善而从,追求卓越,思想认识上也力求议论、褒贬公正无私,尤其值得一提的是,辽金元人无论讨论史笔,还是评价史书、拟定史例都有包容的胸襟,彰显着多民族文化交融时代的务实与大气。",北方文物,2018-05-17,期刊,K092,84-90,7
43,宋朝真定府的教育刍议,王慧杰,石家庄学院,真定府;教育;宋朝;官学;私学;书院教育;,"宋朝真定府的官学修建在当地官衙附近,经费来源为政府出资和民间捐助,教学内容主要以经为主;人们普遍重视家庭教育,有些大家族延请名师大儒以教子,进而形成师承私学;境内的封龙书院教学级别高,教学形式灵活。因此,宋朝真定府的基础教育呈现出日渐普及的倾向,这对培养国家人才,扩大统治基础和化育民俗都有重要的意义。",北方文物,2018-05-17,期刊,K244,78-83,6
44,明代民间日用类书契约体式的史料价值,徐嘉露,郑州大学历史学院河南省驻马店市黄淮学院,日用类书;契约体式;文契;乡约;民间社会;契约习惯;秩序;,"明代日用类书是明代民间社会生活的百科全书。在大量日用类书的""民用门""中,分类收录了大量民间契约文书样本,分别被称为""文契体式""、""乡约体式""和""关书体式""。明代日用类书不仅保存了大量明代民间契约的稀见样本,而且为我们全面了解和把握明代民间社会秩序自我管理、有序运行的真实场景拓展了视野。",北方文物,2018-05-17,期刊,K248,97-105,9
45,从新角度审视辽朝社会——《科举与辽代社会》评介,孙伟祥,辽宁大学理论经济学博士后流动站辽宁大学历史学院,O,"<正>辽朝作为一个由北部边疆游牧民族建立的民族政权,立国之后为选拔人才巩固统治,积极效仿中原政权引入了该制度,使得参加科举成为有辽一朝重要入仕途径,以科举制度相关问题作为切入点来还原辽朝历史可以被视为一个新的学术增长点,然而很长一段时间内,学界对于辽朝科举制度相关研究力度明显不足,专著成果稀少。20世纪以来,随着辽朝碑刻资料不断出土,辽朝科举制度研究著述逐渐丰硕,开始改变这一局面。其中最具代表性成果之一为2015年中国社",北方文物,2018-05-17,期刊,D691.3-5;K246.1-5,110-112,3
46,《元史·太祖纪》校正一则,白刚,空军航空大学人文社会科学系历史教研室,O,"<正>《元史·太祖纪》记元太祖的""十世祖孛端叉儿,母曰阿兰果火,嫁脱奔咩哩犍,生二子,长曰博寒葛答黑,次曰博合睹撒里直。既而夫亡,阿兰寡居,夜寝帐中,梦白光自天窗中入,化为金色神人,来趋卧榻。阿兰惊觉,遂有娠,产一子,即孛端叉儿也""1。按:此处说阿兰果火在寡居期间只生了孛端叉儿这一个儿子,这与相关史料、著作的记载不同,疑误。《蒙古秘史》:""在朵奔·蔑儿干死后,阿阑·豁阿没有丈夫,却又生了三个儿子。[他们",北方文物,2018-05-17,期刊,K247,96,1
47,侵华日军第七三一部队旧址锅炉房遗址发掘清理简报,魏明江;尤洪才;关燕妮;李陈奇,黑龙江省文物考古研究所,七三一部队旧址;锅炉房遗址;锅炉车间;汽机车间;,"锅炉房始建于1936年,其主体原为三层楼高的钢混结构的建筑,是侵华日军第七三一部队供电、供暖以及供应热水的主要设施。后来由于侵华日军的节节败退,1945年8月日军将该处建筑炸毁。锅炉房遗址位于侵华日军第七三一部队罪证陈列馆院内,遗址主体平面呈东西长56.5、南北宽39.05米的长方形,可分为东、西两部分,东部为汽机车间,西部为锅炉车间。",北方文物,2018-05-17,期刊,K878,3-15+2,14
48,天津市蓟州区下闸村辽代水井的发掘,尹承龙,天津市文化遗产保护中心蓟州区文物保护管理所天津市文物管理中心(天津市文化遗产保护中心),木石结构;水井;陶罐;辽代;,"水井位于蓟州区渔阳镇下闸村附近的建筑工地,因建筑施工而被发现并被破坏。2017年4月,天津市文化遗产保护中心联合蓟州区文物保护管理所对其进行抢救性考古发掘。水井为木石结构,木井圈为六角形榫卯结构,周围用河卵石加固。井内出土陶罐、瓷盘、砖、铁钉、骨簪等遗物,从出土遗物推断,该井年代应为辽代。",北方文物,2018-05-17,期刊,K878.4,16-19+23+113-114,7
49,北京市密云区金代石棺墓发掘简报,胡传耸,北京市文物研究所北京大学考古文博学院,金代墓葬;石棺;火葬;瓷器;北京密云;,"北京市密云县区大唐庄发现一座石棺墓,保存较为完整。墓室为竖穴土坑,分为上、下两层,上层较下层大,上、下两层墓坑内均填筑夯土。葬具为石棺,棺盖雕刻钱纹,棺外象征性地砌筑简陋砖室。棺内有木匣。火葬,木匣内盛骨灰。出土白瓷碗、瓶、刻划花盘、黑瓷托盏、碟、透雕禽鸟穿花盖滑石盒等随葬品。该墓结构形制和随葬品均具有典型的金代特征,应为一座金代石棺墓葬。",北方文物,2018-05-17,期刊,K878.8,20-23+114-117,8
50,黑龙江流域新石器时代人像雕塑研究,刘伟,黑龙江省文物考古研究所,黑龙江流域;新石器时代;人像雕塑;双塔遗址;,"从现有认识出发,通过全面搜集和整理黑龙江流域新石器时代人像雕塑资料,对其时空范畴、造型特点、功能作用、地域差异等问题进行尝试性的探讨。认为黑龙江流域是目前我国新石器时代人像雕塑发现最早的地区,在公元前2500年—公元前2000年的黑龙江下游地区达到顶峰;采用浮雕和圆雕技术表现方式,突出塑造人物的面部特征,写实与抽象相结合;人像雕塑可能是原始宗教祭祀器具或巫术用品,与祖先崇拜、神祇崇拜相关,并经历了由家庭崇拜向氏族部落崇拜的转变过程。",北方文物,2018-05-17,期刊,K879.3,24-31,8
51,基于GIS的镇赉县新石器时代和青铜时代遗址分布初探,李鹏辉;史宝琳;王立新,吉林大学边疆考古研究中心法国国立科学院东亚文明研究所,GIS;吉林镇赉县;新石器时代;青铜时代;聚落考古;,"将遗址置于空间分布和自然地理环境的大背景中进行比较分析,研究基于GIS下的镇赉县新石器时代和青铜时代遗址的共时性分布规律和历时性变化,了解和复原新石器和青铜时代人类居住址对镇赉县自然环境的适应情况,进而探索自然环境对于古人生活选址的影响以及人地关系等。根据聚落规模,可将遗址分为特大型和大型、中型、小型3个等级,并依照离散程度划分为3个聚落群,发现古人存在北迁的变化趋势。通过分析遗址的地形地势及土壤沉积,发现古人偏爱高地以及土壤肥沃的地域,同时考虑自然灾害的潜在影响。",北方文物,2018-05-17,期刊,K872,32-37+118,7
52,新疆古代硬笔研究,牟新慧,新疆维吾尔自治区博物馆,新疆;书写工具;硬笔;木笔;苇笔;竹笔;,"从古至今,人们对笔的研究多着眼于毛笔,毛笔的研究著作众多,但是对硬笔的研究较少,自斯坦因发现硬笔以来,有少量研究硬笔的论著,但是其中对新疆地区的书写工具——硬笔通常是稍带提及,未作深入全面的研究。以考古资料和历史文献为基础,对新疆古代硬笔的数量作统计,并对新疆硬笔的时代和使用进行了概述,把新疆出土的硬笔划分为木笔、苇笔、竹笔、骨笔四大类型,其中还对斯坦因论著中提及的硬笔进行了考证。",北方文物,2018-05-17,期刊,K875.4,38-44,7
53,渤海上京城出土金属及冶炼遗物科技分析,李辰元;李延祥;赵哲夫,北京科技大学科技史与文化遗产研究院黑龙江省文物考古研究所,渤海国;上京城;冶金考古;铜器;铁器;,"通过使用便携式荧光光谱分析仪(p-XRF)、扫描电子显微镜与能谱(SEM-EDS)等对渤海上京城宫城、匠造址、东廊、御花园出土的铁质遗物、有色金属遗物以及冶炼废弃遗物进行了初步研究,并对渤海上京城所进行的金属冶炼工业流程进行推演,同时试图通过遗物本身对渤海国冶金生产技术及商贸流通提供部分佐证。",北方文物,2018-05-17,期刊,K876.4,45-53+119-120,11
54,韦俊墓志与渤海寇登州事件始末,辛时代;郭威,渤海大学东北亚走廊研究院吉林省社会科学院高句丽研究中心,登州;韦俊;墓志;渤海;唐朝;,"韦俊墓志记载唐朝登州刺史韦俊的家世、生平、仕宦等基本信息,可以补史证史,具有比较高的史料价值。通过对渤海寇登州事件的综合梳理,大致可以确定唐朝与黑水靺鞨联合扼制渤海的扩张,渤海主动加入到后东突厥的阵营,并趁登州防御薄弱,无险可恃,发动偷袭,导致登州刺史韦俊遇害。后东突厥国内大乱以后,渤海与唐朝言归于好。",北方文物,2018-05-17,期刊,K877.45,57-63,7
55,辽三彩印花海棠式长盘浅析,高守雷;张童心,上海大学上海城建职业学院建筑与环境艺术学院上海大学文学院,辽三彩;绿釉;海棠式长盘;赤峰缸瓦窑;,"海棠式长盘是辽代陶瓷典型器之一,多以三彩印花为装饰。根据考古发掘报告等资料,将墓葬出土的辽代海棠式长盘进行了梳理,从外形设计、纹饰题材和施釉手法等方面,分析了造型和装饰的艺术特点,对其盛行年代和用途进行了考证。指出辽三彩印花海棠式长盘主要在赤峰缸瓦窑烧造,是契丹贵族日常生活使用的承托器皿,造型和装饰风格借鉴了唐代金银器和唐三彩,同时也源于契丹人赖以生存的自然环境,具有浓郁的契丹民族特色。",北方文物,2018-05-17,期刊,K876.3,64-67,4
56,金代郭周墓铭考释,周峰,中国社会科学院民族学与人类学研究所,金代;郭周墓铭;老人授官制度;移民;,"新发现的金代郭周墓铭为了解金代农村的富裕农民提供了第一手的宝贵资料,其记载了郭周的善行。墓铭对于研究金代老人授官制度以及西夏侵扰所引起的移民问题也都不无裨益。",北方文物,2018-05-17,期刊,K877.45,68-71,4
57,北京新出土明房汝中墓志考释,李伟敏;孙峥,北京市文物研究所,房汝中;锦衣卫;军户;特例封赠;房氏家族;明代;,"2015年,北京海淀区出土了明代房汝中墓志,志文不仅记载了墓主房汝中的生平履历及家世,而且涉及明代军户移民、特例封赠等问题,为进一步研究明清时期山东益都(今青州)房氏家族提供了重要的实物资料,可补相关史志记载之不足,史料价值颇高。",北方文物,2018-05-17,期刊,K877.45,72-77,6
58,从真容偶像看佛教对辽代丧葬习俗的影响,于博,首都师范大学历史学院,真容偶像;辽代佛教;丧葬习俗;法身思想;,"真容偶像是辽代墓葬中颇为常见的一种葬俗,特别盛行于辽代晚期的汉人墓葬中。从真容偶像的分布情况和图像特征入手,并将其置于辽代的末法思潮之下,进而与辽宋时期的舍利瘗埋制度相关联,并结合契丹民族独特的丧葬观念,试图进一步揭示佛教对辽代丧葬习俗的影响。",北方文物,2018-05-17,期刊,K878.8,91-95,5
59,武亿与黄易金石交游考,朱添,黑龙江大学文学院,武亿;黄易;交游;金石学;,"武亿与黄易均为清代乾嘉时期著名的金石学家。二人在金石学大家朱筠京师府邸相识订交,以金石为媒介建立了深厚的友谊。他们互赠碑拓、共同访碑,在学术上砥砺切磋,相互影响。二人交游推动了彼此的金石学研究向着更广泛、更深入的方向发展。",北方文物,2018-05-17,期刊,K877,106-109,4
60,渤海国道地药材与东亚医药交流——以渤海人参为中心,胡梧挺,黑龙江省社会科学院历史研究所,渤海国;道地药材;人参;医药交流;,"渤海人参在渤海国内的分布以五京地区为主,长白山区与朝鲜半岛北部两大人参原产地均位于渤海国境内。随着中原医家对人参产地、品质的认识变迁以及东北亚地区政治格局的变动,渤海人参作为一种道地药材逐渐为唐五代以来中原医家所认识,并为本草典籍所收录,后又随着渤海国的灭亡及契丹的崛起而销声匿迹。渤海人参又向东输入日本,对日本医学、宫廷医疗活动及医药救助的发展起到了重要作用。",北方文物,2018-02-20,期刊,K31,91-97+107,8
61,论匈奴呼衍氏地位的演进,刘俊;王海,渤海大学历史学系,呼衍氏;地位;联姻;演进;匈奴;,"自冒顿统一蒙古草原后,姻亲氏族与挛鞮氏共同构成匈奴上层社会的主体,包括呼衍氏在内的诸多姻亲氏族处于从属地位。不过,随着统治核心挛鞮氏的衰落,匈奴社会""上层建筑""结构发生变化。呼衍氏先是拥立呼韩邪单于并力排众议劝其附汉,单于最终""从其计"";此后,呼衍氏强化与挛鞮氏的联姻,在现实层面上形成两者对匈奴社会的共治;东汉中期以后,北匈奴呼衍氏成为汉廷的劲敌,或许已经取代挛鞮氏成为新一代的核心氏族。呼衍氏地位的演进对整个匈奴社会的变化发展产生过重要影响,理应引起学界的足够关注。",北方文物,2018-02-20,期刊,K289,82-87,6
62,“可足浑氏”考辨,章红梅,成都中医药大学,可足浑;渴烛浑;可朱浑;朱氏;,"新出土东魏武定二年可足浑洛妻叔孙氏墓志出现""可足浑""氏,典籍不载。""可足浑""氏,应是""渴烛浑""氏,亦作""可朱浑""氏,是南北朝时期北方非汉族姓氏的同音异译,在北魏诏改姓氏的大背景下,后来改为""朱""氏。",北方文物,2018-02-20,期刊,K239.2;K820.9,88-90,3
63,“渤海郡”与“渤海国”关系新考,勾海燕,黑龙江省博物馆,渤海郡;渤海国;忽汗州;震国;,"渤海国是唐朝管辖下的地方政权,与汉代所置的渤海郡并无关系。渤海国的称谓是有变化的,如建国初称""振国""或""震国"",唐朝册封后称""渤海""、""忽汗州""、""渤海都督府""、""渤海国""等,辽灭渤海后称之为""东丹""、""东丹国""等等。在这些称谓中,并没有""渤海郡""一称,在此通过查找史料中对渤海国事例的相关记载,来阐述这一观点。",北方文物,2018-02-20,期刊,K242,98-102,5
64,辽代西辽河流域农田开发与环境变迁,夏宇旭,吉林师范大学历史文化学院,农田开发;环境变迁;辽代;西辽河流域;,"辽代大量农业人口迁入西辽河流域,他们带来了先进的生产技术和生产经验,移民在草原上大规模开发农田,导致生态环境恶化,草场锐减,土地沙化,致使统治者不得不生态移民以减轻环境的压力。",北方文物,2018-02-20,期刊,K246.1,103-107,5
65,张忠培黑龙江考古纪行,李陈奇;赵永军,黑龙江省文物考古研究所,O,"<正>2017年7月5日,一代考古宗师张忠培先生与世长辞。学界痛惜!追寻先生的伟业风范,成为怀念和追思先生的形式之一。在陈雍老师的建议和指导下,我们回顾和整理了张忠培先生于不同时期在黑龙江工作和考察留下的印记,以此作为薪火相传的学术史资料和永志铭心的纪念。张忠培先生与黑龙江考古渊缘颇深,长期以来,先生始终关心黑龙江省文物考古事业,足迹踏",北方文物,2018-02-20,期刊,K872,108-112+118-120,8
66,黑龙江海林市细鳞河遗址发掘报告,王培新;张伟;杨建华;卢成敢,黑龙江省文物考古研究所吉林大学边疆考古研究中心,海林;唐代渤海国;聚落;房址;陶器;,"细鳞河遗址为一处渤海国时期的聚落遗存,位于黑龙江省海林市北约67.5千米。1995年和1996年进行考古发掘,发现的主要遗迹是房址和灰坑,在东西55、南北32米的范围内,发现半地穴式房址8座、灰坑及窖穴45个、灶址8个、水井1口、输水沟渠1条,出土陶器、铁器、铜器、骨角器、石器、动物骨骼和炭化植物种子等遗物,两座房址内出土了唐""开元通宝""铜钱。",北方文物,2018-02-20,期刊,K878,3-25+113-115+2,27
67,黑龙江大兴安岭呼中北山洞遗址2014年发掘简报,赵评春;刘阳;朱春雨,黑龙江省文物考古研究所黑龙江省渤海上京遗址博物馆,洞穴址;细石器;旧石器时代;鲜卑时期;,"黑龙江大兴安岭原始森林茂密,古人类遗址发现较少,文化序列不明晰。2013年秋,黑龙江省文物考古研究所在开展岩画专题考古调查时发现了北山洞洞口彩绘岩画,2014年对山洞首次进行清理发掘。北山洞遗址的考古发现与发掘,对构建本地区自旧石器时代至鲜卑时期考古学文化序列有重要意义。",北方文物,2018-02-20,期刊,K878,26-31+61+116-117,9
68,内蒙古中南部东区新发现东周时期遗存年代的探讨,潘玲;谭文妤,吉林大学边疆考古研究中心吉林大学考古系,新店子;忻州窑子;小双古城;水泉;腰带具;春秋战国;,"从春秋晚期至战国晚期,内蒙中南部东周时期遗存中的腰带具的形状和结构呈现出明显的阶段性变化,据此可将新店子、忻州窑子、小双古城三处墓地及水泉墓地东西向墓葬分别断代为春秋晚期至战国初期、春秋末至战国早期、战国中期早段、战国中期晚段。上述墓地的陶器也可验证这一断代认识的合理性。",北方文物,2018-02-20,期刊,K878.8,32-42,11
69,从考古发现看燕国城市的基础建设,艾虹,南开大学历史学院,燕国;城址;交通;水利;城防;,"根据考古资料对燕国城市的交通建设、给排水设施建设和城防建设进行综合考察,可以看出,燕国城市的基础建设已经较为完备,表明其城市营建水平进入到了一个新的高度。受历史环境影响,燕国城市对城防建设尤为重视,另外也具有地域间发展不平衡的特点。",北方文物,2018-02-20,期刊,K878,43-49,7
70,金上京城遗址发现文字砖刍议,刘阳,黑龙江省文物考古研究所,O,"<正>金上京城址位于黑龙江省哈尔滨市阿城区南郊2公里,阿什河在城址东部自南向北曲折流过,汇入松花江。金上京城是金王朝修筑的第一座都城,是金代早期的政治、文化中心。自金太祖完颜阿骨打建国(1115年)称帝起,至海陵王完颜亮贞元元年(1153年)迁都到中都(今北京)止,金朝以上京为都城,历时38年。金上京城由毗连的南、北二城组成,中间以腰垣为隔,平面略呈曲尺形。二城周长约11",北方文物,2018-02-20,期刊,K878,60-61,2
71,北周裴智英墓志考释,段锐超,陕西理工大学文学院,裴智英;元荣兴;北周;墓志;魂人;内大将军;元平;,"北周裴智英墓志在记述裴智英的家世、美德等之外,还着重回溯了其夫元荣兴的家族世系与先祖仕历。其中关于元荣兴先祖曾任内都达官、内行阿干、魂人等鲜卑色彩浓郁的官职的记载,赖此志得以明晰,对于考察北魏职官制度、礼俗的变迁与文化认同的进程大有裨益。志文对东西分裂给民众带来巨大苦难、元氏在西魏北周虽有一定地位但并无实权等社会政治情态也有所反映。",北方文物,2018-02-20,期刊,K877.45,62-66,5
72,王忠嗣墓志中紫乾河及怒皆部考,李荣辉,内蒙古师范大学历史文化学院,王忠嗣;桑乾河;紫乾河;怒皆;奚;,"王忠嗣是唐玄宗时期的将领,其墓志中保留有大量唐与周边民族关系的史料,如发生于天宝元年的紫乾河之战,文献中记载颇多抵牾,怒皆部为奚还是契丹亦众说纷纭。通过对王忠嗣墓志的研究,结合其他史料得出此战发生在紫乾河而非桑乾河,怒皆为奚族一部。",北方文物,2018-02-20,期刊,K877.45,67-71,5
73,《明故孺人李氏墓志铭》考释及相关问题,耿超,河北大学历史学院,孺人李氏;妇德;韩春;士大夫;,"《明故孺人李氏墓志铭》是明代监察御史韩春夫人李氏的墓志铭。志文详细记载了孺人李氏的出身、婚嫁、妇德、子嗣等情况,有助于对明代女性教育与日常生活的研究,同时也为研究士大夫阶层的婚姻关系、出仕、交往等方面研究提供了新的资料。",北方文物,2018-02-20,期刊,K877.45,72-74,3
74,明代山东高唐州均粮记碑考释,朱年志,聊城大学运河学研究院,高唐州;均粮;王纪;赋役;,"均粮记碑记录了明嘉靖初年山东高唐知州王纪""均粮""的史事。均粮一事,是王公的重要德政之一。碑文如实反映了当时社会的经济状况,对于研究明中期以后北方的税粮与赋役改革具有重要参考价值。",北方文物,2018-02-20,期刊,K877.42,75-78,4
75,挹娄经济小考,梁玉多,黑龙江省社会科学院历史研究所,挹娄;农业;畜牧业;渔猎业;手工业;,"挹娄的经济以农业为主,农业有了初步的发展,农作物品种已较丰富,铁质农具逐渐代替了石器和木器;畜牧业方面善养猪、马,无牛、羊;渔猎业产品是挹娄人生活资料的重要补充,以能猎好貂闻名;手工业有制陶、造船、纺织、石器与骨器加工等,还有初步的金属冶炼加工业。",北方文物,2018-02-20,期刊,K874,79-81,3
76,吉林大安市尹家窝堡遗址出土的动物骨骼遗存研究,梁琪瑶;陈全家;史宝琳;王立新,吉林大学文学院考古学系吉林大学边疆考古研究中心,吉林省;大安;尹家窝堡遗址;辽金时期;动物骨骼;,"尹家窝堡遗址是辽金时期的制盐遗址,遗址中发现了大量动物骨骼遗存,总数达3439件。包括软体动物类、鱼类、两栖动物类、鸟类和哺乳动物类骨骼,此外还出土了大量骨、角、蚌制品。对该遗址2015年出土的动物骨骼进行个体及种群的统计和分析,探讨该遗址居民的生业模式和遗址周围的生态环境,为复原这一区域古代居民的生活图景提供重要线索。",北方文物,2017-09-07,22:35,K878;Q915,50-59,10
