1,奋力打造美丽中国“江西样板”,罗军生,中共江西省委党史研究室,O,"<正>党的十八大以来,以习近平同志为核心的党中央,深刻总结人类文明发展规律,将生态文明建设纳入中国特色社会主义事业""五位一体""总体布局,提出建设美丽中国的目标,开启了生态文明建设新时代。省委、省政府高位推进生态文明建设,牢记习近平总书记""打造生态文明‘江西样板’""""打造美丽中国‘江西样",党史文苑,2018-12-15,期刊,X321,4-10,7
2,打倒屠杀工农的刽子手——国民党,,O,O,"<正>背景介绍1933年7月14日,《红色中华》报第1版刊发潘汉年撰写的社论《反对国民党法西斯的白色恐怖》,揭露国民党暗杀民权保障大同盟发起人杨杏佛,封闭御侮救国大同盟,逮捕进步会员数百名的罪行。文章配发黄亚光创作的漫画《打倒屠杀工农的刽子手——国民党》,画面上的国民党",党史文苑,2018-12-15,期刊,J228.2,40,1
3,中共湘区委员会旧址暨毛泽东、杨开慧故居,,O,O,"<正>中共湘区委员会旧址暨毛泽东、杨开慧故居位于湖南省长沙市八一路538号。这里原称长沙市清水塘路22号,当时是长沙市的郊区,附近只有几间农舍、瓜棚等。旧址始建于1921年秋,原为长沙商人陶树清的私人住宅。1921年10月10日,中共湖南支部建立,毛泽东任书记,委员有何叔衡、易礼容等,这是全国成立最早的省级支部。1921年冬,由易礼容经手租下这所房子,作",党史文苑,2018-12-15,期刊,K928.72,37,1
4,从《菩萨蛮·大柏地》背后的历史细节探究毛泽东的革命情怀,朱万红,O,O,"<正>毛泽东作为一位出色的政治家诗人,其诗词作品始终洋溢着乐观的革命精神,饱含着深厚的人民情怀,蕴藏着巨大的精神力量。在他的众多诗词作品中,《菩萨蛮·大柏地》一词尤其引起笔者关注。一是因为这首词在一定的程度上反映了毛泽东领导工农红军开辟、创建和巩固中央红色政权的历史过程;二是因为笔者好奇,是什么样的力量能让毛泽东在逆境中始终昂扬着乐观豪迈的革命精神,从而抒写出恢弘大气的壮丽诗篇?古人云:诗言志。",党史文苑,2018-12-15,期刊,D231,34-36,3
5,湖南雷锋纪念馆,,O,O,"<正>湖南雷锋纪念馆(雷锋故居所在地)位于长沙市望城区雷锋镇,1968年11月建成开馆,其后多次进行了改扩建和陈列更新,现纪念馆总面积108000平方米。主要内容有雷锋故居、雷锋生平事迹陈列馆、领袖名人题词碑廊、雷锋塑像广场、长沙国防教育馆、",党史文苑,2018-12-15,期刊,D648,38,1
6,一张法币的故事,徐海涛,O,O,"<正>那是在开国大典后,1949年11月15日的晚上,北京饭店灯火通明、欢声笑语,周恩来正在这里设招待会欢迎参加两航起义的人员。6天前,原属于国民党的中国航空公司和中央航空公司员工驾机从香港北飞,回到新中国的怀抱,史称""两航起义""。此举不仅有力配合了解放大西南,也为新中国民航事业提供了物资和人才。招待会开始后不久,周恩来问:""听说有一位带着家属一块儿起义的飞行员,是哪一位?""有人",党史文苑,2018-12-15,期刊,D239,39-40,2
7,《在太行山上》往事新提,王志刚;李祥辉,O,O,"<正>红日照遍了东方,自由之神在纵情歌唱!看吧!千山万壑,铁壁铜墙!抗日的烽火,燃烧在太行山上!气焰千万丈!听吧!母亲叫儿打东洋,妻子送郎上战场。我们在太行山上,我们在太行山上;山高林又密,兵强马又壮!敌人从哪里进攻,我们就要它在哪里灭亡!敌人从哪里进攻,我们就要它在哪里灭亡!随着电视连续剧《八路军》播出,这首荡气回肠的抗战老歌《在太行山上》再次引起人们热议。歌词歌词,从太行热土""掘出""",党史文苑,2018-12-15,期刊,D231,41-42,2
8,改革开放以来历次党和国家机构改革盘点,薛习,O,O,"<正>党中央历来高度重视党和国家机构建设和改革。新中国成立后,在我们党领导下,我国确立了社会主义基本制度,逐步建立起具有我国特点的党和国家机构职能体系,为我们党治国理政、推进社会主义建设发挥了重要作用。尤其是改革开放以来,我们党积极推进党和国家机构改革,各方面机构职能不断优化、逐步规范,实现了从计划经济条件下的机构职能体系向社会主义市场经济条件下的机构职能体系的重大转变,推动了改革开放和社会主义",党史文苑,2018-12-15,期刊,D630,43-46,4
9,习近平关于改革开放若干重要论述的学习与思考,梁发明;何爱国,中共江西省委党史研究室复旦大学马克思主义学院复旦大学中外现代化进程研究中心,O,"<正>改革开放是一项长期的、艰巨的、繁重的事业,必须一代又一代人接力干下去。今年是改革开放40周年,纪念改革开放必须不断总结历史经验,为继续改革开放提供前进的信心、动力与方向。以习近平同志为核心的党中央,以全新的视野深化了对共产党执政规律、社会主义建设规律、人类社会发展规律的认识,特别是对改革开放以来的历史经验进行了不断总结和深化,从而创立了习近平新时代中国特色社会主",党史文苑,2018-12-15,期刊,D61,47-53,7
10,国际青年节少先队总检阅,,O,O,"<正>背景介绍1932年8月25日,《苏区工人》第7期第2版刊登漫画《国际青年节少先队总检阅》,介绍在国际青年节苏区少先队总检阅中,少先队排着威武雄壮的队伍,向着帝国主义国民党示威。画面说明:""加强少先队中无产阶级的领导!""",党史文苑,2018-12-15,期刊,D431.1,53,1
11,习近平严肃党内政治生活思想探析,况建军,江西省鹰潭市史志办公室,O,"<正>党内政治生活,是党内各级组织和党员按党章及党内规章制度和优良传统习惯要求,处理政治关系、形成良性政治生态的主要平台。党的十八大以来,习近平总书记站在推进党的建设新的伟大工程战略高度,从严肃党内",党史文苑,2018-12-15,期刊,D262.6,54-57,4
12,马克思主义大众化视阈下的苏区革命竞赛,许金华,南昌工程学院马克思主义学院,O,"<正>苏区时期,革命竞赛不仅仅是苏区党和政府进行革命动员、集结人力物力的手段,也是传播和实践马克思主义理论,增强苏区民众主人翁意识、阶级意识的有效途径,革命竞赛在中央苏区马克思主义大众化进程中起到了重要作用。一、革命竞赛是苏区党和政府开展日常工作的重要途径战争年代,开展革命竞赛是中国共产党进行革命动员和资源集中的重要方式。早在1930年,中国共产主义青年团中央局就号召学习苏俄有益的革命竞赛活",党史文苑,2018-12-15,期刊,D231,58-61,4
13,首届中国国际进口博览会开幕,,O,O,"<正>11月5日,国家主席习近平出席首届中国国际进口博览会开幕式并发表题为《共建创新包容的开放型世界经济》的主旨演讲,强调:回顾历史,开放合作是增强国际经贸活力的重要动力;立足当今,开放合作是推动世界经济稳定复苏的现实要求;放眼未来,开放合作是促进人类社会不断进步的时代要求。各国都应",党史文苑,2018-12-15,期刊,F746.11-28,62,1
14,亚太经合组织第二十六次领导人非正式会议举行,,O,O,"<正>11月18日,亚太经合组织第二十六次领导人非正式会议在巴布亚新几内亚莫尔兹比港举行。会议的主题是""把握包容性机遇,拥抱数字化未来""。国家主席习近平出席并发表题为《把握时代机遇共谋亚太繁荣》的重要讲话。习近平在讲话中指出,当今世界,发展和变革风起云涌。站在历史前进的十字路口,我",党史文苑,2018-12-15,期刊,F116,62,1
15,中共中央举行纪念刘少奇同志诞辰120周年座谈会,,O,O,"<正>11月23日上午,纪念刘少奇同志诞辰120周年座谈会在人民大会堂举行。中共中央总书记习近平发表重要讲话强调,为共产主义奋斗终身的坚定信念,激励着一代又一代共产党人风雨无阻、砥砺前行。历史的接力棒已经交到了我们手中。我们在新的历史起点上进行伟大斗争、建设伟大工程、推进伟",党史文苑,2018-12-15,期刊,D239,62,1
16,《江西改革开放简史》《江西改革开放40年大事记》正式出版,邓颖,O,O,"<正>在全省上下喜迎改革开放40周年之际,根据省委相关部署要求,由中共江西省委党史研究室组织编写的献礼之作——《江西改革开放简史》《江西改革开放40年大事记》已分别由江西人民出版社、江西教育出版社正式出版。《江西改革开放简史》共29万字。该书以习近平新时代中国特色社会主义思想为指导,以习近平总书记关于改革开放重要论述为根本遵循,紧扣改革开放主题,牢牢把握改革开放40",党史文苑,2018-12-15,期刊,+,66,1
17,历史回眸,,O,O,"<正>1978年12月18日,党的十一届三中全会隆重召开。这次会议,实现了新中国成立以来我们党历史上具有深远意义的伟大转折,开启了改革开放和社会主义现代化的伟大征程。",纪念十一届三中全会召开四十周年,梁发明;郑俊华,党史文苑,D61,2+65,2
18,让习近平驻足观看的三件展品,黄玥;张敏彦,O,O,"<正>11月13日,""伟大的变革——庆祝改革开放40周年大型展览""开幕当天,习近平总书记来到国家博物馆参观。一张张历史图片、一件件文献实物……吸引着他的目光。在三件展品前,习近平凝神观看、驻足良久。第一幅图片,是邓小平同志给深圳、珠海、厦门经济特区的题词。""‘把经济特区办得更快些更好些。’邓小平同志这个题词是1984年题给厦门的。""习近平看着图片,思绪回到",党史文苑,2018-12-15,期刊,D61,1,1
19,刘少奇在瑞金的故事,曹春荣,O,O,"<正>刘少奇于1932年冬离开上海前往赤都瑞金,先后担任中华全国总工会苏区执行局委员长、中华全国总工会苏区中央执行局委员长,直至1934年10月长征撤离此地。由于他具有群众观点和全局观念,注重维护工人阶级的团结,善于把工会工作跟党和政府各项中心任务紧密结合,从而对革命事业多有",党史文苑,2018-12-15,期刊,D231,11-13,3
20,沙千里在重庆的民主宪政运动,叶介甫,O,O,"<正>沙千里,1901年6月12日出生在上海。青年时期就要求进步,追求真理,探索救国救民的道路。他深受五四运动的影响,积极从事进步活动,曾主编《青年之友》,宣传反帝爱国思想。抗日战争前后,他执律师之业,并积极参与党领导下的抗日救亡运动。九一八事变后,他参加了上海地下",党史文苑,2018-12-15,期刊,D231,14-18,5
21,中共创立时期共产党人的初心解读——李达篇,王相坤,中共中央党史和文献研究院科研规划部,O,"<正>李达(1890—1966),湖南永州人。中国无产阶级革命家,我党杰出的马克思主义宣传家、教育家、理论家、著作家,中国共产党的发起人之一和党的早期领导人之一。李达论""初心""社会主义有两面最鲜明的旗帜社会主义有两面最鲜明的旗帜,一面是救济经济上的不平均,一面是恢复人类真正平等的状态。——李达《社会主义的目的》(1919年6月19日)",党史文苑,2018-12-15,期刊,D239,19-26,8
22,国运下的家运——庐山老人李汝庆口述家族故事,罗环;曹晖,O,O,"<正>2017年夏,我们在庐山认识了李汝庆先生。他的祖父李祥卿,曾参与庐山别墅群的修建,他家的""李广记营造厂""比宋子文岳父的""张兴记""还要早得多。20世纪60年代,李汝庆先生还与赫赫有名的王震将军结下不解之缘。已经88岁高龄的李汝庆先生,头脑清醒,思路清晰,记忆力也很",党史文苑,2018-12-15,期刊,D239,27-31,5
23,东乡县虎圩乡炉前山科村分田包干亲历记,上官德辉;方莉华;饶裕民;陈长才,O,O,"<正>1968年,我作为知青下放回东乡县虎圩乡炉前山科村劳动。在近十年的农村生产劳动中,我看到了当时农业生产经营体制的弊端,""大锅饭""式的生产劳动体制,使大多数社员都在集体劳动中""磨洋工""""混工分""""出工不出力""。当时村里私下流传的顺口溜是""生产队田养精神,自留地里鼓干劲""""集体",党史文苑,2018-12-15,期刊,D232,32-33,2
24,刘少奇的历史瞬间(下),,O,O,"<正>刘少奇同志是伟大的马克思主义者,伟大的无产阶级革命家、政治家、理论家,党和国家主要领导人之一,中华人民共和国开国元勋,是以毛泽东同志为核心的党的第一代中央领导集体的重要成员。刘少奇同志的光辉业绩、崇高风范、高尚品德,永远铭记在全党同志和全国各族人民心中。",党史文苑,2018-11-15,期刊,D239,2+65,2
25,"英雄,永远的力量",邱裕华,O,O,"<正>记得刚踏入小学时,我就被教室墙壁上的几幅画吸引了。时过境迁30多年,我依然记得那几幅鲜活的画面。他们是手举炸药包的董存瑞、在烈火中纹丝不动的邱少云、挺着胸膛堵住敌人枪口的黄继光。同时,在课本上,我认识了越来越多的英雄:昂首走向敌人铡刀的刘胡兰,在日寇酷刑下绝不屈服的赵一曼,宁死不降的杨靖宇,舍身跳崖的狼牙山五壮士,等等。这些烈士,都是我心中的英",党史文苑,2018-11-15,期刊,D642,1,1
26,毛泽东缘何题诗余江——纪念毛泽东《七律二首·送瘟神》发表60周年,中共江西省委党史研究室课题组;俞银先;卢大有,O,O,"60年前,余江人民积极响应毛泽东""一定要消灭血吸虫病""的伟大号召,银锄挥舞,铁臂同摇,战天斗地,率先在全国消灭了肆虐数百年的血吸虫病,树立起全国血防战线的""第一面红旗""。为此,一代伟人毛泽东挥毫题诗《七律二首·送瘟神》,盛赞广大人民群众创造人间奇迹的""送瘟神""精神。在诗作发表60周年之际刊发此文,生动再现那史诗般的奋斗历程,深切感受人民领袖的为民情怀、共产党人的科学态度和人民群众的磅礴力量,对激励全省人民不断弘扬""战天斗地、依靠群众、讲究科学、创造奇迹""的伟大奋斗精神,共绘新时代江西物华天宝人杰地灵新画卷,有着十分重要的现实意义。",党史文苑,2018-11-15,期刊,D232,4-12,9
27,参加中共六大的三位江西代表,孙伟,O,O,"<正>1928年6月18日至7月11日,党的六大在莫斯科郊外的五一村召开,这是中共党史上的一次重要会议,也是中共唯一一次在境外召开的全国代表大会。会前,中央对会议进行了半年多的准备工作,特别对代表的名额和身份进行了充分与反复的酝酿。代表们在接到紧急参会通知后,立即赶赴上海集合,再分批前往莫斯科,而这一路上危",党史文苑,2018-11-15,期刊,D231,13-15,3
28,为革命甘洒热血的全南两烈士,庄春贤;王立之,O,O,"<正>钟五妹:为革命死而无憾钟五妹,男,原名钟庭泳,1907年生于全南县社迳乡内半村一户贫苦农民家庭。年幼时父母双亡,由伯父钟国昌养大。苦难的生活磨炼出钟五妹吃苦耐劳、仗义执言的性格。1929年1月下旬,毛泽东、朱德等率红四军主力出击赣南,经过信丰崇仙、全南时,钟五妹打听到红军是共产党领导的革命队伍,是保护群众利益的队伍,就想去报名参加红军,可惜没赶上部队。同年秋,中共信丰南区工委",党史文苑,2018-11-15,期刊,D231,16-17,2
29,中共创立时期共产党人的初心解读——邓中夏篇,王相坤,中共中央党史和文献研究院科研规划部,O,"<正>邓中夏(1894—1933),湖南宜章人。无产阶级革命家,中共早期卓越领导人、工人运动领袖,重要的马克思主义理论家。中共二届中央执委,在八七会议上被选为中央临时政治局候补委员。参与一大有关文件起草工作,系全国最早的58名党员之一。2009年被授予100位为新中国成立作出突出贡献的英雄模范人物之一。",党史文苑,2018-11-15,期刊,D231,18-26,9
30,新四军第一支文工团儿童歌舞队的诞生,王北发,O,O,"<正>不愿回家的红小鬼1937年10月,江西信丰油山红军游击队、三南(龙南、定南、全南)红军游击队、湖南桂东红军游击队在江西大余池江整编为新四军第一支队第二团第二营(最初叫江西抗日义勇军)。第二营有位年龄最小的红军战士,他叫黄祖友(黄祖友同志曾任",党史文苑,2018-11-15,期刊,D231,27-28,2
31,吉安县红军标语新发现,吴声乐;吴子怡,O,O,"<正>吉安县红军标语非常丰富,虽然近百年来,不断遭遇各种自然的和人为的侵蚀、破坏、毁灭,但经过数月的普查,到目前为止仍然发现了700余条可以辨识的非常珍贵的红军标语。在革命战争年代,吉安县是井冈山革命根据地的重要组成部分、赣西南革命斗争的领导指挥中心,后井冈前湘赣过渡时期的领导指挥中心,中央苏区的发祥地,湘赣苏区的直辖县,被誉为""赣水那边红一角""。这里奔涌过""十万工农下吉安""的钢铁长流,",党史文苑,2018-11-15,期刊,D231,29-31,3
32,"李大钊""妙手著文章""",辛远,O,O,"<正>李大钊是中国共产主义运动的先驱,伟大的马克思主义者,杰出的无产阶级革命家,中国共产党的主要创始人之一。同时,他还是一位学识渊博的著名学者、才华横溢的诗人,曾在不同的历史时期写了很多诗歌。这些诗歌和他写的""大智若愚能解惑,微言如闪首传真""(老一辈革命家吴玉章为1959年出版的《李大钊选集》题诗中的一句)的雄文一样,曾被",党史文苑,2018-11-15,期刊,D231,32-35,4
33,中央苏区的防空应对,曹春荣,O,O,"<正>苏区时期,国民党军因中国工农红军""无远火器又无飞机高武器"",放肆出动外购而来的飞机,不仅对反""围剿""的红军进行侦察、轰炸,而且对中央苏区各地狂轰滥炸、施放毒气。为减少敌机造成的损害,保护苏区军民的生命财产安全,以及有利于红军的军事行动,中央苏区党和苏维埃政府对防空防毒工作高度重视、积极应对,取得了一定成效。回顾这段历程,不难感受到中央苏区军民不畏强敌、不怕困难的勇气,群策群力、土法上马的智",党史文苑,2018-11-15,期刊,D231,36-40,5
34,宜章县湘南年关暴动指挥部旧址,,O,O,"<正>湘南年关暴动指挥部旧址位于湖南省郴州市宜章县玉溪镇中夏街26号。旧址主体为清代建筑,坐北朝南,庭院式结构,成""U""字形。前厅为单层瓦房,厅前有一块操坪。前厅中段有一圆门,沟通东、西、北3栋房屋。旧址占地面积4084平方米,建筑",党史文苑,2018-11-15,期刊,D231,41,1
35,红四军前委扩大会议旧址——唐家大屋,,O,O,"<正>红四军前委扩大会议旧址——唐家大屋位于湖南省郴州市桂东县城关镇。1928年7月,红四军主力第二十八、第二十九团进军湘南受挫。8月初朱德、陈毅率红四军主力退至桂东沙田一带。毛泽东亲自率领红四军第三十一团第三营来桂东迎还红军大队,于8月19日到达桂东县城。毛泽东住唐家大屋右厢房,朱德从沙田赶来与毛泽东会合,住唐家大屋左厢房。8月23日,毛泽东在此主持召开红四军前委扩大会议。中途因遭敌人围攻,转至寨前杨岸继续开",党史文苑,2018-11-15,期刊,D231,42,1
36,白求恩全身汉白玉雕像,张玉艳,O,O,"<正>在华北军区烈士陵园白求恩纪念馆内,陈列着一座白求恩全身雕像,1940年雕刻,像高1.52米,宽0.26米,汉白玉质地,通体素白光亮。雕像中的白求恩系着领带,身着燕尾服,右手下垂,左手插在裤兜里,目光深邃,神态自若,栩栩如生。这座白求恩雕像是1953年3月,跟随白求恩灵柩",党史文苑,2018-11-15,期刊,D231,43+46,2
37,《英雄赞歌》创作故事,张小芳,O,O,"<正>《英雄赞歌》是电影《英雄儿女》的主题歌。任何武装战争都是惨烈、残酷的,朝鲜战争也不例外。这激情、抒情的旋律一响起,就把我们带到硝烟弥漫、战火纷飞的朝鲜战场。在这部电影中,英雄王成舍身忘我,紧握爆破筒,拿起了步话机,对着我军炮兵高喊,""为了胜利,向我开炮"",紧握爆破筒与敌人同归于尽,壮烈牺牲。1962年拍《英雄儿女》这部电影时,为了这部电影的插曲,导演武兆堤和主要演员田方、曲作家",党史文苑,2018-11-15,期刊,D232,44-46,3
38,红色教育培训的新探索——打造“没有围墙”的甘祖昌干部学院,裴鸿卫,中共萍乡市委萍乡市委组织部,O,"萍乡是一片红色沃土。为把红色资源利用好、把红色传统发扬好、把红色基因传承好,近年来,萍乡市委深入挖掘并传承弘扬""淡泊名利、艰苦奋斗,一生为党、一心为民""的甘祖昌精神,在甘将军回乡当农民奋斗了29年的莲花县沿背村,探索出""课堂在田野、吃住在农家、人人当教员、百姓齐参与""的干部教育培训新模式,传承红军在战争年代战斗到哪里学习就到哪里的优良传统,探索创办了随营学校,打造了""一所没有围墙的干部学院""。让我们走近甘祖昌干部学院,探寻这里讲好红色故事、传承红色基因、弘扬红色传统的经验和做法。",党史文苑,2018-11-15,期刊,D261.41,47-50,4
39,中国发布《关于中美经贸摩擦的事实与中方立场》白皮书,,O,O,"<正>国务院新闻办公室24日发布《关于中美经贸摩擦的事实与中方立场》白皮书。全文约3.6万字,除前言外,共包括六个部分,分别是中美经贸合作互利共赢、中美经贸关系的事实、美国政府的贸易保护主义行为、美国政府的贸易霸凌主义行为、美国政府不当做法对世界经济发展的危害、中国的立场。",党史文苑,2018-11-15,期刊,F752.7;F757.12,51,1
40,中央军民融合发展委员会第二次会议召开,,O,O,"<正>中共中央总书记习近平主持召开中央军民融合发展委员会第二次会议并发表重要讲话。会议审议通过《关于加强军民融合发展法治建设的意见》。习近平强调,强化责任担当,狠抓贯彻落实,提高法治化水平,深化体制改革,推动科技协同创新,加快推动军民融合深度发展。",党史文苑,2018-11-15,期刊,E25,51,1
41,世界VR产业大会释放发展新信号,,O,O,"<正>2018世界VR产业大会于10月19日在南昌盛大开幕。国家主席习近平向大会发来贺信,指出,当前新一轮科技革命和产业变革正在蓬勃发展,虚拟现实技术逐步走向成熟,拓展了人类感知能力,改变了产品形态和服务模式。中国正致力于实现高质量发展,推动新技术、新产品、新业态、新模式",党史文苑,2018-11-15,期刊,F416.6-2,51,1
42,从十赴安源看毛泽东的初心和使命,,萍乡市史志工作办公室,O,"<正>江西萍乡安源,是毛泽东革命生涯中的一个重要活动场所,是后来党的""三大法宝""发挥作用的早期探索地和实践地,是毛泽东早期独立运用马克思主义基本原理与中国革命实践相结合的发源地。毛泽东与安源有着特殊的关系,建立了特殊的情感。",党史文苑,2018-11-15,期刊,D231,52-56,5
43,近六年来刘少奇安源工运历史研究情况述评,黄仂,O,O,"<正>安源是刘少奇同志革命生涯的第一站。从1922年9月至1925年春,他领导、组织和开展安源路矿工人运动近3年。这段历史时间连贯、内容丰富,构成刘少奇早期革命历史的重要组成部分,具有探索性、多样性和开创性。此前本人曾对1996年至2011年间刘少奇",党史文苑,2018-11-15,期刊,D231,57-60,4
44,"解放思想,勇于探索——赣南经济体制改革试验的探索实践与经验启示",陈安;谢晨;黄敬荣,赣州市中央苏区研究中心赣州市苏区精神研究所中共赣州市委党史办编研科瑞金干部学院,O,"<正>改革开放40年来,""从农村到城市,从试点到推广,从经济体制改革到全面深化改革"",在中国共产党的领导下,""中国人民用双手书写了国家和民族发展的壮丽史诗""[1]。30年前,为探索以县、市、区为主体的综合改革,中共江西省委、省政府作出""赣南经济体制改革试验区""的重大战略决策。为此,中共赣州地委、赣州行署抓住机遇、解放思想、积极探索,带",党史文苑,2018-11-15,期刊,D232,61-64,4
45,刘少奇的历史瞬间(上),梁发明;郑俊华,O,O,"<正>刘少奇同志是伟大的马克思主义者,伟大的无产阶级革命家、政治家、理论家,党和国家主要领导人之一,中华人民共和国元勋,是以毛泽东同志为核心的党的第一代中央领导集体的重要成员。刘少奇同志的光辉业绩、崇高风范、高尚品德,永远铭记在全",党史文苑,2018-10-15,期刊,D239;D231;K827,2+65,2
46,大雪难阻周恩来勤政脚步,孟红,O,O,"<正>在某些外出视察或者外事活动遭遇寒风大雪天气时,周恩来总理总是风雪无阻,充分体现了他公而忘私、鞠躬尽瘁,以革命事业为重,与人民群众同甘共苦的崇高品质、人格魅力和精神风范。冒着大雪拜谒志愿军烈士陵园",党史文苑,2018-10-15,期刊,D232;K827,10-13,4
47,浴血征程的悲壮之师——中国工农红军北上抗日先遣队掠影,黄文富;彭小青,O,O,"<正>这是一支因掩护中央机关及中央红军主力进行战略转移而没有参加长征的红军主力部队,也是一支肩负历史使命、孤军深入敌后而浴血奋战,最终结局悲壮的英雄红军队伍。它,就是中国工农红军北上抗日先遣队。受命于危难之时1934年夏,国民党反动派对中央苏区发动的第五次""围剿""步",党史文苑,2018-10-15,期刊,D231,31-32,2
48,毛泽东这样“古句新用”,王树人,O,O,"<正>毛泽东不但是伟大的政治家、理论家和军事家,而且也是伟大的文学家。毛泽东喜欢文学,尤其是中国文学,终生保持着对文学的浓厚兴趣。毛泽东不但文学素养极高,而且在讲话、讲演和写诗文时经常""古为今用"",且又恰到好处。毛泽东是把中国古典诗文当做中国优秀传统文化,当",党史文苑,2018-10-15,期刊,D239,33-34,2
49,陈赞贤的“自讨苦吃”与自我牺牲,曹春荣,O,O,"<正>赣州""三六""惨案主角陈赞贤为工人利益壮烈牺牲的英勇事迹,惊天动地、令人动容。他之所以遇害于赣州,却源于他""自讨苦吃""和自我牺牲。陈赞贤,赣州市南康区人,中共党员。早年曾组织学生声援五四运动,又参加北伐军,",党史文苑,2018-10-15,期刊,D231,1,1
50,“朱毛红军”诞生的故事——纪念朱毛井冈山会师90周年,周根保,O,O,"<正>1928年3月,奉毛泽东指派,策应迎接朱德率领的南昌起义部队上井冈山的何长工,后来在《伟大的会师》一文写道:1928年4月28日,这天天气十分晴朗,巍巍的井冈山像被水洗过一样,显得特别清新;满眼葱绿的稻田,散发着清香;太阳喜洋",党史文苑,2018-10-15,期刊,D231,4-9,6
51,彭雄:忠骨长眠抗日山,吴自锋,O,O,"<正>彭雄(1914—1943),原名彭文灿,出生于江西省永新县一个贫苦农民家庭。历任红军班长、排长、连长、营长、团长、师长等职。1941年5月,任新四军第三师参谋长。1943年3月壮烈牺牲,时年29岁。英勇的""彭猛子""1929年,彭雄在毛泽东建立的井冈山革命根据地参加了中国工农红军,并加入中国共产主义青年团。1931年,调任第二师师",党史文苑,2018-10-15,期刊,D231,14-16,3
52,中共创立时期共产党人的初心解读——高君宇篇,王相坤,中共中央党史研究室第一研究部,O,"<正>高君宇(1896—1925),原名王尚德,山西静乐县人。中共二大代表,中共早期著名的政治活动家、理论家,中共北方党团组织的主要负责人和山西党团组织的创始人。全国最早的58名党员之一,1925年3月5日在北京逝世。高君宇论""初心""担负这个改造社会的责任我",党史文苑,2018-10-15,期刊,D231,17-25,9
53,江一真帮助海南大特区“跑步”,钟兆云,O,O,"<正>江一真是长征老红军、著名医生,中华人民共和国成立后曾先后担任福建省省长、国家农业部代部长、国家卫生部部长、河北省委第二书记等职,以刚正不阿、思想解放闻名。退居二线任中顾委委员期间,江一真的开放思想与中国最大的经济特区海南碰撞擦起了火花。1987年10月,江一真的第三子、从瑞士苏黎世大学戴着",党史文苑,2018-10-15,期刊,D232,26-30,5
54,随州市曾都区新四军第五师旧址群,,O,O,"<正>湖北省随州市曾都区新四军第五师旧址群包括九口堰新四军第五师司令部、政治部旧址,抗大十分校,兵工厂,被服厂,医院,边区建设银行,挺进报社编辑部,报社印刷厂,十三旅旅部,随南县委等革命旧址。1939年1月至1942年6月,李先念、陈少敏、任质斌、刘少卿等老一辈革命家率领新四军鄂豫挺进纵队在此浴血奋战三年之久,创建了白兆山抗日根据地。这一时期,正是该师创立、发展、壮大的重要时期。皖南事变后,1941年4月5日,李先念率新四军第五师全体官兵在九口堰向全国通电就职。新五师司令部、政治部设在",党史文苑,2018-10-15,期刊,D231,35,1
55,黄冈市黄州区陈潭秋故居,,O,O,"<正>陈潭秋故居位于湖北省黄冈市黄州区,始建于清光绪二十二年(公元1896年),一进二重,面积约280平方米。故居于1928年春被国民党反动派全部烧毁。为缅怀烈士,1980年6月修建故居纪念馆(又称故居公园),陈潭秋故居为仿原貌复建。后纪念馆几经扩建,现有青砖瓦房明五暗十两幢,青砖楼一幢两层,另有密待室三间。",党史文苑,2018-10-15,期刊,D231,36,1
56,一等红星奖章,王立根,O,O,"<正>这是我军最早的革命奖章——一等红星奖章。它由赤金做成,发行地是1933年中央革命根据地瑞金。当时,中央革命根据地刚刚遭受过国民党军第四次""围剿"",这次始于1932年7月至1933年3月前后达9个月的""围剿"",在周恩来、朱德等领导",党史文苑,2018-10-15,期刊,D231,37,1
57,王文礼用步枪击落飞机荣获的奖章,安丽娟,O,O,"<正>这是一枚银质五角星奖章。奖章的一面刻有""对空射击手""字样,另一面刻有""红军学校奖""字样,中心是步枪与飞机组成的图案。这是我军第一个用步枪击落国民党飞机的红军战士——王文礼荣获的奖章。王文礼生于陕西省长安县细柳乡杨柳村。1929年被抓壮丁到冯玉祥部,后来到国民党第二十六路军第七十三旅任旅长董振堂的",党史文苑,2018-10-15,期刊,D231,38,1
58,志愿军的誓词——《中国人民志愿军战歌》,张小芳,O,O,"<正>作为第一批入朝部队,身为炮兵第一师第二十六团第五连副指导员的麻扶摇,有个光荣、重要的任务,就是要在连队誓师的战前动员大会上,代表所在连队官兵表决心、作发言。麻扶摇夜来辗转反侧,不能入睡。琢磨着如何措词,才能更好地反映部队",党史文苑,2018-10-15,期刊,D232,39-40,2
59,“七书”:诠释共产党人初心使命担当,静涛;荣辉;梯敏;发明,O,O,"无数革命先辈用信仰、热血和生命,谱写了属于自己的人生传奇,留下了令世人景仰流芳万古的""宣誓书""""请战书""""绝命书""""托孤书""""行军书""""两地书""""无字书""……重温那一段段经典故事,聚焦那一幕幕动人场景,感受烽火岁月共产党人的初心使命,革命军人的担当理想、决绝气概与钢铁意志,坚定永恒信仰信念,彰显鲜明政治品格,昭示真挚为民情怀……",党史文苑,2018-10-15,期刊,D231,41-47,7
60,毛泽东与抗美援朝,薛林群,国防大学政治学院军政训练系,O,"<正>朝鲜战争爆发已经过去60多个年头了。回顾这场伟大的抗美援朝战争,我们深切地感受到,毛泽东同志作为中华民族的杰出代表,经历了艰难曲折的重大抉择,展现了运筹帷幄的高超艺术,表现出爱国主义和国际主义的高尚情怀。一、出兵援朝──毛泽东艰难曲折的重大抉择",党史文苑,2018-10-15,期刊,D232,48-50,3
61,阮啸仙在南方三年游击战争中的历史贡献述论,庄春贤,中共信丰县委党史办信丰县委党校,O,"<正>1934年10月中央红军主力长征后,在苏区成立以项英、陈毅为主要领导人的中国共产党中央分局(以下简称中央分局)、中央军区、中华苏维埃共和国中央政府办事处(以下简称中央政府办事处),领导留下的一部分红军及游击队坚持南方三年游击战争,并于1937年秋取得胜利。""这是我们",党史文苑,2018-10-15,期刊,D231,51-54,4
62,打过嘉陵江,,中共阆中市委党校,O,"<正>红四方面军是红军三大主力之一。1935年3月,红四方面军为了粉碎国民党的""川陕会剿"",配合中央红军的战略转移,发动了强渡嘉陵江战役。该战役共歼敌10个团,不仅彻底打破了国民党急于将红四方面军围歼在四川的计划,壮大了自己的军力,而且还牵制了大量敌军,使得中央红军顺利进入四",迎接党中央——红四方面军强渡嘉陵江战役述论,杨宁,党史文苑,D231,55-57,3
63,“一带一路”走深走实造福人民,,O,O,"<正>国家主席习近平出席推进""一带一路""建设工作5周年座谈会并发表重要讲话。他强调,共建""一带一路""顺应了全球治理体系变革的内在要求,彰显了同舟共济、权责共担的命运共同体意识,为完善全球治理体系变革提供了新思路新方案。我们要坚持对话协商、共建共享、合作共赢、交流互鉴,同沿线国家谋求合作的最大公约数,推动各国加强政治互信、经济互融、人文互通,一步一个脚印推进实施,一点一滴抓出成果,推动",党史文苑,2018-10-15,期刊,F125,58,1
64,携手共命运,,O,O,"<正>中国国家主席习近平出席2018年中非合作论坛北京峰会开幕式并发表主旨讲话。中国在合作中坚持真诚友好、平等相待,义利相兼、以义为先,发展为民、务实高效,开放包容、兼收并蓄。始终尊重非洲、热爱非洲、支持非洲,坚持做到""五不"",即:不干预非洲国家探索符合国情的发展",同心促发展,,党史文苑,D822.34,58,1
65,全国教育大会召开,,O,O,"<正>国家主席习近平出席全国教育大会并发表重要讲话。他强调,在党的坚强领导下,全面贯彻党的教育方针,坚持马克思主义指导地位,坚持中国特色社会主义教育发展道路,坚持社会主义办学方向,立足基本国情,遵循教育规律,坚持改革创新,以凝聚人心、完善人格、开发人力、培育人才、造福人民为工作目标,培养德智体美劳全面发展",党史文苑,2018-10-15,期刊,G523,58,1
66,马克思主义中国化的三个场景,陈彧之,O,O,"<正>十月革命一声炮响,给中国送来了马克思列宁主义,从此马克思主义在中国扎下根来。在风起云涌的""五四时期"",多种社会思潮激烈竞争,马克思主义能从其中脱颖而出,既因为马克思主义作为科学真理,具有普遍的指导意义,亦在于一代又一代先",党史文苑,2018-10-15,期刊,D61,59-60,2
67,刘少奇:不做“爬行的马克思主义者”,刘新庆,O,O,"<正>作为伟大的马克思主义理论家,刘少奇勤于学习、也善于学习历史,并将学习历史视为明道理、辨是非、懂理论的重要途径。""历史里边也有普遍真理""刘少奇在1948年12月对马列学院第一班学员的讲话中,引用列宁的名言""没有革命的理论,就不会有革命的运动""来说明掌",党史文苑,2018-10-15,期刊,D231,61-62,2
68,邓子恢:我是农民的知己,阙小琴,O,O,"<正>""农民是我的兄弟,我是农民的知己,让百姓过上好日子,才是我生命的全部意义!""这是邓子恢一生都在践行的诺言。分田有方聚民心""邓子恢领导的溪南苏维埃区域的土地革命,为后来闽西的土地革命提供了宝贵的经验。""龙",党史文苑,2018-10-15,期刊,D231,63,1
69,脚步,程杨松,O,O,"<正>如果可以,我愿意,将亿万双奋力追赶的脚步比做最铿锵的鼓槌,听它们在大地宏阔的鼓面上纵情敲响春雷般轰鸣激越的足音,演绎一阙春潮澎湃的劲曲;如果可以,我愿意,将亿万双奋勇向前的脚步比做最娴熟的画笔,看它们在大地辽远的画布上激情印刻青春般活力洒脱的足迹,创作一幅春意盎然的画卷;如果可以,我愿意,将亿万双奋发图强的脚步比做最灵动的翅膀,想象它们带着身躯和心灵,去天之涯、海之角、山之巅、谷之渊,奔赴一个春天有信的约定。",党史文苑,2018-09-15,期刊,I267,1,1
70,《我爱北京天安门》背后的故事,姚文婷;蔡懿鸣,O,O,"<正>""我爱北京天安门,天安门上太阳升,伟大领袖毛主席,指引我们向前进。""短短28个字的一首儿童歌曲,却传唱了近半个世纪,成为几代人共有的童年记忆。但在这首耳熟能详的歌曲背后,却有着鲜为人知的故事——歌词作者金果临当年只是一个13岁的小学生,曲作者金月苓也不过是一位19岁的青年女工……灵光闪现1969年的上海,仍处在""文化大革命""的狂热之中。此时的金果临只有13岁,在",党史文苑,2018-09-15,期刊,J609.2,46-48,3
71,敌机轰炸博生县,,O,O,"<正>背景介绍1933年5月17日,《红色中华》第80期第1版在《反对国民党残暴的白色恐怖》栏目下,刊载《在严重的惨败中国民党飞机轰炸苏区和平居民》一文,披露1933年5月13日上午国民党出动6架飞机轰炸博生县城,5月15日又出动3架飞机轰炸瑞金和散发传单。文章配发漫画《敌机轰炸博生县》,画面以写实的手法,绘制了6架飞机",党史文苑,2018-09-15,期刊,K263;J228.2,45,1
72,彭德怀的历史瞬间(下),梁发明;郑俊华,O,O,"<正>彭德怀同志是老一辈无产阶级革命家、政治家和军事家,是我们党、国家和军队的杰出领导人,他把毕生的精力献给了中国人民的解放事业和社会主义事业,建立了不朽的历史功勋,受到全党、全军和全国人民的怀念和爱戴。",党史文苑,2018-09-15,期刊,D231,2+65,2
73,中国现代化道路的历史转换,杨宏雨;杜艳华,复旦大学马克思主义学院复旦大学社会科学基础部,O,"改革开放开创了中国特色社会主义道路。这条道路就其奋斗目标而言,就是全面建设社会主义现代化国家。为梳理中国现代化的历史进程,本刊特请复旦大学杨宏雨、杜艳华教授就中国现代化道路的几次历史性转换撰文,以纪念改革开放四十周年。",党史文苑,2018-09-15,期刊,D61,4-9,6
74,共产国际派驻中共的三位军事顾问,凌步机,O,O,"<正>共产国际从1930年9月起,先后向中共派出3位军事顾问,他们是共产国际远东局驻上海""三人军事小组""组长盖利斯,共产国际执行委员会军事代表、远东局驻中共军事总顾问曼弗雷德·施特恩,共产国际远东局驻中共中央军事顾问奥托·布劳恩(李德)。这3人是在什么情况下被派到中共来的?他们在指导中共军事斗争方面做了什么事情?对他们的工作做何评价?",党史文苑,2018-09-15,期刊,D231,10-19,10
75,中共创立时期共产党人的初心解读——蔡和森篇,王相坤,中共中央党史研究室第一研究部,O,"<正>蔡和森论""初心""无产阶级的觉悟者何以要去唤醒同阶级的觉悟马克思的革命说完全立于客观的必然论之上,革命既是必然的,然而我们无产阶级的觉悟者何以要去唤醒同阶级的觉悟呢?(一)因为我们自身既已觉得痛苦之所由来(不由命运而完全由于私有财产制),便俛然不能终日。(二)对于同阶级的人有同病相怜的同情。(三)任其自然实现,时间延长,牺牲数量太大,无产阶",党史文苑,2018-09-15,期刊,D231,20-27,8
76,岁月更识真好汉,,O,O,"<正>2018年4月27日,第十三届全国人大常委会第二次会议全票通过了《中华人民共和国英雄烈士保护法》。就在这一时刻,作为赵宝成烈士之子,我心绪激动,思绪万千,衷心感谢党、政府和人民对英烈的崇敬和对先烈后人的关爱。""三个一""光辉照千秋迟浩田上将在《中华著名烈士》序中说:""据不完全统计,从辛亥革命到二十世纪末,为国捐躯的革命烈士有2000多万人,其中有姓",经久犹记大爱心——烈士后人致敬新时代,石毅,党史文苑,D642,28-32,5
77,百姓眼里的女英雄——新四军老战士周田珍,胡锦波,O,O,"<正>一个女兵,一个女八路,一个女英雄,一个功勋卓著的革命老同志。在这个只有十几万人的山区小县,虽然没有多少人认识她、了解她,但她身上的确又拥有这个红色革命老区县——铜鼓县的多个""唯一""和""之最"":她是这个县唯一的新四军战士,唯一的解放军护士班班长,唯一的曾荣立三次战功的女英雄;她的""之最"",就是在她拥有这众多的""唯一""的同时,又是这个县目前最长寿的女人,最默默无闻的女战士、",党史文苑,2018-09-15,期刊,D231,33-34+37,3
78,中国共产党入党誓词的变迁,黄学俊,O,O,"<正>入党誓词,是党员对党和人民做出的庄严政治承诺,是党员必须遵守的行为准则,体现了我们党对党员的基本要求。自中国共产党建党以来,在不同的历史时期,入党誓词的内容也有一定的变化,呈现出鲜明的时代特征,蕴涵着不同时代的印记。建党初期至土地革命战争时期的入党誓词:强调对党忠诚党成立初期,由于自身力量弱小及各方面组织都不健全,再加上受共产主义者同盟入盟誓词",党史文苑,2018-09-15,期刊,D261,35-37,3
79,毛泽东《清平乐·会昌》赏析,刘绍阳,O,O,"<正>近年来,江西省强力推出了""江西风景独好""旅游整体形象品牌和宣传口号。""江西风景独好"",源自于一代伟人毛泽东的诗词《清平乐·会昌》中的诗句。这首词全文如下:东方欲晓,莫道君行早。踏遍青山人未老,风景这边独好。会昌城外高峰,巅连直接东溟。战士指看南粤,更加郁郁葱葱。毛泽东创作的《清平乐·会昌》,已成为国内外人士认识会昌的一张""名片"",尤其是""踏遍青山人未老,风景这边独好""这一精彩",党史文苑,2018-09-15,期刊,A841.4,38-39,2
80,一场生动的形势报告会——忆胡耀邦同志在永新,左招祥;徐新玲,O,O,"<正>1962年12月上中旬的一天,挂职中共湖南省委书记处书记兼湘潭地委书记的中共中央委员、共青团中央第一书记胡耀邦,与湖南省委书记处书记华国锋一道,从井冈山茨坪返回湖南途中来到永新县,在老红军、县委副书记兼县政协副主席林才干和县公安局教导员王春阳等同志陪同下,沿途考察了部分乡村及散落其间的革命遗址、旧居等。",党史文苑,2018-09-15,期刊,D232,40-41,2
82,湘鄂赣革命根据地旧址群,,O,O,"<正>湘鄂赣革命根据地旧址群位于湖北省黄石市阳新县西南部的龙港镇,地处湖北阳新、通山和江西武宁、瑞昌4县交界处。龙港是一个历史古镇,明代称龙川市,晚清称龙港市,现为龙港镇。1927年9月,中共党组织在龙港领导秋收暴动,实行工农武装割据。1929年至1930年,彭德怀、李灿、何长工率红五军先后进驻龙港,开创鄂东南革命根据地。嗣后,直属中央的鄂东特委、隶属中共湘鄂赣省委的鄂东南特(道)委先后在龙",党史文苑,2018-09-15,期刊,D642,43,1
83,朱德红军时期的党证,李玉珍,O,O,"<正>这是朱德同志在红军时期使用的党证,1933年7月由中央革命军事委员会直属队签发。党证长10.1厘米、宽6.5厘米,竖开本,黑色铅字印刷。""中国共产党党证""七个字端端正正地印在封面的中央。封面的上方按扇形排列着""全世界无产阶级联合起来""。""中国共产党党证""这几个字上盖有中国共产党中央委员会的印章。党证为001128号。党证",党史文苑,2018-09-15,期刊,D231,44-45,2
84,为有牺牲多壮志——读《红色家书》,赵斌,O,O,"<正>""天地英雄气,千秋尚凛然。一个有希望的民族不能没有英雄,一个有前途的国家不能没有先锋。""革命先烈的事迹和精神是激励我们前行的强大动力。《红色家书》是一部饱含血泪、让人荡气回肠的革命史书,是一座蕴涵着共产党人初心、感人肺腑的精神丰碑。一个个故事融入了先烈的亲情、爱情、激情,再现了一个个不朽的灵魂。在历史和现实的交织中,留下刻骨铭心的触动和记忆,引发我很多的深",党史文苑,2018-09-15,期刊,D647,49-50,2
85,湘南起义对朱毛会师的促成及其历史意义,刘宇祥,井冈山革命博物馆,O,"<正>九十年前的湘南起义,是继南昌起义、湘赣边界秋收起义、广州起义之后,我党领导和发动的一次规模巨大的起义。它促成了后来朱毛两军会师,为井冈山革命根据地的建立和发展起到了重要作用,在我党我军发展史上具有重要意义。一、湘南起义的起因与发动过程湘南是反动统治势力比较薄弱的地方,党和群众的基础比较好。1927年八七会议期间,中共中央",党史文苑,2018-09-15,期刊,D231,51-54,4
86,贵余万暴动与赣东北苏区的扩大,彭月才,中共江西省委党史研究室,O,"<正>贵(溪)、余(江)、万(年)三县毗邻,位于江西省东北部,东倚弋横磨盘山,西扼鄱阳湖,南通金资光,北达景德镇,地理位置优越,有利于工农武装割据。1929年初至1930年夏,贵余万边区广大贫苦农民在共产党人方志敏、邵式平、黄道等领导下,发动了继弋横暴动后又一次规模更大、时间更长、影响深远的农民武装暴动。此后,根据地不再",党史文苑,2018-09-15,期刊,D231,55-60,6
87,关键核心技术是国之重器,,O,O,"<正>7月13日,中共中央总书记习近平主持召开中央财经委员会第二次会议并发表重要讲话。他强调,关键核心技术是国之重器,对推动我国经济高质量发展、保障国家安全都具有十分重要的意义,必须切实提高我国关键核心技术创新能力,把科技发展主动权牢牢掌握在自己手里,为我国发展提供有力科技保障。近年来,我国科技事业发展取得很大成就,科技创新能力显著提升,但我国科技发展水平特别是关键核心",党史文苑,2018-09-15,期刊,F124.3,61,1
88,建立“一带一路”国际商事争端解决机制,,O,O,"<正>近日,中共中央办公厅、国务院办公厅印发了《关于建立""一带一路""国际商事争端解决机制和机构的意见》。《意见》要求积极促进""一带一路""国际合作,依法妥善化解""一带一路""建设过程中产生的商事争端,平等保护中外当事人合法权益,努力营造公平公正的营商环境,为推进""一带一路""建设、实行高水平贸易和投资自由化便利化政策、推动建设开放",党史文苑,2018-09-15,期刊,D996.1,61,1
89,顺应时代潮流,,O,O,"<正>7月25日,国家主席习近平应邀出席在南非约翰内斯堡举行的金砖国家工商论坛,并发表重要讲话。他强调,金砖国家要顺应历史大势,坚持合作共赢,建设开放经济;坚持创新引领,把握发展机遇;坚持包容普惠,造福各国人民;坚持多边主义,完善全球治理。在第一个10年里,金砖合作乘势而起,为世界经济企稳复苏并重回增长之路作出了突出贡献。未来10",实现共同发展,,党史文苑,D822;D814.1,61,1
90,张闻天到底是总书记还是“负总责”,李忠杰,O,O,"<正>中国共产党成立90多年来,到底出过哪几位领袖?这个问题很不好回答。那就再简单一点,有哪几个人担任过党的最高领导职务?这个问题好像很简单,但其实也很复杂。人数并不多,你可以扳着指头一个一个数。但就是没法确定一个数字。要问原因,很复杂,既有政治的,也有历史的,当然,也与党章的规定有关。其中有一个人,叫张闻天。",党史文苑,2018-09-15,期刊,D231,62-64,3
91,国民党大烧大杀下的工农劳苦群众,,O,O,"<正>背景介绍1932年12月25日,《革命与战争》第4期画报第2版刊登漫画《国民党大烧大杀下的工农劳苦群众》,揭露国民党军用长枪大刀无情地屠杀工农群众的悲惨场景,用血的事实激励人民起来,与国民党军的""围剿""进行最后的抗争。",党史文苑,2018-08-15,期刊,J228.2,38,1
92,坚定文化自信,,O,O,"<正>习近平总书记在党的十九大报告中,系统阐述了文化及文化建设的地位和作用、新时代对待文化应该坚持的立场和态度、发展文化的思路和举措、推进文化建设应该坚持的方向和目标等重大问题,形成了中国特色社会主义文化思想。党的十九大把中国特色社会主义文化与中国特色社会主义道路、中国特色社会主义理论体系、中国特色社会主义制度一道写入党章,将文化的地位和作用提升到一个崭新高度,这是习近平新时代中国特色社会主义思想的重大理论创新和发展,是我们坚定文化自信,推动社会主义文化繁荣兴盛,建设社会主义文化强国的根本遵循。",建设社会主义文化强国,薛轩,党史文苑,G122,48-51,4
93,彭德怀的历史瞬间(上),梁发明;郑俊华,O,O,"<正>彭德怀同志是老一辈无产阶级革命家、政治家和军事家,是我们党、国家和军队的杰出领导人,他把毕生的精力献给了中国人民的解放事业和社会主义事业,建立了不朽的历史功勋,受到全党、全军和全国人民的怀念和爱戴。",党史文苑,2018-08-15,期刊,D231,2+65,2
94,大渡河畔的回响,王世枚,O,O,"<正>1935年5月29日,红一军团第二师第四团22名突击队员冒着密集的弹雨,脚踏摇晃的铁索,飞夺泸定桥。红四团随即攻克泸定县城。至6月2日,中央红军全部渡过大渡河。蒋介石""化红军为石达开第二""的企图彻底破产。大渡河行动始于安顺场,收官于泸定桥,虽前后不到10天,却是长征中最险恶的战斗之一。红军之所以能在逆境中突围,靠指挥员的正确决断,更靠红军政治优势和将士们的大无畏英雄气概。红军行军路线不是坦途,而是一条近乎绝望的险路。当时,红军后有数十万大军追赶,前有",党史文苑,2018-08-15,期刊,D231,1,1
