3,儒道之间:陶渊明的价值观初探,苟小泉,上海应用技术大学马克思主义学院,陶渊明;价值观;善恶;道德;,"在儒道核心视域中对""善""与""恶""的考察,构成陶渊明哲学思想的一个重要方面。陶渊明对于""善""""恶""内涵的理解,不仅仅体现于经验、名言之分,更是深入到实质层面上;从""善""与""恶""的关系看,陶渊明重视的并非""善""""恶""之形式,而是""善""""恶""之实质;陶渊明价值观的核心在于,承认真正的""道德""之""善"",而否定非""道德""之""恶"",并在""道德""视域下,以他的""善""""恶""标准践行自己的价值观。",船山学刊,2017-11-30,期刊,B22;I206.2,99-106,8
4,船山诗文赏析(二十四),心广,O,O,"<正>原文:贞胜者,胜以贞也。出处:《宋论·哲宗》卷七,中华书局版。赏析:这是船山对《易·系辞下》""吉凶者,贞胜者也""作出的一种创造性阐说和论证,将""贞胜""解释为""胜以贞"",本质上是对中华道统和正道的高度肯定,凸显了以正道取胜和正者无不胜也的伦理意义。在船山看来,统率着人们一切行动的,是守正不移的贞德。只有培植守正的贞德,才能在生活中化凶为吉,转危为安,赢得人生的胜利。""唯其贞也,是以无不胜也。无不胜,则无不一也。""(《周易外传·系辞下传》)当着""胜""与""贞""不",船山学刊,2017-11-30,期刊,I207.2,92,1
1,三皇五帝连称出现的时间辨正,黄开国,四川师范大学四川文化教育高等研究院,三皇;五帝;连称;出现时间;,"五帝说、三皇说形成于不同时代,而三皇五帝连称的出现更晚。现存文献《庄子》《周礼》《世本》《竹书纪年》似乎都有三皇五帝之文,但都不可信。有根据谷永的""夫周秦之末,三五之隆"",认为三皇五帝说出于晚周,亦是误解。西汉的《尚书大传》《淮南子》《春秋繁露》亦未有三皇五帝的确证。三皇五帝连称最早出于西汉晚期的扬雄,而从东汉开始流行。",船山学刊,2018-11-30,期刊,K234,77-82,6
2,杨载福研究的“后顾”与“前瞻”——兼与彭玉麟研究比较,肖宗志,南华大学马克思主义学院,杨载福研究;历史文献;辑佚整理;历史价值;,"关于杨载福的研究目前尚处在一种""惨淡""""荒凉""状态,学术界需要迅速改变这种窘境。以与彭玉麟研究的比较为视角,杨载福历史文献的搜集、整理和出版是制约杨载福研究发展的最大瓶颈。关于杨载福的研究成果稀少,研究领域比较狭窄,研究水平有待提高。因此,繁荣、拓展和深化杨载福的研究,主要从两个方面着手:一是抢救性地做好杨载福历史文献的搜集、整理和出版工作;二是拓宽杨载福研究的领域,转换杨载福研究的视角,扩大杨载福研究的视野,以此提高杨载福研究的水平。",船山学刊,2018-11-30,期刊,K252,49-53,5
3,张世英:哲学应把人生境界提升到“万有相通”,张世英;李念,北京大学哲学系北京大学美学与美育研究中心学术委员会文汇-复旦-华东师大联合采访组,O,"<正>2011年1月10日,首届未名论坛""中西马高端对话""在北京大学召开,从西哲角度发言的学者是张世英先生,主持人介绍说已经90高龄。我暗暗吃惊他思维的清晰。2018年3月3日,我在邮件中向张世英先生提及此事。8日上午,走在北京近郊回龙观某小区的路上,张世英先生随笔里描绘的西南联大的""镜头""一一浮现,不免兴奋:我是去聆听一个世",船山学刊,2018-11-30,期刊,B01,1-7,7
4,杜维明:地方性知识的儒学如何具有全球意义,杜维明;李念,美国人文与科学院国际哲学学院文汇-复旦-华东师大联合采访组,O,"<正>2018年2月,除夕的餐桌上,78岁的思想家杜维明和85岁的台湾作家、《源氏物语》的翻译者林文月女士聊当年的中文系,""台大中文系只有7个学生,其中3人是自愿学中文的。""杜维明接话,""东海大学的中文系也是只有7个学生,老师有10来个。""两位中文生相视一笑,仿佛又回到青葱岁月。20世纪50年代的台湾,读中文被认为是",船山学刊,2018-11-30,期刊,B222,8-15,8
5,杨国荣:从“道”到“事”——中国哲学可以为世界哲学提供资源,杨国荣;贡华南;郭美华,国际形而上学协会IIP华东师大哲学系文汇-复旦-华东师大联合采访组上海师大哲学学院,O,"<正>实践智慧,这两个都看得懂的汉字词组,在哲学里有特别的含义。亚里士多德曾论证过,康德也提过与之相近的""实践理性"",杨国荣以逻辑分析与辩证思维为方式,同时又引入中国哲学与西方哲学的资源。《人类行动和实践智慧》一书因为中西融通又富有原创性,创建于1683年的荷兰博睿学术出版社2016年将之翻译成英文出版。同样的原因,《成己与成物》一",船山学刊,2018-11-30,期刊,B2,16-22,7
6,康和声对王船山著述的整理与研究,寻霖,湖南图书馆文献研究所,王夫之;康和声;文献整理;,"康和声,南岳人,创立南岳图书馆并任馆长十八年。素服膺船山之学,致力于船山文献的整理与研究,编纂有《王船山先生遗著遗墨叙录》《王船山先生墨宝四种》《王船山先生南岳诗文事略》。尤其是《王船山先生南岳诗文事略》一书,乃因王夫之隐居南岳甚久,留下了大量有关南岳的诗文散于各集之中,康和声对此类文字进行汇编而成此书,对船山生平及学术研究皆极有裨益。",船山学刊,2018-11-30,期刊,B249.2,23-27,5
7,儒家经典之诠释与捍卫——以王夫之乾坤并建易学为例,王生云;周群芳,中共云南省委党校中央民族大学哲学与宗教学学院,乾坤并建;王夫之;经典;诠释;,"经典、解释、应用(实践)是儒者事业的核心所在。经典是儒家价值的承载物,儒家经典通过读书人而影响政治与社会。然而,也会被各流派以各自的目的去解释而为其所用,由此乱解淆乱正经。面对重大时代问题之际,儒者不断回归经典,一方面通过解释经典推出新的义理以解决时代问题,一方面又不断把经典的解释权收回儒家手中,即限制解释的方向。明清之际的王夫之就是典型的例子。遭逢明亡的惨痛教训而反思,他发现道家之阴柔、佛教之寂灭以及权谋术数者流之贪名幸利畏祸徼福等是明亡之文化原因,而出现这些异说的原因是没有全面把握儒家经典中所蕴含的大中至正之道。因此,他以""乾坤并建""的命题作为易学之纲领:一方面重构了《周易》文本的理解向度;另一方面批判佛老权谋术数家利用《周易》做法,把易学推向新的高度。",船山学刊,2018-11-30,期刊,B221,28-35,8
8,王夫之《张子正蒙注》中的生死观钩玄,刘伟,通化师范学院历史与地理学院,王夫之;《张子正蒙注》;生死观;钩玄;,"《张子正蒙注》是一部系统地反映王夫之生死哲学的著作。在生命本质上,王夫之将人性视为一种道德之气,并从根源上解释其存在的合理性。在生死态度上,王夫之指出生死本为一体,人应该安生安死。王夫之的""死而不亡""说主要是指人的""神""具有不灭特性。在命运观上,王夫之指出命运的好坏皆因人出生时的禀受不同所致。王夫之主张人要""乐天知命""、""相天立命""、""安之为命""。在鬼神观上,王夫之将""鬼""与""神""一并论述,并从阴阳二气上寻找其本源。在弘扬张载之生死学的同时王夫之还注重排斥佛家、道家及阳明心学的生死邪说。",船山学刊,2018-11-30,期刊,B249.2,36-42,7
9,论谭嗣同“新仁学”的思维方法及其问题,李训昌,西南政法大学马克思主义学院哲学系,日新;微生灭;破对待;断意识;心力;,"在西学东渐之初,谭嗣同力图融古今中外为一炉而建构起的""新仁学""体系,是近代中国学人会通中西文化而建构哲学体系的第一次尝试与努力。为建构其""新仁学""体系,谭嗣同分别运用了几种不同的思维方法。通过对谭嗣同思维方法的反思,有助于我们重新理解谭嗣同""新仁学""体系建构的理论得失,准确定位其体系尚处于以中国传统文化""格义""西方文化的阶段。因此,在研究与阐释谭嗣同""新仁学""体系时,应当从宋明理学的模式以及天人合一的范式去解析其对西学的借鉴与吸收,而不是相反。",船山学刊,2018-11-30,期刊,B254,43-48,6
10,般若学之作为第四玄——般若学与魏晋清谈之关系考,何善蒙;赵琳,浙江大学哲学系贵阳孔学堂,魏晋清谈;玄学;《世说新语》;般若学;第四玄;,"般若学在魏晋清谈中到底起什么样的作用?关于这个问题,学界有不少争议。《世说新语》等表明,起源于印度的佛教般若学思想自进入中国之后,便以其特有的方式逐步进入中国思想的话语体系之中,成为其中不可分割的一部分。就文本而言,作为魏晋名士的重要讨论内容,般若学在魏晋清谈的所占比重不亚于《老》《庄》《易》。而义理上的""格义""与""以佛解玄"",不仅促进了佛教思想在中国的迅速传播,而且为玄学的发展提供了新的形式。同时,当时的名僧积极融入士俗的清谈活动之中,名僧与名士之间密切的交流互动,在魏晋清谈中占据着不可或缺的重要地位。因此,般若学不仅是魏晋清谈的重要内容,而且是继《老子》《庄子》《周易》等通常所谓""三玄""之外的第四玄。",船山学刊,2018-11-30,期刊,B235;B948,54-62,9
11,郭店儒简的“圣”,谭忠诚;王国庆,中南大学公共管理学院哲学系,圣;智;仁;天道;,"""圣""""智""并举是郭店儒简论""圣""的一大特征。从孔子的""从心所欲而不逾矩""到郭店儒简的""圣之思也轻"",再到《孟子》《中庸》里那种""不勉而中,不思而得,从容中道""的""诚者"",这种早期儒家""圣""道之衍变的内在理路是清晰而明了的。深入揭示这一特征,对于正确把握早期儒家关于""圣""德的哲学内涵具有重要的思想史意义。",船山学刊,2018-11-30,期刊,B222,63-69,7
12,黄榦《太极图说》解,王小珍;邓庆平,江西师范大学马克思主义学院,黄榦;太极图说;太极;动静;五行次序;,"黄榦作为朱熹最重要的弟子之一,对周敦颐的《太极图说》有着完整而独特的理解。他将《太极图说》划分为陈述太极道体逻辑展开的本体论、具体人物生成的宇宙生成论和人生修养论三个部分;从厘清""极""字的本义出发提出了一个对""无极""与""太极""概念的理解思路;认为太极有动静,但太极不能自为动静;对朱熹将五行次序分为生之序与行之序的说法提出质疑,认为五行次序只有一个,即水木火金土。这些理解既是对朱熹《太极解义》的丰富与发展,也构成了黄榦宇宙论的主要内容。",船山学刊,2018-11-30,期刊,B244.2,70-76,7
13,在传统主义和自由主义之间——由韦政通与牟宗三和殷海光的关系说起,王立新,深圳大学人文学院,韦政通;牟宗三;殷海光;传统主义;自由主义;,"一生受过传统主义、自由主义重要影响的当代思想家韦政通先生,于2018年8月5日逝世。有关他到底归属于那个思想阵营的问题,一直以来存在着诸多不同的争议。传统主义和自由主义两家,实际上都不足以框限韦政通的思想,虽然传统主义激发他确立人文理想,自由主义启迪他追寻独立的自我,但韦政通出入各家思想,广泛吸纳中西思想资源,最终通过坚忍不懈地努力,将自己造就成了一位具有独立品格的,""做我自己式""的创造性思想家。",船山学刊,2018-11-30,期刊,B26,83-93,11
14,传统与偏传统——韩愈道统思想新探,邓国坤;贾睿,华南师范大学香港中文大学,韩愈;道统;传统;偏传统;,"学界普遍强调韩愈道统思想中""传统""的一面,却忽视其""偏离传统""的另一面。在道统的""统""问题上,韩愈提出先孟后荀,反汉唐以来先荀后孟的传统;在对道统之""道""问题上,韩愈提出""仁义为定名,道德为虚位"",反传统道德之形而上传统;此外,韩愈虽然尊儒家""道统""以排佛老,然而其""道统""本身就有借用了禅学传灯录的思想。重视韩愈经学中的偏传统思想,方能全面评价其在思想史上的地位。",船山学刊,2018-11-30,期刊,B241.9,94-98,5
15,《相宗络索》笺解(续五)——生命、生死与第六、七识,徐孙铭;李佩桦,湖南省社会科学院哲学研究所湘潭大学湖南师范大学公共管理学院湖南科技学院,生死;中有身;第六识;六位心所;还灭;,"认识的心理体验有忧、喜、苦、乐、受五种。第八识作为认识和生命的本体,存在于前有身、中有身和后有身三种不同生命形态中;人的生死有分段与变易两种不同形式;认识主体所引发的作用有其普遍性与特殊性,分别产生善、烦恼、不定等各种复杂的心理和生理现象,通过第六意识集中反映出来。而流转生死之根祸生于末那识,斩断末那为超越生死的关键。",船山学刊,2018-11-30,期刊,B249.2,99-108,10
16,湘西草堂本《楚辞通释》的编辑出版及其历史意义,夏剑钦,岳麓书社,王船山;《楚辞通释》;草堂本;刊刻缘起;历史意义;,"湖南省社会科学院图书馆藏本《楚辞通释》保存有完好的辅文、正文,由此可知该书之刊刻缘起、选编及其编辑出版过程,《序》与《序例》所蕴含的船山屈子情结,说明船山借屈子以言志的《九昭》是《楚辞通释》不可分割的重要篇章。",船山学刊,2018-09-30,期刊,B249.2;I207.22,20-25,6
17,王夫之《楚辞通释》整理之创获,杨新勋,南京师范大学文学院,王夫之;《楚辞通释》;康熙单刻本;康熙合刻本;同治本;,"《楚辞通释》是王夫之《楚辞》研究的代表作,在编纂体例、语言阐释、历史考订等方面尤其是思想揭橥上多有创获,在我国楚辞学史上具有重要地位。本次整理在全面考察存世的八种《楚辞通释》版本源流关系的基础上,以同治本为底本,力求内容全面,体例完备,校勘精审,文字、标点正确。",船山学刊,2018-09-30,期刊,B249.2;I207.22,26-33,8
18,陈观国《论词二十四首》批评特色摭论,胡建次;邱青青,云南师范大学文学院南昌大学人文学院,陈观国;批评特色;词史勾画;知人论世;平正融通;,"陈观国《论词二十四首》的批评特色,主要体现在三个方面:一是对传统词史流变的简明勾画,二是知人论世的论说方式,三是平正融通的论说特征。陈观国的论词绝句,既有对词史的整体把握,又有对词家、词作、词事的细致辨说,点线结合,宏微融通,富于批评的宏通性与论说的张力,对不断开拓和完善我国传统词学批评具有重要的价值与意义。",船山学刊,2018-09-30,期刊,I207.23,70-75,6
19,论高启诗词中的鸿雁意象,李鸿渊,湖南科技大学中国古代文学与社会文化研究基地,高启;鸿雁;意象;,"高启笔下的鸿雁意象,反映了他在不同时期的处境和心态。云中雁、沙头雁等意象,是作者渴望自由飞翔和个性舒展的化身;而寒雁、池雁、惊雁、孤雁等意象,所蕴含的思念、忧郁、惊悸、落寞等情绪,象征着作者的孤危处境和悲苦命运。",船山学刊,2018-09-30,期刊,I207.22,76-80,5
20,“通”的哲学——周敦颐的思与行,张丰乾,中山大学哲学系,周敦颐;通;太极;天人;道德;,"周敦颐博学力行,在思想上直承孔子而推陈出新。他虽然也围绕""修齐治平""的理想建构理论,但他有一系列别具新意的阐发,如强调""本必端""""则必善"",提出""家难而天下易,家亲而天下疏也""的困境,以及""复其不善之动""的修养方法等等。特别是他的《太极图说》和《通书》融通体用,贯通天人,沟通古今。《通书》对""圣人""的推崇,贯穿始终,但也追溯""圣人之本""""圣人之道"",体用贯通,条理清晰,收放自如。在""天下""""天""和""人""之间,周敦颐又突出""势""""识""""力""的作用;他认为天下顺安的关键在于天道施行而圣明的德行得以修成,孔子是行道义、修圣德的典范;但周敦颐并非主张对孔子的盲目崇拜,而是把老子所说""道尊德贵""进一步强化为""至尊者道,至贵者德"",同时突出""人""最难得的就是""道德"",而每个人自身获得""道德"",必须依靠良师益友。周敦颐认为君子也可以追求富贵,只不过君子所认为的""贵""是道的充实而无所亏欠,君子所认为的""富""是自身的安稳而不忮不求。周敦颐其人其文仰之弥高,钻之弥坚,其学问之格局,其人格之气象,是宋儒之中最接近孔子的。",船山学刊,2018-09-30,期刊,B244.2,7-13,7
21,孔颖达疏解《大学》的特色,唐明贵,聊城大学哲学系,孔颖达;疏解;大学;礼记正义;,"孔颖达对《大学》的疏解,注重经注兼释,疏解虽宗主郑注,但也有所补充和超越;其详于训诂,重视考订字词章句、疏通字义及辨析古今名物;注重掘发义理,阐发大一统思想和为政之道。孔颖达疏解《大学》代表了当时经学研究的最高水平。",船山学刊,2018-09-30,期刊,B222.1,14-19,6
22,庄存与和清代公羊学复兴的发端,郑任钊,中国社会科学院历史研究所,庄存与;《春秋正辞》;大一统;夷夏观;讥世卿;今文经学;,"庄存与在乾嘉考据学风行之时,树立起了湮没千余年的公羊学的旗帜。作为清代公羊学的发端,庄存与尚未把握住公羊学的精髓,生活在""康乾盛世""的他更是回避了公羊学最核心、最有活力的""改制""思想。他期望以经义""补益时务"",力主""大一统""说的尊王之义,提出了""兼容并包""的夷夏观,借""讥世卿""反对满洲贵族世官世爵。庄存与没有固守今文门墙,但其对今文经学学术风尚的推崇,影响深远,最终推动今文经学成为晚清学术思想的主流。",船山学刊,2018-09-30,期刊,B249.9,52-59,8
23,世界哲学大会“纪念王船山圆桌会议”系列专题综述,杨超;罗金良,湖南大学岳麓书院,O,"<正>第二十四届世界哲学大会于8月20日在北京落下帷幕。来自121个国家6000余名哲学家、学者和哲学爱好者,参加了为期一周的""哲学奥林匹克""大会。世界哲学大会是全球规模最大的哲学学术会议,创始于1900年,每五年举行一次。第24届世界哲学大会是中国首次(亚州第二次)获得哲学大会举办权。8月13日人民大会堂开幕式后,在国家会议中心举行系列学术会议。大会的主题是""学以成人""。船山在中国",船山学刊,2018-09-30,期刊,B249.2-2,102-104,3
24,先秦儒家的分层治理思想探析,李建华;李彦彦,中南大学浙江师范大学,天下大同;富民;教民;以德治国;文化自信;,"中华民族的伟大复兴离不开中国传统文化的复兴。以孔孟之道为代表的儒家学派提出了涵盖国家、社会以及自身等三个层次的治理思想,主张天下大同,倡导富民教民,提出以德治国。这不仅是中国特色社会主义文化的重要组成部分,对于实现文化自信同样具有积极的参考和借鉴意义。",船山学刊,2018-09-30,期刊,B222,1-6,6
25,周敦颐何以被尊为“道学宗主”?,刘立夫;黄小荣,中南大学公共管理学院哲学系,周敦颐;性命之学;孔颜之乐;三教合流;理学;,"周敦颐对宋明理学最主要的贡献一是恢复了儒家中断近千年的所谓""道统"",即""性命之学"";二是积极提倡和践行""孔颜之乐"";三是敢于打破""三教""壁垒,大胆援引佛道,开创了重要的理学方法论。周敦颐不仅为""理学""贡献了诸多原理与方法,也为""理学家""提供了一个内在的超越境界。周敦颐开创的""濂溪一脉"",赋予了儒学第二次生命,具有""革命性""的意义。",船山学刊,2018-09-30,期刊,B244.2,43-51,9
26,王夫之对《太极图说》的发挥,周建刚,湖南科技学院国学院,王夫之;周敦颐;张载;太极图;正蒙;,"王夫之从""理气充凝""的角度来阐释太极之动静,并指出天地之化至诚不息,动为本而静为辅。这些观点体现了王夫之对周子《太极图说》的创造性诠释,推动了理学思想的发展。王夫之阐释《太极图说》还有一个特点,即将周敦颐与张载的思想联系在一起,将""周张""视为一体,《太极图说》则与《正蒙》互通,由此回归北宋理学之本源而发明""正学"",重建理学""道统""。",船山学刊,2018-09-30,期刊,B249.2,34-37,4
27,论王船山义理中“诚”的意义治疗向度,李玮皓,天主教辅仁大学全人教育课程中心,王船山;诚;意义治疗;,"以王船山""诚""之义蕴,论述儒家义理中所蕴含之""治疗意义"",此治疗意义有助于当代之吾人立于生存需求之上,进而追寻""意义价值之需求""。自觉自我之生命意义并实践之。是以本文之开展,从""船山以乾坤两卦,论述吾人之所以为人之意义并论述‘恶’从何出"";接着阐述船山义理中,""如何体现‘诚’""。希冀将隽永之船山义理体贴于吾人所处之生活世界中,并践履当代儒学之使命,吾人能透过船山之义理为据,对于修养工夫之方法与历程之引导能建构出一套身心安顿之法。治疗受虚妄与异化之苦痛之吾人,并进一步做到挺立自我、及物润物,使吾人生命获得疗愈,恢复真实无妄之人生。以下即依上述架构,逐步展开讨论。",船山学刊,2018-09-30,期刊,B249.2,38-42,5
28,吕祖谦理、心同构的本体论,彭荣,浙江师范大学马克思主义学院、江南文化研究中心,理;心;基本特性;分叉结构;,"吕祖谦的理、心两个术语都具有遍在、生生、自然三个根本特性,这三者相互规定,以生生性为原点,以阴阳、乾坤等对立面为自然演化中的两个方向,将之运用到一切事件中,构成一种善恶同源的分叉式本体论。这一构造既从事实层面解释了善、恶的来源,又在价值层面指出了善恶判断的标准,以及理、心的本原的良善性,并从实践层面指出了为善去恶的方案。理、心的分叉结构是理解吕祖谦道学思想的基础。",船山学刊,2018-09-30,期刊,B244.99,65-69,5
29,从“巫君合一”到“德政礼制”——论“巫史传统”的内在政治伦理逻辑,陆宽宽;冯昊青,北方工业大学马克思主义学院浙江师范大学国家治理研究院,巫史传统;巫君合一;德;敬;礼;,"""巫史传统""是李泽厚晚近提出的用来解释中国传统文化根源的一个概念,意即中国""巫文化""的理性化历史进程。""巫史传统""的历史前提是""绝地天通""之后所形成的由王权统摄神权的""巫君合一"",它的理性化进程是通过""数""这一具体历史途径实现的,主要体现在三个方面,即对历史经验的保存、对天象历法的掌握和对军事活动的参与。在""由巫而史""的理性化进程中,周公的""制礼作乐""是一个重要历史节点,它直接导致了后世""德""和""礼""的产生,从而一方面奠定了中国文化的大传统,另一方面则标志着""由巫而史""这一理性化过程的完成。",船山学刊,2018-09-30,期刊,B82-051;B26,89-97,9
30,首届全国“东南三贤”学术研讨会会议综述,周接兵;徐公喜,上饶师范学院朱子学研究所,O,"<正>为了更好地继承与弘扬""东南三贤""(南宋著名理学家吕祖谦、朱喜、张栻)的学术思想和学术精神,推动宋明理学研究走向深入,2018年5月18日至19日,由上饶师范学院朱子学研究所、湖南大学岳麓书院、浙江师范大学浙学研究院、江西省2011朱子文化协同创新中心联合主办的""重构与创新:首届全国‘东南三贤’学术研讨会""在江西上饶师范学院隆重召开,近70位来自海峡两岸的知名学者赴会。大会围绕",船山学刊,2018-09-30,期刊,B244-2,98-101,4
31,《相宗络索》笺解(续四)——一切唯识的认识论,徐孙铭;李佩桦,湖南省社会科学院哲学研究所湘潭大学湖南师大公共管理学院湖南科技学院湖南师范大学,五位唯识;烦恼障;所知障;智慧;自证分;,"一切实相的显现、能认识与所认识、善恶、凡圣的价值判断都由认识本体在起作用;烦恼与知识所造成的障碍需用知识转为智慧来化解;破除对主体、客体的执着,从绝对对立、有分别的智慧向无分别的智慧转化,才能超越三界的痛苦;认识的自我验证和客观验证离不开主体的清净和超越智慧。",船山学刊,2018-09-30,期刊,B249.2,105-112,8
32,荀子与亚当·斯密国富论的伦理比较及现代启示,贺汉魂,湖南第一师范学院马克思主义学院湖南省重点思想政治理论课教学科研机构,荀子;亚当·斯密;国富论;伦理比较;,"在我国先秦,荀子是明确提出国富论的思想家。荀子创造性地提出真正的富国应是国民富裕、国家富强,开源节流是实现国富的根本途径。荀子指出既好利也好义的""二面""人性决定了实现国富目标的根本保障是隆礼重法,建构良好的经济秩序,逻辑起点是培育经济主体以义制利的价值理性。荀子的国富论与亚当·斯密的国富论在内容上有许多相似之处,蕴涵其中的伦理精神却有重大区别。极高明而道中庸的荀子国富论具有超越性和包容性,从经济的根本矛盾、经济秩序建构、经济人价值理性养成三方面对西方经济学具有纠偏意义,为建构现代中国版国富论提供了三方面的重要启示:国家除了宏观调控经济运行外,直接参与经济发展依然是重要途径;建构现代市场经济秩序既不要道德乌托邦,也不要法制乌托邦;积极培育以""不争""之心参与市场竞争的现代经济人是逻辑起点。",船山学刊,2018-09-30,期刊,B82-053,81-88,8
33,赵朴初“人间佛教”思想的民本价值面向,李秀娟,长沙民政职业技术学院,赵朴初;人间佛教;民本;,"赵朴初先生一生实现了由佛教向""人间佛教""的转生,这种转生为佛教由出世走向入世,从天上走向人间奠定了基础。赵朴初先生倡导""人间佛教"",使佛教利益与人民大众利益相契合,并以此实现民本的价值诉求,""人间佛教""立场即是人民立场,彰显出""人间佛教""的民本价值旨归。赵朴初先生的""人间佛教""思想,以满足广大民众之物质与精神需求为鹄的,充分彰显了他的""人间佛教""思想之民本价值面向,凸显了赵朴初先生的民本情怀。",船山学刊,2018-09-30,期刊,B948,60-64,5
34,周敦颐《爱莲说》在日本的传播与受容,王晚霞;陆露,湖南科技学院南京大学哲学系集美大学湖南师范大学文学院,周敦颐;濂溪学;爱莲说;日本室町时代;日本江户时代;,"《爱莲说》作为濂溪之学的重要内容,在镰仓时代前期传到日本,经室町时代五山禅僧的研习传播,已有一定影响。之后濂溪学伴随宋学在江户时代跻入主流学术思潮而蓬勃发展,《爱莲说》也受到日本知识人的赞颂歌咏,从歌咏莲的香味、姿态、花朵、叶子、枝干外形,到歌咏莲内在出淤泥而不染的品德,抒发日本知识人的君子人格理想,其境界是光风霁月,其德正如莲之德,具体表现在不染泥涂,有节操可依,洁净清通而恬淡芳香,是内外一致的洒落,是远近无异、内外一致的真诚。",船山学刊,2018-07-30,期刊,I207.22;I313.06,47-52,6
35,论王先谦《骈文类纂》的刊刻传播,莫道才;刘振乾,广西师范大学文学院,王先谦;《骈文类纂》;刊刻;传播;,"王先谦不仅是一位传统的学者型官绅,而且是一位兼具湖湘情怀的出版人。《骈文类纂》是其编纂的一部集大成的骈文选本。书局和书院为其刊刻出版提供了传播媒介和平台。《骈文类纂》的刊刻传播价值主要体现在三个方面:通过刊刻渠道的时空转移,助推湖湘出版业,提高湖湘骈文的传播质量;通过古文选本的文体关联,扩大骈体文的影响力,促进骈体与散体之间的均衡发展;通过选文存人及个性化布局,辐射整个清代骈文作家群体,推动清代骈文经典化。",船山学刊,2018-07-30,期刊,I207.22,41-46,6
36,青衫泪映时代潮——试比较马致远与蒋士铨的琵琶行戏,张兆勇,淮北师范大学,白居易;琵琶戏;马致远;蒋士铨;,"从文学史可知,中唐诗人白居易被贬江州司马及其被贬期间创作的名作《琵琶行》经常是后世文人借以发挥感慨自己身世的平台。元明清以来的戏曲创作者经常发挥其舞台和戏曲优势,联成情节,加以虚构而搭建冲突框架,更绘声绘色地传达了自己。马致远的《青衫泪》和蒋士铨的《四弦秋》是这方面各有特色的成功之作,比较起来也非常有意味。",船山学刊,2018-07-30,期刊,I207.3,78-81,4
37,再论中国传统文化的创造性转化和创新性发展,余卫国,南通大学马克思主义学院,中国传统文化;创造性转化;创新性发展;,"中国传统文化的创造性转化与创新性发展既是中国传统文化生生不息、绵延发展的精神动力和力量源泉,更是时代赋予我们的崇高使命和责任担当。而要实现中国传统文化的创造性转化与创新性发展,在方法论的层面上,就是要始终坚持以马克思主义为指导,就是要始终坚持为人民服务、为社会主义服务的正确方向,就是要始终坚守中华文化立场,坚持""在继承中创新""和""在创新中继承""的基本方针,就是要始终坚持马克思主义认识论上的实践标准、价值观上的人民利益标准和历史观上的生产力标准。在具体路径的选择上,就是要坚定不移的坚持和推进马克思主义中国化,就是要切实加强中国传统文化基因的深度挖掘和当代阐释,就是要坚守中华文化立场,坚持时代问题导向,在回答当代人类社会所面临的各种矛盾和问题的过程中,使之与当代文化相适应、与现代社会相协调。",船山学刊,2018-07-30,期刊,G122,92-96,5
38,关于唐代几种“大内”官职的考察,卜天舒;王双怀,陕西师范大学历史文化学院,大内留守;皇城使;皇城留守;,"唐代大内留守属宦官系统,京师长安和东都洛阳均有设置,一云大内留守,一云东都大内留守,负责宫殿的修缮管理及执掌宫门之事。皇城留守全称为大内皇城留守,负责宫城与皇城的治安警卫工作,属南衙禁军之一支。而皇城使则根据其执掌不同,分属内廷(内诸司使)与外朝。内廷之皇城使,掌皇城宫门之开阖;外朝之皇城使,则是皇城留守的别称。",船山学刊,2018-07-30,期刊,K242,82-86,5
39,曾国藩刊刻《船山遗书》的真正原因,邓丽萍;邓纯旭,辽宁师范大学出版社大连医科大学外语教研部,曾国藩;王夫之;刊刻《船山遗书》;,"王夫之乃曾举兵抗清、名震三江两湖之大儒。曾国藩是自练湘军拯救清廷的""中兴""名臣,却积极主持刊刻王夫之的遗著《船山遗书》,并为之作序,高度赞扬王夫之与孔孟、朱子等先贤同样伟大。此举不但大大传播了《船山遗书》,同样留给世人种种关于曾国藩刊刻此书动因的推测。事实上曾国藩刊刻王夫之遗作的重要原因是,清朝自乾隆末期因时局形势的稳定,对民族性的文字已放松管控,文字狱的总体环境发生了转化。从乾隆末至咸丰又经150余年,曾等汉族大员已成为清朝倚重的封疆大吏,由其刊刻《船山遗书》不再有政治悬念。另一原因是受恩师、亲友的积极影响,曾氏对作为理学大师的王夫之充满敬仰。这些才是曾国藩刊刻《船山遗书》的真正动因。",船山学刊,2018-07-30,期刊,B249.2;K252,53-57,5
40,王船山关于小人与君子之差分与渡越何以可能——基于《四书训义·论语》为中心的考察,杨志刚,湖南大学岳麓书院,王船山;《四书训义》;君子;小人;心;,"王船山继承并发展了儒家思想中具有道德意蕴的君子观念,结合对心之主导的肯定,提出了自己对成就君子的独特看法。在《四书训义·论语》中,王船山肯定心对人之行为的主导,认为人之心是人行为方向和动力的源头。船山认为君子所体现的崇高道德境界,关键在于具有仁德之心,由此他确立君子与小人的本质差别在于""立心异"":君子心怀仁德、小人醉心欲望。并由内而外展现出两者的巨大差异。同时王船山又为成就君子,特别是小人向君子的渡越提供了依据和方法。抓住内心志趣对人的重要性,船山指出如志在君子,培养仁德之心最为重要。确立了正确的志趣,通过内外交相为养的修养工夫,以此涵养内在德性而成为君子。",船山学刊,2018-07-30,期刊,B249.2,20-25,6
41,在敬天爱神之间中西对话的可能——一种跨文化思考,卓新平,中国社会科学院世界宗教研究所中国统一战线理论研究会民族宗教理论甘肃研究基地,天命;上帝;天人合一;中西文化比较;,"中国传统文化中的敬天思想与西方基督教的爱神观念两者之间可以展开跨文化的比较与对话。首先,任何有关""天人""与""神人""关系的论述,都是人的行为,因此中西方""天命""与""上帝""的问题均可化约为""人学""的问题;其次,中西方文化中对""天""或""神""的理解,均含有自然和宗教两方面的思考;第三,""天人合一""或""神人合一""的上下关系分别在中西方文化中,都借助一定的""中介""而存在。中西方两种文化在相遇之后有碰撞、冲突,也有对话和融通。",船山学刊,2018-07-30,期刊,B2;B978,1-6,6
42,儒学演进视野下的宋明理学精义及其影响,王锟,浙江师范大学马克思主义学院,儒学五期说;宋明理学;三系论;,"囿于一人一家的微观研究有时难窥宋明理学之全豹,若以儒学演进大势的长程眼光,用宏观方法,方可知宋明理学是相互关联、相互解释的诸多概念范畴织成的系统,该系统由天道论(天)与心性论(人)通过知行论(修养功夫)的连接达到""天人合一""的境界,并力图通过事功实践,将其在社会人事领域实现出来。宋明理学不是""理本、心本、气本""相互割裂的""三系论"",而是以""生生""为本,统合心、理、气""三位一体""的生命哲学;不是天道、心性、事功实践的相互割裂,而是三者的相互统一。不理解这些,就不能把握宋明理学的精义及其哲学史地位。",船山学刊,2018-07-30,期刊,B244,7-13,7
43,朱伯崑的船山易学论,方红姣;王方媛,湘潭大学哲学系,船山;船山易学;乾坤并建;天下惟器;,"朱伯崑从易学思想的源流考察船山易学与张载、方以智、程颐、朱熹的关系,认为船山易学主要继承的是宋易义理学派中理学和气学的传统,并指出乾坤并建是船山易学的最大创见,进而肯定船山易学为其气本论的哲学体系奠定了思想根基。朱伯崑对船山易学的阐释,是其易学哲学史研究方法和观念的集中体现。",船山学刊,2018-07-30,期刊,B249.2,14-19,6
44,王夫之论大臣之道及其当代政治意蕴,刘荣;王永灿,合肥工业大学中共苏州市委党校,大臣;大臣之道;王夫之;当代意义;,"站在治国理政的角度,王夫之认为""正""乃大臣之自我规定,体现为德行的高尚与才干的非凡。大臣之道本质上就是""正""之道、德才兼备之道。王夫之分别从大臣的政治品质、立朝之道与行政之道三个方面对大臣之道作了具体的阐发。王夫之的大臣之道,对于当前政治建设中的领导干部应当具有什么样的道德品质和政治素质,如何正确对待和使用手中权力以及选拔干部时的标准要求等,都具有重要的启示和借鉴意义。",船山学刊,2018-07-30,期刊,B249.2,26-34,9
45,《明夷待访录》对晚清湖南风气的影响,孙卫华;袁用武,中南民族大学法学院,《明夷待访录》;湖南;时务学堂;《湘报》;,"晚清湖南风气从""守旧闭化闻天下""到""全国最富朝气的一省""的扭转,除与王夫之《船山遗书》的影响密切相关外,黄宗羲《明夷待访录》亦是导致其""风气厥开""的有力工具之一。从《湖南时务学堂学生日记类钞》所录相关内容,可知时务学堂是以《明夷待访录》作为最主要的宣传工具。从《湘报》所存文章及广告,亦可知谭嗣同等主讲的南学会与《明夷待访录》的亲密关系。再加上以叶德辉等为代表的守旧者对维新派的批驳,无形中助长了《明夷待访录》在湖南的传播,并由此唤醒了一大批维新人士和革命斗士。",船山学刊,2018-07-30,期刊,B25,35-40,6
46,论仲弓之学行及其宗教性内涵,张晚林;夏平,湖南科技大学湖南科技大学哲学系,仲弓;宗教性;政治;,"仲弓的学行包括三个方面:仁而不佞,居敬行简,可使南面。这三者都具有固有的宗教性内涵。""仁而不佞""就是在缄默中去证会神圣实体""天"";""居敬行简""就是为神圣实体的到来开辟道路;""可使南面""体现了儒家政教合一的最高政治理想。通过对仲弓之学行这三个方面的宗教性诠释,阐明了儒家""圣""""王""合一,且以""圣""导持""王""的基本政治形态。",船山学刊,2018-07-30,期刊,B222.3,58-64,7
47,"生生而仁,通达天命——先秦儒家生态思想逻辑性研究",申淑华,渤海大学马克思主义学院,生生而仁;通达天命;先秦儒家;生态;逻辑性;,"先秦儒家生态思想有其内在逻辑性。其天道依据是""生生"",蕴含""时""""变""观念。""仁""是对天道""生生""的人道承接,其内在规范性是以""位""为前提,""中""为尺度,""止""是""中""的精微之地,同时以""爱""为基础,""忠恕""为方法。先秦儒家正是通过对""生生之仁""的终身践行,参赞天地,化育万物,此即""生生而仁""。""生生而仁""是人对栖居之维度的筑造,先秦儒家通过生生而仁,通达天命,实现浑然与物同体的和乐境界。",船山学刊,2018-07-30,期刊,B222,65-70,6
48,《相宗络索》笺解(续三)——判断真伪、善恶的标准及心理生成的因果关系,徐孙铭;李佩桦,湖南省社会科学院哲学研究所湘潭大学湖南师大公共管理学院湖南科技学院湖南师范大学,性境;现量;比量;圆成实性;至教量;,"三量、三境、三性及见分三性主要论述认识的真理性、价值判断及心理生成的因果联系。现量实证是检验真理的根本标准,比量、圣言量虽然重要,但未必究竟;价值判断有多种形式,认识主体、相状及其作用各有不同性质,应辩证分析。",船山学刊,2018-07-30,期刊,B249.2,103-112,10
49,论虞舜德法相济的治政理念对现代社会的借鉴,杨金砖,湖南科技学院,虞舜;德政;法治;,"虞舜时代虽然离我们今天已相当遥远,但是他所开创的虞舜文化——即以道德伦理为核心的社会规范,却如一只烛火,照亮了中华民族夏商以来的所有文化进程,尤其在国家治理与社会构建方面,其卓越贡献,至今仍值得我们悉心体会、继承弘扬。虞舜所倡导的德治不仅与西方的法治有异曲同工之妙,而且其道德教化并不排斥法的惩罚。",船山学刊,2018-07-30,期刊,B82-051,87-91,5
50,执政伦理建设视域下的家风传承及其时代价值,刘晓玉,中共河南省委党校哲学部,执政伦理建设;家风传承;时代价值;,"中华民族几千年的文明传承中形成了道德内涵丰富且影响深远的优良家风文化,中国共产党作为中华优秀传统文化的忠实传承者和弘扬者,大力弘扬中华民族重家教、严家风、爱家庭的优良传统和独特优势,是中国共产党全心全意为人民服务的政党属性的本质要求。这既是中国共产党""以人民为中心""的执政伦理核心理念的应有之义,也是当前积极培育、引导践行社会主义核心价值观的关键所在。",船山学刊,2018-07-30,期刊,B82-051,97-102,6
51,中古佛典序跋的佛教史价值刍论,赵纪彬,河南师范大学图书馆,中古;佛典序跋;佛教史价值;,"中古佛典序跋具有重要的佛教史价值,保存了印度早期佛教的因子,勾勒出佛教中国化的变迁、记录了佛典翻译与整理的底本,映射出统治者与佛教的关系,折射出佛教的发展程度,反映了佛教的态势,记载了佛教史实。中古佛典序跋对佛教史的记录、保存、还原、映射、反映、评判具有鲜明特色,一方面所承载的佛教史具有一定的广阔性,囊括了域内与域外,佛教史内部的各个要素以及与佛教史相关的多个层面,另一方面承载佛教史的手段多样化,既有正面、直接记录,又有侧面折射。",船山学刊,2018-07-30,期刊,B949,71-77,7
52,文化自信与弘扬中华优秀传统文化,周秋光,湖南省政府湖湘文化研究会湖南师范大学,文化自信;弘扬;新时代;优秀;传统文化;,"十八大以来,习近平总书记将文化自信阐释为原有三个自信后的第四个自信。文化自信一定要与文化自觉、文化自强联系起来。文化自信必须以政治的、经济的、军事的强力为支撑。文化自信必须不忘本来、吸收外来、面向未来。恢复文化自信应是传承发展中华的优秀传统文化,而不是所有的中华传统文化。文化自信必须大力建设和发展新时代中国特色社会主义文化。",船山学刊,2018-05-30,期刊,G122,1-4,4
53,浅析“和合”文化与道德人格培育,肖祥;张明琴,桂林理工大学马克思主义学院,和合;人格;传统文化;,"""和合""文化是中国传统文化的核心内容和精髓体现,其蕴含着保合太合、天人合一的美好愿景,和实生物、和合而兴的发展规律,和而不同、求同存异的价值理念,和为贵、泛爱众的处世哲学。""和合""文化对于当前坚定文化自信、构建良好的社会道德环境、培育个体道德人格具有极为重要的时代价值。",船山学刊,2018-05-30,期刊,B82-092;G122,100-104,5
54,两个遗民典范:释大错与王船山,王兴国,深圳大学哲学系与国学研究所,遗民;豪杰和义节之士;南明;儒学与佛教;中国文化;,"明清交替之际,是中国遗民史上最为特殊与突出的一个时代。释大错与王船山为同时代人,生逢""天崩地解""的沧桑巨变之乱世,于明清更替过渡之际,亲历大明王朝之气数尽绝而回天无力,虽然二人同为儒生,同在南明永历政权为官,却素昧平生,互不相知,但都与佛教结下了不解之缘:前者出家为僧,却心系南明,不舍忠义;后者独善为儒,却玩索佛理,与僧交游。二人皆心怀复明灭清之志,共同拥护与竭力扶持南明永历政权,为反清复明而奋斗不息,始终坚持维护民族尊严,挺立节义自我,并终不放弃希望,忠贞不渝,老而愈坚,坚而弥笃。在痛失南明永历政权后,二人不约而同地选择了一条自甘为孤臣遗民的道路,一逃禅为高僧,一逃隐为大儒;一以方巾示寂,一以正学善终,均在湖湘了却遗生,至死不坠青云之志。在中国文化史、遗民史以及佛教史上,写下了可歌可泣的壮丽诗篇,令人长太息,令人长追思!他们虽是古时悲剧人物,然而在他们身上可以折射出我们时代中人的人格镜像。中国儒学与佛教的互补与共济,陶冶出中国最伟大的精神与人格,大错与船山是晚明遗民的典范。",船山学刊,2018-05-30,期刊,K249,15-28,14
55,“书通二酉”出典处考辩,吴波;刘本杰;姜莉芳;肖新华,怀化学院文学与新闻传播学院辰溪县社科联怀化学院民间非物质文化研究基地怀化学院图书馆,书通二酉;出典处;辰溪大酉洞;,"""学富五车,书通二酉""是我国文化词典里的著名成语,但是关于""二酉""一词的出典处,自古以来,一直众说纷纭、聚讼难明。以丰富翔实的文献资料及考古成果为依据,可证""二酉""即为大酉山、小酉山的合称,小酉在沅陵,而大酉在辰溪。",船山学刊,2018-05-30,期刊,K23,60-65,6
56,春秋时期“誓”的文化内涵及其社会功能,刘迎秋;刘宗棠,山东大学儒学高等研究院枣庄学院,春秋时期;“誓”的三种类型;文化内涵;社会功能;,"依据《左传》《国语》等史料,春秋时期各类盟誓共计250次,其中""誓""有21次,通过分析研究这21次""誓""出现的具体语言背景、文化内涵及其所发挥的社会功能,将其分为三种类型:一是属于盟誓的""誓""也叫""约誓"";二是为战前动员令的""檄誓"";三是聘问过程中约束行人的""诫誓""。它们各自的使用条件、所需人数、所体现的宗教色彩、所蕴含的文化内涵各有差异,而其所发挥的社会功能亦各不相同。",船山学刊,2018-05-30,期刊,B22;K225,79-84,6
57,近期考古遗存视域下的湖湘文化地位辨正,吴金明,中南大学商学院湖南省政协经济科技委员会,传统文化;湖湘文化考古遗存;湘学;重构;,"以往人们一直认为,湖湘大地是""蛮荒之地"",湖湘文化是""舶来文化""。但最近30年的考古挖掘及其遗存研究,颠覆了以前人们对湖南和湖湘文化的基本认识:湖湘大地不仅不是""蛮荒之地"",而是中国乃至东亚人的源头,世界农耕文化的源地,世界最古老陶器文化和城池文化之源。湖湘文化是早期自创、后期融入了外来文化元素的本土文化,既是中华文化的源头,又是中华文化极其重要的组成部分,更是中国极具区域和民族特色与影响力的地域文化。其源流有三,且表现出阶段性演化和不断走向融合与收敛的特征。",船山学刊,2018-05-30,期刊,K872,53-59,7
58,先秦儒家君子人格的理论建构及其现代价值,高恒天;杨杰,中南大学公共管理学院,君子;文质彬彬;现代诠释;,"""君子""是先秦儒家理想人格的垂范与表征。《诗经》中通过""诗""的艺术形式真切而周详地展现了""君子""意涵的演进过程;《周易》则秉持""天人合一""和""推天道以明人事""的整体思维构建了后启百家又独具特色的易学君子观;《论语》以""文质彬彬,然后君子""的概括性语言,透露出""文""与""质""在规范论域和道德论域的各自内蕴及其相互关系。""君子人格""具有极其重要的现代价值:无论是重构中国传统人文精神,还是推动人类命运共同体,亦或是培育和践行社会主义核心价值观,都需要我们从多元理解的维度重新诠释古典""君子论""。",船山学刊,2018-05-30,期刊,B222,5-14,10
59,王夫之的心灵哲学建树及其现代价值,高新民;陈帅,华中师范大学心灵与认知研究中心,心性;心灵哲学;王夫之;圣心;,"中国不仅有合乎规范的心灵哲学,而且经过几十年的耕耘,它已被建构成了心灵哲学中的一个与西方心灵哲学、印度心灵哲学、比较心灵哲学等相并列的哲学分支。王夫之尽管没有使用心灵哲学之类的概念,但在回答他所关心的广泛哲学问题时,对今日心灵哲学经常涉及的一系列问题发表了极有个性同时又符合心灵哲学规范的回答,尤其是在心理世界的诸主体及其结构、心理的自然化、性情问题以及天赋心灵等问题上阐发了极有学理价值的思想。在价值性心灵哲学中,对圣心的心理标志、形成机理和实现的心理学途径以及心灵转化等都颇有建树,值得挖掘和和批判性发扬。",船山学刊,2018-05-30,期刊,B249.2,29-36,8
60,王夫之“人道”范畴探析,刘荣,合肥工业大学马克思主义学院,王夫之;人道;人极;人维;君子儒;,"""人道""是王夫之思想中的重要范畴,但长期以来学界并没有给予足够重视。王夫之视人道为中国历史的本质,历史即是人道之历史。人道为立人之道,即挺立人之为人的根本标识。人道的内容由文明人类之道、中夏之道和君子之道三个部分构成,它们分别将禽类与人类、夷狄与中夏、小人与君子的本质区别开来。人道的本质内涵包括两个方面,它们皆属于儒家思想的范围:一是各种治国理政之典制,二是各类人伦、道德法则。人道内涵贯穿于人道内容当中,只是侧重点不同而已。正是由于这些人道的内涵,才依次挺立起了文明人类之道、中夏之道与君子之道。王夫之认为,只有君子儒者才是传承人道的主要力量,是他们对人道的坚守才让人道在历史中绵绵不绝、代代相传。",船山学刊,2018-05-30,期刊,B249.2,42-52,11
61,王夫之《莲峰志》研究,徐仪明,湖南师范大学哲学系,王夫之;莲峰志;方广寺;家国情怀;民族精神;,"王夫之《莲峰志》,是其唯一部地方志著作,深刻体现了他的家国情怀、乡土深情、人间大爱、报国志向和民族精神。莲峰之上的方广寺既是一座佛教著名寺庙,同时也是王夫之抗清斗争的根据地,由此在方广寺的历史上留下了其英勇反抗、宁死不屈的记载。朱熹和张栻二位南宋大儒登临过此山,船山详细记述了他们的行踪以及在此写下的诗篇,并加以评述。王夫之对莲峰一带的山川地貌,名胜古迹了如指掌,在《名迹》篇中有充分的体现。他对莲花峰的真挚情感,在《莲峰志·总序》的最后一段中表现的最为淋漓尽致。这种乡土深情和人间大爱,当然由于船山在莲花峰以及方广寺与各位抗清志士患难与共,生死相依所激发出来的,终其一生都激荡在这位具有爱国主义精神的伟大哲人心中。",船山学刊,2018-05-30,期刊,B249.2,37-41,5
62,超越与局限——魏源“师夷长技以制夷”的再考察,戚文闯,南京师范大学社会发展学院,魏源;《海国图志》;夷夏之辨;,"鸦片战争后,思想文化界的风气转向""经世致用""之学,魏源提出了""师夷长技以制夷""的主张,它是强国御侮的呼声,也是近代中国学习西方的先声。突破了""夷夏之辨""的传统观念,较早地认清了世界发展的新格局与趋势,并把学习西方技术与御敌图强结合起来,代表了当时中国思想界的最高水平,对后期的洋务运动及近代文化的转型产生了积极而深远的影响。同时这一时代命题也有其历史局限性,所揭示的基本内涵尚不全面、深刻,只停留在表面器物层次,未能真正认识到学习西方的深层内核。",船山学刊,2018-05-30,期刊,B252,66-72,7
63,牟宗三论德治及其不足——兼与《春秋繁露》德治思想比较,田希,厦门大学哲学系,德治;牟宗三;董仲舒;《春秋繁露》;,"董仲舒《春秋繁露》作为汉儒政治思想代表作,具有传统德治典型性,但此种德治流于理想层面,其可行性几何,有何不足,如何将其可操作化,未加阐明。牟宗三在其《政道与治道》中,从""理性之运用表现""与""理性之架构表现""角度诠释德治之治道与政道层面,将德治置于社会架构中考察。通过与《春秋繁露》比较后发现,传统德治只有""治道""、""运用表现"",欠缺""架构表现"",治道单线化,缺乏可操作性、可持续性,而该问题往往被忽略。传统德治有三大缺陷不能解决,根源在于缺乏体制架构,解决之道是:从""架构表现""入手,将""隶属格局""转变为""对列格局"",使""人治主义""转变为""法治主义"",以弥补人性之不足,德治才有真正实现之可能。牟宗三统观政道与治道,明其分际,知其利弊,考虑现实可行性与人性,其考量涵摄了一层现代意味。",船山学刊,2018-05-30,期刊,B234.5;B261,85-93,9
64,船山《传家十四戒》今译,朱迪光,衡阳师范学院,O,"<正>传家十四戒勿作赘婿,勿以子女出继异姓及为僧道,勿嫁女受财,或丧子嫁妇尤不可受一丝,勿听鬻术人改葬,勿作吏胥（1）,勿与胥隶（2）为婚姻,勿为讼者作证佐,勿为人作呈诉及作歇保,勿为乡团之魁,",船山学刊,2018-05-30,期刊,B249.2,104+112,2
65,《相宗络索》笺解(续二)——心理生成的因果关系,徐孙铭;李佩桦,湖南省社会科学院哲学研究所湘潭大学湖南师大公共管理学院湖南科技学院湖南师范大学,因缘;四缘;十二因缘;种子;主公识;,"""四缘""章从功能角度分析认识产生的根据与条件。亲因缘、所缘缘、增上缘、等无间缘又可归为两种:内因为亲因缘,外因为所缘缘、增上缘、等无间缘。""十二支""章讲有情生命的因果关系,也是一切众生轮回流转、生死相续的因缘法则。这种因缘关系,是佛教大小乘、显密教对有情生命相续共同的因缘观,特别是小乘缘觉乘修行的重要法门。",船山学刊,2018-05-30,期刊,B249.2,105-112,8
66,自我实现——杜维明的群己观研究,孙长虹,O,自我实现;群己关系;特殊性;普遍性;理性;,"杜维明认为天人合一是自我实现的本体论上的依据,它为自我实现提供了宗教性及神圣性。他认为自我实现是在与他人的关系中进行,应该尊重人的生存脉络,即尊重家庭的特殊性,不过应该反对特殊主义;他也否定毫无差别的普遍主义,认为兼爱是不现实的,也是不必要的。他主张个人应该通过理性认识他人、社会的意义和价值,克服自我中心主义和裙带关系两种错误倾向,实现由特殊性向普遍性的超越、自我转化与群体转化的统一。他的这些思想与集体主义存在着共通之处,应该能够为今天的社会主义道德建设提供有益的借鉴。",船山学刊,2018-05-30,期刊,B82-092,73-78,6
67,周代馂馀礼之功能透视——文化人类学视野下的考察,刘冬妮,宝鸡文理学院历史文化与旅游系宝鸡文理学院周秦伦理文化与现代道德价值研究中心,周礼;馂馀礼;祭祀;,"馂馀礼是祭祀祖先的活动结束之后,周天子率众逐级分享祭品的礼仪。从文化人类学的角度来看,馂馀礼是以食物共享的方式在神与人、君与臣、以及人与人之间建立和维持亲属关系的仪式。作为一种带有宗教性质的共餐仪式,馂馀礼的宗教功能在于沟通人与神,使鬼神的庇佑和赐福通过共享食物的方式传递给人,使人摆脱疾病和厄运,获得福祐;政治功能在于通过共食和赏赐相结合的方式消除等级差别带来的隔膜和对立,实现社会的统一,维护等级制度的和谐与稳定;社会功能在于加强个体之间的情感、增强宗族的凝聚力和向心力,并使血缘认同上升为族群认同,以族群团结实现家国和睦。",船山学刊,2018-05-30,期刊,C912.4,94-99,6
68,王夫之宋诗观析论,兰石洪,贵州师范学院文学院,王夫之;宋诗观;宋诗流弊;,"王夫之承明人""宋无诗""的主流话语背景,对宋诗评价偏低。他认为宋诗存在四方面的不足:议论入诗,以理入诗;欺心炫巧,以意为主;发泄无余,枝繁理乱;讲求出处,喜欢用事。王氏对宋诗流弊的认识较为深刻,但他对宋诗优长的认识尚流于肤浅。王氏跟外界联系少,著作刊刻迟,其诗论在晚清才发生影响。",船山学刊,2018-03-30,期刊,I207.22,38-44,7
69,"从传统到新变,从幽婉到豪放——论晚清民国湖湘女词人创作",袁志成,湖南城市学院,晚清民国;湖湘女词人;闺情词;爱国词;,"晚清民国湖湘女词人的创作与时代风会、个人成长经历息息相关。随着晚清进入民国,她们在创作上有一个较为清晰的转变:晚清湖湘女词人抒写传统的闺音闺情至民国跳出闺闱而抒爱国激情,故词风亦由幽婉而豪放。这种历史性转变反映了晚清民国女词人在特定环境中的蜕变,亦可从中窥探晚清民国女性文化心态。",船山学刊,2018-03-30,期刊,I207.23,60-66,7
70,明儒薛侃乡约思想的教化意蕴及实践特色,杨明,中共江苏省委党校南京大学东方道德研究中心南京大学哲学系,薛侃;乡约思想;儒学教化;实践特色;,"明儒薛侃以《南赣乡约》为蓝本并根据当时潮州地区的社会舆情,积极援引王阳明心学理论尤其是""良知之教""的思想精义,提出一套旨在移风易俗的颇具教化意蕴的乡约思想。薛侃乡约教化模式主要通过公共场合的聚众会约公开进行劝善彰善、纠过戒恶的仪式活动,确立起共同生活场域内的道德榜样以引领社会风尚,又借助民间舆论和宗教信仰等产生""防人为恶""的强大心灵震慑效应,从根本上确立起""扬善抑恶""的评价标准。薛侃乡约亦包含诸多生活智慧和日用规仪,实际上为乡村社会生活提供了一系列旨在缓和人际摩擦、增进乡民团结的价值理念和具体规范。如果将薛侃乡约教化理论置身于当时社会境遇进行实践考量就会发现,它以阳明心学为指导希冀找到切实拯救世道人心和共同解决乡村生活实际问题的实践方案,无论理想信念抑或规条设计都流露出浓郁的道德理想主义色彩,文本设计和具体操作过程均展现出与官方意识形态妥协并自觉接受其指导的实践倾向。",船山学刊,2018-03-30,期刊,K892.2,1-6,6
71,郭嵩焘新化行吟考——道光、咸丰间郭嵩焘的两次新化之行,王晓天,湖南省方志研究与传播中心,郭嵩焘;新化之行;宝庆筹饷;,"郭嵩焘有两次新化之行:道光二十五年(1845)十二月初一日至次年三月之季,郭嵩焘就馆新化,计时近4个月,是为郭氏第一次新化之行。又咸丰四年(1854)七月下旬,一直到十二月下旬,几乎整个下半年,郭嵩焘有一次完整的宝庆筹饷之行,宝庆府属邵阳、新化、武冈、城步、新宁等五州县均都走遍,其中第二站就是新化,是为郭氏第二次新化之行,计时约2个月有余。郭嵩焘两次新化之行有其原委,考察其行程可发掘个中缘由。在此基础上,又对其沿途吟咏之诗作一考证、分析、介绍,间或亦评之耳。",船山学刊,2018-03-30,期刊,B259.9;K252,45-59,15
72,“三代王制”与中国思想的开端问题,陈赟,华东师范大学哲学系暨中国现代思想文化研究所教育部,三代王制;孔子及其集团;《殷周制度论》;,"从中国思想奠基的意义来看,孔子及其集团与六经乃是最为重要的事件。孔子及其集团通过对六经的整理,一方面总结了上古政教遗产,类型化地区分了帝、王两种政教史观,另一方面又开辟了治教出于二的新格局。三代王制对于中国思想奠基的意义必须通过孔子之道才可以理解。孔子集团从三代之法中提炼出三代之道,对西周王制的总结而建立的""家天下""的理念,实际上为自秦至清的传统中国政制奠定了理念根基。而从经史之学的视角对王国维《殷周制度论》加以重新诠释,上溯孔子及其集团,乃可以重释中国思想的开端。",船山学刊,2018-03-30,期刊,B2,7-13,7
73,船山宗朱、反朱抑或超朱之争讼与辨正,陈力祥;杨超,湖南大学岳麓书院,王夫之;朱熹;船山学术旨趣;返本开新;,"自船山殁后以至于今,学界围绕船山学术旨趣争讼已久,诸种说法或盛传一时,或流行至今,然细考之,均有偏阙,亦无有公论。船山与朱子之间关系的判断,制约、甚至决定着对船山思想渊源、学术旨趣之定位。依已有之成论,在宋明学术的框架中,船山学说与朱子学说关系归结为:船山笃守朱子学、走出朱子学与超越朱子学三种,由此可将船山学术旨趣化约为:船山以理学为宗、对朱子理学的倾覆以及集道学之大成三种争讼观点。宜以整个思想史的视域,将船山之思想视为朱子学说之反动,即对于朱子在理学开新的过程中丢掉了原始儒家的精髓、失去了儒家之所以为儒家之意蕴的""反动"",从而将船山学术旨趣追溯至尽""明人道""的先秦孔孟之正学,从而肯定船山以复先秦之古为解放的正面价值。",船山学刊,2018-03-30,期刊,B249.2,14-23,10
74,心镜与史鉴——王船山历史工夫论发详,田丰,武汉理工大学,王船山;工夫论;心如明镜;天人之际;以史为鉴;,"王船山对心性工夫与历史关系给出了不同于道学传统的思考。他通过对道学以心为镜譬喻的批判以表明:人只能在其有限性视域下依照心志意向做出善恶是非判断,而不当让事物向人显现出无历史性无情境的意义。他主张通过对历史与经典的诠释,呼应其所处的时势,将自身的伦理——政治实践融入历史之中。达成之道在于:设身处地地进入历史情境,共其忧患,让历史中那些思考与决断的可能性向自身开放,成为自身生存的可能性与生命经验,综参时、势、经、义,以求得中道。船山认为君子只有不断以此方式返回经史,才能够获得真正的实践智慧,通达内圣外王之道。",船山学刊,2018-03-30,期刊,B249.2,24-31,8
75,王夫之《读通鉴论》中的法治思想,毛健,湖南省社会科学院历史研究所,王船山;《读通鉴论》;法治;,"《读通鉴论》是王船山晚年撰写的一部史论与政论结合的巨著,该书中有比较丰富的""法治""思想:把""法治""提高到一个比较高的地位,在""人治""与""法治""的关系上,突出了""法治""的必要性与重要性。在治理国家方面,船山还隐约认识到根治官场贪污腐败需要发挥法律制度的重要作用,因此,他将吏治与法治结合起来,在重视官吏道德修养的同时,还强调在制度的范围内对官吏进行监察、考核,对官吏贪污贿赂的犯罪行为依法严惩,把法治作为惩罚贪官污吏的最后一道防线,这与现代法治中预防官员腐败与制度反腐的立法精神相一致,足见王船山""法治""思想之远见。",船山学刊,2018-03-30,期刊,B249.2,32-37,6
76,晚清湖南理学群体的道统意识与批判精神,胡忆红,湖南科技大学人文学院,晚清;湖南理学群体;道统意识;批判精神;,"晚清湖南理学群体是一个极具个性的地域文化群体。这一群体以程朱理学为最高价值理想,坚守自身独立的学术性格与道德标准,主张治统符合道统,治统可变而道统不可变。考虑到道统沦亡的代价,他们采取与清政府合作的稳妥方式,利用道统所赋予他们的文化解释权批判专制君主与社会腐败,以儒家之道整合现实政治。由此,隐性的文化斗争与满汉矛盾、中央与地方矛盾交织在一起,决定了湖南理学群体与清政府之间的离合关系。太平天国战争结束后,清政府又意图在治统的前提下统合道统,引起湖南理学群体的不满。道统成为他们与皇权周旋乃至抗衡的理论支点。对文化权力的担当,一直为湖南知识分子所继承,并运用于政治活动,进而影响近代湖南政治生态。",船山学刊,2018-03-30,期刊,B25,67-73,7
77,性善说的困难——以《孟子·告子上》为中心,甘祥满,北京大学儒藏编纂与研究中心,孟子;告子;性善;生之谓性;义内;,"孟子与告子有过数次辩论,其中最主要的内容是关于人性善恶的问题。孟子道性善,以为人性先天地、普遍地是善的,但在论证上还存在不少问题。在杞柳之辩、湍水之辩中,孟子说明了人性的自然性,但未能证明自然的何以必然是善的;在""生之谓性之辩""中,孟子分辨出""人性""之不同于""物性"",但人之性何以必然是道德性,孟子也未能充分证明。孟子的性善说,道出了人性善之可能,但不能从理论上说明人性恶之不可能。而在""仁义内外之辩""中,孟子的困难在于无法排除一种""合乎道德""而非""出于道德""的义之可能。",船山学刊,2018-03-30,期刊,B222.5,74-80,7
78,象与生——《周易》“形式”观念探微,丁茂远,华中科技大学中国语言文学系,象;生;形式;周易;画学;,"出于多方面的原因,传统""形式""美学的研究一直存在着较为严重的""以西律中""的思维惯性,因此需在梳理原典的基础上建构传统""形式""观念的研究范式。作为""群经之首""、""三玄""之一的《周易》自是无法绕开的源头文本。由形而上与生命两角度分析,前者可探察""形式""生成的根本原因;后者则意在突破二元对立思维,探讨文学艺术形式的生发与目的,并以此归纳出《周易》""形式""观念:在""生生""循环之间,推崇善与美的统一。形上之""道""通过圣人运筹,将""物象""转化为""卦象"",启益思想言行,以实现""形式""与""生命""的合一。最后,以画学为例,略论《周易》""形式""论对传统艺术""形式""美学的影响。",船山学刊,2018-03-30,期刊,B221,88-97,10
79,古典儒家“为己之学”及其当代价值,杨柳新,"北京大学马克思主义学院北京大学习近平新时代中国特色社会主义思想研究院""中国特色社会主义理论大众化与国际传播协同创新中心""",古典儒家;为己之学;道德教育;当代价值;,"古典儒家重""己"",有""知己""、""为己""、""修己""、""立己""、""克己""、""行己""、""成己""等说,极言吾人道德与人性上的自觉自为,自立自强,实有一整套安身立命,修己安人,内圣外王,人文化成的生命的学问。这种生命的学问,因其核心和要领在于自我的道德觉悟与修为,依孔子""古之学者为己""之言,可谓之""为己之学""。古典儒家""为己之学""与当今流行的个人主义和利己主义自有天壤之别,恰是对后者之反对、克服与超越。当此文化生态急需廓清与更新之际,古典儒家""为己之学""尤有其至关重要的道德教育意蕴,值得我们悉心体会、批判继承、着力弘扬。",船山学刊,2018-03-30,期刊,B222,98-105,8
80,《相宗络索》笺解(续一)——唯识论总述,徐孙铭;李佩桦,湖南省社会科学院哲学研究所湘潭大学湖南师大公共管理学院湖南科技学院湖南师范大学,唯识;因缘;阿赖耶识;十二因缘;世界本原;,"唯识论认为,一切认识都源于阿赖耶识。每一种认识都有其具体的因缘(原因和根据)。第八识作为一切认识的本体,因受末那识(意志)的执着和污染,影响第六意识(判断、推理等理性认识)和前五识(感性认识)。一切污染和错误认识由此产生。世界的本原、轮回的主体和证悟的根本依据在第八识。",船山学刊,2018-03-30,期刊,B249.2,106-112,7
81,早期佛教正语思想的起源及影响,肖建原;杨力,陕西师范大学宗教研究中心,正语;四支语;戒律;口业;,"正语是沙门思潮中纠正不当言语的思想运动,它根植于当时的宗教哲学传统,早期佛教认同耆那教、婆罗门教的言语理念,吸收了六派关于声常住论和声无常论上的思考,纳入了八正道及相关的戒律,并与业报轮回说相结合,形成了""口业""这一表现形式。在个人修行中,它强调清净恶口,从口业中解脱;在僧团建设中,起到摄僧、安乐僧众的作用。正语思想有益于佛经的口口相传,促使了佛教的入世化转向。",船山学刊,2018-03-30,期刊,B948,81-87,7
82,胡安国两弟考述,王立新,深圳大学,胡安止;胡安老;家族;,"胡安国兄弟五人,早夭了两个,剩下有三位,胡安国是长兄,其大弟为胡安止,小弟叫胡安老。游酢《宣义胡公墓志铭》、张栻《钦州灵山主簿胡君墓表》等文献中对胡安国的两弟有过记载。互相参证,可略考胡氏两人生卒及其生平。",船山学刊,2018-01-30,期刊,K244;K820.9,69-72,4
83,论民国时期湖南学术的发展及特点,王继平,湘潭大学历史系湖南省湘学研究重点基地,民国;湖南;学术;,"民国是中国学术发展的重要转型时期,民国湖南学术也获得了长足的进步,出现了一大批文史、哲学、法学、教育诸领域的大家。晚清以来史学独树一帜的学术传统得到延续,史学成为民国湖南学术的奇葩,对20世纪下半叶中国史学的影响巨大;马克思主义理论与方法在学术研究中得以运用,并形成了具有特色的马克思主义哲学、史学和文学研究成就;传统学术方法继续在学术研究中传承,在文字学、文献学研究中收获硕果;西方现代学术研究方法和流派也在伦理学、法学、逻辑学研究中打上烙印;由此呈现了民国湖南学术的发展轨迹,并凸显其湖湘学术独特的传统。",船山学刊,2018-01-30,期刊,K258,73-82,10
84,休于天均:王夫之《庄子解·内篇》对庄子思想的解读,尚建飞,陕西师范大学哲学与政府管理学院内蒙古大学哲学学院,王夫之;《庄子解》;休于天均;葆其天光;,"在《庄子解》中,王夫之不仅提出《庄子·内篇》代表着庄子本人的思想,而且又将庄子思想的宗旨归结为""休于天均"",即是以均平的态度对待天人、物我和生死的价值立场。在此基础上,王夫之认为""休于天均""可以转化为""葆其天光""的道德原则。正是通过还原庄子本人的思想宗旨,王夫之才会确信庄子思想蕴含着诸多合理因素。",船山学刊,2018-01-30,期刊,B223.5;B249.2,52-58,7
85,周敦颐与儒学的第二次转型——兼论周敦颐系宋明理学之理论奠基人,蒋国保,苏州大学哲学系,周敦颐;理学;儒学转型;理论奠基;诚;,"周敦颐对于宋明理学具有理论奠基的意义,为儒学第二次转型指引了明确的理论取向,起到了开风气之先的作用。就纯理论层面而论,周子有三个方面的贡献:从""五经""转向""四书"",从""人格天""转向""义理天"",以及确立""诚本""。",船山学刊,2018-01-30,期刊,B244.2,59-68,10
86,关于《论语·先进》首章诠释异议,章启辉,湖南大学岳麓书院,《论语》;先进;注释;源流;,"《论语·先进》首章是孔子总体分别弟子和评价弟子。""先进后进""分别弟子及门先后,""野人君子""评价弟子受业成才特点,""从先进""论选才,有针砭时弊文过其质的用意。对于古今学者以仕进身份论""先进后进"",以文质相宜论""野人""、文过其质论""君子"",以礼治或突破传统身份观念论""从先进"",提出异议。",船山学刊,2018-01-30,期刊,B222.1,83-87,5
87,周敦颐与佛教关系再考证,万里,湖南省社会科学院宗教文化研究中心,周敦颐;佛教;再考证;蒲宗孟;黄庭坚;答濂溪居士;,"在宋明以降的儒家,尤其是朱熹一系的理学家心目中,周敦颐及其思想,不止是与佛教没有任何关系,甚至其本人还被认为是一位排佛者;但是,在一些宋元学者,尤其是佛教居士所撰写的相关文献中,周敦颐则不但与其同时代的一些佛教高僧有着密切的交往,甚至其思想体系的形成还受到佛教禅理的深刻影响。笔者之前已经撰有《周敦颐与佛教》一文对此作了考述。之后笔者又新发现了更为直接的文献资料,对这些资料进行考证后笔者认为,周敦颐不但与佛教禅宗僧人交往密切,并且他本身就是一位佛教居士。",船山学刊,2018-01-30,期刊,B244.2,88-95,8
88,从“心”与“理”之争到“格物”之辩:朱陆之争与王湛之辩之比较,潘志锋,广东警官学院,朱陆;王湛;心学;理学;格物;,"朱陆之争与王湛之辩是宋明理学发展史上影响深远的两个学术事件。两次辩论之不同点在于:朱陆之辩发生在心学与理学两个不同的学派之间,王湛之辩发生在心学学派内部;朱陆之辩是心学和理学关于本体论和工夫论的争论,王湛之辩是把本体论和工夫论糅合在""格物""的诠释中纠结在一起了。两次辩论之相同点在于:无论朱陆之争还是王湛之辩,都是中国古代不同历史时期知识分子关于""社会秩序维护与百姓教化方法""的探讨。从理学派与心学派两派间的争论,到心学派内部不同分支间的争论,从""理外心内""到""心与理糅合为一"",王湛之辩可以看作是朱陆之争的延续和深化。",船山学刊,2018-01-30,期刊,B244,102-107,6
89,挑战与回应:儒家传统思想与现代男女平等,姚新中,中国人民大学哲学院,儒学思想;男女平等;儒学复兴;传统与现代;,"我们已经进入到一个新的时代。新时代的特点之一是如何融会贯通中国传统优秀文化并使之成为现代生活中的精神支撑。本文聚焦于儒家传统思想与当代男女平等理念的碰撞,以创造性改造和创新性发展为方法论指导,对儒学传统思想进行梳理和辨析,寻求与现代价值接轨。致力于回应现代性在男女平等问题上对儒学传统的挑战,本文就以下四个方面的问题进行探讨:儒学传统中是否包含有男女平等的思想资源,儒家思想与传统道德的关系是什么,儒学传统如何塑造出特有的家庭关系并能在当今社会家庭生活中持续发挥作用,儒学的创造性发展如何能够促进当代的妇女解放。",船山学刊,2018-01-30,期刊,B222,1-4,4
90,儒家女性思想的转换与现代意义,吴根友,武汉大学哲学院,儒家;女性思想;阴阳平衡;男女有别;解放妇女;,"儒家思想传统中有一些压迫女性的观念,但同时也有一些表达妇女解放思想的观念,如""一阴一阳之谓道""的阴阳平衡观念,而""男女有别""的思想经过现代诠释亦可有利于保护女性。儒家内部也有一些解放妇女的思想急先锋,如李贽等。在当代女性解放的现实运动中,合理吸收儒家的积极的有关女性思想观念,可以丰富当代女性解放的内涵。",船山学刊,2018-01-30,期刊,B222,5-8,4
91,男女平等:儒家传统走向现代和世界的主题,肖巍,清华大学高校德育研究中心,儒家传统;男女平等;女性主义;,"儒家传统与现代男女平等问题既是推动儒家传统文化""创造性转化和创新性发展"",使之能够走向现代和世界的关键课题,也有利于落实中国男女平等,建构女性主义哲学学科,从而促进女性发展与和谐社会建设。在对儒家传统中的封建糟粕进行反思和批评的同时,也可以汲取精华,利用这一传统为男女平等和女性解放提供价值支持。女性和人类解放的路径依据文化不同而不同,继承儒家重视家庭与夫妇之伦的传统,以家庭为基础开辟现代男女平等之道,不失为具有中国特色的女性解放和人类解放之路。",船山学刊,2018-01-30,期刊,B222,9-12,4
92,20世纪马克思主义视阈下船山学研究的汇集与创新——萧萐父、许苏民《王夫之评传》研究,朱迪光,衡阳师范学院船山学研究基地,20世纪;船山学;王夫之评传;,"《王夫之评传》被誉为""用马克思主义解读王船山的集大成者"",其特点如下:首先萧萐父先生集成了自己在船山哲学的本体论、辩证法、认识论和历史哲学诸领域的成果,并且从深度和广度两个方面取得了更多的成就;其次,汇聚了马克思主义船山学研究成果,如全面继承了侯外庐先生的船山学研究成果、对冯友兰、嵇文甫的船山学研究成果有所吸收、在自己以前少有涉及的领域广泛吸收了新时期以来的船山学研究成果等,还吸收了新儒家的船山学研究成果;第三,在继承和吸收他人成果的基础上,对船山哲学的唯物论特性与启蒙思想的阐发等方面都有更精深的阐释;第四,萧萐父先生在船山学研究方面巨大的成就是得益于他的研究方法即注重研究的生发点,重视史料鉴别,学贵涵化融通。",船山学刊,2018-01-30,期刊,B249.2,17-27,11
93,嵇文甫先生对船山学的贡献,王兴国,湖南省社会科学院船山学社,嵇文甫;船山学;贡献;,"本文从三个方面论述嵇文甫对船山学的贡献:在政治思想方面,首先是顺应时代的需要突出宣传其某一方面的思想,其次高度评价船山的民族主义和爱国主义思想,第三首倡对船山政术论思想的研究,第四明确论定船山思想的阶级属性;在哲学思想方面,首先是肯定船山哲学是在宋明道学的基础上加以改造和新发展,其次肯定船山是一位伟大的唯物主义哲学家但有浓厚的唯心主义杂质,第三详述船山哲学的理论成就,第四具体分析其哲学上取得成就的原因;在历史思想方面,首先分析了船山的历史观,其次探讨了船山历史观的性质,第三分析了船山的史学方法论,第四编了《王船山史论选评》。",船山学刊,2018-01-30,期刊,B249.2,28-40,13
94,儒家阴阳男女平等新议,李晨阳,新加坡南洋理工大学国际中国哲学会(ISCP),儒家;男女;阴阳;平等;,"儒家应该面对过去对男女平等方面的缺失,利用其丰富的哲学资源,在摈弃""男尊女卑""和""男主外,女主内""的观念的同时继承""男女有别""的原则,通过对""阴阳""概念做关联性而非性质属性的解读,建立儒家的阴阳和谐、男女平等观。",船山学刊,2018-01-30,期刊,B222,13-16,4
95,王夫之公天下思想的道义论价值图景,赖井洋,广东省韶关学院政治与公共事务管理学院,公天下;道义论;价值图景;,"王夫之公天下思想是特定历史条件的思想结晶,凸显出其""公天下之权""""均天下之田""""任天下之责""的价值主张。王夫之公天下思想是对""天下一家""""王者无外""的""天下大同""思想的赓续与创发,体现他对民主政治的呼唤、生民利益的注重及敢任天下之责的精神追求,具有明显的道义论价值特质。",船山学刊,2018-01-30,期刊,B249.2,41-45,5
96,王夫之公正范畴的内涵解析,李长泰,重庆师范大学马克思主义学院,王夫之;公正;道德;,"王夫之建构了公正道德哲学,他对公正范畴内涵的揭示必""求顺于理""。王夫之对公正范畴的内涵揭示主要从""大公的公正""""合宜的公正""""伦序的公正""三个方面展开,分别具有""理""""事""""合""的指向性。进一步细分,""大公的公正""又可分为""大""""公""""理""三个方面;""合宜的公正""可分为""和""""顺""""平""三个方面;""伦序的公正""则从""序""""位""""差""三个方面展开。",船山学刊,2018-01-30,期刊,B249.2,46-51,6
97,行善去恶论:《太上感应篇》的传统道德智慧,肖群忠,中国人民大学哲学院,《太上感应篇》;行善;去恶;当代启示;,"《太上感应篇》被誉为""古今第一善书"",旨在以因果感应之理与事,劝人为善去恶。一方面要""众善奉行"",另一方面要""诸恶莫作""。主体部分提出了行善去恶的实质主义的道德行为规范,回答了人们应该如何正确行动或者要做一个什么样的人的问题,而在总论和结论部分提出了""善恶报应""的道德制裁理论,回答了人为什么要这么做以及这么做会有什么后果。研究《太上感应篇》的行善去恶论所包含的传统道德智慧,对我们加强当代道德建设具有重要启发意义,这就是我们要用理性自觉、价值信仰和好的制度安排与道德法律化去促进人们行善去恶,这是促进中国社会道德进步的动力与保障机制。",船山学刊,2018-01-30,期刊,B82-092,96-101,6
