1,编后语,本刊编辑部,O,O,"<正>本期《百家评论》""理论经纬度""栏目,谭好哲的《新时代的文艺创作要""无愧于时代""》一文,提出历史进入了新时代,文艺工作也需要重新思考和定位与时代的关系,认为新时代的中国文艺要""无愧于时代"",必须认识和把握新时代的时代特点,积极投身新时代的伟大历史实践,用具有时代精神特质的优秀之作、伟大之作来反映时代生活、回应时代风云、张扬时代精神,塑造时代典型;新时代的文艺必须始终坚持为人民服务的方向;新时代的中国文艺要着眼于建立文化自信、致力于为新时代的伟大",百家评论,2017-12-15,期刊,+,130,1
2,“情”与“镜”——论“中华性”与周德成的诗,李玮,南京师范大学文学院,O,"<正>在中国内陆,我们习惯于在文学中,预设一个具有时间纵深和空间边界的""中国""。该""中国""以历史教育与国别疆域作为经验性的基础,因而,对传统的追溯有着明晰的因果传承线索,对资源的援引有着本土与异邦的区分。以这样的""中国中心主义""观看新加坡的诗作时,我们也往往关注其中非中国的成分,许多有关新加坡文学的评论都强调其中的""异域性"",而较少注意到其中的""中国性"",或者说""中华性""。事实上,新加坡文学,对新加坡的想象,均伴随或者说对照",百家评论,2017-12-15,期刊,I339.072,109-114,6
3,从霍氏文化维度解读《我在中国的童年》中的中美文化表达策略,周嘉敏;何云燕,广西民族大学,O,"<正>一、引言李恩富(1861-1938)是清朝第二批留美幼童之一,毕业于美国耶鲁大学。他才华横溢,在英语文学方面有着惊人的天赋,并多次在演讲、辩论等多种语言文学的比赛中将他超人的语言天赋展现得淋漓尽致。他受波士顿洛斯罗普(Lothrop)出版社之邀,于1887年正式出版了《我在中国的童年》(When I Was A Boy in China),这是华人在美国出版的第一部作品,受到当时美国",百家评论,2017-12-15,期刊,I712.06,125-129,5
4,十字架上的叩问与告白——读王桂林《我的耶路撒冷》,刘燕,北京第二外国语学院跨文化研究院,O,"<正>从异国远方特地来到耶路撒冷的诗人,自然也是一位内心虔诚的朝圣者,一名""我与你""的灵性对话者。当他(她)踏进这个承载厚重历史、意味深长的圣地,踟蹰在耶稣被囚的客西马尼花园,无语地面对着骷髅山上耸立的巨大的十字架,眼泪滴落在犹太人的哭墙上,甚至再次重返耶路撒冷,充满着惊诧、震动、悲悯、困惑、怅惘、反思、忏悔……油然而生的内心颤栗与灵魂拷问,刻骨铭心的追忆、冥思与告白,构成了诗人王桂林的诗集《我的耶路撒冷》的主旨。正如诗人在",百家评论,2017-12-15,期刊,I207.25,17-23,7
5,传信录式的抗战小说——解析张锐强的长篇小说《杜鹃握手》,王万顺,潍坊学院莫言研究中心,O,"<正>纪念抗日战争胜利的小说可谓多矣,张锐强的《杜鹃握手》是其中与众不同的一部。小说围绕着抗战展开,但不止于抗战,它所涉及的历史广度、深度与精度,对真实历史场景的还原与描绘,以及对战争的反思,对人性的触摸,是一般的抗战小说所不能比拟的。然而在轻阅读、浅阅读甚至不阅读(主要是纯文学作品)的时代,这部小说之于有些读者可能不太好读。作家热衷于在由他看来应该属于常识化的历史框架之下,深入揭示详尽的历史细节,尤其是军事方面的专业性书",百家评论,2017-12-15,期刊,I207.42,24-29,6
6,时代巨变中的村庄变迁与乡愁抒写——辰水诗歌论,马春光,河南财经政法大学文化传播学院,O,"<正>诗人辰水是临沂诗群中卓有特色的一位,自2002年以来,辰水的大量诗歌刊发在《天涯》《诗刊》《人民文学》《诗歌月刊》《星星》等国内重要期刊,并于2006年与江非、邰筐等人出版诗合集《我们柒》。2013年4月,辰水的诗集《辰水诗选》出版,标志着辰水十余年写作生涯的一个总结,同时也是一个崭新的起点。凭借《辰水诗选》,辰水获得第三届红高粱诗集奖。《辰水诗选》共收入诗人自2002年来的诗作124首,分",百家评论,2017-12-15,期刊,I207.25,30-35,6
7,回归初心,,青岛市作家协会《诗刊》《山东文学》,O,"<正>时间:2017年11月11日地点:山东省莱州市登海种业会议室一蓝野:各位诗友,大家好!我们主要围绕三个话题展开讨论,首先我和诸位分享一下我对诗歌的看法。《元遗山集》里有济南人、散曲家杜仁杰的序,赞元好问诗文:不使奇字,新之又新;不用晦事,深之又深。但见其巧,不见其拙;但见其易,不见其难。……新诗到了新世纪之后,诗坛颇为喧闹,神怪颇多,有些人在坛子上装神弄鬼还是能蒙住一些观众的。我觉得,往简单、",诗暖人生,高建刚;蓝野;陈亮;杜立明;孙方杰;风言(石运都);刘星元;时培建;张强;徐晓;葛小明;紫藤晴儿(张楠);管清志;马晓康;金小杰,百家评论,I207.25,36-55,20
8,世俗化大潮覆盖下知识分子的丑行与“浪漫”——评《教授之死》,杨新刚,曲阜师范大学文学院,O,"<正>发表过《所谓教授》《所谓大学》《大学潜规则》等长篇小说的史生荣,是一位关注并表现当代高等学校中的知识分子生存状态及命运的作家。他的长篇小说《教授之死》发表于《当代长篇小说选刊》(2014·6),该小说是反映世俗化大潮下当代高等学校中知识分子群体的丑行与""浪漫""的作品。作家在小说中塑造了大学里所谓的""知识分子""群像,呼风唤雨长袖善舞不劳而获独享盛誉恬不知耻的中增长校长、有一定的真才实学",百家评论,2017-12-15,期刊,I207.425,64-73,10
9,历史题材电视剧的新历史主义叙事,周根红,南京财经大学新闻学院,O,"<正>20世纪90年代,我国历史题材电视剧大量涌现,尤其是历史剧中的帝王现象有愈演愈烈之势。对于""帝王剧"",著名作家、金牌编剧朱苏进认为,""就美学价值而言,写一个帝王并不高于写一片落叶。但天下知名度最高的是帝王,知名度最高的城市是首都,于是帝王的相对价值(包括市场价值)就大大升高了。人们眺望天边时,往往看不见大地,看到的总是山峰,英雄就是山峰。是‘看不够’造成了‘写不完’,是消费在促使生产。问题不在帝王",百家评论,2017-12-15,期刊,I207.352;J905,82-87,6
10,新时代的文艺创作要“无愧于时代”,谭好哲,山东大学文艺美学研究中心山东省作家协会,O,"<正>习近平总书记在党的十九大报告中指出,经过长期努力,中国特色社会主义进入了新时代,这是我国发展新的历史方位。基于这一新的历史方位,习近平总书记从中国特色社会主义事业""五位一体""总体布局和新时代发展基本方略的宏观视野和战略高度,对坚定文化自信,推动社会主义文化繁荣兴盛做了内涵丰富的论述和阐发,繁荣发展社会主义文艺构成其中一个重要的方面。认真领会、贯彻报告中关于文化和文艺问题的论述和思想,在新时代的伟大征程中创造文艺的新",百家评论,2017-12-15,期刊,I200,4-7,4
11,以精妙之笔塑造讴歌新时代的英雄,李掖平,山东师范大学文学院山东省作家协会,O,"<正>习近平总书记在党的十九大报告中,庄重地提出了关于""新时代""的伟大构想,号召广大文艺工作者进一步繁荣文艺创作,加强现实题材创作,不断推出讴歌党、讴歌祖国、讴歌人民、讴歌英雄的精品力作。众所周知,在""新时代""蓝图的绘制与完成过程中,文艺是不可或缺的浓墨重彩。因为文艺是一种精神食粮,对提高人们的审美情趣、扩张人们对物质产品的审美要求、引发人们对生存状况的思考、引导人们推己及人关爱世界、从而不断推动社会进步具有重要助推作",百家评论,2017-12-15,期刊,I200,8-10,3
12,洞幽烛微的精神“窥视”——关于秦巴子长篇小说《跟踪记》,王春林,山西大学文学院,O,"<正>或许与秦巴子的诗名太盛有关,他的小说写作在当下中国文坛的关注度显然与他在这一方面所做出的努力并不相符。就我个人有限的视野,迄今为止,秦巴子不仅已有三部长篇小说,而且还在台湾出版了一部名为《塑料子弹》的小说集。三部长篇小说,分别是《身体课》《过客书》以及我们这里要重点讨论的《跟踪记》(载《红岩》杂志2015年第6期)。与那些写作速度惊人的写家相比,秦巴子的小说数量可能的确显得有点寒",百家评论,2017-12-15,期刊,I207.425,56-63,8
13,被施虐的爱与尊严——评孙频中篇小说集《盐》,管季,中山大学中文系,O,"<正>一孙频的这部《盐》,集结了她近年发表的六部中篇小说。作为一名80后女作家,孙频的进步有目共睹,这次她不但继续用""残忍""的洞察力震撼了读者,也回答了人们对于她创作的某些疑问。韩少功曾好奇,孙频""将要写到哪里去""——她对于人的内心世界,尤其是女性那些不为人知的、阴暗的灵魂角落进行反复的侦测,过于集中的题材让她的小说陷入一种奇异的黑暗笼罩之中。",百家评论,2017-12-15,期刊,I207.425,98-102,5
14,卑微生命的心灵史书——评任晓雯长篇小说《好人宋没用》,任艳苓,山东省作家协会文学研究所,O,"<正>2017年8月,70后实力派女作家任晓雯的长篇新作《好人宋没用》出版,讲述了苏北女人宋没用扎根上海的命运起伏及其艰难打拼的人生历程。在日前揭晓的第十七届百花文学奖中,任晓雯凭《浮生》系列小说获得""开放叙事奖""。而长篇《好人宋没用》的创作也正源于此,宋没用正是《浮生》系列里的一个小人物,""两千字意犹未尽,便写成了长篇。""(1)与任晓雯之前的作品《她们》《岛上》等相比,《好人宋没用》的时代观照与思想针砭并未特别",百家评论,2017-12-15,期刊,I207.425,103-108,6
15,论渡也诗歌的家国情怀,陈夫龙,山东师范大学文学院,O,"<正>一家与国是人赖以生存和得以发展的家园,是人的精神根基和灵魂寄托。在中国传统文化中,""家国同构""是一种基本情怀,它以伦理为中心,家是国的雏形,国是扩大的家,家由血缘伦理维系,国靠政治伦理整合。可以说,这种基于一体同构的家国情怀是一个人发自内心的对自己的祖国、民族和人民的刻骨铭心的深情大爱,呈现为一种深层次的文化心理密码。在五千年中华文明发展历程中,家国情怀是传统文化中最宝贵最活",百家评论,2017-12-15,期刊,I207.25,115-119,5
16,陶然小说的悲剧色彩,周美;张清芳,鲁东大学鲁东大学文学院,O,"<正>陶然出生于印尼万隆,16岁回国读书,文革开始后移居香港,在经历两次无奈的放逐和辛酸的移民经历之后,最终扎根于繁华似锦的香港都市。他以亲身经历目睹了世间众多的人情冷暖与世态炎凉,因此其视野不断开阔的同时,犀利的笔触与深厚的文字功力令其于文学创作中成就了一番事业。王庆生在《中国当代文学史》中称陶然""1974年,他的处女作短篇小说《冬夜》发表,此后他勤奋写作,成为70年代之后香港南来作家",百家评论,2017-12-15,期刊,I207.425,120-124,5
17,论新时代文学的道德担当,王寰鹏,山东师范大学体育学院党委,O,"<正>习近平总书记在党的十九大报告中作出了""中国特色社会主义进入了新时代""的重要论断。在此背景下,文学艺术理应与新时代相契合,创作出更多无愧于新时代的优秀作品,更好地服务于人民,其中文学的道德担当是不应排除在外的重要方面。2014年习近平《在文艺座谈会上的讲话》中就曾指出:""我们要通过文艺作品传递真善美,传递向上向善的价值观,引导人们增强道德判断力和道德荣誉感,向往和追求讲道德、尊道德、",百家评论,2017-12-15,期刊,I206.7,11-16,6
18,论中国艺术电影传播的现状及可能——以《路边野餐》作例的考察,董迎春;廖珂,广西民族大学文学院,O,"<正>毕赣作品《路边野餐》于2016年在中国大陆院线进行上映,据艺恩网显示,该电影上映期总共10天,排片1%,累计票房647.4万。《路边野餐》成本约一百多万,因此,总的来说,作为一部弱化戏剧性冲突的小成本艺术电影,《路边野餐》不仅在口碑上收获甚多,包揽众多奖项,并且还有所盈利。因此从某种程度上来说,《路边野餐》在创作和营销上是有成功之处的。然而,除了《路边野餐》,中国电影市场经济环境下的",百家评论,2017-12-15,期刊,J951,74-81,8
19,弦歌一曲唱《孟母》,周爱华,山东艺术学院戏曲学院,O,"<正>2017年10月12日,山东梆子《孟母》在济宁市声远舞台举行国家艺术基金资助项目首演。该剧由刘桂成编剧,孙虹江、吴箫华导演,由济宁市山东梆子剧院演出。没进剧场之前,相信绝大多数观众对于孟母的印象仅仅停留在《三字经》里的12个字:""昔孟母,择邻处;子不学,断机杼。""(1)如何仅凭寥寥数字成就一出大戏,很多观众是带着疑问走进剧场的。演出的结果却出人意料,本以为会很单薄的戏剧情节竟然一波三折,",百家评论,2017-12-15,期刊,J825,88-91,4
20,作为“戏中戏”和“画中画”的《暗恋桃花源》,陈云昊,南京大学文学院,O,"<正>赖声川是台湾舞台剧导演,被称为""亚洲剧院的翘楚"",在八十年代的台湾小剧场运动中扮演了中坚性质的角色。随着意识形态控制的放松和西方先锋戏剧潮流的冲击,台湾开始在戏剧领域重新呼应现代的生活。赖声川可以说为此提供了一个崭新的戏剧形式,其代表作便是《暗恋桃花源》。这部戏剧呈现了赖声川通过图像思维重构戏剧形式的艺术才华,并构成了从早期作品到后期作品的关键性的过渡。人们较少注意到的是,结构这部戏剧的美学灵感其实来源于一种绘画式",百家评论,2017-12-15,期刊,J824,92-97,6
21,卞之琳漫像,孙乐中,O,O,O,百家评论,2017-12-15,期刊,J228.2,2,1
22,卞之琳书法,卞之琳,O,O,O,百家评论,2017-12-15,期刊,J292.2,131,1
23,文化传统与文化自觉——兼论马克思主义文艺理论的学科使命,林雅华,中央党校文史部,O,"<正>《关于实施中华优秀传统文化传承发展工程的意见》自发布以来,就形成了广泛和强劲的社会影响力。从根本上来说,这体现了我们党对于中华文化传统的深度体认,对于自身文化使命、文化担当的深度自觉。在近几十年的发展过程中,我们在经济领域、政治领域、社会领域等不同层面都取得了举世瞩目的成绩。尤其是在当下以信息技术为驱动的崭新时代中,中国为世界贡献了活跃的创新能力与创新人才。当然,在迈向现代文明国家的路途之上,我们也面临着一系列亟需",百家评论,2017-10-15,期刊,I0,4-8,5
24,比较诗学与各种艺术的相互阐发,凌晨光,山东大学文艺美学研究中心,O,"<正>比较诗学是一个以文学理论比较为核心内容的研究领域,既包括不同国家、不同民族诗学的影响研究和平行研究,还包括跨学科、跨文化诗学的比较研究。但其中各种艺术之间的关系研究,文学、绘画、音乐等不同艺术门类之间的相互比较与阐发,一直以来未得到充分的重视(莱辛的《拉奥孔》只是少数例外之一)。产生这种现象的原因值得研究;而在各种艺术相关性研究的实际操作中,哪些是生搬硬套、牵强附会,哪些能够真正互为生发,加深我们对文学艺术特征及规律的",百家评论,2017-10-15,期刊,I0,9-12,4
25,蘩漪形象的悲剧性重审——兼与安娜比较,刘萍,安徽师范大学,O,"<正>《雷雨》中蘩漪形象的""强""势一面历来为人所称道,作者曹禺更以所谓""最‘雷雨的’性格"",生动概括了其性格的极端性和矛盾性:""不是恨便是爱,不是爱便是恨;一切都走向极端,要如电如雷地轰轰地烧一场,中间不容易有一条折衷的路。……她的生命交织着最残酷的爱和最不忍的恨。""1由此出发,蘩漪俨然一个反抗封建礼教、世俗道德,争取个性解放、爱情自由的女强人抑或斗士,相比较众多封建牢笼桎梏中的弱女子而言,",百家评论,2017-10-15,期刊,I106-03,110-115,6
26,世情史、生命史与爱欲史的同构互映——评王跃文的长篇小说《爱历元年》,杨新刚,曲阜师范大学文学院,O,"<正>王跃文发表于《当代》(2014·5-6)的长篇小说《爱历元年》将社会世情的沧桑流变史与个体主体的生命史以及恋情史,编织在一起。小说三史合一,将30多年的社会演进与个体命运遭际相结合,表现了极为丰富的社会生活与个人的情感生活。小说既表现了新时期以来的中国当代社会的脉动流向及潮流,也表现了处在时代演进途中的个体主体的心灵嬗变轨迹。既表现了不以个人意志为转移的浩浩荡荡的时代潮流的客观推",百家评论,2017-10-15,期刊,I207.425,21-30,10
27,生命与自然的讴歌——读孔林散文诗集《诗海星云》,刘焕阳,鲁东大学,O,"<正>文学生态,林林总总,其种类丰富多样,不形于一态;其风格异彩纷呈,不拘于一格;其方法千变万化,不定于一尊。但无论文学的样式、风格、方法多么不同,就其现代性功能的向度来说,都要以舒展生命、提升德性、温润心田、净化灵魂、启迪心智、健全人格为指归。在价值引导、精神引领与审美启迪的文学路向中,通过对时代与生活的关注、生命与自然的讴歌,为守护和建设精神家园增添一缕温暖、一抹绿色,这种关注与讴歌即使是""小",百家评论,2017-10-15,期刊,I207.25,31-35,5
28,论路也诗歌的“内向性”及其诗学精神,丛新强,山东大学文学院,O,"<正>记不得在哪一次访谈中,路也自述写诗是源于生命的需要,可以使自我从自身内部产生一种力量,以抵挡粗陋的外部世界。面对重重矛盾和对立的现实生活,路也的诗歌不是采取直面的方式,也不是采取回避的态度,而是着力于如何让一个异在的世界成为属己的世界。相对于由内而外的写作路数,路也的诗歌具有鲜明的由外而内的路向,呈现出""内向性""的特征。延伸开来,通过""向内转""的主体性展现而使得主客体分裂的世界诗意化,从而显现出表面叙事实则抒情、",百家评论,2017-10-15,期刊,I207.25,36-43,8
29,论李林芳诗集《青箬笠》的生命意识,郭海玉;孙基林,山东大学(威海)山东大学(威海)文化传播学院,O,"<正>继个人诗集《素花襁褓》《艾涧诗草》后,李林芳近期又推出另一本诗集《青箬笠》。这是本记录了李林芳丰富、鲜活的生命意识的诗集。杨守森认为,生命意识是指""具有了意识活动能力的人类,对自我生命存在的感知与体悟,以及在此基础上产生的对人的生命意义的关切与探寻,具体体现为生命体验、生命思考、生命策略与生命关爱等等。""1生命意识恰可以作为我们进入《青箬笠》的重要途径。具体地说,李林芳立足于疼",百家评论,2017-10-15,期刊,I207.25,44-48,5
30,传奇、写实与真实——以2016年中短篇小说为例,徐勇,浙江师范大学人文学院,O,"<正>虽然每年岁末或年初总会涌现名目繁多的年度文学总结与综论,诸如长篇的、中短篇的、散文的,或诗歌的,等等。文学总在一直向前发展。但事实的另一面可能是,在这年复一年的文学演变进程中,有些问题却是始终如一的存在着的,它们此前曾经困扰过作家的创作,今后仍旧可能继续困扰着作家们。就2016年的中短篇小说创作而言,其题材上的一个总的倾向是,现实题材仍旧是作家们的青睐和首选,这也使得另一个话题",百家评论,2017-10-15,期刊,I207.42,49-56,8
31,无欲写作通往力量之爱——朵渔论,刘波,三峡大学文学与传媒学院,O,"<正>在诗集《最后的黑暗》""后记""中,朵渔说他写了这些年,""真的还不知道诗到底是怎么回事"",越写越深感诗歌的不可把握。有读者或许会觉得不可思议,无法理解他何出此言:写的那么好,那么清醒,怎么会不知道""诗到底是怎么回事""呢?我理解朵渔的""困境""。这不是他谦虚,而恰恰是这种""失败""让诗人不至于那么志得意满,那么忘乎所以。多少比朵渔更年轻的诗人都在谈成就,谈胜利,以出全集的大师心态制造文字垃圾,",百家评论,2017-10-15,期刊,I207.25,57-65,9
32,论葛亮《北鸢》的民国想象与古典书写,曾祥金,南京大学中国新文学研究中心,O,"<正>作家葛亮近年来在文坛异军突起,相继出版小说《朱雀》《七声》《谜鸦》《浣熊》等,被评论者称为""当代华语小说界最可期待的作家之一""1。《北鸢》（人民文学出版社,2016年10月）是他的长篇新作,小说将视域投放到波谲云诡又异彩纷呈的民国,力图通过对两个家族历史的勾勒呈现出作者心目中的民国。本文拟从民国想象和古典书写两个方面对《北鸢》进行解读,并对小说中弥漫着的温情主义进行质疑。",百家评论,2017-10-15,期刊,I207.425,92-97,6
33,没有父亲的生活——评林培源的长篇小说《以父之名》,唐小祥,中国人民大学文学院,O,"<正>契诃夫的戏剧处女作就叫《没有父亲的人》(又名《普拉东诺夫》),新生代小说家东西90年代有部名噪一时的小说《没有语言的生活》,无论在主题、题材上,还是在叙事基调与表意策略上,林培源新近出版的《以父之名》都与这两部作品构成潜在的互文性,这是文章标题——""没有父亲的生活""——之由来。与之前的四部长篇(《薄暮》《锦葵》《欢喜城》《南方旅店》)相比,《以父之名》对自我经验的处理,对叙事节奏的把握",百家评论,2017-10-15,期刊,I207.425,98-103,6
34,探寻人心的隐密与幽微——评蔡东小说集《我想要的一天》,毕京贞,山东省作家协会文学研究所,O,"<正>从2003年开始文学创作,在十几年的创作历程中,蔡东并不是一位多产的作家,期间她还因为毕业后步入工作所带来的生活变动,而搁笔停写了四年时间,然而这四年时间并不是荒废虚度的,蔡东曾在访谈中谈到:""我2010年重新开始写的时候,我写的东西跟读书的时候写的不一样,我中断四年之后才开始真正的文学写作。""1的确,用四年的时间沉潜修炼厚积之功,换来一朝薄发之势,当她再次回归文学创作的时候,便让人惊",百家评论,2017-10-15,期刊,I207.42,104-109,6
35,绝望后的快乐——穆旦诗歌的死亡叙述,王艳春,广州涉外经济职业技术学院,O,"<正>一、现实语境中的""活下去""马尔库塞认为,""任何社会批判理论都会遇到一个历史客观性问题"",这个问题包含的价值判断之一便是""人类生活是值得过的,或者可能是和应当是值得过的。""1穆旦诗歌中对""生""与""死""的历史叙述,也包含了这个基本的价值判断。在一个民族灾难深重的历史时期,作为现代的知识分子,必然对民族的命运和前途作历史的思考。而一个首要的问题,便是这块土地上的人民必须——""活下去""。比穆旦创作时期稍早的",百家评论,2017-10-15,期刊,I207.25,116-124,9
36,鲜活的“生命”与社会的“个体”,白玉兰,东华理工大学,O,"<正>《小小十年》是叶永蓁写的一部拟自传体的小说,该书的创作、出版都与鲁迅存在着密切的联系。《鲁迅日记》关于它的记录达11次之多。1929年经鲁迅介绍该书由上海春潮书局出版,并做评论性的序言一篇,即《叶永蓁作〈小小十年〉小引》。时隔不久,中国左翼文学另一个重要作家沈端先也做了一篇关于《小小十年》的评论,发表于《拓荒者》1930年的第1卷第1期上。两篇评论对于《小小十年》的评价极为悬殊,两相",百家评论,2017-10-15,期刊,I207.42,125-129,5
37,故乡的缺席与在场——李云雷乡土小说研讨,张艳梅;李浩;宗利华;盖光;唐长华;王晓梦;尹航;周广花;朱孜莘;王春慧;李文静;王虎;贾舒文;史永欣,山东理工大学文学与新闻传播学院河北师范大学,O,"<正>时间:2017年4月17日晚19:30-22:00地点:山东理工大学文学与新闻传播学院学术报告厅张艳梅:今天我们研讨李云雷的小说。云雷来过我们学校,有的同学可能见过,小说大家都认真阅读了,希望一会儿发言的时候,可以听到很多真知灼见。李浩、宗利华和李云雷都是70后作家,三个人写作各有千秋,风格各异,站在作家的立场,彼此打量,应该有很多话想说。云雷和我、盖光老师、唐老师的共同点是都做当代文",百家评论,2017-10-15,期刊,I207.42,66-77,12
38,编后语,本刊编辑部,O,O,"<正>本期《百家评论》""文本细读""栏目推出刘传霞的《一部充满矛盾冲突的思辨之作》,该文对张炜长篇小说《独药师》的主题意蕴进行了细致解析,认为小说以铭刻胶东半岛文化印记的""独药师""作为切入19世纪末20世纪初中国社会历史激变的原点,把养生与革命、欲望与爱情、中国文化与西方文化等历史矛盾与冲突衍化在胶东半岛大实业家季践的独子、""独药师""第六代传人季左非的个人化心路历程中,在对历史的再叙述中展现了历史的丰富性和矛盾性,呈现了令人颤栗的心灵力度。尽管小说命名",百家评论,2017-10-15,期刊,+,130,1
39,《十四行集》文化生活出版社1949年版封面,,O,O,O,百家评论,2017-10-15,期刊,I226,131,1
40,一部充满矛盾冲突的思辨之作——论张炜长篇小说《独药师》的多重主题意蕴,刘传霞,济南大学文学院,O,"<正>《独药师》是张炜在《你在高原》之后,推出的一部回望家乡胶东半岛近代历史风云的长篇之作。在古代,胶东半岛是中国养生学的发生地,也是养生文化传播与继承之地。在近代,胶东半岛是西方基督教在中国北方最早的登陆地,这里是中西方文化冲突、对峙、交融的最前沿;胶东半岛还是同盟会北方支部的所在地,在这里革命党人与清政府展开激烈的交锋、发生过大规模的会战。小说以铭刻胶东半岛文化印记的""独药师""作为切入19世纪末20世纪初中国社会历史激变",百家评论,2017-10-15,期刊,I207.425,13-20,8
41,现实题材电视剧的类型化整合与创新——《小别离》的主题并蓄之重与叙事节制之轻,李翠芳,南京财经大学新闻学院,O,"<正>随着以消费为主要表征的大众文化的不断渗透,中国电视剧的类型化模式已日臻成熟,各种类型剧已各成气候。类型化的场景、人物和剧情固然能更好表现电视剧的情感谱系和观念塑造,但是,更多的类型剧却各自为据,规格渐小,在现实表现和精神建设方面表现出僵化和禁锢的弊病。在此背景下,改编自作家鲁引弓同名小说的电视剧《小别离》(柠萌影业出品,汪俊执导,何晴编剧,黄磊和海清主演)则以一种具有包容性的主题含量,更为广阔地表现了现代人的情感",百家评论,2017-10-15,期刊,J905,87-91,5
42,留守儿童题材电影的多维透视,曾庆江,上海大学上海电影学院海南师范大学新闻传播与影视学院,O,"<正>随着中国社会以及经济的快速发展,越来越多的青壮年父母从农村走向走入城市,从小城镇走向大都市,从国内走向国外,这就随之产生了一个特殊的未成年人群体——留守儿童。目前我国留守儿童的保守数量当在6000万以上,而且还有进一步增加的趋势。由于城乡经济发展的相对不平衡以及中青年父母面临的各种生活压力,留守儿童在一段时间内难以避免。(而与留守儿童相伴而出现的留守妇女、留守老人也是越来越突出的社会问题,笔者将另行撰文予以分析。)",百家评论,2017-10-15,期刊,J905,78-86,9
43,冯至漫像,孙乐中,O,O,O,百家评论,2017-10-15,期刊,J228.2,2,1
44,编后语,本刊编辑部,O,O,"<正>本期《百家评论》""影像锐视线""栏目推出赵庆超的《日常叙事的隐现与展开》,该文提出新世纪革命历史题材影视剧作为转换和呈现伟大""中国梦""的重要艺术载体,呈现出以日常叙事为""革命中国""审美""赋魅""与""祛魅""的话语新症候。其日常叙事的浮现与展开明显有别于之前的""十七年""、""文革""、新时期相关题材作品中日常生活叙事的""缺席""或边缘化状态,而上承九十年代以来社会市场转型、文化渐趋多元的发展现实,在""后革命""年代隐现出继续""革命""与抵达""世俗""共生的复合性的文化",百家评论,2017-08-15,期刊,+,130,1
45,文学史的新方向,张同胜,兰州大学文学院,O,"<正>文学史不是从来就有的,以后也不会永远存在。19世纪以来,在""民族—国家""(nationstate)意识蓬勃兴起的社会背景中,西方产生了文学史的研究模式,因而民族精神的塑造与国家意识形态的建构便成为了文学史编写不得不肩负的重任。(1)20世纪初,西学东渐,中国成立大学堂,效仿和移植西方大学的学科体系,建立新的教育体制。文学史虽然是西方的一种研究模式,但是西方文学教育中却没有""文学史""这一门课程,",百家评论,2017-08-15,期刊,I109,110-116,7
46,谁来拯救“小生则个”?——艾玛《四季录》论,张丽军;翟佩佩,山东师范大学济南世纪英华学校,O,"<正>小说家只有拥有了相当程度的审美力和创造力,才能让小说虚构的现实世界中蕴含着广阔精深的人、事、物、景,情、理、法等复杂关系网中合理地、应然地发生、发展。山东70后作家艾玛利用自己独特巧妙的艺术把控能力书写、建构现实生活,结合自己深厚广博的文学涵养提炼、虚拟和再造现实世界,这在当今文坛的70后青年作家群里是难能可贵的,值得引起对此有兴趣的当代文学研究者的注意。一《四季录》十多万字,算不上宏幅巨制,但",百家评论,2017-08-15,期刊,I207.42,23-27,5
47,对城市边缘人生存困境的揭示与同情——魏思孝中短篇小说解读,田裕娇,淄博市文联创作室,O,"<正>提到""80后""作家,不少人认为这一代作家是市场的宠儿、是幸运的一代,显然这种认识是不全面的。一些评论家已注意到这一群体内部的复杂构成和分化,青年评论家李德南根据文学生产评价机制把""80后""写作群体分成三类:韩寒、郭敬明等依托""新概念""作文大赛成长起来的偶像作家,南派三叔、唐家三少等完全依赖互联网的网络作家以及坚持把老牌文学期刊作为阵地的坚持传统的青年作家。通过传统文学机制进入读",百家评论,2017-08-15,期刊,I207.42,28-31,4
49,鲁迅与21世纪的中国文学,谭桂林,南京师范大学文学院,O,"<正>时间:2017年5月8日地点:南京师大电教楼101教室参加者:2016级南京师范大学中国现当代文学研究生,部分博士生、博士后谭桂林:同学们,今天的鲁迅专题课换一种方式进行,过去是我主讲,今天改作沙龙形式,大家来讨论,主题是鲁迅与21世纪的中国文学。之所以选择这样一个话题,原因有三,其一,新世纪已经过去快两个十年了,时间不算太短。譬如活跃在整个新时期文学发展过程中的莫言、残",百家评论,2017-08-15,期刊,I210,37-50,14
50,从《黄雀记》的“未完成”看苏童的限制与突破,杨姿,重庆师范大学文学院,O,"<正>从八十年代发表作品开始,苏童一直有意识地与文学自身规律演变进行对话,即便貌似历史潮流之外的写作,也或深或浅地泄露出某种时代症候。和余华、格非等人一样,昔日的先锋身影并不曾因为社会的急速物化、精神的涣散不振,以及文学向生活的不断臣服,而褪色或弱化。相反,先锋本性中的警觉使苏童以另外的方式来观察这个世界变化的真实性和虚幻性,并力图制造新的形式来协调躁动不安的社会乱象与艺术家内心图景的冲突。先锋这种开拓性或尝试性的对世",百家评论,2017-08-15,期刊,I207.42,51-57,7
53,鲁迅与尼采的怨恨之思,张克,深圳职业技术学院人文学院,O,"<正>尼采在《查拉图斯特拉如是说》里有这样的话:""每一种德性对另一种德性都是妒忌的,而嫉妒是一种可怕的东西。种种德性也可能毁于妒忌。谁若为妒忌之火焰所包围,他最后就会像蝎子一样,以毒刺来蛰自己。""(1)尼采此处描述的始于妒忌而终于自蛰的心理轨迹,正是怨恨心灵的运行机制。它肇始于个体的生存竞争,""每一种德性""互相的妒忌恰恰证明""每一种德性""都无可逃遁的有限性。怨恨乃人的有限性之表征,几可视为",百家评论,2017-08-15,期刊,B516.47;I210,117-124,8
54,直抵幽深的时代真相——评刘诗伟长篇小说《南方的秘密》,雷登辉,O,O,"<正>凭借着丰富的阅世经历、深厚的学识修养和对艺术品质的执着追求,2007年重新""归来""的""六零后作家""刘诗伟无疑是当代文坛中一位独具个性特征的思想型小说家。将刘诗伟定性为一位思想型小说家,并不有损他在诗意表达、语言呈现和形象建构上的独特魅力。刘诗伟""归来""后创作了《在时光之外》(2007)、《拯救》(2011)和《南方的秘密》(2016)三部长篇小说,这些小说充满了鲜活的生命体验,融幽默风趣的可读",百家评论,2017-08-15,期刊,I207.425,67-73,7
56,《文艺报》与十七年(1949-1966)的文学批评,胡友峰,山东大学文艺美学研究中心,O,"<正>《文艺报》在十七年文学批评中占据着非常重要的地位。无论是中国当代文学批评范式的建构、批评标准的选择还是批评对象的选择,《文艺报》都参与其中。十七年是中国当代文学一个转折期。那么""转折""具体表现在哪里呢?洪子诚认为:""以延安文学作为主要构成的左翼文学,进入50年代,成为唯一的文学事实;20年代后期开始,左翼文学为选择最理想的文学形态、推进文学的‘一体化’的目标所作的努力,进入一",百家评论,2017-08-15,期刊,I206.7,4-22,19
57,现实主义批判立场的执着——评尤凤伟《命悬一丝》,李涵,南京师范大学文学院,O,"<正>""艺术和社会是从两种不同的对人类经验的分类中引出的分析性观念。""(1)这两者从属于内容相互渗透但并不互相对应的系统结构中,然而以艺术这一话语领域转化、模仿、虚构、重现社会话语领域中的典型事件可能会产生深刻性真实性基础之上的艺术审美价值。因此所谓新闻、报道类等真实发生的事件经过分解、消化、吸收以及再现,成为一部审美性的文学作品,不见得是由于故事素材紧缺或想象力匮乏导致采用新闻报道剪切拼接的方式进",百家评论,2017-08-15,期刊,I207.42,32-36,5
59,中年知识分子的生存向度与可能——评张者的长篇小说《桃夭》,杨新刚,曲阜师范大学文学院,O,"<正>张者的《桃夭》(《当代长篇小说选刊》2015·6)与《桃李》和《桃花》共同构成了其创作的""大学三部曲""系列。张者将《桃夭》定位为知识分子小说,他要表现的是""知识分子本身"",""写的是有思想的读书人,写的是读书人中的知识分子""。(1)与《桃李》和《桃花》不同的是,《桃夭》中的主要人物形象言动的主要空间并不完全在象牙塔之内。与前两部小说相比,人物形象的身份也有较大的差异。小说中的主要人物形象大",百家评论,2017-08-15,期刊,I207.425,58-66,9
61,声情并茂:2016年度中国电影声音艺术分析,张晋辉,西安文理学院艺术学院,O,"<正>2016年度上映的国产影片中,有的是两岸三地协同合作谋求共赢,有的是独立制作,以艺术追求为最高目标;还有的影片属于续作,希冀再创辉煌。这些影片或文艺,或商业,或类型,从各自本体属性上表现出多样的声音特质。下面就2016年度的部分影片声音特色进行分析。一、《百鸟朝凤》之凤管鸾笙吴天明遗作,表现传统文化,第四代导演的正统性,这些因素都给《百鸟朝凤》带来较高的关注度。影片以成语作为题目,讲述老一辈民间",百家评论,2017-08-15,期刊,J905,81-91,11
1,充分发挥文艺在中华优秀传统文化转化与创新中的作用,谭好哲,教育部人文社会科学重点研究基地山东大学文艺美学研究中心,O,"<正>中华民族的伟大复兴需要当代文化的繁荣发展提供精神力量,而当代文化的繁荣发展不能脱离民族固有的文化基因和血脉,必须在继承和发扬中华优秀传统文化的基础上进行,这一点在当代中国已经成为普遍的共识。然而在如何继承和发扬中华优秀传统文化方面,人们的认识以及实际的做法以至成效却各不相同、参差不齐,尚存在不少认识不到位、做得比较差的状况,其中一个比较突出的问题就是没有充分认识并发挥文艺在中华优秀传统文化创造性转化与创新性发展中",百家评论,2018-12-15,期刊,I0-02;G122,4-9,6
2,新时期三大诗学观念得失论衡,胡友峰,山东大学文艺美学研究中心,O,"<正>新时期以来,我国诗学研究在基础理论研究领域取得了许多开拓性的探索,并且形成了不少各具特色的理论形态,其中比较具有代表性的有审美论诗学、主体论诗学和文化论诗学。在这几种诗学形态中审美具有重要的因素,这是诗学摆脱外在的政治束缚后恢复文学的自主性研究所必然选择的一条道路。建国以来的诗学政治化倾向让我们的诗学失去了自己存在的价值和尊严,这可以从当时的文艺学教科书看出端倪。建国以来的诗学研究几乎都是从反映论出发",百家评论,2018-12-15,期刊,I052,10-14,5
2,新时期三大诗学观念得失论衡,胡友峰,山东大学文艺美学研究中心,O,"<正>新时期以来,我国诗学研究在基础理论研究领域取得了许多开拓性的探索,并且形成了不少各具特色的理论形态,其中比较具有代表性的有审美论诗学、主体论诗学和文化论诗学。在这几种诗学形态中审美具有重要的因素,这是诗学摆脱外在的政治束缚后恢复文学的自主性研究所必然选择的一条道路。建国以来的诗学政治化倾向让我们的诗学失去了自己存在的价值和尊严,这可以从当时的文艺学教科书看出端倪。建国以来的诗学研究几乎都是从反映论出发",百家评论,2018-12-15,期刊,I052,10-14,5
3,编后语,本刊编辑部,O,O,"<正>本期""理论经纬度""栏目推出谭好哲的《充分发挥文艺在中华优秀传统文化转化与创新中的作用》,认为随着人类命运共同体的建构日益走向深化,文艺必将在中华优秀文化、包括传统文化的世界传播中占据愈加重要的位置,为增强中国文化的软实力发挥更多更大的作用。胡友峰的《新时期三大诗学观念得失论衡》,指出无论是审美论诗学、主体论诗学还是文化论诗学,都没从文本自身出发,其诗学建构",百家评论,2018-12-15,期刊,+,130,1
4,做好新时代文艺工作需要把握的几个关系,许华,O,O,"<正>近年来,习近平总书记先后在文化工作座谈会、第十次文代会、第九次作代会上发表重要讲话,对做好新时代文化工作提出了具体要求和殷切期望。学习习近平总书记重要讲话精神,深刻体会到,做好新时代文艺工作,有这样几个关系需要深刻把握。一、文艺与时代的关系习近平总书记指出,""文艺是时代前进的号角,最能代表一个时代的风貌,最能引领一个时代的风气"",深刻精辟阐明了文艺与时代的关系。文以载道,就是时代的价值观和精神引领。所有",百家评论,2018-12-15,期刊,I200,15-17,3
5,部族东归的史诗性书写——关于肖亦农长篇小说《穹庐》,王春林,山西大学文学院,O,"<正>近日,在老朋友陈福民的一篇文章中,我读到了这样一些事关英雄的精彩议论文字:""古今中外战史上将星如云,他们因胜利和非凡成就而被铭记。""""然而,也有比较个别的例外,他们是败军之将。但他们并未因为失败而失去被人敬仰和膜拜的机会,甚至相反,他们有可能收获了比战胜他们的人还要高得多的荣誉。如美国南北战争中的南军总司令罗伯特·李,他可能是世界战史上唯一一个打了败仗缴械投降还被尊为民族英雄、并且立了雕像的人。而在中国,也有这样",百家评论,2018-12-15,期刊,I207.425,18-28,11
1,充分发挥文艺在中华优秀传统文化转化与创新中的作用,谭好哲,教育部人文社会科学重点研究基地山东大学文艺美学研究中心,O,"<正>中华民族的伟大复兴需要当代文化的繁荣发展提供精神力量,而当代文化的繁荣发展不能脱离民族固有的文化基因和血脉,必须在继承和发扬中华优秀传统文化的基础上进行,这一点在当代中国已经成为普遍的共识。然而在如何继承和发扬中华优秀传统文化方面,人们的认识以及实际的做法以至成效却各不相同、参差不齐,尚存在不少认识不到位、做得比较差的状况,其中一个比较突出的问题就是没有充分认识并发挥文艺在中华优秀传统文化创造性转化与创新性发展中",百家评论,2018-12-15,期刊,I0-02;G122,4-9,6
2,新时期三大诗学观念得失论衡,胡友峰,山东大学文艺美学研究中心,O,"<正>新时期以来,我国诗学研究在基础理论研究领域取得了许多开拓性的探索,并且形成了不少各具特色的理论形态,其中比较具有代表性的有审美论诗学、主体论诗学和文化论诗学。在这几种诗学形态中审美具有重要的因素,这是诗学摆脱外在的政治束缚后恢复文学的自主性研究所必然选择的一条道路。建国以来的诗学政治化倾向让我们的诗学失去了自己存在的价值和尊严,这可以从当时的文艺学教科书看出端倪。建国以来的诗学研究几乎都是从反映论出发",百家评论,2018-12-15,期刊,I052,10-14,5
3,编后语,本刊编辑部,O,O,"<正>本期""理论经纬度""栏目推出谭好哲的《充分发挥文艺在中华优秀传统文化转化与创新中的作用》,认为随着人类命运共同体的建构日益走向深化,文艺必将在中华优秀文化、包括传统文化的世界传播中占据愈加重要的位置,为增强中国文化的软实力发挥更多更大的作用。胡友峰的《新时期三大诗学观念得失论衡》,指出无论是审美论诗学、主体论诗学还是文化论诗学,都没从文本自身出发,其诗学建构",百家评论,2018-12-15,期刊,+,130,1
4,做好新时代文艺工作需要把握的几个关系,许华,O,O,"<正>近年来,习近平总书记先后在文化工作座谈会、第十次文代会、第九次作代会上发表重要讲话,对做好新时代文化工作提出了具体要求和殷切期望。学习习近平总书记重要讲话精神,深刻体会到,做好新时代文艺工作,有这样几个关系需要深刻把握。一、文艺与时代的关系习近平总书记指出,""文艺是时代前进的号角,最能代表一个时代的风貌,最能引领一个时代的风气"",深刻精辟阐明了文艺与时代的关系。文以载道,就是时代的价值观和精神引领。所有",百家评论,2018-12-15,期刊,I200,15-17,3
5,部族东归的史诗性书写——关于肖亦农长篇小说《穹庐》,王春林,山西大学文学院,O,"<正>近日,在老朋友陈福民的一篇文章中,我读到了这样一些事关英雄的精彩议论文字:""古今中外战史上将星如云,他们因胜利和非凡成就而被铭记。""""然而,也有比较个别的例外,他们是败军之将。但他们并未因为失败而失去被人敬仰和膜拜的机会,甚至相反,他们有可能收获了比战胜他们的人还要高得多的荣誉。如美国南北战争中的南军总司令罗伯特·李,他可能是世界战史上唯一一个打了败仗缴械投降还被尊为民族英雄、并且立了雕像的人。而在中国,也有这样",百家评论,2018-12-15,期刊,I207.425,18-28,11
6,历史巨变下人性的丰厚书写——次仁罗布长篇小说《祭语风中》解读,刘家民,信阳师范学院,O,"<正>藏族作家次仁罗布近年来以出色的小说创作为人们所瞩目。《放生羊》《界》《神授》《罗孜的船夫》《泥淖》《焚》《兽医罗布》《杀手》《尘网》以及新近的《九眼石》(2016)等为我们呈现出了现代社会现实处境下藏族人民丰富的人性世界。概括来看,次仁罗布的人性书写表现为如下几方面。首先是对传统文化下藏族人民灵魂世界的呈现,这方面主要以《放生羊》《界》以及《杀手》等为主要代表。在这些作品中,次仁罗布深",百家评论,2018-12-15,期刊,I207.425,29-40,12
7,冷色调里的意象主张及其反向思维——评黄浩诗歌的艺术特色,卢辉,O,O,"<正>一、冷色调里的诗歌灵性""多么干净的天空,只有落叶在上面作画/金黄色的秋天,驻足在一座寺院的旁边/雨说来就来了,雨伞下藏着危险的事物/雨点在一把剑上跳跃,发出嗡鸣的声音/一场大风穿越旷野,比风孤独的是尘世中的人/屋檐下摇动的风铃,是死去多年魂魄的呐喊""。读黄浩的诗,我们仿佛是被瓷器的冷光""笼罩""着,冷而不寒,古而不旧。是的,黄浩诗歌的""冷"",可以冷到""雨点在一把剑上跳跃,发出嗡鸣的声音"",可以""心",百家评论,2018-12-15,期刊,I207.25,41-46,6
8,活着、沉默与救赎——论风言诗作的人性书写,陈萱,O,O,"<正>2015年春,《时代文学》年度诗人奖给风言的授奖词中写到:""风言用纵横历史与诗的气度,超越性的眼光,诠释出中国诗歌谱系与文化传统中不同的人格范型与生命境遇的意义与价值""。因此不难看出,风言隐身于诗歌背后所呈示出的对于人性、自然、理想及社会、历史等终极命题思考上的责任与担当,他尤擅长于将人性作为切口,在多侧面、多维度的基础上进行更深层次的挖掘,通过诗歌审美的前瞻性,寻找情感、命运与现实的关联点,不断提出人性的在场感和道德",百家评论,2018-12-15,期刊,I207.25,47-51,5
9,长在世界高处的花朵——谢明洲诗歌创作摭谈,高方方,明天出版社,O,"<正>诗歌是长在世界高处的花朵,也是长在内心深处的巨大火焰,它为人们所有无以尽述的情绪提供了一种宣泄的可能。以诗歌的形式,在庸繁碎尘间静下来握笔与心灵对谈,其实是一种大幸,诗人谢明洲无疑是幸运的,他在凡俗中以诗之名找寻到一处栖心之所,而今天,我们这些读到其诗作的人也是幸运的,因为,从他的诗里,我们隔着几段光阴,读到了一位智者、一位长者之于生活的洞见,之于生命的浓深感受力。诗人谢明洲曾说:""我们并没有许诺诗歌的光芒可以照亮",百家评论,2018-12-15,期刊,I207.25,52-55,4
10,乡土中国的透视与成像——关于李佩甫长篇小说《平原客》的讨论,张艳梅;吕逸新;王晓梦;唐长华;李晓伟;山东理工大学文学院研究生;山东理工大学文学院部分本科生,山东理工大学文学院,O,"<正>时间:2017年9月28日晚19:30-22:00地点:山东理工大学文学院二号教学楼210会议室张艳梅:李佩甫的""平原三部曲""《羊的门》《城的灯》《生命册》,为我们带来的是平原大地上小人物的生老病死及命运遭际。最新长篇小说《平原客》以副省长杀妻案为创作背景,在延续平原写作之外,把目光聚焦在由乡而城的""成功人士""身上,揭示复杂的平原精神生态。李佩甫擅长把人当作植物来写,花草植物都是有根的,小说中的人物也是有根的。这些普通人在苦难中",百家评论,2018-12-15,期刊,I207.425,56-64,9
11,“睡美人”式“时间机制”与人的“性与命”的迷思——夏商长篇小说《裸露的亡灵》读解,张灵,中国政法大学人文学院,O,"<正>小说家夏商在某种意义上和莫言、余华有几分的相似,他们在适龄时段都没有像为数不少的同龄人那样受过正规的高等甚至中等教育,但他们作品的构思与内涵远远超出了一般靠丰富的生活经验和扎实的写实内容为特色的经验主义作家作品所通常具有的格局、范式的局限,而具有着极其浓厚且深刻的形而上色彩。夏商这部首发于2001年《花城》、修订重版于2017年的长篇《裸露的亡灵》与他的《标本师》堪称两篇""姊妹花""",百家评论,2018-12-15,期刊,I207.425,80-88,9
12,重现严肃的历史与醇厚的人生——论潘向黎的散文创作,金钰,南京师范大学,O,"<正>自1988年在《散文世界》发表第一篇散文《现状与超越片谈》后,潘向黎走向文坛。初入文坛的潘向黎青涩稚嫩,比较成功的是散文创作,她能够将真挚的内心感受和带有思辨色彩的哲思融为一体,氤氲在其文字中的才气、灵气和书卷气令人惊喜。早期的散文集《红尘白羽》和《局部有时完美》清新脱俗,颇具大家风范,显示出她渊博的学识与深厚的涵养,获得了文坛的一片赞誉。但潘向黎敢于挑战自我,继而投入到小说创",百家评论,2018-12-15,期刊,I207.67,89-96,8
13,现代革命叙事的观念嬗变——论《民的1911》与《血泪黄花》中的武昌起义,毛叶林;丰杰,湘潭大学文学与新闻学院,O,"<正>从1911年陆士谔的《血泪黄花》,到2011年方方的《民的1911》,作家们对武昌起义的叙述已有百年历史。这一百年间,革命历史题材小说的叙事策略和审美风格有着曲折跌宕的变化。《血泪黄花》作为第一部正面反映辛亥革命的小说,其在叙事策略和审美风格上有着怎样的探索?这种探索对于后来的革命题材小说的创作产生了什么影响?而相隔百年后的《民的1911》是否仅仅完成了一次简单的回归?如果不是,那么在历",百家评论,2018-12-15,期刊,I207.42,97-104,8
14,“绵里藏针”与“平实直白”——重评“三家村”兼及建国后杂文的创作倾向,王玉楼,山东大学文学院,O,"<正>""三家村""杂文在新中国杂文史上占有重要地位,尤其邓拓创作的批判性杂文,在建国初期模式化的杂文写作中闯出了一片新的天地,展现了当代杂文对现代杂文""社会批判""与""文明批判""的固有传统的继承。重新审视""三家村""杂文的思想艺术特征,客观辨析其时代局限性对于充分认识当下杂文的创作生态具有重要意义。一经历了百花时代的短暂繁兴之后,潮起潮落的新中国杂文创作再度进入潜吟低流的冰封期。直到1960年9月,中共中央提出""调整、巩固、",百家评论,2018-12-15,期刊,I207.67,105-111,7
15,不爱“红装”爱“武装”——以1949-1976年女性媒介形象为中心的考察,陈莎莎,南京大学中国新文学研究中心,O,"<正>传播媒介是文学活动中不可缺少的要素之一。作为连接文学生产和文学消费的中间纽带,媒介直接参与并深刻影响文学历史活动。自晚清以降,经济与社会的发展,以报刊杂志为主的现代大众传媒登上历史舞台,并对中国社会各领域产生巨大的影响。媒介的指涉是广泛的,书籍、报刊、杂志、绘画、影视等都在媒介的范畴中。在文学领域,文学传播媒介的变革是文学以及文学理论变革最具有革命性的因素之一。大众传媒促发了中国文学生产机制及传播方式的变革,直",百家评论,2018-12-15,期刊,I206.7,112-118,7
16,“对照”作为一种方法——论周李立的小说叙事策略,张雨童,重庆师范大学初等教育学院,O,"<正>周李立作为""80后作家""的代表人物,她的小说代表了显而易见的""80后作家的成熟""。无论是从题材上对小人物群体命运的持续关心,还是在思维深度上对社会、时代和命运的丈量,理科生特有的理性与深沉,让周李立一开始就规避了""80后作家""自诞生起就染上的""自言自语""和""自恋自怜""毛病。而作为这个群体的后起之秀,这让她一出场就在这个群体中足够耀眼。周李立的小说可以说是""80后""的""新写实",百家评论,2018-12-15,期刊,I207.42,119-123,5
17,“规训”与“突围”——评路内长篇小说《慈悲》,段新莉,山东大学文学院山东师范大学文学院,O,"<正>《慈悲》是70后作家路内2015年由人民文学出版社出版的新作,与他之前的""追随三部曲""、《云中人》等作品中汪洋恣肆的青春书写不同,作者以冷静克制的笔触为我们讲述了父辈们在计划经济时代的国营化工厂里悲欢起伏的人生。水生十二岁那年,村子里什么吃的都没有了。水生的爸爸在田里找到了最后一根野胡萝卜,切开了给一家四口吃下去。水生的爸爸说:""再不走,全家饿死在这里了。""水生的妈妈牵着水生,水",百家评论,2018-12-15,期刊,I207.425,124-129,6
18,齐鲁文化基因的现代性激活与传承——鲁剧人物类型论析,李掖平;谷雪婷,山东师范大学山东师范大学传媒学院,O,"<正>作为齐文化和鲁文化的统称,齐鲁文化是孔子的儒家思想和齐国本地文化发展与融合的产物。在时代不断进步的历史长河中,齐鲁文化既秉承了其优秀的文化特质,又能不断呼应社会的进步,将勇猛坚强不屈不挠的进取精神和悲悯仁爱忠厚诚信的伦理道德等人文思想赋予新的时代内涵,渐渐成为民族文化认同的标志。在电视剧创作和制作领域中,鲁剧以鲜明的思想艺术成就赢得了良好的口碑。对此,笔者曾在《人民日报》刊发《鲁剧之花别样红》一文予",百家评论,2018-12-15,期刊,J905,65-72,8
19,论电影《亲爱的》的城乡叙事与伦理书写,李宁,北京师范大学文学院,O,"<正>继2013年在《中国合伙人》中以三兄弟创业史钩沉与书写中国改革开放壮怀激烈的历史进程之后,香港导演陈可辛在2014年的电影《亲爱的》中进一步显示出了其讲述内地现实主义题材的勃勃野心与极强变通能力。影片《亲爱的》根据真实的社会新闻事件改编而成,讲述了婚姻破裂的田文军、鲁晓娟夫妇俩在儿子田鹏被拐后竭尽全力寻找孩子并最终天遂人愿的故事。在这一故事中,失子的田文军与鲁晓娟夫妇、农村妇女李红琴、",百家评论,2018-12-15,期刊,J905,73-79,7
20,穆旦漫像,孙乐中,O,O,O,百家评论,2018-12-15,期刊,J22,2,1
22,编后语,本刊编辑部,O,O,"<正>本期""理论经纬度""栏目推出两篇文章,一是凌晨光的《批评的理论与理论的批评》,论述了文艺学学术批评的可行性与意义,指出文艺学批评作为理论的自反性机制发挥作用的结果,体现了文艺学理论的建构性体制的合理性和正确性;一是胡友峰的《诗歌传播与文学政治》,细致地考察论析了《诗刊》的发展与政治话语的关联,认为《诗刊》作为时代的号角,其创立、传播、编撰、自我定位、接受、终止、复刊等诸多环节都呼应着相应文艺政策下社会语境的变化。""影像锐视线""栏目推出刘强的《后现代主",百家评论,2018-10-15,期刊,+,130,1
23,批评的理论与理论的批评——兼论文艺学学术批评的可行性与意义,凌晨光,山东大学文艺美学研究中心,O,"<正>从词源学上讲,西方语言中的""批评""有""分析""、""评判""之义,而批评的对象可以是周围世界的所有事物包括人本身,批评行为及批评结果的话语表达则体现了批评主体的思想观念、认识方式和情感态度。作为人类总体社会生活的有机组成部分,批评是一种重要的社会活动,而当批评对象专注于""文本"",或者以文本破译的方式对待批评对象的时候,我们就是在从事人文科学的活动,也就是从这个意义上,美国当代学者弗雷德里克·詹姆逊(Fredric Jameson,1934-,",百家评论,2018-10-15,期刊,I06,4-8,5
24,“五四”文学现代性下的“启蒙”追求——论废名文学“现代性”的真正“起点”,武斌斌,太原师范学院文学院,O,"<正>中国现当代文学研究尤其是作家作品研究很容易陷入""整体性思维""研究的误区。以废名为例,""废名研究热""始于上世纪80年代初,刚刚从""文革""思想管制中走出来的现代文学研究者,急需摆脱意识形态话语、阶级理论话语等僵化的思维方式而寻找到与""世界文学""相对接的正确方式,在此情形下,废名便在""审美现代性""的""追认""过程中受封为了""京派文学""的""鼻祖""~①。但事实上,这种简约化的""整体性思维""既无法",百家评论,2018-10-15,期刊,I712.074,112-118,7
25,文学如何书写“小时代”国民的灵魂,刘玉栋;张丽军,山东省作家协会山东师范大学文学院,O,"<正>时间:2018年8月26日上午10点。地点:山东书城二楼。张丽军:我记得巴金说,我的作品就是写给听众的。这几年来,刘玉栋是中国70后作家的领军性的人物。其实我们谈起来,特别是山东文学,我个人认为山东文学是非常厚重、磅礴、大气的,我们称为""文学鲁军"",这是一支强大的军团,是一个崛起的群体。那么在1980年代出现了一批优秀作家,像我们所熟悉的张炜,像我们知道的莫言、刘玉堂、尤凤伟等一批非常有名的作家群体,都驰骋于中国当代文学的文坛。",百家评论,2018-10-15,期刊,I207.42,45-55,11
26,严肃的态度与概念化书写——七堇年创作论,顾宇玥;李玮,南京师范大学文学院,O,"<正>近日,七堇年推出了最新的长篇——《无梦之境》,英文译名为""The eye phone age"",再转译为中文则是""眼机时代"",科幻味十足。也正如其英文译名所揭示的一样,这部小说将背景架构在了未来""反乌托邦""的时代,看来七堇年正尝试一种全新的创作风格。从成名作《被窝是青春的坟墓》到第一部长篇《大地之灯》,再到最新的《无梦之境》,她似乎一直在寻求一种转变。那么,七堇年究竟有没有完成自己青春阶",百家评论,2018-10-15,期刊,I207.42,119-123,5
27,众生世相的另类言说——论黄孝阳“众生”系列小说的先锋性,石立燕,山东大学文学院山东师范大学文学院,O,"<正>在""70后""作家群中,黄孝阳的创作风格是比较独特的。他在小说创作中有着非常充沛的探索热情,几乎每一部小说的讲述方式都能带上与传统叙事不同的""异质""。在他看来,""传统虽好,已然匮乏。""~①《人间世》将幻想的檌城与现实的世界作为两条平行的线索,以互文的方式完成罪与罚主题的讲述。《旅人书》则虚构了七十座城池,旅人穿行于形形色色的城池之间,小说带上了百科全书式的意味。《乱世》则一反《旅人书》",百家评论,2018-10-15,期刊,I207.42,124-129,6
28,《人生》中国青年出版社,,O,O,O,1982年版封面,,百家评论,I247,131,1
29,诗歌传播与文学政治——论《诗刊》的发展与政治话语的关联,胡友峰,山东大学文艺美学研究中心,O,"<正>《诗刊》在中国当代文学史上占据了重要的地位。无论是《诗刊》上发表的作品,还是通过《诗刊》而获得身份认同的诗人,《诗刊》对于当代诗歌的发展和传播无疑具有非常重要的作用。对《诗刊》进行研究,可以拓宽当代文学期刊史的研究,可以从制度和细节等方面观察当代诗歌的发展脉络,还能够揭示在特定年代的诗歌话语与政治话语之间的相互关系。目前对《诗刊》研究的学术著作较少,论文也有限,很少有把《诗刊》的""当代诗歌""发展",百家评论,2018-10-15,期刊,I207.25,9-21,13
30,“梨树镇”与孤独者的诗学——阿华诗歌论,马春光,河南财经政法大学文化传播学院,O,"<正>2014年秋的济南,在山东省作家协会诗歌委员会的年会上,阿华作为诗人代表发言。这是我第一次见到阿华,她显然是不善言辞的,略显紧张地用胶东话讲述她近年来的创作。自然,我并没有听懂。但这并不妨碍我对她诗歌的阅读、判断与欣赏。近几年,阿华迎来她诗歌写作的收获期,参加《诗刊》社举办的第25届""青春诗会"",成为山东省作家协会签约作家,显示了阿华硬实的创作成绩。阿华的作品主要收录在《香蒲记》~①",百家评论,2018-10-15,期刊,I207.25,22-27,6
31,"在逃离中寻找,一个游子的精神游牧与还乡",闫克振,首都师范大学文学院,O,"<正>霍金在采访中回答记者说,让他最为感动的事,大概是""遥远的相似性""。比如量子力学的量子纠缠,两个粒子经过彼此耦合之后,相距再遥远,其中一个粒子受干扰发生变化,顺时地,遥远空间外另一个粒子也会发生变化。人与故乡的关系和最时髦的科学论证不谋而合,一个游子无论离开故乡有多远、时间有多久,一种与故乡的感应的能力却从来不会丧失。相反,距离和时间某种程度上是和乡愁成正比的,离得越远、走得越久,那个召唤的声音愈加清晰,那",百家评论,2018-10-15,期刊,I207.25,28-32,5
32,“在场·锐见”——关于雷平阳《击壤歌》的研讨,张艳梅;杨剑龙;王达敏;陈亮;杜立明;王晓梦;唐长华;李晓伟,山东理工大学文学与新闻传播学院上海师范大学安徽大学《诗探索》《山东文学》,O,"<正>时间:2017年11月16日19:30——21:30。地点:山东理工大学文学院二号教学楼210会议室。张艳梅:今天的""在场·锐见""活动,研讨雷平阳最新诗集《击壤歌》。之前大家全面系统阅读了雷平阳诗歌,应该都有很多话想说,按照惯例,还是同学们先说,之后请专家点评指导。尹航:我的发言题目是""《击壤歌》的形和神""。""击壤""二字,代表的是微观的一瞬间,见力见神。雷平阳在访谈节目""单读""中推荐了史蒂文森的《坛子轶事》,并提到这本诗集提醒诗人,所谓的口语诗,所谓的写日常性的生活,一定要写出人性、神性,至少要写出彼岸与来生。雷平",百家评论,2018-10-15,期刊,I207.25,33-44,12
33,历史的画面与声音:从《丰乳肥臀》到《檀香刑》,张志忠,首都师范大学文学院,O,"<正>我们讨论过莫言直面现实的创作,如何从新闻报道和社会现象中发现创作的素材,并且将其文学化。莫言针对现实社会问题做出迅速反应的作品,如《十三步》,表现1980年代后期中小学教师的生存困境;《红树林》,揭示官场腐败,权力、金钱和欲望如何毁灭人们的灵魂;《四十一炮》,鞭笞乡村社会在市场化时代的蜕变,农民怎样靠卖注水猪肉暴富。这样,莫言就从各个层面上,对社会现实中的种种丑陋现象,予以尖锐",百家评论,2018-10-15,期刊,I207.42,84-97,14
34,《魔庄》:一个村庄的中国叙事,汤天勇,黄冈师范学院文学院,O,"<正>荒湖将其长篇小说命名为《魔庄》,用意显然不是为了博取读者眼球或出于商业性考虑,也非营造陌生化效果有意为之的修辞。题名亦是一种语言符号,除了参与小说文本共筑主旨及整体完型外,自身也具有能指与所指的结构性功能。""庄"",意指""村庄"",""村庄""是小说发生的地理空间,甚或指称小说的叙述对象。颇具魅惑性的是""庄""的修饰语或者说限定语""魔""。""魔"",根据任继愈主编《佛教大辞典》解释道:鬼神名。梵文Mara音译""魔罗""之略称,意译""能夺命者""、",百家评论,2018-10-15,期刊,I207.425,98-104,7
35,现代觉醒者“呐喊”与“彷徨”的寓言——也论《狂人日记》,龙永干,湖南第一师范学院文学与新闻传播学院,O,"<正>《狂人日记》自1918年5月于《新青年》第4卷第5号发表至今,已经整整100年。作为新文学的开篇之作,它一直都是文学史与鲁迅研究的焦点乃至难点。从主题的发掘到形象的阐释,从表现手法的探讨到语言风格的论析,从手稿的整理到版本的校勘,从译介传播的梳理到接受史的研究……可说是无所不包、无所不至。阐释是一循环推进之过程。《狂人日记》作为新文学的经典,依然有着极为强大的吸引力,它召唤着读",百家评论,2018-10-15,期刊,I210.6,105-111,7
36,“微”时代下“微”舞评的发展与传播,孟梦;张顺,山东艺术学院舞蹈学院中国艺术研究院,O,"<正>在漫长的人类文明发展历史中,舞蹈作为一种以人体为物质载体的艺术门类经历了多次变革,并完成了从感性到理性的蜕变。舞蹈艺术不再单纯使用肢体语言来表现,成为了具有理论支持的艺术形式。早在先秦时期,作为诗乐舞合一的中国古代乐舞探讨就已达到了一个高潮,产生了许多饱含中国传统智慧的思考。新中国成立后,舞蹈理论建设进入了新的发展进程中。随着理论体系的逐渐完善,舞蹈评论也获得了更多的的视角和样式。",百家评论,2018-10-15,期刊,J705;G206,70-76,7
37,信息时代齐鲁民间音乐传播生态的“自觉式”文化建构——以国家非物质文化遗产菏泽弦索乐为例,张慧敏,齐鲁师范学院音乐学院,O,"<正>日常生活中,我们的每一个言行都会产生信息,甚至在人们睡着后也贡献着最基本的睡觉记录。因此信息一直都在,如今随着计算机、电子、通信和网络技术的发展,这些数据越来越影响我们的生活。早在上个世纪八十年代初期未来学家阿尔温·托夫勒就在《第三次浪潮》提出,人类将在经历了农业化浪潮和工业化浪潮之后即将迎来信息化浪潮。而计算机学家尼古拉·尼葛洛庞帝在《数字化生存》中更进一步指出:数字化决定我们的生存。互联网技术的发展对社会各种业",百家评论,2018-10-15,期刊,J605;G206,77-83,7
38,后现代主义理论视阈下的电影批评——以《海边的曼彻斯特》为例,刘强;李婧,山东艺术学院传媒学院影视学系,O,"<正>后现代主义源于20世纪60年代,是一种西方社会步入后工业时代的文化产物,是西方思想家对于发达资本主义社会以及文化状况的一种体验和认识。后现代主义是对西方现代社会的批判和反思,也是对西方近现代哲学的批判和继承,是在批判和反省西方社会、哲学、科技和理性中形成的一股文化思潮。""后现代是属于现代的一个组成部分,要想成为现代作品,必须具有后现代性。因此,后现代并不是现代主义的末期,而",百家评论,2018-10-15,期刊,J905,56-63,8
39,“战斗”思维影响下的近年电视剧创作,贺彩虹,山东师范大学传媒学院,O,"<正>纵观近年来的国产电视剧,虽然题材多样,异彩纷呈,但其中""战斗""思维的影响可谓愈演愈烈,渐渐形成一股风潮席卷到多个题材和类型领域,使得一浪高过一浪的""战斗剧""以强劲的势头占据着荧屏主流。这其中既包括传统意义上的战争剧,如《历史的天空》(2004)、《亮剑》(2006)等,也包括表现家族风云及商业谋略的商战剧,如《大宅门》(2001)、《大染坊》(2002)、《乔家大院》(2006年)等,还有表现特殊历史时期",百家评论,2018-10-15,期刊,J904,64-69,6
40,路遥漫像,孙乐中,O,O,O,百家评论,2018-10-15,期刊,J22,2,1
41,论文艺价值之伟力,蔡毅,云南省文艺评论家协会,O,"<正>一、引论力是世界万事万物间一种相互吸引、相互作用和运动变化的状态与特征。17世纪牛顿提出的""万有引力""理论,首次揭示了自然界中一种最基本最普遍的相互作用规律,在人类认识自然的历史上树立起一座里程碑。它的发现,是自然科学最伟大的成果之一,使经典力学形成系统的理论,同时也广泛辐射和影响到所有的哲学社会科学。文学艺术中涉及的力很多,人们常爱说作家、艺术家具有想象力、理解力、概括力、表现力和",百家评论,2018-08-15,期刊,I0-02,4-10,7
42,改革开放以来文艺批评面面观,李彦姝,教育部社科中心,O,"<正>改革开放以来,中国文艺批评事业取得长足进步,其中学院派批评与媒体批评齐头并进。学院派批评追求精英品格,凸显工匠精神,逐步走向学理化、规范化;媒体批评紧跟时代步伐,短小精悍,语风犀利,即时直面新现象新问题。两者既各具特色,又相互补益,在改革开放以来的文学语境中发挥了重要作用。改革开放以来的文艺批评也存在一些紧迫问题,只有克服这些问题,新时代的文艺批评才能再上新台阶,文学事业才能再攀新高峰。",百家评论,2018-08-15,期刊,I206.7;J05,11-15,5
43,信息化时代的文学生存,贺仲明;李珍妮;蔡杨淇;雅莉;马思钰;张欢,暨南大学文学院,O,"<正>会议时间:2018年4月28日。会议地点:暨南大学第一文科类203B室。一、信息化时代对文学的冲击和影响贺仲明:在当前,信息化时代下的文学生存是得到很多关注的一个话题。去年的第三届中国当代文学南京论坛的会议主题与这个话题有非常密切的关联,会议上很多人都谈到了高速发展的信息时代对文学多方面的冲击,有的方面甚至可以说是根本性的冲击。比如现在人的情感表现方",百家评论,2018-08-15,期刊,I02,58-73,16
44,编后语,本刊编辑部,O,O,"<正>本期""理论经纬度""栏目推出李彦姝的《改革开放以来文艺批评面面观》,该文肯定了改革开放以来中国文艺批评事业取得的成绩,细致地辨析了""学院派批评""和""媒体批评""的长处与短板,提出新时代文艺批评家应恪守职业操守,坚持客观公正的评判标准,继续为社会主义文艺事业的繁荣添砖加瓦。""文本细读""栏目推出郭帅的《张炜的乡土中国现代化辨析》,认为张炜的长篇小说《艾约堡秘史》通过巧妙的对冲型叙事结构,表现了知识分子与乡土本位相结合,共同抵制强势资本侵入乡土传统的理想,",百家评论,2018-08-15,期刊,+,130,1
45,《李有才板话》人民文学出版社,,O,O,O,1949年版封面,,百家评论,+,131,1
46,面向虚无的逃亡——关于鲁敏的《奔月》,徐勇,浙江师范大学人文学院,O,"<正>鲁敏的《奔月》(2017)让人想起几年前王安忆的长篇小说《匿名》,都是针对现实日常来重新陌生化的美学努力,都是力图在现实日常之外的另一陌生时空重新安置个人而最终不可得的象征。但两部小说给人的感受,却是截然不同的。如果说《匿名》给人以滞重和凝涩的话,《奔月》带给读者的则可能是反讽和荒谬。王安忆的小说让人觉得还复来的不可能,而鲁敏的《奔月》却让人感到生活处处同质化,逃无可逃,乃至无处可逃。她此前的小说虽然总是表现出针对现实的",百家评论,2018-08-15,期刊,I207.42,16-20,5
47,张炜的乡土中国现代化辨析——《艾约堡秘史》的一种解读,郭帅,西南大学文学院,O,"<正>从某种程度上说,莫言获得诺奖作为""事件"",成为了乡土中国""历史叙事""的一个顶点,标志着中国乡土文学被纳入了世界文学现代性谱系之中。我们也许能够隐约地感受到,在此事件之后,许多中国作家在有意压抑着乡土中国的历史化探索冲动,在躲闪着莫言制造的""影响的焦虑""。这种压抑和躲闪,刺激着乡土中国叙事资源和叙事方式的转变,也促使学界重新估量乡土文学史的格局和未来。尤其伴随着近几年共和国现代化进程的跃进式想象和诉求,如何建构乃至重建乡",百家评论,2018-08-15,期刊,I207.42,21-29,9
48,“消逝”的乡村与“模糊”的城市——2017年河南中短篇小说的一个侧面,徐洪军,信阳师范学院文学院,O,"<正>对于河南小说创作而言,2017年依然是值得关注的一年。在这一年,河南作家发表出版了七部长篇小说,分别是李佩甫的《平原客》(《花城》第3期,花城出版社)、乔叶的《藏珠记》(《十月·长篇小说》第3期,作家出版社)、阎连科的《速求共眠》(《收获·长篇专号》夏卷)、梁鸿的《梁光正的光荣梦想》(《当代》第5期,人民文学出版社出版时改名为《梁光正的光》)、刘震云的《吃瓜时代的儿女们》(长江文艺出版社)、",百家评论,2018-08-15,期刊,I207.427,87-94,8
49,"一场愁梦酒醒时,斜阳却照深深院——解读付秀莹《陌上》",王冰冰,浙江师范大学人文学院,O,"<正>付秀莹写小说,却总有着诗词的情韵,尤其是她那些精致的中短篇,犹如一个声情并茂、工整精妙的诗词世界。她文字的含蓄、节制、内敛,其中流淌出的诗意与情韵,古意盎然,与同样学院派出身的作家格非有几分相似——都是用唐诗宋词打了底子的。而她对于世态人情的精细描摹,对风花雪月的沉沦耽溺,又明显在师法或曰致敬《红楼梦》。她的故事,往往都是以华北平原上一个小村落——芳村——作为背景与舞台,以此铺陈人世百态,刻绘儿女情长。可以说""芳村""",百家评论,2018-08-15,期刊,I207.42,95-101,7
50,了解胡风世界的新窗口——胡风研究中的“日本因子”论析,白玉兰,东华理工大学,O,"<正>胡风研究既是一个老的课题又是一个新的课题,""老""表现在胡风研究很早就进入了研究者的视野,也作出了很多有价值的成果。""新""表现在研究者都聚焦在了胡风思想的研究上,其中""主观战斗精神""、""精神奴役创伤""、""现实主义文学""等方面的文章居多,而研究胡风与日本关系的成果却非常少,即使有文章论及,也都是附带提及,基本没有专门的这方面的较成熟的研究成果。在一些最基础的研究上也存在不少遗憾,例如胡风的生平研究里面关于他的留日生活,",百家评论,2018-08-15,期刊,I206.6,112-120,9
51,问天下头颅有几?——宋长征散文解读,耿立,广东省科技干部学院,O,"<正>题记一:""我在乡下的时空穿梭,写作像每天不可或缺的饮食,而记忆会因为某个小小的事物瞬间复活。""《秫秸以及秫秸梃子的延伸》题记二:我并非把自己看成一个异类,种田,理发,写作,三点一线,没有丝毫冲突。只是有时想起从前,难免也会黯然神伤,下海捕鱼,上山采石,在水泥厂粉尘弥漫的车间劳作,感觉胸口像堵住了一块大石。薄薄的苦瓜片蘸上蜂蜜,有入口即化的感觉,让人嗓子眼一哽,有文学深处苦难的意蕴。",百家评论,2018-08-15,期刊,I207.67,51-57,7
52,“学术的根本就是追求真理”——朱德发教授访谈实录,朱德发;张丽军,O,O,"<正>一、我的童年与少年张丽军:朱老师好!您是我们敬仰的学者,我们多次聆听您的教诲,我们对您的童年生活与成长经历很感兴趣。童年是一个人最重要的生命时期。生命中最重要、最核心的东西,都可以从童年生活中找到相应的线索。请谈谈您的童年,以及童年生活对您一生成长的影响。朱德发:我之前还没思考过这些。原来我想写个自叙,把自己的经历写一写。但是我又觉得",百家评论,2018-08-15,期刊,I206;K825.6,30-45,16
53,师范教育背景与从教经历对老舍文学创作的影响,杨新刚,曲阜师范大学文学院,O,"<正>老舍先生在1934年所作的《我的创作经验谈——在市立中学之讲演》与《我创作经验（讲演稿）》都强调了其师范学校教育背景,""中学时期,我是学师范的,那时我偏重教育和语文。""1""我的中学是师范学校。师范学校的功课虽与中学差不多,可是多少偏重教育与国文。""2可见,师范教育经历在老舍心中占有相当重要的地位。一、师范教育对老舍早期文化人格形成的重大影响老舍自幼因家贫曾经面临失学的困境,在好",百家评论,2018-08-15,期刊,I206,102-111,10
54,重读赵树理长篇小说《三里湾》,孙涛,山东大学文学院山东省作家协会文学研究所,O,"<正>《三里湾》是作家赵树理在1953-1954年间创作的一部长篇小说,也是我国第一部反映农业合作化运动的长篇。从1955年1月开始,这部小说在《人民文学》上连载,后出单行本。当时的情况是,《三里湾》一经面世,便深受欢迎,不仅印刷量巨大,而且一版再版,在1950年代文坛上产生了非常巨大的影响。1时过境迁,半个多世纪过去了,《三里湾》所书写的那段合作化的历史已经成为过往,当时代的文化语境与读者的接",百家评论,2018-08-15,期刊,I207.425,121-129,9
55,醇厚的乡情从大地溢出——读《地气——厉彦林散文选》,何中华,山东大学哲学与社会发展学院,O,"<正>厉彦林兄的作品集《地气——厉彦林散文选》,最近已由人民出版社出版发行。全书除了序和跋之外,由68篇华章组成,按大致的主题分为了四辑,即""乡情如酒""、""亲情暖心""、""真情在胸""和""家国情深""。于文学我纯属外行,对《地气》的审美价值,不敢妄评,无缘置喙,那是评论家的事。在此仅就这部作品的思想意义,略抒己见,以就教于方家。通读大作,给我的一个强烈感受是,这是一部以怀乡为主题的诗意化的散文作品,浓缩并体",百家评论,2018-08-15,期刊,I207.67,46-50,5
56,藏地纪录片《第三极》和《极地》创作方法比较研究,任晓菲;柴焰,中国海洋大学文学与新闻传播学院,O,"<正>一直以来,西藏因其得天独厚的自然风貌和极具特色的民族文化吸引着国内外众多纪录片人的目光。自1903年开始,就已经有西方人在西藏从事纪录电影的摄制。2015年,为了庆祝西藏自治区成立50周年,中央电视台曾海若团队创作纪录片《第三极》,并以其精美的画质和极佳的视听体验,成为继《舌尖上的中国》之后的又一部""全民""纪录片。2017年,曾海若作为监制身份,联合程工导演再度创作纪录片《极地》,两部作品",百家评论,2018-08-15,期刊,J952,80-86,7
57,时间·空间·女性——章家瑞云南系列影片中的时空隐喻,曾庆江,上海大学新闻传播学院海南师范大学新闻传播与影视学院,O,"<正>当地域性和民族性越来越成为影视突围的标签时,反思章家瑞的云南系列作品有着重要的启示意义。作为具有强烈民族特色的导演,章家瑞的电影作品是我们进入少数民族文化的一扇窗,能为我们提供少数民族地区尤其是他所格外关注的云南地区的种种猜想。当彩色胶片与彩云之南相互碰撞,总能撞击出无数的火花,如果说带有云南印记的影片是这火花中的绚丽奇葩,而影片中的女性是奇葩中最精华的分子,那么章家瑞无疑就是培育和浇灌这朵奇葩的辛勤园丁。",百家评论,2018-08-15,期刊,J905,74-79,6
58,赵树理漫像,孙乐中,O,O,O,百家评论,2018-08-15,期刊,J22,2,1
59,关于“强制阐释论”的研讨,谭好哲;韩筱蓁;孟骋;李燕;米华;孙萃英;庄守平;任群;于洋;李晶晶;黄若愚;王秀香,山东大学文艺美学研究中心山东大学文学院,O,"<正>谭好哲:同学们,今天我们来讨论一个近期文艺理论研究中的热点话题:""强制阐释""。""强制阐释""现象在中国当代文论发展史上由来已久,从20世纪40年代开始到文革结束的十几年,苏联文论模式即以强势阐释的姿态深刻影响着中国文艺理论建构进程,十七年时期文学理论明显地呈现为文艺为政治服务。新时期以来,国门洞开,放眼世界,西方文论的涌入在纠偏的同时也逐步走向矫枉过正。杨杰把西方文论对中国学界强制",百家评论,2018-06-15,期刊,I0-02,47-65,19
60,编后语,本刊编辑部,O,O,"<正>本期""影像锐视线""栏目推出两篇文章,一是李掖平的《反抗的寓言和绝望的隐喻》,该文从主题意蕴、艺术表达等层面细致解读了影片《侏儒流氓》,认为影片通过展现作为世界秩序化缩影的教养院对侏儒的禁锢压迫,以及侏儒毫无理性的疯狂反抗,对社会的荒诞与阴冷进行了寓言化的表述和隐喻,表露出导演赫尔佐格对德国历史和社会现状的深切忧虑以及独特见解。这种寓言化和隐喻象征的手法,为世界电影的现代性艺术表达提供了有益借鉴。一是周根红的《电视剧的海外传播与跨文化叙事能力提",百家评论,2018-06-15,期刊,+,130,1
61,如何讲述当代中国的神奇故事——与李建军论莫言与诺奖,张志忠,首都师范大学文学院,O,"<正>莫言荣获诺贝尔文学奖之后,争议和批评之声非常热闹,却很少看到学理性的论辩和回应。这对于澄清事实、澄明理论显然是大为不利的。中国大陆最猛烈的批判,则是出自当下最为活跃的批评家之一李建军先生。李建军言之凿凿地说,莫言的获奖,很大程度上,是""诺奖""评委根据""象征性文本""误读的结果,——他们从莫言的作品里看到的,是符合自己想象的""中国""、""中国人""和""中国文化"",而不是真正的""中国""、""中国人""和""中国文化"",当然也不是真正的""中",百家评论,2018-06-15,期刊,I207.42,4-16,13
62,幽魂叙事与社会发展原罪诘问——评孙惠芬长篇小说《后上塘书》,王春林,山西大学文学院,O,"<正>在2014年,有两部优秀的长篇小说与作家对于幽魂叙事手段的有效征用密切相关,一部是雪漠的《野狐岭》,另一部,就是孙惠芬的《后上塘书》(载《人民文学》2014年第11期)。我们都知道,早在2004年,孙惠芬就曾经写过一部名为《上塘书》的长篇小说。正因为先有十年前的《上塘书》,所以也才有了现在的这部《后上塘书》。二者之间一种承接关系的存在,是显而易见的。关键在于,二者之间存在着的,究竟是",百家评论,2018-06-15,期刊,I207.425,17-24,8
63,《我的名字叫王村》的乡村想象,张连义,江苏理工学院人文学院,O,"<正>范小青的长篇小说《我的名字叫王村》以对王村原始风景的呈现显示出作家直面现实的勇气,而乌托邦的营造则以对农村城市化的排斥显示出对现实的无奈之后的退却。一进一退之间,作家作为知识分子的良知及其在市场经济尤其社会变革时期的无奈展示的淋漓尽致,也为我们分析农民文化以及知识分子的心理提供了很好的范例。一《我的名字叫王村》的故事其实很简单,就是讲大王乡小王村一个得了精神病的人被家人遗弃后,家人受不住良心的谴责而又寻找他的故事。",百家评论,2018-06-15,期刊,I207.425,25-31,7
64,澡雪精神与平凡叙事,李美皆,空军指挥学院科研部,O,"<正>赵德发在《乾道坤道》后记中说,在传统文化中获得创作资源,用长篇小说表现传统文化在今天的存在状态,是他多年来的追求。这应该是他创作儒、道、释传统文化三部曲的初衷。《君子梦》反映了儒家文化近百年来在农村的传承流变,《双手合十》描写的是当代汉传佛教文化景观,《乾道坤道》则刻画了一个当代道士群体,表现中国道教在今天的际遇和嬗变。三部曲中,我们最欣赏的是《乾道坤道》。因为,它是另一类的启蒙之书,为""凡人""打开了道教之门,拉近了""凡",百家评论,2018-06-15,期刊,I207.42,32-35,4
65,为21世纪中国的倔强灵魂立传——刘爱玲小说论,张丽军;关建华,山东师范大学文学院,O,"<正>文学鲁军一直是当代中国文坛上不可忽视的群体。他们传承齐鲁孔孟文化,以强烈的道德理想主义,自觉的""入世、济世""意识投身于时代的洪流,展现出强烈的历史使命感和社会责任感,形成了稳健沉厚、磅礴大气的现实主义文学品格,在百年新文学谱系中独树一帜。但进入新时期,尤其是进入新世纪以来,文学语境随社会变革而不断转变,在耻于谈论良心、责任和使命的时代,宏大叙事被日益解构,""反崇高""似乎成为新新人类最骄傲的标签。在欲望的狂欢、解构的狂欢中,",百家评论,2018-06-15,期刊,I207.42,36-41,6
66,在真实与荒诞之间突围——论郝炜华的小说创作,孙亚儒,山东体育学院,O,"<正>七零后山东女作家郝炜华的小说主要描写对象是底层边缘小人物。她的作品不仅书写了平凡铁路工人的喜怒哀乐,书写了底层女性世俗的荒芜之爱,而且展示了边缘小人物对城市梦的幸福期待,在真实的生活与荒诞的命运之间,谱写着底层人物命运的别样篇章。一、底层女性的荒芜之爱郝炜华特别擅长刻画底层女性的心理。她笔下的女性是鲜活而有生机的。这主要体现在她既能怀揣着一种悲悯的心态体察这些女性心灵深处的微妙触动,又能准确地把握住这些女性命运背",百家评论,2018-06-15,期刊,I207.42,42-46,5
67,穿越于阳间和“阴间”的乡愁——论郭金牛诗歌的精神图景,王四四,广西民族师范学院文学与传媒学院,O,"<正>在工业时代,工人诗歌无疑是最能描摹这个时代精神图景的艺术之一。有资料统计,目前中国有三亿外出流动的打工者。打工生活是一种涉及人数众多,范围极广的重要的当代生活经验,成为了打工诗歌的丰富源泉,激发了打工诗歌作者反抗命运的勇气和决心。(1)打工诗歌的主题重点集中在打工者在打工生活中遭遇到的工伤、受骗、欠薪、边缘、乡愁、屈辱、流浪、失业,乃至在城市生活中升起的文明、羡慕、希望、温暖等经历和感受。在众多的打工诗人中,郭金牛是其中",百家评论,2018-06-15,期刊,I207.25,80-87,8
68,不为繁华易素心——评陈明福的《左宗棠全传》,张宏图;张立国,济宁职业技术学院报告文学研究所,O,"<正>陈明福的《左宗棠全传》中,引述英国学者乔治·威尔士的名著《大国崛起》,谈""大国""并不仅仅单纯是指土地辽阔,人口众多,资源丰富,更重要的是,""大国""要引领人类社会的发展方向,这个方向既包括军事、科技和经济,也包括引领人类社会发展方向的思想力量。这和我们当下大国崛起的""中国梦""相契合。一部历史人物传记呼应现实能到如此绝佳的境地,不能不令人击节赞叹!他告诉了我们习近平同志的""一带一路""倡议和""强国梦""的历史根据和现实的必要性、",百家评论,2018-06-15,期刊,I207.5,88-94,7
69,马笑泉小说世界之“迷”,张艳梅,山东理工大学文学院,O,"<正>小说读的越多,期望值越高,但是能够让人眼前一亮手不释卷的越来越少,马笑泉的小说是这少数之一,他是能够不断给读者带来惊喜的作家。他的小说,不仅风格鲜明,有着丰富的想象、创造和阐释空间,而且有着自觉的文体意识,先锋性与可读性兼备。马笑泉是一位全能型写作者,在诗歌、散文、小说和文学评论等领域,都创作出了大量优秀作品,语言韵味独特,对地域文化有着自觉的归属感,对中国历史与现实不乏独到发现。他性情温厚热忱,反思历史、观察现实却",百家评论,2018-06-15,期刊,I207.42,95-100,6
70,别一种启蒙:评飞氘的《中国科幻大片》,闫娜,海南师范大学文学院,O,"<正>应该没有人会否认飞氘的《中国科幻大片》与鲁迅先生的《故事新编》之间存在着某种联系,不用通读全书,仅仅是翻阅几页,就会感觉到一股浓浓的""鲁迅风""。这种联系并不仅仅是浮在文本表层的、形式上的、致敬式的对鲁迅的摹仿,更是一种与鲁迅精神内在的互通。究其原因,则是因为飞氘和鲁迅的两部作品都有着共同的主旨,即""启蒙"",在""启蒙""这面旗帜之下,两位作家得以隔着时间和空间相互对话。但是飞氘和鲁迅毕竟是站在两个时代,历史",百家评论,2018-06-15,期刊,I207.42,101-106,6
71,“历史穿越”外衣下的现实骨骼——读《藏珠记》兼及乔叶小说创作新动向,夏迪,河南财经政法大学文化传播学院,O,"<正>2017年8月,70后女作家乔叶的长篇小说《藏珠记》由作家出版社出版。小说借用了近年来流行的""历史穿越""模式,讲述了一个从唐朝一直生活到现在的千年处女的情感故事与心路历程。与以往小说直面现实的路向迥异,乔叶在新作《藏珠记》中采用了一种异常轻盈的叙述方式。正如乔叶在《后记》中所言,""如果说《认罪书》的取向偏重,这个长篇,我想让它偏轻。爱情和美食,千年处女和帅哥厨师,这种选择我知道会有",百家评论,2018-06-15,期刊,I207.42,107-111,5
72,批评论争事件中的文学场——重审十七年文坛关于《达吉和她的父亲》的讨论,吕东亮,信阳师范学院文学院,O,"<正>20世纪60年代初,文坛上发生了一场关于小说《达吉和她的父亲》和同名电影的批评论争。这场论争影响广泛、颇具规模,但并没有演化为十七年时期常见的政治批判事件,论争中的批评文章大多是分析说理的。因而,这场论争当时就被认为是体现了""百花齐放、百家争鸣""精神的一次讨论,现在也被文学史家确认为是一次正常的批评论争事件。不过,这场论争还是有它的特殊性。论争的对象是关于少数民族生活题材的小",百家评论,2018-06-15,期刊,I207.42,112-122,11
73,主仆关系中的另一种“精神故乡”——从赵景深短篇二种说起,尹林,山东大学文学院,O,"<正>鲁迅《故乡》中的主仆关系,是最引人注目的。在这篇小说中,鲁迅将自己对""故乡""的理解,很大一部分寄托在了少年""闰土""的身上。可以说,少年闰土代表的是鲁迅的""精神故乡""。在这""精神故乡""之中,鲁迅淡化了""我""与闰土的主与仆的关系,""我""倒像是跟随在闰土身后的一个""弟弟""。而长大后的闰土,则代表当时所有中国人都将归去的现实的、残酷的、阶级的""故乡""。可以说,仅仅是看到鲁迅对两个时期闰土的不同",百家评论,2018-06-15,期刊,I207.42,123-129,7
74,反抗的寓言和绝望的隐喻——影片《侏儒流氓》解读,李掖平,山东师范大学文学院,O,"<正>统揽世界电影史上的优秀影片,我们发现,诸如智障、精神分裂等心理残疾或患心理疾病的电影人物形象屡见不鲜,也产生了许多经典名作,如《飞越疯人院》《鸟人》《猎鹿人》《雨人》以及《我是山姆》等美国电影,而欧洲电影中表现这种精神分裂式的人物形象更是多见,自从《卡里加里博士》起,此类有生理缺陷或心理疾患的人物就经常在艺术探索片或恐怖电影中出现。然而细看之下,这类在生理上有缺陷的人物在影片中往往很少成为主角,只有腿瘸、眼盲等常见性",百家评论,2018-06-15,期刊,J905,66-72,7
75,电视剧的海外传播与跨文化叙事能力提升,周根红,南京财经大学新闻学院,O,"<正>全球化是当下各国文化发展所面临的共同语境。中国文化走出去、提升文化软实力、实现中国文化的全球化传播是中国文化发展的重要命题,自然也是中国电视剧发展的重要目标。新世纪以来,中国电视剧在海外的传播范围不断扩大,影响力不断增强。《雍正王朝》《铁齿铜牙纪晓岚》《李小龙传奇》《叶问》《蜗居》《媳妇的美好时代》《金太郎的幸福生活》《甄嬛传》《何以笙箫默》等电视剧纷纷走向海外,甚至登陆了欧美主流电视台,",百家评论,2018-06-15,期刊,G229.25,73-79,7
76,编后语,本刊编辑部,O,O,"<正>本期""理论经纬度""栏目推出范玉刚的《以马克思主义历史观旗帜鲜明地批判历史虚无主义》,该文认为当前历史虚无主义出现""虚无""马克思主义历史观的新变种,这是在新的历史语境下意识形态阵地的转移和斗争方式的改头换面,是意识形态工作的新动向,是进入新时代""必须进行具有许多新的历史特点的伟大斗争""的方式之一。历史虚无主义新变种在本质上虚无的是""历史观"",其用心是指向党的文化领导权,会在国家非传统文化安全境遇中滋生文化领导权旁落的危险。历史虚无主义新变种看起",百家评论,2018-04-15,期刊,+,130,1
77,风言絮语,风言,O,O,"<正>从天堂到地狱,我路过了人间(西班牙民谚)。诗人就是这""人间""的指认者、在场者与见证者,更是泪水的称量者。总以为,在浩瀚的历史长河中多一两个或少一两个皇帝,对中国社会进程影响不大;可是如果少了李白或杜甫,我们的教科书将会薄很多。诗歌写作可分三个层次:人性的(本能的),智性的(哲学的),神性的(宗教的)。谁若能用诗体再写出一部《圣经》,我保证他成为第二个救世主。艺术的意义,是在人性中寻找神。(塔",百家评论,2018-04-15,期刊,I106.2,108-110,3
78,攫金守财与隐痛忧惧的双重呈现——评尤凤伟中篇小说《相望江湖》,杨新刚,曲阜师范大学文学院,O,"<正>一、小有产者的攫金守财尤凤伟发表于2011年的中篇小说《相望江湖》(《收获》2011·4),可谓是刻画当代中国都市社会中小有产者形象的重要作品。《相望江湖》既展示了以民营企业家李长吉为代表的中国当代都市社会中小有产者""打拼""的种种经历,带有一定的暴露与批判的意味,又表现了小有产者担心失掉既有一切的极度惶恐与不安。当代中国社会的某些小有产者,大部分是在20世纪80年代改革开放以来""先富起来的一部",百家评论,2018-04-15,期刊,I207.42,16-20,5
79,奔跑的大地骤然开放——尤克利诗歌论,邢斌,临沂大学文学院,O,"<正>当代文学史的诸多理论中,""乡土写作""可能是最普及而又最为芜杂含混的一个概念。发源于上世纪初叶的中国白话写作史,毫无疑问是一个非此不可的抉择,启蒙先驱直接借助于一系列西方文化概念,跳出了古中国文化系统衰灭的僵局,重塑甚至可以说再造了中国文学。回顾这段初创史并非无益,——这场文化启蒙运动的美学目标是文艺复兴以来的欧罗巴文学观念,但其文学实践中最具活力的却是鲁迅率领的中国味道的乡土写作群落。",百家评论,2018-04-15,期刊,I207.25,21-26,6
80,李静的鲁迅:话剧《大先生》的两个悖论,刘方政;崔文骏,山东大学文学院,O,"<正>《大先生》初稿发表于2013年第1期《天涯》(剧名《鲁迅》),并于翌年获得老舍文学奖;后经修改以《大先生》为题于2015年由中国文史出版社出版单行本,2016年搬上舞台。剧作中,李静并没有以具体历史场景去还原鲁迅的生命经历,而是用时序跳跃的若干梦境片段组合建构""自己的""鲁迅形象,力求深入挖掘鲁迅在复杂而矛盾的社会环境中内心的矛盾、挣扎与痛苦。这种带有想象性质的、让鲁迅见其所未见并和其对立",百家评论,2018-04-15,期刊,I207.34;J824,43-48,6
81,现实直击、人性考量与历史凝望——2017年中篇小说一个侧面的理解与分析,王春林,山西大学文学院,O,"<正>由于众多大型文学刊物支撑的缘故,中篇小说这一文体的创作在2017年依然保持了足够强劲的发展势头。数量颇多的中篇小说中,很多作家不约而同地把自己关注的视野投向了日益复杂的现实生活,并在表现现实生活的同时,有着对于人性世界的深度挖掘与勘探。首先进入我们关注视野的,是80后作家张悦然。张悦然的书写勇气,在她的中篇小说《大乔小乔》中,有着极其鲜明的体现。在极认真地读过中篇小说《大乔小乔》之后,我们无论如何",百家评论,2018-04-15,期刊,I207.42,57-70,14
82,在意义的追问中呈现反思、乡愁与创伤——论梁鸿的文学创作,徐洪军,信阳师范学院文学院,O,"<正>迄今为止,梁鸿的所有文学创作既可以视为一种反拨,也可以视为一种追问;既可以视为一种担当,也可以视为一种救赎。她不满于当下文学创作与现实生活之间的日益脱节,以非虚构的文学书写为我们描画了当今中国的""真实""一面;她有感于自己封闭式学术研究""言不及义""的无""所指""状态,重返乡土,为自己重新建立了学术研究与现实人生之间的紧密关联,实现了对自己学术生涯的意义追问。她对梁庄及梁庄人的文学呈现自然是一种在当今中国难能可贵的责任担",百家评论,2018-04-15,期刊,I207.42,71-79,9
83,大时代的小品文——论梁实秋的散文理论与时代意义,钟怡雯,台湾元智大学中语系,O,"<正>梁实秋(1903-1987)在台湾散文史发展脉络上是一座无可忽视的地景,1949年出版的《雅舍小品》及其三部续集(分别出版于1973年、1982年、1986年),不但成为长销书,更奠定他在台湾散文史上的地位。评论者常以""幽默""、""冲淡""、""机智"",或""书写人性的哲理散文""、""中国式的essay""等概括其风格,因此《雅舍小品》在典律化过程中,往往归入周作人散文一脉。这个归类并不精确,事实上梁实秋主张""文章要",百家评论,2018-04-15,期刊,I207.67,80-85,6
84,从小报文人角度重审建国初期的文学场域——以《亦报》《大报》为考察中心,布莉莉,山东大学国际教育学院,O,"<正>1949年后,随着新的文学制度的建立,文人群体产生分流和重组:解放区文学作家大多进入文艺组织或机关单位,获得体制的保障及文化象征资本;而与左翼文艺、革命文艺相疏离的旧文人则在新的文化格局中处境暧昧。文学史家在描述共和国初期文人格局的变动时,多着眼于左翼知识分子和自由主义知识分子,而忽视了更为广大的通俗文艺作者,即使涉足这一领域,也往往将目光集中于张恨水等知名作家,而对更为广阔的小报文人群体缺乏观照。小报文人并不是一个",百家评论,2018-04-15,期刊,I206.7,86-96,11
85,“我”的视角和“诗”的言说——《额尔古纳河右岸》的文学史价值新估,孙轲;丰杰,湘潭大学文学与新闻学院,O,"<正>从《伪满洲国》《额尔古纳河右岸》到《白雪乌鸦》,迟子建历史题材小说的内容都源于她所热爱的故乡。《额尔古纳河右岸》(以下简称《右岸》)向我们展示的是一副具有鲜明地域与民族色彩的历史长卷。学界对迟子建的评价一直在进行中,而已然形成共识的是,《右岸》的出版意味着迟子建应该进入中国当代文学史的叙述之中。自《右岸》出版以来,学界对于这部作品的文学史价值的讨论从未停止。陈晓明认为《右岸》""关注少数民族文化消失的主题,倒是呼应",百家评论,2018-04-15,期刊,I207.42,97-103,7
86,柳泉新语,笠铭,O,O,"<正>午后在旧居,四壁洁白,读书写字,窗外有人车之声,恍然置身旷野,隐遁丛林。你所受到的屈辱放到大的环境里,也就毫无意义了。那么,就让自己稍微活得大一些吧。爱一个人,就尊重他,不爱,更要尊重他。你不理解的,未必就是错的。很多事情,我们到死都没来得及明白。心无敬畏者,往往是道德败坏之人。很多人打着信仰的旗号做着坏事。夫子说,每日三省其身。也是,每天睡前,难道不想想自己做了哪些事情吗?不需要别人,不需",百家评论,2018-04-15,期刊,I267,104-107,4
87,历史真相的追踪者——论房伟“抗战系列”小说中的探隐意识,吴辰,海南师范大学文学院,O,"<正>按照""新历史主义""者们的观点,文学和历史之间并不存在一条明显的界限。他们习惯于将历史看作是一种叙述,力图通过各类具有互文性的文本来对历史进行细描,以贴近历史的""真实""。而在这种充满""后""学意味的历史哲学中,存在一个显而易见的问题,即历史书写者介入对历史的阐释之时,常常带有一种对意识形态的成见,他们不相信历史的完整和理性,而是执着地在偶然和片段中创造着自己心目中的历史。(1)如此一来,",百家评论,2018-04-15,期刊,I207.42,111-116,6
88,从荒诞书写到灵魂叙事——读王威廉小说,陈培浩,韩山师范学院,O,"<正>一转眼,曾被视为""青春作家""的80后很多已经奔四,文学史上这个岁数上出了大成就的作家比比皆是。从这个意义上说,如今严肃文学秩序稳固,并没有给青年们多少揭竿而起缔造经典的机会。但我们也注意到,一方面几年前借着""80后""等概念而集体出场的炒作少了,也失效了;另一方面一批还坚持写作的作家集体呈现出某种历史意识。张悦然的《茧》、双雪涛的《平原上的摩西》、陈崇正的《碧河往事》、王威廉的《绊",百家评论,2018-04-15,期刊,I207.42,117-124,8
89,生命与心灵的低语——读李德南《遍地伤花》,徐霞,云南人民出版社,O,"<正>《遍地伤花》是李德南2007年动笔,2013年由河南文艺出版社出版的长篇小说。作品以主人公周克的生活际遇为缩影,以他所经历的生命故事如亲情的疏离、爱情的陨落、理想的失守、生存空间的压抑等为线索,揭示了80后一代知识青年的成长史与现实处境。小说中的周克等人,生命中都有着各自的挣扎与隐痛,李德南以他节制、诗意、智性的文字将那些与生命和心灵中有关的声音娓娓道来,以""遍地伤花""这一略微悲伤的",百家评论,2018-04-15,期刊,I207.425,125-129,5
90,构成与呈现——“空间切割”在舞蹈编创中的运用,张天贻;王延辉,山东艺术学院舞蹈学院,O,"<正>一、舞蹈艺术的""空间切割""舞蹈的特性中包含着非常显著的时间性与空间性。有人将舞蹈划分在时间艺术中,其实舞蹈在艺术中是个特殊的存在,既是时间艺术,又是空间艺术;舞者在时间中动作,在空间中流动。实际上,舞蹈是通过占据空间来表达情感的一种艺术形式,并且时间性、空间性和综合性是其基本特征。编导是要通过既定的空间创造出生命的活力,不仅要给时空注入生命,还要引起观众的心理镜像,这并不是一件容易的事。舞蹈中的时间是凭借空间这个根",百家评论,2018-04-15,期刊,J711,49-56,8
91,魔幻现实的先锋探索与市场错位——以艺术电影《长江图》为例,董迎春;廖珂,广西民族大学文学院,O,"<正>由杨超自编自导的电影《长江图》于2016年上映,基于魔幻现实主义的艺术念想下,讲述了长江上男主高淳和女主安陆之间的故事。两人相遇相爱,高淳与安陆不仅作为故事主角,也是两种不同意象的集合体,两人的命运发生相遇与交错的同时,长江也因此变化。该片于2016年15日作为唯一入围的华语片在第66届柏林电影节上映,并获得""杰出艺术贡献银熊奖(摄影)""。作为艺术电影的类型,《长江图》对影像表达和",百家评论,2018-04-15,期刊,J905,27-35,9
92,复调·对位·互文——简析电视剧《猎场》的叙事策略,贺彩虹,山东师范大学新闻与传媒学院,O,"<正>由东阳青雨传媒股份有限公司、浙江影视集团出品的电视剧《猎场》在2017年一开播就遭到一些人的疯狂吐槽,其中一个重要的原因就是实际剧情与观众的心理预设不太相符。由于导演姜伟以《潜伏》成名,主演胡歌以《琅琊榜》《伪装者》等剧大火,所以观众把这个以职业猎头为题材的剧也想象为惊心动魄的谍战大戏,因此当观众期望落空之后就会产生不解和否定。事实上,这部剧并非一般的职场戏,也不是常见的言情剧,",百家评论,2018-04-15,期刊,J905,36-42,7
93,叶圣陶漫像,孙乐中,O,O,O,百家评论,2018-04-15,期刊,J228.2,2,1
94,叶圣陶书法,叶圣陶,O,O,O,百家评论,2018-04-15,期刊,J292.2,131,1
95,以马克思主义历史观旗帜鲜明地批判历史虚无主义,范玉刚,中央党校文史部,O,"<正>近年来,历史虚无主义作为一种引人瞩目的社会思潮,已扩散到人文社会科学的不同领域,俘获了不少青年学生和知识分子,其产生的负面影响和别有用意不能小觑。其影响之广在看似远离政治与史学的文学创作、文学批评、文学史写作中,都不同程度地存在着""虚无""历史的冲动和表征。一个时期以来,在文学领域包括""红色经典""再创作中出现消费情色、放大欲望、追求感官娱乐的片面化倾向,在放大历史细节(如土地革命中的某些事件等)中彰显孤立静止的历史",百家评论,2018-04-15,期刊,K01,4-8,5
96,时尚与现代性都市体验——从齐美尔到法兰克福学派,杨向荣,"浙江传媒学院""艺术学与影视理论批评中心""浙江传媒学院新闻与传播学院",O,"<正>齐美尔从个体的心理需求出发,分析了时尚的产生、特性及社会功能,并对时尚的审美现代性特征展开了剖析。齐美尔批判了现代人盲目追求时尚的趋势,并将之与现代性都市批判的主题联系起来,这对后来的法兰克福学派也产生了很大影响。一、时尚的生产机制时尚是现代性都市生活中的一种风格趋势,是人们对超越生存状态的一种需求。""只有每种内部的力量超越它外在的表现方式向外发展时,生命才能获得会提高它部分真实性的无尽可能",百家评论,2018-04-15,期刊,B089.1,9-15,7
97,论文艺价值及其特性,蔡毅,云南省社会科学院哲学所云南省文艺评论家协会,O,"<正>一、何谓文艺价值?人人都爱谈论价值,追逐价值,但若稍稍追问一下""什么是价值?究竟该怎样界定和说明价值?""绝大多数人肯定立马便闭口不言,说不下去了。若再具体地追问""什么是文艺的价值?文艺的价值究竟该怎么认识?""那就更是碰到难题,无法继续讨论。因为对于""价值""、""文艺""、""文化""、""哲学""一类大词——复杂概念,虽人人耳熟能详,却极难下定义、作判断、追究其具体内涵。它们往往言人人殊,充满歧义。但即便是困难而冒险,",百家评论,2018-02-15,期刊,I0-02,4-11,8
98,“手机微视频”美学特征探析,于林立,山东大学青岛滨海学院,O,"<正>1973年4月的一天,一名男子在纽约街头,掏出一个砖头大的无线电话,开始进行通话,引得过路行人纷纷驻足观看,这个人就是手机的发明者马丁·库帕,这个手机就是摩托罗拉手机。即便是手机诞生后的几十年中,也没有像如今这样覆盖并控制着我们的生活。进入21世纪,信息技术年平均递增率为82.5%,根据工信部发布的2017年上半年通信业运行数据,手机4G用户达到8.8亿,上网用户突破11亿。这也就意味着几",百家评论,2018-02-15,期刊,J0,12-14,3
99,编后语,本刊编辑部,O,O,"<正>本期""文学咖啡吧""栏目推出《新时代,文学何为?》,与会学者围绕""中国新经济文学""展开理论探讨,呼吁更多作家深入改革和发展的前沿,扎根新时代现实沃土,踊跃投身中国新经济文学的创作队伍,积极创作出更多无愧于个人,无愧于家国,无愧于时代,反映当代中国改革开放伟大历史进程的优秀作品。""文学现场观察""栏目推出杜李的《底层叙事与女性维度》,该文认为土家族作家叶梅出身底层并专注于对底层的书写,小说中既有对底层人物的宏观表达,也有对人性细致入微的挖掘,叶梅始终以温情的",百家评论,2018-02-15,期刊,+,130,1
100,空间视域下的人世悲欢和历史沧桑——评叶周的《丁香公寓》,张娟,东南大学人文学院,O,"<正>叶周,资深电视制作人,北美洛杉矶华文作家协会荣誉会长,曾为《洛城作家》主编,在中国大陆、香港、澳门和美国发表了数百万字的影视评论、小说和散文。出版有长篇小说《美国爱情》《丁香公寓》,散文集《文脉传承的践行者》《地老天荒》等。在叶周的小说和散文创作中,空间是一个无处不在的存在,如在《肤色》《美国爱情》中以""美国/中国""的空间和文化对比立意,在《丁香公寓》《布达佩斯奇遇》《布拉格之秋》《生命中的一道闪亮》",百家评论,2018-02-15,期刊,I712.074,123-129,7
101,穿越历史烟尘的还乡之旅——评格非新作《望春风》,王海涛,信阳师范学院文学院,O,"<正>成熟的作家总是不满足已有的创作成就,而要不断寻求创新,力图突破。但既有的创作定式就像魔咒一般束缚着任何想要创新的人,因此文学史上多有走不出自己创作格局的作家。这对于一个作品丰厚的作家而言更是一个无法回避的难题。格非通过江南三部曲完成了由先锋向传统的转型,接下来的问题是如何完善新的写作方式。从这个意义上审视,《望春风》就是尝试再一次出发。《望春风》给人的阅读感受是既轻松又沉重,轻松的是其娓娓道来的叙述方式,沉重的是其所",百家评论,2018-02-15,期刊,I207.425,15-20,6
102,悬疑传奇迭映历史波澜——评胡学文长篇小说《血梅花》,朱东丽,山东省作家协会文学创作室,O,"<正>在当代文坛,胡学文无疑是一位优秀的、有重要影响力的、有自己鲜明风格的现实主义作家,他的小说多以底层小人物的生存困境为起点,表现他们精神世界的多种气象,书写苦难和疼痛的同时,关心善良与残酷共生的社会,关注民族大义和民生疾苦。胡学文的长篇小说《血梅花》讲的是侵华日军侵占东北三省时期,散落民间的梅花军后人反抗日军侵略的故事,属于带有悬疑传奇色彩的抗战小说,主人公是梅花军后人柳东风、柳东雨兄妹,他们面对突如其来的生活变故,柳",百家评论,2018-02-15,期刊,I207.425,21-28,8
103,一碗烟火度春秋——张金凤散文集《空碗朝天》的内涵解读,高丽君,O,O,"<正>我和她第一次相见是在叶圣陶教师文学奖颁奖会上。十月末的那些天,古镇小雨不断,在江南的细雨连绵微冷天气里,来自天地南北的获奖者聚在文脉汹涌的小镇,但我们的心是火热的。一群女人、一群教师、一群热爱文学的文艺青年,聚在一起谈东谈西,论文说字。个子高鼻梁高、睫毛长眼睛大的张金凤安静地站在一旁,被大家误认为少数民族。她笑着解释,绿红相间的大衣在风中轻摆,如新柳般摇曳。那一次,我被她的散文《胡麻的天空》震撼,这是她获得单篇奖第",百家评论,2018-02-15,期刊,I207.67,41-48,8
104,"新时代,文学何为?——关于中国新经济文学的理论探讨",陈丽伟;何建明;陈福民;李掖平;李西岳;闫立飞;宁雨;郑旺盛;戴荣里;毅剑;马涌,"滨海新区政协中国作家协会中国报告文学学会中国当代文学研究会中国社会科学院文学所山东省政协山东省作家协会山东师范大学天津社会科学院文学所河北省《当代人》杂志河南省报告文学学会《时代报告》杂志社北京自然辩证法研究会中原油田作家协会《人民日报》副刊""大地""",O,"<正>时间:2017年12月28日。地点:天津市滨海新区人民政府603会议室。陈丽伟:2018年是中国改革开放40周年,回首40年来的文学创作,我们发现少有正面反映中国改革开放40年历史进程的精品力作,也少有来自文学理论方面的明确引导。正是基于这一方面的缺失,在多年前就提出了中国新经济文学这一概念并努力进行了理论构建。中国新经济文学,是指反映当代中国新经济生活现实的文学,其初步定义为:""以改革开放",百家评论,2018-02-15,期刊,I206.7,49-66,18
105,从思古幽情到市井人情——林纾英近期散文创作检视,何志钧;吴爱丽,鲁东大学文学院烟台市作协,O,"<正>山东省作家协会签约作家林纾英是近年来活跃在文坛上的一名新锐散文作家。她的作品频频见诸《人民文学》《中国作家》《天涯》《散文选刊》等国内外报刊杂志,并出版有多部散文集。纵观林纾英的散文创作,不难发现她的散文创作和散文作品可分为泾渭分明的两个时期。林纾英2012年以前的散文多写情恋,多追叙文人与仕女的古老爱恋悲剧,每每沉潜到历史深处,以钩沉之笔写思古幽情,她的这些古色古香的系列文化散文迥然不同于1990年代盛行的男性作家磅礴大",百家评论,2018-02-15,期刊,I207.67,29-33,5
106,现实的困顿与精神的还乡——耿立乡土散文研究,王丽娟,菏泽学院人文与新闻传播学院,O,"<正>自三十年前走向文坛,作家耿立的散文创作一直都是在历史文化与乡土掘进中并世而立,目前大家更多关注的是他历史文化散文的一翼。而他交织着苍黄与血色、诗意与思想的乡土表述的散文,是其三十年一贯的创作。耿立擅长从故乡的泥土、草木、人物切入,表达深挚的个体情感经验,表达乡土、大地的精神牵扯。《藏在草间》《一头来自异乡的驴子》《致不孝之子》《向泥土敬礼》《谁的故乡不沉沦》《谁删减了夜的浓度》《匍匐在土》等,都是近年来耿立乡土散文中的",百家评论,2018-02-15,期刊,I207.67,34-40,7
107,莫言小说中的梦幻书写,孙俊杰;张学军,山西师范大学文学院山东大学文学院,O,"<正>一发表于1985年的《透明的红萝卜》是莫言的成名作。莫言曾说过这篇小说的写作源起:""1984年初冬的一个早晨,我在解放军艺术学院的宿舍里做了一个梦。梦到一片辽阔的萝卜地,萝卜地中央有一个草棚,从那草棚里走出了一个身穿红衣的丰满姑娘。她手持一柄鱼叉,从地里叉起一个红萝卜,高举着,迎着初升的红太阳,对着我",百家评论,2018-02-15,期刊,I207.42,83-91,9
108,底层叙事与女性维度——叶梅小说创作论,杜李,湖北省恩施州作家协会文学评论委员会,O,"<正>土家族作家叶梅来自湖北恩施,出身底层并专注于对底层的书写,关注底层民众的""渴望与追求,欢乐与疼痛,成功与失败,思念与留守""(1),对他们的生存苦难和精神受难进行了充满深情的表现。生活场景、命运遭际……叶梅文本中的底层与苦难不是抽象的描摹也不是凭空的想象,而是笔触伸进底层现场的发掘与呈现,是文本走进生活日常的反映与投射,有着鲜明的现实意义与普世价值。叶梅小说虽然叙写底层民众生活的艰辛与无",百家评论,2018-02-15,期刊,I207.42,92-102,11
109,重审当代家族小说的叙事结构与时空意识,叶永胜,安徽师范大学文学院,O,"<正>作为一个重要的亚叙事类型,所谓家族小说,是指以家族生活(宗法伦理、婚姻爱情、家族兴衰等)为叙事中心,展示家族框架中的人物生存状态,并由家族而辐射及社会,反映社会生活和人生画卷的小说,具有惊人的艺术总括力。家族小说的发展,一直呈现出变动不居的态势,在艺术形式上不断地探索、变化。这些表现在叙述的视角、叙述话语、叙述结构等方面。本文试图从家族小说的叙事结构与时空意识角度来考察家族小说的多样化叙事形态。",百家评论,2018-02-15,期刊,I207.42,103-108,6
110,“五四”文学“反传统”之具体含义辨析——以《老鸦》《我们现在怎样做父亲》等为中心,赵东祥,吉林师范大学文学院,O,"<正>一惯常的印象和普遍的说法是,""五四""文学""反传统""并生成了""新文学""传统,但""五四""文学之""反传统""其含义究竟是什么,其实还存在认识的模糊性。林毓生认为""五四""文学之激烈的反传统源自于传统儒家忧国忧民的文化传统,来源于儒家看待传统的有机一体的观念,这实际",百家评论,2018-02-15,期刊,I206.6,109-116,8
111,自言自语,笠铭,O,O,"<正>突然无路可走,也会突然柳暗花明,人生就这样,低落时要耐得寂寞,高处时须小心谨慎。很多时候,我们征服了世界,未必能征服自我内心的弱点。本性难移,一个人能成就多大的事业,一出生就决定了的。每个人每天的努力,都是一个自我拯救的过程。如若你足够强大,就不要麻烦神灵,让神灵去解救那些弱者吧。有了足够应付生活的之外,你放下来试试,真的很好。只是人们都无法舍弃罢了。一帆风顺的人生多么无味啊。",百家评论,2018-02-15,期刊,I267,117-119,3
112,写诗札记,孙方杰,O,O,"<正>诗是越写越难写了。这些年的诗着实写废了不少,总觉得所抒发的情绪,别人都抒发过了,所描述的场景,别人也描写过了。写的是现在的事物,回头一看,古人已经都写过了;写的是刚有的心情,再回头一看,外国诗人也已经写过了。写,已经没有任何新鲜可言,诗歌若没有对生活,对人生,对生命,对这个生存世界的独特体验和发现,就是废了。翻看诗歌杂志,看到的诗歌作品,有着千人一面的我,这个人的我,和那个人的我,其实就",百家评论,2018-02-15,期刊,I207.2,120-122,3
113,互联网+语境下中国IP电影发展研究,刘强;车前,山东艺术学院传媒学院,O,"<正>近年来,中国电影产业不断发展壮大,国产电影票房收入更是呈现出""井喷""局面,每年同比增长30%左右,电影类型更是日趋多元丰富。正如国家新闻出版广电总局副局长张宏森在10月20日举行的十九大新闻中心记者招待会上所言:""2012年,中国电影票房占据市场总量的48.46%。2015年国产电影占据了62.82%。2016年占据了58.33%。这一组数据可以说明从发展指标、发展规模和发展速度上,中国已经成为民族",百家评论,2018-02-15,期刊,J943,67-75,9
114,中国当代电影中的生态伦理内涵,苏月奂,青岛大学美术学院,O,"<正>由于过度消费生产资料和生活资料,雾霾弥漫、资源枯竭、环境污染等重大的生态问题业已严重威胁到人类的基本生存。而对这样生死攸关的生态伦理问题,中国当代电影并未给以足够深情的关注。中国当代电影为什么会出现如此明显的漏洞?它的生态伦理观是什么?它的生态伦理观与人们的现实生活存在着怎样的互作关系?一、""生态伦理""概念的阐释在展开和解决上述问题之前,须首先阐明""生态伦理""的概念。鉴于此概念的模糊性,本文将",百家评论,2018-02-15,期刊,J905,76-82,7
115,戴望舒漫像,孙乐中,O,O,O,百家评论,2018-02-15,期刊,J22,2,1
116,戴望舒书法,戴望舒,O,O,O,百家评论,2018-02-15,期刊,J292.28,131,1
