1,“比较文学与跨文化研究的中国话语”学术专题全国研讨会综述,吴盛博,上海交通大学,O,"<正>2018年6月8日至10日,由中国外国文学学会比较文学与跨文化研究会主办和《外国文学研究》编辑部、华中师范大学外国语学院承办的""比较文学与跨文化研究的中国话语""学术专题全国研讨会在武汉召开。来自中国社会科学院外文所、上海交通大学、南京大学、浙江大学等全国一百多所科研机构和高校的二百余名代表参加了为期两天的研讨会。华中师范大学外国语学院院长罗良功和中国外国文学学会比较文学与跨文化研究会秘书长范劲分别主持开",当代外国文学,2018-10-15,期刊,I0-03,168-171,4
2,论厄德里克小说的中产文学特征,袁小明,南京工程学院外国语学院,路易斯·厄德里克;中产文学;“媚俗”;“疗伤”范式;,"厄德里克小说表现了中产文学特征,如并置高雅文化与大众文化,展现文化民主幻想;向往高雅文化并排斥""媚俗"",但又承认后者的普遍存在性;采用""疗伤""范式,顺应中产阶级阅读心理。然而,厄德里克这种文化书写姿态又展现出复杂性。消除文化等级有利于族群文化在主流文化中的接受;偏好高雅又无法避免""媚俗""的矛盾态度体现了美国本土裔作家的文化书写困境;顺应""疗伤""范式时能摆脱个人主义倾向,凸显本土裔人的集体主义观。",当代外国文学,2018-10-15,期刊,I712.074,29-35,7
3,西尔维娅·普拉斯的诗学理念与诗学实践,郑燕虹,湖南师范大学外国语学院,西尔维娅·普拉斯;诗歌;诗学理念;诗学实践;,"西尔维娅·普拉斯的诗歌蕴藏着丰富的自我经历和自我感受,常常被视为其人生传记。她的一生坚持不懈地进行诗歌创作试验,在创作的求索过程中,形成了自己的创作特色和美学思想。在其日记中,也零零星星记录了她的诗学理念。对普拉斯而言,诗歌创作是实现人生价值的方式,是自我情感的发泄口,也是其挑战男权社会的武器。本文以普拉斯的日记和诗歌创作实践为依据,从诗歌创作态度、诗歌创作的素材和风格及其表现主题等方面来挖掘其诗学理念。",当代外国文学,2018-10-15,期刊,I712.072,43-49,7
4,论拉什迪《午夜之子》中的自我与历史,高焓,清华大学外文系,萨尔曼·拉什迪;《午夜之子》;自我;历史;,"除了对当代印度历史中后殖民问题及民族问题进行反思,《午夜之子》还表现了一种特殊而又具有普遍意义的生存状态。主人公萨里姆从出生开始即被赋予了与独立后的印度相同的使命;在成长过程中因其特异能力而与种种历史事件产生直接关联,其生活中也处处可见历史的隐喻;此外,他还始终通过银痰盂这一象征物件与历史保持着紧密的联系。作品从存在意义、存在状态与自我意识的象征三个方面表现了自我与历史的同一。",当代外国文学,2018-10-15,期刊,I561.074,73-79,7
5,多丽丝·莱辛《好人恐怖分子》的空间体系建构,廖望,清华大学外文系,多丽丝·莱辛;《好人恐怖分子》;空间;权力关系;女性主义;,"《好人恐怖分子》是多丽丝·莱辛对20世纪60年代欧洲各种思潮的反思产物,也是她推进其阶级、性别、文化差异的思考表现。这种思考表现为文本所建构的严密的整体空间、独立空间、个体空间等级体系,以及不同空间之间冲突、矛盾、变动等关系。莱辛试图通过空间的表征探讨空间意象的本质,即其代表的不同群体性别、阶级、文化之间的权力关系的张力与冲突。同时,莱辛在创作中首次在既有空间等级体系内加入""空间改造""这一变量,在小说中测试了社会改造和性别平等的可能性,也暗示了弥合分歧的希望渺茫。",当代外国文学,2018-10-15,期刊,I561.074,138-144,7
6,比较视野中的科学散文及美国科学散文概述,张建国,郑州大学英美文学研究中心郑州大学外语学院,科学散文;美国科学散文;比较视野;,"科学散文是科学和文学的成功联姻,包含自然散文,是科普文的精华。从形式上看,它属于非虚构的散体文学,语言平易明晰、不乏诗意、颇有趣味;从内容上看,它主要述说科学各个领域的知识、科学家做科研的故事,以及与科技运用有关的故事,蕴涵着较为深刻的哲理。美国科学散文是源于17世纪初、形成于20世纪上半叶、繁盛于二战后的文学流派,既有较短的科学随笔(小品),又有较长的大部头科学散文和科学报告文学,创作主体主要包括有文学才华的科学家以及文学素养和科学素养俱佳的新闻记者。美国当代科学散文经典迭出,其作品的语言通俗易懂,样式和风格均不拘一格,达到了较高的文学水准,既向大众展演科学多个领域的知识和科学思维方式,又给人以种种启迪和智慧,体现了美、真、善的完美融合。这些对我国方兴未艾的科学散文的创作具有重要启迪意义。",当代外国文学,2018-10-15,期刊,I712.076,160-167,8
7,新时代美国文学与中国——全国美国文学研究会第19届年会综述,郑洁儒;马晔,浙江大学外国语言文化与国际交流学院,O,"<正>2018年10月19日至21日,全国美国文学研究会第19届年会在浙江大学召开。本届年会由全国美国文学研究会主办,浙江大学外国语言文化与国际交流学院承办,大会主题是""新时代美国文学与中国""(American Literature and China in the New Era)。来自国内外130余所高等院校、研究院、出版社的356名专家学者和师生出席了此次会议,大会组委会共收到参会",当代外国文学,2018-10-15,期刊,I712.06,172-174,3
8,一个俄国人的中国南柯梦——论佩列文《苏联太守传》中的中国文化元素,史思谦,河南大学文学院河南大学外语学院,佩列文;《苏联太守传》;南柯;中国文化;,"中国文化元素不仅是佩列文反映异国世界的文化元素,亦是构建其文学帝国的重要手段。佩列文短篇小说《苏联太守传》糅合了""南柯一梦""、""蚂蚁缘槐""、""万物皆空""等中国文化元素,构建了佩氏小说独特的诗学建构与哲理阐释。佩列文以中国唐代传奇的典故架构讲述俄罗斯本身之事,既展现出作者对中国文化的深刻理解与独特表达,亦在某种程度上体现了中国文化元素的普世价值与哲思意蕴。",当代外国文学,2018-10-15,期刊,I512.074,58-64,7
9,柯林斯《饥饿游戏》中的青少年战争创伤书写,贺丽,湘潭大学文学与新闻学院湖南科技大学人文学院,苏珊·柯林斯;《饥饿游戏》;青少年;战争创伤;,"青少年战争创伤是柯林斯科幻小说中反复出现的一个主题。在其经典之作《饥饿游戏》中,她不仅描写了青少年在战争中所受的种种创伤,还细致描绘了战争发生之前被统治区第12区作为创伤记忆者的集体创伤记忆,揭露了战争爆发时各区所受的战争创伤,分析了青少年面对创伤的疗救方法和效果,加深了人类对战争之残酷的认识,批判了战争带给人类的巨大危害,引起人们对历史、现状与未来的人文思考。",当代外国文学,2018-10-15,期刊,I712.074,80-86,7
10,眩晕与救赎——卡夫卡“猎人格拉库斯”在泽巴尔德《眩晕》中的衍生,王盛爽,中国人民大学,泽巴尔德;猎人格拉库斯;眩晕;互文性;记忆;,"通过对卡夫卡""猎人格拉库斯""故事的再现和改写,泽巴尔德借助飘荡的船只意象、无处不在的""诡秘""分身及无尽的漫游描绘了一个""眩晕""世界,体现了现代人处于普遍眩晕中难以逃脱的困境。将眩晕的深层原因归于世界的偶然性和记忆的困难,泽巴尔德否定了浪漫主义传统的""爱欲救赎模式"",将救赎的希望置于以记忆和互文性为中心的写作。泽巴尔德的救赎叙事也有它自身的矛盾和困难,表现在救赎的手段也是造成""眩晕""的原因,拯救的力量蕴含在""眩晕""之中。",当代外国文学,2018-10-15,期刊,I516.074,87-94,8
11,沃普萧丑闻,约翰·契弗;朱世达,O,O,"<正>《沃普萧丑闻》是《沃普萧纪事》的续篇。圣博托尔夫斯的沃普萧一家离开新英格兰的村庄,四散至各地,或仰仗于喜怒无常的威权,或陷于酗酒和情欲的深渊无力自拔,或被美国国内收入署追究逃税责任、四处逃亡……《沃普萧丑闻》拥有宏大却温柔的视野,书中满是受制于无常命运的可怜人物,但最重要",当代外国文学,2018-10-15,期刊,I712.4,94,1
12,麦田里的守望者,J.D.塞林格;孙仲旭,O,O,"<正>《麦田里的守望者》主人公是十六岁的中学生霍尔顿,他出身于纽约一个中产阶级家庭。父母、老师要他好好读书以便将来出人头地,而他在学校里一天到晚干的,就是谈论酒精和女人。他看不惯周围的一切,无心学习,老是挨罚。第四次被开除时,霍尔顿没有回家,只身在纽约游荡了一天两夜,终于彻底崩溃,躺倒在精神病院里。",当代外国文学,2018-10-15,期刊,I712.4,159,1
13,伊丽莎白·毕肖普的“他者”诗学,刘露溪;李正栓,河北师范大学外国语学院,伊丽莎白·毕肖普;观察力;“游荡者”;“他者”面向伦理;,"伊丽莎白·毕肖普的诗歌声名很大程度上依赖于她对事物卓越的观察力、对意象精妙的呈现及其对生命透彻的洞察。在她的旅人生活中,毕肖普好似本雅明笔下的""游荡者"",她步伐平缓,目光却敏锐打量着周围的人与世界。自然、动物、女性、孩童等弱势群体成为其诗歌关注的对象。本文旨在探索毕肖普对这些""他者""群体的观察中所蕴含的诗人对以""人—男性—自我""为中心的压迫机制与性别政治暴力的批判以及对""他者""面向伦理的勇敢追求。",当代外国文学,2018-10-15,期刊,I712.072,15-21,7
14,沃普萧纪事,约翰·契弗;朱世达,O,O,"<正>来认识一下圣博托尔夫斯的沃普萧家族:船长利安德·沃普萧,值得尊敬的老水手,葬礼上唯一的心愿是有人念上一段莎士比亚;妻子萨拉,对于未来产生的幻想都会变成现实,操办着小镇上一切大小事项;大儿子摩西,热爱女性,一次意外后竟在事业上也绝处逢生;二儿子科弗利,娶了一位美娇妻,有一天回到家她却没了踪影……",当代外国文学,2018-10-15,期刊,I712.4,86,1
15,本·方登《漫长的中场休息》的后现代战争书写,曾艳钰,湖南师范大学外国语学院,后现代战争;美国战争小说;《漫长的中场休息》;视觉化;,"后现代战争指敌人身份不确定的非正面的现代战争。美国对伊拉克及阿富汗的战争都属于后现代战争的范畴。本·方登在其《漫长的中场休息》中,打破语图叙事的边界,消解战争宏大叙事与日常书写的边界,采用电影叙事的手法,展现了美国对伊拉克战争的后现代战争实质,呈现了视觉文化之下后现代战争的矛盾与困境,这种视觉化的战争包含着一种无法摆脱的视觉政治。在这种视觉政治中,战争创伤及英雄成为一种消费符号,成为权力和意识形态的直接表征,爱国主义也呈现出""仿真性""和""虚拟性""的特征。",当代外国文学,2018-10-15,期刊,I712.06,5-14,10
16,权力压迫与“叙事”的反抗——《别让我走》的生命政治学解读,张和龙;钱瑜,上海外国语大学文学研究院联合国教科文组织驻拉丁美洲与加勒比海地区文化办事处,石黑一雄;《别让我走》;生命权力;生命政治学;生命叙事;,"石黑一雄的《别让我走》以反乌托邦的手法描写了克隆人的悲惨境遇,是一部表现权力压迫主题的阿甘本式政治小说。小说中的主权者通过空间隔离让克隆人沦为""赤裸生命"",同时将他们置于法律或法律需要被悬置的状态,即阿甘本意义上的""例外状态"",最终实现对克隆人生命权力的""合法""剥夺。本文主要借用阿甘本的""神圣人""""裸命""""例外状态""等生命政治学概念来重新解读这部作品,试图揭示石黑一雄对隐性政治暴力、人性压迫、生命权力沦丧的再现与批判,探讨其独特的生命叙事对权力压迫的抵制与反抗。",当代外国文学,2018-10-15,期刊,I561.074,102-109,8
17,空间视角下《雪》中的人物身份研究,许克琪,东南大学外国语学院,奥尔罕·帕慕克;《雪》;空间理论;第三空间;身份建构;,"奥尔罕·帕慕克的小说通常以历史、宗教、传统等为元素,为世人展现一幅幅婉转动人的当代土耳其全景图,也吸引着文学评论家全方位的高度关注。出版于2002年的第七部小说《雪》是其一生中第一部也是最后一部政治小说,有着高超的艺术品位和现实价值。本文从空间视角出发研究《雪》中人物身份以及土耳其民族身份的建构,重点探讨帕慕克如何通过人物命运安排以及情节变化来体现土耳其人在个体和民族身份建构之路上的求索。文章透过对极端的宗教分子和狭隘的世俗势力思想和行为的分析,认为只有自由的民主人士才是土耳其民族身份的建构者。用空间理论解读《雪》丰富了对该小说的研究,更有利于读者挖掘小说的深刻内涵,领悟作者的写作意图。",当代外国文学,2018-10-15,期刊,I374.074,145-152,8
18,论《卡瓦利与克雷的神奇冒险》的创伤叙事特征,高莉敏,上海立信会计金融学院外国语学院,创伤叙事;“大屠杀”;迈克尔·夏邦;《卡瓦利与克雷的神奇冒险》;,"迈克尔·夏邦的代表作《卡瓦利与克雷的神奇冒险》描写了二战""大屠杀""历史背景下,以主人公卡瓦利为代表的犹太人所经历的创痛。创伤叙事是这部作品的显著特征之一。本文聚焦作品中的这一问题,探究作者如何从个人体验的角度出发,借助创伤叙事中的感官细节和隐喻指涉,揭示""大屠杀""的创伤主题;如何运用漫画叙事的混合媒介法,解析主人公的创伤记忆侵扰及创伤复原过程,表现""大屠杀""书写不得不说又难以言说的叙事特点;如何通过历史书写的形式,探索犹太民族整体的族裔创伤,彰显其历史反思和现实关照。",当代外国文学,2018-10-15,期刊,I712.074,22-28,7
19,美国左翼女性文学的共同体书写,张莉,郑州大学外语学院郑州大学英美文学研究中心,美国左翼文学;女性文学;共同体;,"共同体意识是美国左翼女性文学的天然特质。20世纪30—40年代的旧左翼女性写作以姐妹情谊为纽带,力图建设旨在对抗阶级和性别压迫、争取平等生存权利的女性共同体;60—80年代的新左翼女性文学则以异化、规则、权威为批判对象,憧憬能够实现身心自由和解放的美学乌托邦;90年代以来的当代左翼女性文学分化为两种倾向,一方面建构女性写作传统,另一方面关注全球化带来的普遍问题,呼吁消弭阶级和性别区分的命运共同体。美国左翼女性书写中共同体意识的产生、发展和转变体现了在经济萧条、文化革命和全球化等不同背景下左翼女性知识分子对身份、权利、尊严、社会责任等问题的严肃思考,展现了她们不断深化的参与意识、联合意识与社会责任意识。需要指出的是,美国左翼女性文学中的共同体意识内含矛盾性,它既是个体权利和自由的保障形式,也限制了个体权利和自由;既帮助界定了个体身份,又潜在地对其进行消解。",当代外国文学,2018-10-15,期刊,I712.06,36-42,7
20,论新世纪德语文学的叙事格调与审美取向,张帆;李双志,上海外国语大学德语系复旦大学外文学院德语系,新世纪;德语文学;叙事格调;审美取向;,"新世纪德语文学坚守庄重和雅正之根,聚焦""现实""与""真实""的回归和重塑。叙事格调与审美取向表现在,由峻急宏大的现实主义向温和的""小叙事""蜕变,对特定历史和现实的指涉成为叙事潮流,作者回归与""虚拟自传""的真实品格,""碎片化""拼贴叙事的""破碎的现实主义""。一种与后现代解构叙事、传统现实主义宏大叙事相映成趣的新现实主义""小叙事""勃然兴起,肩负起将德语小说再次推向世界的重任。",当代外国文学,2018-10-15,期刊,I106.4,50-57,8
21,"穿越历史,通向彼岸——犹太边界空间视阈下《伊莱,狂热者》的“反狂热”追寻",秦轩,上海外国语大学,"菲利普·罗斯;《伊莱,狂热者》;空间;“反狂热”;","在菲利普·罗斯的短篇小说《伊莱,狂热者》中,伊莱的狂热之路是由混沌走向清醒,由压抑走向超脱。他穿梭于同化的犹太人和传统的犹太人之间,在边界空间中见证了犹太历史上的创伤遗留问题以及当下的犹太内部冲突和信仰危机。具体说来,失语、对话、书信等语言空间将创伤重复上演;视觉、听觉、嗅觉等感官空间辅之以电影技巧的运用将同化中的矛盾不断激化;彼岸空间中的诺斯替主义将犹太人潜藏的灵性从心底唤醒,进而实现终极救赎。值得注意的是,在这个复杂的边界空间中不乏犹太人为获取稳定的安身之所而狂热地追求同化的现象。有鉴于此,伊莱最终的狂热举动可以理解为对部分犹太人一味推崇同化的反抗,从而形成一种""反狂热""的行为表征。从某种程度上说,""反狂热""既是为了对创伤进行根本的治愈,也是为了追寻具有重生意义的彼岸空间。",当代外国文学,2018-10-15,期刊,I712.074,95-101,7
22,想象的日本——石黑一雄早期日本题材小说的非日本书写,郑佰青,对外经济贸易大学英语学院,石黑一雄;《远山淡影》;《浮世画家》;日本性;非日本书写;,"石黑一雄与日本的关系被评论界反复强化,尤其围绕其早期两部日本题材小说《远山淡影》和《浮世画家》中关于日本以及日本性的表征。当西方评论者过分强调石黑一雄早期作品的日本性时,日本早期评论家恰恰相反,他们放大石黑一雄缺乏""局内人""知识的缺陷。针对评论界对石黑一雄早期作品中日本元素的争议,本文从小说对日本地理的想象性图绘、跨语言和跨文化转化过程中的""重新导入""、以及对日本艺术家战争责任的反思三个方面来探讨石黑一雄与想象的日本和日本性的关系,以此来质疑西方学界对其小说中关于日本和日本性的假设,并由此揭示出小说的非日本书写性质。",当代外国文学,2018-10-15,期刊,I561.074,110-117,8
23,“局外人”形象再审视,杨建,华中师范大学文学院华中师范大学湖北文学理论与批评研究中心,加缪;《局外人》;“局外人”;默而索;,"作为当代的西绪福斯和反抗荒诞的存在主义英雄,加缪笔下的""局外人""默而索具有以下外在特征:孤独、古怪、沉默、冷漠、厌烦。其内在特征则是:理性的人、自然人、幸福的人、反抗者、牺牲者。这一形象文学渊源可以追溯到古希腊文学中普罗米修斯、西绪福斯、俄狄浦斯的影响,而与拜伦、陀思妥耶夫斯基、卡夫卡、波德莱尔、里尔克、萨特、海明威等西方近现代诗人、小说家笔下的主人公如唐璜、伊凡·卡拉玛佐夫、斯塔洛夫斯基、基里洛夫、格里高尔·萨姆沙、约瑟夫·K、马尔特等有着更多的血脉联系。",当代外国文学,2018-10-15,期刊,I106,153-159,7
24,译林最新书目,,O,O,"<正>文学类:九故事[美国]J. D.塞林格著丁骏译定价:49.80元弗兰妮与祖伊[美国]J. D.塞林格著丁骏译定价:45.00元抬高房梁,木匠们;西摩,小传[美国]J. D.塞林格著丁骏译定价:48.00元麦田里的守望者[美国]J. D.塞林格著孙仲旭译定价:46.00元台湾小吃全书焦桐著定价:98.00元",当代外国文学,2018-10-15,期刊,+,179,1
25,九故事,J.D.塞林格;丁骏,O,O,"<正>《九故事》收录了塞林格在《纽约客》上发表的九个短篇故事,每个故事自成一体,又互相关照,写出了塞林格眼中战后的一代年轻人之""爱与污秽""。故事中有纯真绝望的青年,有早慧困惑的儿童,有奋力融入孩子内心的母亲……塞林格让笔下的那些年轻人、孩子们,还有不成熟的成人们经历或者看到爱、对爱的渴望、死亡、绝望与疯狂,展现爱与美在现实中的闪现",当代外国文学,2018-10-15,期刊,I712.4,64,1
26,历史阴影下的文学与肖像画——论村上春树的《刺杀骑士团长》,但汉松,南京大学外国语学院,历史;记忆;肖像画;《刺杀骑士团长》;,"村上春树在他的近作《刺杀骑士团长》中延续了《奇鸟行状录》之后对于日本历史和战争记忆的忧思,同时也再次运用""洞""的隐喻来表达当代日本人为抵抗消费社会的异化所进行的精神求索。尽管这部小说与村上之前作品有诸多相似之处,但我们不应该忽视他在写作中对绘画艺术(尤其是肖像画)的本体论和再现理论所进行的自觉反思。《刺杀骑士团长》中内嵌的艺术理论思辨绝不只是小说家编制情节的工具,而是体现了村上春树近年来对历史创伤和艺术再现阈限的深入思考。",当代外国文学,2018-10-15,期刊,I313.074,65-72,8
27,石黑一雄日本题材小说对战后日本受害者形象的建构,李霄垅;李建波,河海大学外国语学院南京信息工程大学文学院,石黑一雄;《远山淡影》;《浮世画家》;国家身份;受害者;,"细读石黑一雄的日本题材小说,可以感觉到其作品与日本重塑其战后形象的努力相吻合,而且由于他站在西方文化和日本文化的边缘,相对熟悉两边文化,深谙有效影响西方读者对日本形象认知的玄机,其作品重塑日本形象功效显著。尤其是石黑一雄在2017年获得诺贝尔文学奖之后,其小说助力日本从战争加害者重塑为战争受害者形象的作用更加不可小觑。",当代外国文学,2018-10-15,期刊,I561.074,118-125,8
28,论石黑一雄《无可慰藉》中现代社会的精神异化,任冰,东北林业大学外国语学院,石黑一雄;《无可慰藉》;空间批评;精神异化;,"石黑一雄的第四部小说《无可慰藉》以超现实主义的笔法,描摹了钢琴演奏家瑞德在一座谜样的城市里所经历的谜样的四天三夜。在小说中,空间形式的场所和景观如快镜头般一一闪过,并和记忆交织在一起形成了谜一般的书写形式。本文运用空间批评理论,从城市书写和家庭书写两个角度,探寻困在这个城市中形形色色人物的精神异化困境,进而体会作家为人类普遍生存状态担忧的人文主义情怀。",当代外国文学,2018-10-15,期刊,I561.074,126-131,6
29,现实与虚幻交织的全球圆形流散——论莫迪亚诺《青春咖啡馆》的主题,王刚;霍志红,复旦大学上海工程技术大学外国语学院上海工程技术大学图书馆,莫迪亚诺;现实;虚幻;全球圆形流散;,"2014年诺贝尔文学奖得主帕特里克·莫迪亚诺的《青春咖啡馆》立足于20世纪50年代初的法国巴黎,以孔岱咖啡馆为圆心,勾画出以露姬为代表的一群经常出入于此的流浪者从不断探寻人生真谛到最终放弃追求、终结生命的圆形悲剧历程。笔者在国内首次提出这种历程是混淆现实与虚幻、跨越时间和空间的全球性圆形流散。通过对现实与虚幻的交织、半醉半醒的状态、神秘的圆形的分析,文章发现:尽管露姬和小说中的人物一生都在不停地探寻和挣扎,到头来他们得到的只有孤独、迷惘和漫无目的的漂泊。他们时刻处于现实与虚幻交织的全球圆形流散中,这也是""二战""后不久西方的普遍精神状态。",当代外国文学,2018-10-15,期刊,I565.074,132-137,6
30,卡尔·马克思,以赛亚·伯林;李寅,O,O,"<正>本书以卡尔·马克思的生平经历与思想发展为主线,从他在德国的成长与求学,在巴黎的工作与斗争,一直写到流放伦敦的最后岁月,涉及青年黑格尔派运动、1848年欧洲革命浪潮、国际共产主义运动、《资本论》出版等众多历史事件,完整勾勒出了马克思传奇而动荡的一生。伯林在书中尤其关注马克思在各个阶段的思想发展轨迹,客观评述了他在哲学、历史学、政治",当代外国文学,2018-10-15,期刊,A811,14,1
31,城市生态设计,达尼洛·帕拉佐;弗雷德里克·斯坦纳;吴佳雨;傅微,O,O,"<正>本书向读者展示了一种实现城市空间转型的跨学科设计方法,并详细说明了这一设计过程的不同阶段,通过运用理论、技术、影像和案例研究使其可以适用于任何设计项目。作者认为,随着人们对于环境的日益关注,在城市设计中引入生态和可持续性议题也日益受到重视,",当代外国文学,2018-07-15,期刊,TU984.115-5,113,1
32,“我们”的叙事狂欢——论桑塔格短篇小说《宝贝》中的集体型叙述,姚君伟;顾明生,南京师范大学外国语学院南京农业大学外国语学院,桑塔格;《宝贝》;集体型叙述;空间形式;,"《宝贝》是美国作家苏珊·桑塔格的重要作品,讲述了一对夫妻因难以承受丧子之痛而接受心理治疗的故事。本文从第一人称复数叙述者""我们""、双重聚焦、独白式医患谈话等叙事元素切入,分析小说中集体型叙述的形式、功能、意义,探讨小说的创伤叙事艺术、复杂亲子关系及其桔瓣式空间形式。",当代外国文学,2018-07-15,期刊,I712.074,5-13,9
33,穿越时空的历史对话——评赫斯顿的遗作《奴隶收容所:最后一批“黑人货物”的故事》,金莉,北京外国语大学英语学院北京外国语大学王佐良外国文学高等研究院,佐拉·尼尔·赫斯顿;《奴隶收容所》;奴隶贸易;非虚构作品;“黑人货物”;,"著名美国非裔作家佐拉·尼尔·赫斯顿1931年的非虚构作品《奴隶收容所》时隔87年之后终于在2018年面世。这部基于赫斯顿对被最后一艘运奴船贩卖到美国的非洲人柯萨拉的系列采访的作品,通过柯萨拉的方言口述和赫斯顿的记述的方式写成,它不仅在叙事手段上独树一帜,也从新的维度再次审视了奴隶贸易和奴隶制,成为真正意义上穿越时空的历史对话。作品的出版不仅充实了赫斯顿的文学遗产,也对理解一直被种族问题所困扰的美国具有重要的历史和现实意义。",当代外国文学,2018-07-15,期刊,I712.06,14-22,9
34,“自由”的悖论——解读乔纳森·弗兰岑《自由》中的矛盾与和解,孙璐,上海外国语大学英语学院,乔纳森·弗兰岑;《自由》;自由;救赎叙事;和解;,"2010年,当代美国作家乔纳森·弗兰岑凭借他的第四部小说《自由》荣登美国《时代》杂志封面,被赞为当下""最有野心""的美国小说家。通过讲述三个主要人物自20世纪后期到""9·11""事件以及伊拉克战争期间所遭遇的不同形式的""自由""的悖论,无论是自由与不自由的相伴相生,还是自由的不平等实现,抑或是自由成为权力拥有者伪善的辞令,这部作品诠释了""自由""到底意味着什么。小说采用的""救赎叙事""质询了自由作为意识形态话语在当代美国产生的恋物癖效力,同时暗示了以妥协的方式获得自我救赎以及个体与社会达成和解的思路。",当代外国文学,2018-07-15,期刊,I712.074,23-30,8
35,生活世界化自然的构建——生态现象学视域下的美国现代田园挽歌,张磊;彭予,北京航空航天大学外国语学院,生态现象学;美国现代田园挽歌;生活世界化的自然;主客二分;,"20世纪后半叶,美国生态环境急剧恶化,社会的生态意识逐渐增强,这一时期兴起的美国现代田园挽歌对待自然环境的态度也随之发生巨大变化。美国现代田园挽歌表现出的生态意识中渗透着现象学""返回事物本身""的精神,预示了生态现象学在美国的诞生。打破人与自然主客二分的观念是美国现代田园挽歌的诗学追求,也是生态现象学的基本理论主张。本文在生态现象学视域下分析美国现代与传统田园挽歌的区别,探讨其构建生活世界化自然的基本范式及在应对现代人面临的生态危机中可能发挥的积极作用。",当代外国文学,2018-07-15,期刊,I712.06,31-38,8
36,当代美国混血族文学批评刍议,王增红,厦门大学外文学院哈佛大学,美国混血族文学;种族混杂;混血族感性;,"20世纪90年代,美国文学市场上涌现出一股混血族传记潮。大量涌现的混血族传记和混血族作家在文本中表达强烈的混血族意识,迫使文学批评界开始审视一直以来被忽视或低估的混血族文学文本。混血族文学重视作家本身在文化与种族身份上的混杂性,关注作家在作品中表达的混血族感性,其本质是为混血族在种族社会协商混血族身份、争取平等权益而服务,是对美国社会关于混血族的错误种族叙事的驳斥与反思。本文主要从混血族文学的兴起、本质特征及相关批评争议三个方面对混血族文学这一新兴领域进行阐释与探讨,并进一步指出混血族文学作为一个新的批评视角的发展前景。",当代外国文学,2018-07-15,期刊,I712.06,39-45,7
37,新世纪俄裔美国犹太作家移民叙事探析,刘文松,厦门大学外文学院英语系,美国俄裔犹太作家;移民;反犹;,"进入21世纪后,美国文学界迎来了屡获大奖的俄裔美国犹太作家群。国内对他们研究得不多。加里·施特恩加特的小说《俄罗斯初涉社交者手册》标志着美国俄裔犹太文学在21世纪的兴起。这批非常有才华的年轻犹太作家还包括马克西姆·施拉耶尔、安妮亚·尤里尼奇和埃伦·利特曼,拉拉·瓦彭亚等。其叙事作品(包括回忆录)的主题比较集中,包括俄裔犹太人移民美国的整个过程:为什么要从俄罗斯移民美国,通过什么方式移民,为什么要在意大利等国等待几个月后才能入境美国以及有些移民为何重返俄罗斯。",当代外国文学,2018-07-15,期刊,I712.074,46-52,7
38,《追风筝的人》中的影身人物,张俊萍;李梦雨,江南大学外语学院江南大学外国语学院,《追风筝的人》;胡赛尼;影身;阿米尔;,"文学文本中的""影身人物""指拥有相似特质,在外貌、性情、身世、命运等方面具有相互映照作用的人物。卡勒德·胡赛尼在其处女作《追风筝的人》中,以主人公阿米尔为中心,建构了几对影身人物。通过影身人物的设置,作者让主人公完成了个人身份和内在自我的追寻。影身人物与主人公的关系也在某种程度上构成了文本动力,定义和驱动了情节发展,形成了独特的叙事结构。",当代外国文学,2018-07-15,期刊,I712.074,53-59,7
39,论《大冰期》中的房地产市场与想象共同体,盛丽,西安外国语大学欧美文学研究中心/英文学院,玛格丽特·德拉布尔;《大冰期》;房地产市场;想象共同体;出走;,"20世纪七八十年代,英国全民参与的房地产自由市场被撒切尔政府表意为进取时代精神下旨在实现共同财富的民众公意。然而,这种表面上超阶级的民主机制实际上却加剧了阶级区隔。本文以迈克尔·哈特的房地产想象共同体理论为切入点,探讨玛格丽特·德拉布尔所创《大冰期》中的房地产市场背后经济权力的两种并行运行机制:一方面,房地产市场建构的经济利益共同体幻象以自然公正之名诱使小地产商投身纳入性排除的资本游戏;另一方面,以帝国复兴为宏大目标的房地产重建大规模拆迁棚户区、削减福利住房公共支出导致广大底层人民个体民主的合法性剥夺。本文指出房地产市场共同体背后的剥削性生产关系再生产实质,最后阐明德拉布尔政治诗学中""出走""的市场逃逸路径。",当代外国文学,2018-07-15,期刊,I561.074,60-66,7
40,主题并置与主体间性——《联合街》的共同体叙事,陈茂林,杭州师范大学外国语学院,帕特·巴克;《联和街》;叙事;主题并置;主体间性;共同体;,"当代英国作家帕特·巴克的《联合街》是表现20世纪80年代英国工人阶级共同体工作、生活、情感和精神状况的杰作。为了突出共同体的主题,小说采取了主题—并置叙事模式和主体间性叙事手法。主题—并置叙事模式突出了共同体的集体性,主体间性叙事手法消解了叙事者对叙事的行为者(人物)的宰制,突出了共同体成员的主体性及其平等、交流、依存、共在关系,使作品成为反映当代英国工人阶级共同体生存现状的艺术经典。",当代外国文学,2018-07-15,期刊,I561.074,67-74,8
41,论童话,伊塔洛·卡尔维诺;黄丽媛,O,O,"<正>因为卡尔维诺,《意大利童话》才能成为与《安徒生童话》、《格林童话》并列的经典,而一手缔造这一奇迹的卡尔维诺,他眼中的经典童话有着怎样的基本规律和范式?《论童话》是卡尔维诺对意大利童话编写的总结,也是他献给世界童话的一首情诗。卡尔",当代外国文学,2018-07-15,期刊,I546.078,74,1
42,《大闪蝶尤金妮娅》中的博物学与帝国主义,刘彬,广东技术师范学院,A.S.拜厄特;《大闪蝶尤金妮娅》;博物学;帝国主义;共谋性;,"无论小说构思、人物原型还是主题思想,《大闪蝶尤金妮娅》都突出了博物学元素。在英国殖民扩张的历史语境中,小说叙述的博物学和帝国主义具有共谋性。在话语层面,博物学家威廉照搬欧洲博物学标准为亚马逊森林的物种命名与分类,这体现了意欲""冻结""当地文化的帝国知识话语暴力。在政治层面,殖民者哈罗德的异国动物标本收藏折射出对殖民地的殖民欲望。在经济层面,异国动物标本交易为博物学家个人以及英帝国带来可观收益,占有这些标本是对殖民地的资本掠夺。",当代外国文学,2018-07-15,期刊,I561.074,75-82,8
43,文学机器,伊塔洛·卡尔维诺;魏怡,O,O,"<正>卡尔维诺的文学创作是一台复杂的文学机器,他一生的工作是将与时代相关的科学、哲学、政治学的零件置入文学机器中,不断地磨合,不断地调试。《文学机器》是卡尔维诺一生文学创作和实验的心得体会。在这部文集中,卡尔维诺在读者、作者及评论家的身份之间来回变换,不仅为这个时代的文学探索了全新的可能性,也为我",当代外国文学,2018-07-15,期刊,I546.06,82,1
44,《福楼拜的鹦鹉》的自反叙事策略,赵胜杰,山西大学外国语学院,朱利安·巴恩斯;《福楼拜的鹦鹉》;自反叙事;,"后现代主义实验大师朱利安·巴恩斯因复杂多变的形式实验享有""英国文坛变色龙""的赞誉。在早期代表作《福楼拜的鹦鹉》中,巴恩斯大胆地进行了自反美学实验,主要采用了叙事越界、文类越界和戏仿人物传记等自反叙事策略。本文认为,通过这些叙事实验技巧,一方面,作者表现出对文学形式审美建构过程的高度自觉和革新文学创作传统的创新意识,为文学创作形式注入新的元素;另一方面,作者向读者建构出一个真假难辨的文本意义空间,使读者难以触及福楼拜的真实面目。",当代外国文学,2018-07-15,期刊,I561.074,83-89,7
45,“黑色大西洋”的重访与重构——论劳伦斯·希尔的《黑人之书》,綦亮,苏州科技大学外国语学院,劳伦斯·希尔;《黑人之书》;黑色大西洋;加拿大;奴隶制;非洲流散;,"本文围绕吉尔罗伊的""黑色大西洋""概念解读加拿大黑人作家劳伦斯·希尔的代表作《黑人之书》。吉尔罗伊反对民族主义和文化绝对主义,提出从""路径""而非""根源""的角度进行黑人文化研究,强调奴隶制记忆以及从奴隶视角对现代性的重审。《黑人之书》牵引出对18世纪大西洋奴隶贸易的创伤记忆,并借助新奴隶叙事彰显黑人主体性以及对现代性的反思,呼应了吉尔罗伊的理论主张。然而,吉尔罗伊虽然倡导跨民族理念,却在""黑色大西洋""的构建中忽视了大西洋国家加拿大,《黑人之书》则通过回溯美国独立战争期间黑人的北迁史,确证了加拿大在非洲流散中的关键位置,丰富了""黑色大西洋""的维度,同时揭示出加拿大种族主义的历史源流,为认清加拿大多元文化社会实质提供了读本。",当代外国文学,2018-07-15,期刊,I711.074,90-97,8
46,论米歇尔·图尔尼埃小说中的“双性人”写作,杜佳澍,中南大学外国语学院,米歇尔·图尔尼埃;双性人;神话;思辨性;超验;,"""双性人""形象在图尔尼埃作品中广泛出现,成为其重要的写作元素之一。图尔尼埃的""双性人""写作建立在对西方神话的全新诠释之上,同时作家对这一主题思辨性的探索,使之上升到超验的境界。图尔尼埃的""双性人""主题表达了作者回归原始,超越性别冲突,探索人生存状况之外的存在可能性的愿望。",当代外国文学,2018-07-15,期刊,I565.074,98-104,7
47,论略萨《继母颂》的视觉叙事,张伟劼,南京大学外国语学院,略萨;《继母颂》;视觉文化;,"巴尔加斯·略萨的小说《继母颂》采用了文字与图像相结合的独特叙事手法,讲述了一段发生在秘鲁中产阶级家庭内的乱伦之恋。本文试图在略萨的这一美学实验与其持有的政治意识形态之间建立联系,从视觉文化的角度分析小说中大量存在的视觉元素,结合时代背景和作家的从政经历,揭示小说的视觉叙事所隐含的政治倾向:倡导个人自由、捍卫私有财产及美化中产阶级生活方式。",当代外国文学,2018-07-15,期刊,I778.074,105-113,9
48,法拉赫的《连接》与但丁“地狱篇”的互文性,林晓妍;卢敏,上海师范大学外国语学院,法拉赫;《连接》;索马里;但丁;互文性;,"努鲁丁·法拉赫的小说多以索马里为背景,其""回归索马里""三部曲中的第一部《连接》向读者展示了20世纪90年代索马里的内忧外患。法拉赫借由但丁""地狱篇""引文,对比战乱中索马里人民道德信仰的丧失并探索其根源。""连接""不仅是文本之间的关联性,也是主人公吉布勒赫与祖国的不可分割性。本文旨在通过《连接》与""地狱篇""间的互文性比较分析,揭示两者形式与内容上的相关性,将但丁地狱之行与吉布勒赫的索马里之行联系起来,构成索马里与地狱之间的对照,使读者更好地理解《连接》的艺术特色和创作意图。",当代外国文学,2018-07-15,期刊,I106,114-119,6
49,欲望·交感·生命——韩国生态诗歌的思想内涵与审美特质,邵薇,广州大学人文学院,当代韩国诗歌;生态文学;崔胜镐;郑玄宗;金芝河;,"韩国生态文学发端于1960年代末期。与其它体裁相比,韩国生态文学在诗歌创作领域取得的成就最为突出。崔胜镐、郑玄宗、金芝河是韩国当代文坛备受瞩目的三位诗人,他们的诗歌蕴含了丰富而深刻的生态哲思,其思想内涵与审美特质可分别用""欲望""、""交感""、""生命""三个关键词来概括。通过逐一考察三位诗人的生态思想,比较其生态诗歌的共性与差异性,可窥见韩国当代生态诗歌的整体风貌,为我国生态文学发展提供参考与借鉴。",当代外国文学,2018-07-15,期刊,I312.607.2,120-129,10
50,论《奥斯卡·瓦奥短暂而奇妙的一生》的交往实践与主体性建构,汤晓敏,南京大学外国语学院,朱诺·迪亚斯;主体性建构;“主—客”交往;“主—客—主”交往;,"美国多米尼加裔作家朱诺·迪亚斯的《奥斯卡·瓦奥短暂而奇妙的一生》以多米尼加裔奥斯卡一家为中心,描述移民群体在美国与多米尼加之间的跨国交往实践。本文以马克思交往概念为切入点,以奥斯卡姐弟为研究对象,探讨移民族群与多极客体展开的交往实践类型,认为奥斯卡的""主—客""单一两极交往模式扭曲其主体性认知,而姐姐罗拉在""主—客—主""交往模式下,与交往客体进行双向互动,形成成熟自主的主体意识。高度全球化语境下多元文化交往实践为移民族群的主体认知带来挑战与机遇,主体能否保持独立性与自主性是主体性建构的关键。",当代外国文学,2018-07-15,期刊,I712.074,130-136,7
51,“后帝国”时代英国乡村神话的祛魅——石黑一雄小说《长日留痕》的空间权力分析,王烨,海南师范大学初教学院海南师范大学外国语言文学与文化研究所,石黑一雄;《长日留痕》;权力;乡村神话;英国性;,"权力存在于空间结构之中,以微观隐秘的方式渗透其间。在石黑一雄的小说《长日留痕》中,他掀开英帝国乡村神话的面纱,让我们看到自然风景和乡间庄园是被帝国权力浇铸而成的。乡间自然风景在人为建构下成为界划自我和他者的标准。乡间庄园通过内外空间的分配和区隔确定严密的等级秩序。透过权力化空间构形的剖析,石黑一雄将社会的权力规训机制用空间的方式系统地展示出来,使人们体悟到萦绕于周遭的压制之源,即空间化的权力。",当代外国文学,2018-07-15,期刊,I561.074,137-143,7
52,《金色笔记》中的异化空间与自我困境,姜仁凤,上海立信会计金融学院,多丽丝·莱辛;《金色笔记》;空间;自我;异化;困境;,"《金色笔记》是诺贝尔文学奖得主多丽丝·莱辛空间特征显著的代表作品。本文从工作空间、政治空间和私人空间三个层面解读了小说呈现的二十世纪中期的日常生活空间及其对个体自我的破坏性影响:工作空间为符码操控造成个体自我严重分裂,政治空间极为荒诞使个体处处身不由己,而代表私人空间的自由女性公寓只有在主人公的梦和崩溃中才显示出""治愈潜能""。本文认为《金色笔记》中的日常生活空间是全面、高度异化的空间,它导致个体自我深陷困境,莱辛也由此深刻批判了西方现代社会并尝试着探讨构建超越异化空间、实现自我完整的个人空间的途径。",当代外国文学,2018-07-15,期刊,I561.074,144-151,8
53,空间隐喻与时空流变——勒克莱齐奥《诉讼笔录》评析,路斯琪;高方,南京大学外国语学院,勒克莱齐奥;《诉讼笔录》;空间;时间;隐喻;时空流变;,"对空间和时间的感知既是人存在的基本标志,也是人对外部世界的认知方式。文学作品中时间和空间的表现形式不仅能够体现作者独有的处世观,还能影射出时空组合下的外部世界的面貌。勒克莱齐奥的《诉讼笔录》是一部别具一格的小说,它打破了传统小说中的时空格局,作品中的空间和时间成为构建文本整体性和作品意义表达的重要环节。本文从宏观意义上的空间隐喻切入,以时空流变关系的视角对小说暗含的现代性做出解构式的分析和解读,挖掘作者的创作思路与文本预设,以求呈现作品中深陷现代文明泥沼的社会场景和人的精神状况,并由此探析作者对世界恢复其原有生命活力的期待和回归淳朴的最真切的愿望。",当代外国文学,2018-07-15,期刊,I565.074,152-158,7
54,种族·肤色·归属感——评托尼·莫里森的新作《他者的起源》,朱云,扬州大学外国语学院,O,"<正>托尼·莫里森(Toni Morrison, 1931—)作为美国文学史上唯一获得过诺贝尔文学奖的黑人女性作家,耄耋之年仍活跃于创作讲堂与文学舞台。《他者的起源》(The Origin of Others,2017)是其2016年在哈佛大学讲座的合集,分别以""奴隶制的浪漫化""、""是或成为陌生者""、",当代外国文学,2018-07-15,期刊,I712.074,165-168,4
55,美国文学思想史,,O,O,"<正>""美国文学专史系列研究""是我国学者在文学史研究日趋理论化、专业化和多元化的氛围中对美国文学历史展开的一次较大规模的专题研究和学术探讨。这是我国首套美国文学史专题研究丛书,旨在系统梳理和深入探讨美国文学五个领域的发展轨迹和演变过程,并揭示其内在逻辑和艺术价值,有助于读者对美国文学分支的深刻了解",当代外国文学,2018-07-15,期刊,I712.06,178,1
56,译林最新书目,,O,O,<正>文学类:葡萄园[美国]托马斯·品钦著张文宇译定价:58.00元另眼看艺术[英国]朱利安·巴恩斯著陈星译定价:76.00元朋友之间[以色列]阿摩司·奥兹著钟志清译定价(估):32.00元我的米海尔[以色列]阿摩司·奥兹著钟志清译定价(估):38.00元太阳点名余光中著定价(估):48.00元,当代外国文学,2018-07-15,期刊,Z88,179,1
57,莫里森空间研究的拓展和深化——评《托尼·莫里森小说中的地理与政治想象》,文永超;熊沐清,四川外国语大学研究生院四川外国语大学外国语文中心,O,"<正>在1967年的一次演讲中,福柯指出""当下最显著的时代特征就是空间""(qtd. in Tally,Routledge 2),这标志着文学和文化学中""空间转向""的到来。自那以来,文学研究者从空间的形式表征、空间蕴含的意义以及空间与认知的关系等维度探讨作品,逐渐形成了地理批评、女",当代外国文学,2018-07-15,期刊,I712.074,169-172,4
58,族裔性与文化记忆的糅合——《多元文化视野中的美国族裔诗歌研究》述评,袁在成,湖北文理学院外国语学院,O,"<正>尽管有不少学者致力于美国族裔诗歌的研究,但仍然缺乏系统的归纳,长期处于零散的状态。2015年12月,由中国社会科学出版的《多元文化视野中的美国族裔诗歌研究》(王卓著,以下简称《美国族裔诗歌研究》)改变了这一状况,可谓美国族裔诗歌研究史上的盛事。该书",当代外国文学,2018-07-15,期刊,I712.072,173-176,4
59,走向日常生活批判的操演理论,袁文彬;颜雨婷,深圳大学外国语学院,性别操演;政治转向;日常生活;,"性别操演理论是朱迪斯·巴特勒的核心思想,它集中论述了性与性别的相关问题。21世纪初,操演理论显示了政治转向,从对性别身份问题研究转向了关注身处政治困境中的""他者"",从单一主体性别身份解构延伸到对""他者""生存策略的解构。在此转向基础之上,本文欲从普遍的""人""的诉求为出发点,探讨操演理论对日常生活的批判和救赎。",当代外国文学,2018-07-15,期刊,H0-05,159-164,6
60,明亮的泥土:颜料发明史,菲利普·鲍尔;何本国,O,O,"<正>艺术史的书写向来重技艺而轻材料,在《明亮的泥土:颜料发明史》中,英国作家菲利普·鲍尔却让调色板上的无名英雄列队登场,以外观、气味、质地和名称彰显了颜料迷人的物质属性。他聆听画家与画材商的争执、拈起科学家的色卡和棱镜细腻地谱写出梦想家与手艺",当代外国文学,2018-07-15,期刊,J209.1-5,13,1
