1,正定县文庙大成殿维修工程中的新发现,岳改荣;崔伟丽,正定县文物保管所,河北正定;县文庙大成殿;题记;砖雕;,"河北正定县文庙大成殿于2015年4月至2016年4月实施了保护维修工程,期间发现多块带题记的木板、望砖,以及后期维修被封护的精美建筑构件——正脊砖雕,这些新发现为研究正定县文庙明清时期的维修情况提供了重要的实物资料。",文物春秋,2018-12-25,期刊,TU-87;K878.3,60-64+80+2,7
2,两道清代封赠文书考述,刘铮,安徽师范大学博物馆,清晚期;封赠文书;李福盛;长江水师;,"安徽师范大学博物馆藏有两道20世纪50年代从芜湖征集来的清代封赠文书,一道是李□茂夫妇诰命,另一道是李世□夫妇诰命。这两道封赠文书的发现,不仅为研究清代封赏制度、官文风格等提供了宝贵的档案资料,而且为清代湘军水师、长江水师等方面的研究提供了重要的实物资料。",文物春秋,2018-12-25,期刊,K877;K249,75-80,6
3,杭锦旗查干陶勒盖墓群发掘简报,李双;高平;那顺;李慧;白虹;图雅;乌东其其格;阿娜尔,鄂尔多斯市文物考古研究院杭锦旗文物保护管理所吉林大学边疆考古研究中心,查干陶勒盖墓群;鄂尔多斯地区;两汉时期;内蒙古杭锦旗;,"查干陶勒盖墓群由杭锦旗文物保护管理所调查人员在全国第三次文物普查时首次发现并登记。2015年6月,鄂尔多斯市文物考古研究院与杭锦旗文物保护管理所联合对查干陶勒盖墓群开展了抢救性考古发掘,共清理10座墓葬,出土若干随葬品。根据出土遗物推测,该墓群属西汉晚期至东汉初期。此次发掘为研究鄂尔多斯地区两汉时期墓葬及相关问题提供了新的材料。",文物春秋,2018-12-25,期刊,K878.8,22-29+59,9
4,几个红烧土遗址过火温度的科学推断,闫海涛;周双林;唐静,河南省文物考古研究院北京大学考古文博学院,过火温度;焙烧;热重分析;红烧土遗址;,"土体的矿物组成在其过火焙烧过程中发生了一系列变化,由于其焙烧温度不尽相同,进而导致土体强度和其耐破坏能力与未过火土体相比变得或强或弱。在实地调查大河村遗址、钧窑遗址、牛河梁遗址和兵马俑遗址后发现,这些过火土遗址病害的类型和严重程度存在差异。排除环境因素后,过火温度的高低是导致过火土遗址出现不同病害的主要因素。因此,通过实验对比法,科学判断过火土遗址的过火温度,对遗址本体病害原因进行分析,采取有针对性的保护措施具有重要意义。",文物春秋,2018-12-25,期刊,K878,42-47,6
5,唐《重修北岩院记》新探,曾涧,重庆西部人力资源有限公司,《重修北岩院记》;四川资州;唐代;摩崖造像;窦滂;,"四川省资中县北岩摩崖造像,是一处规模较大、数量较多而集中的石刻造像群。《重修北岩院记》是记载唐代资州北岩佛教发展历史的重要石刻文献。通过查阅相关文献材料,可考知碑中""前定边节制大夫、扶风公""为窦滂,北岩摩崖石窟第30龛的造像年代在咸通末年。同时,订正《资治通鉴》中记载窦滂由定边军节度贬康州司户实为""斥徙""资州刺史的错误,并增补《唐刺史考全编》资州卷任职刺史一则。",文物春秋,2018-12-25,期刊,K877.4,54-59,6
6,重庆丰都两件汉代鎏金青铜器的保护修复,顾来沅;杨小刚;叶琳;金普军;孙少伟,重庆市文化遗产研究院陕西师范大学,鎏金青铜器;重庆丰都;汉代;保护修复;,"受重庆市丰都县文物管理所的委托,重庆市文化遗产研究院对该所的汉代鎏金青铜盒和鎏金青铜锺进行保护修复。按照保护修复方案,首先采用扫描镜/能谱仪、X-射线衍射、红外光谱等科学仪器对两件青铜器上的锈蚀物进行检测分析,根据检测分析的结果和保存现状,有针对性地实施了清洗、除锈、矫形、封护等保护方法,保护修复完成后,取得了令人比较满意的效果。",文物春秋,2018-12-25,期刊,K876.41,48-53+74,7
7,如何创建红烧土建筑考古学,李文杰,中国国家博物馆,红烧土建筑考古学;毛泽东哲学思想;大溪文化;关庙山遗址;,"红烧土建筑是土木建筑的一种特殊形式,在大溪文化中延续千年之久。作者在亲身经历了湖北枝江关庙山遗址田野发掘、资料整理、编写报告的全过程后,创建了红烧土建筑考古学。红烧土建筑考古学是建筑考古学的一个分支。在达成这一目标过程中,创造了四种研究方法,一是以已知求未知,二是周到和必要的侦察,三是多学科思维,四是""联贯起来的思索"",其核心是灵活地运用毛泽东哲学思想。",文物春秋,2018-12-25,期刊,K879.1,3-11,9
8,东瓯缥瓷刍议,诸诣;郑建明,上海博物馆浙江省文物考古研究所,东瓯缥瓷;瓯窑;青瓷;,"许多文章在谈到瓯窑时往往会提到""东瓯缥瓷"",但对这个词语的涵义却疏于讨论。文章梳理了史料中对""东瓯缥瓷""的记载,指出了学界目前在这些文献的解读方面仍存在的三大争论。并根据考古调查与发掘报告等材料,罗列了温州目前公布的瓯窑窑址,总结了瓯窑产品具有的鲜明地域特征。在此基础上,厘清了""东瓯缥瓷""的概念,即认为西晋时期""缥瓷""的产地在""东瓯""的看法是不正确的,其在目前情况下只能单纯表达""温州生产的淡青釉色瓷器""这一层含义。",文物春秋,2018-12-25,期刊,K876.3,12-21,10
9,河北平山中山国墓葬出土青铜器的科学分析研究,张智博;李延祥;刘连强;王晓琨,北京科技大学河北省文物研究所中国人民大学,中山国;青铜器;科学分析;制作工艺;冶金史;,"1998年,考古工作者于河北平山县发现一批典型的中山国墓葬,其出土的青铜器是研究东周时期中山国青铜器特征、制作工艺以及与周边诸侯国关系的重要资料。为进一步揭示其科学内涵,对该批中山国墓葬出土的青铜器样品进行了分析与检测。结果显示,这批青铜器的材质包括铅锡青铜与锡青铜,工艺为铸造、热锻、铸后受热与热锻冷加工。铜器的初步检测分析为研究中山国的青铜器特征与制作工艺提供了新的参考资料。",文物春秋,2018-12-25,期刊,K876.41,30-41,12
10,佑顺寺佛教石刻造像,刘超;蔡强;马文涛,朝阳市文物考古研究所朝阳博物馆,辽宁朝阳;佑顺寺;石刻造像;清代;,"佑顺寺是迄今为止辽西地区乃至整个东北境内保存最为完好的清代皇家行宫之一,2006年被列为国家级文物保护单位。寺内佛神造像众多,其中大雄宝殿及天王殿外墙共镶嵌了29块藏传佛教题材石刻浮雕造像,7块有明确纪年造像为清代所造,22块无明确纪年造像风格则更接近于金元。根据这些造像特点以及文献史料记载,猜测佑顺寺可能是在金元旧寺上翻修重建而成。",文物春秋,2018-12-25,期刊,K879.3,65-74+81,11
11,研究气垫船的岁月,黎建国;黎霞,O,O,"<正>我珍藏了一套气垫船照片,它是我一生事业的记载,看到它,心中就涌起一阵激动。1963年,我从哈尔滨军事工业学校毕业后被分配到上海某研究所,1965年被挑选到新组建的第七研究室气垫船研究开发中心,我太高兴了。我们的工程师辛一心主持设计建造了我国第一艘万吨级远洋货轮东风号,该年刚刚造好试航,对我们是巨大的鼓舞。气垫船是一种新兴的现代运输",档案春秋,2018-12-10,期刊,U674.943,35-38,4
12,“雨巷诗人”戴望舒的尘封情书,吴心海,O,O,"<正>听朋友说,1932年创刊于上海的《晨报》刊载有先父吴奔星的散文和诗作。于是,笔者连续花了半个月时间,几乎把《晨报》及其1935年9月出版的副刊《小晨报》翻了个遍。结果,无意中看到诗人戴望舒的一封情书,堪称一个意外的大收获!由于诗人戴望舒也是《小雅》",档案春秋,2018-12-10,期刊,I206.6,39-44,6
13,陈从周《墨竹图》背后的雅趣,鞠鸽腾,O,O,"<正>陈从周先生(1918-2000)别号梓翁,当代著名建筑学家、园林艺术家、散文家、诗词书画大师。由于其存世画作极少,故其书画之名鲜有人知。近日,应邀赏友收藏梓翁先生《墨竹图》复制件两幅,细细玩味,妙不可言。赵朴初先生曾赋诗赞梓翁画竹:""壁上风来声簌簌,数竿潇洒遗尘俗。多能",档案春秋,2018-12-10,期刊,J212,51-52,2
14,新中国的彩色瞬间,,O,O,"<正>苏联摄影家米科沙于1949-1951年在中国拍摄了大量珍贵的彩色照片,定格了新中国初期的彩色瞬间。翻身的劳动人民,洋溢着欢声笑语;旗帜飘扬,辉映着历史的画卷。古老的中国,正以青春的步伐,屹立东方。这一幅幅影像,为新中国做了最好的光影见证。",档案春秋,2018-12-10,期刊,J43,65-66,2
15,微记录,,O,O,"<正>@苏轼一生忧国忧民,寄情茶道,视茶为自己的好友。后人评价:""读苏轼诗文,染茶味清香。""苏轼对烹茶用具也很讲究,他认为""铜腥铁涩不宜泉"",而最好用石烧水。据说,苏轼在江苏宜兴时,还亲自设计了一种提梁式紫砂壶。后人为",档案春秋,2018-12-10,期刊,K109,12+52+54+59,4
16,京西宾馆里的历史回声,,O,O,"<正>历史的指针拨回至1978年12月18日,那是一个瑞雪纷飞的星期一。中共十一届三中全会在京西宾馆第一会议室召开,而短短五天会期后,一场伟大变革渐次展开,将整个中国带入了新时期。春天的故事从这里开始,改革开放的航船启程了……现今这里被保留为永久的纪念场所。依照""修旧如旧""的规定,从会场布置、桌椅摆放,到喝茶玻",档案春秋,2018-12-10,期刊,K27,3,1
17,《光绪秘史》中译本出版前后,柳和城,O,O,"<正>1937年6月,商务印书馆推出了一部装帧朴实的历史小说《光绪秘史》,署""德菱公主著、徐学易译""。德菱公主,即那位慈禧身边的女官、用英文写作清宫小说的裕德龄女士。译者徐学易则是当时成都中国银行的高级职员,业余从事翻译。要不是几通信稿存世并被收入《张元济全集》第3卷(商务印",档案春秋,2018-12-10,期刊,K252,45-46,2
18,辛亥前夕的剪辫风潮,许洪新,O,O,"<正>辛亥革命最显性的结果,一是推翻了皇帝,二是剪掉了男子脑后的辫子。为了剪辫,光复后的各地军政府都一再发布告示。1912年3月5日,临时大总统孙中山,专门颁布了《一律剪辫文》。所以,有人戏称这是一场""辫子革命""。男子垂辫作为清代人的一大标志,辫子问题确也贯穿了整个",档案春秋,2018-12-10,期刊,K257,47-50,4
19,“我们是人民的勤务员”——从刘少奇同志纪念馆的几件藏品说起,李桂芳,O,O,"<正>""看书就是最好的休息""刘少奇同志理论素养深厚,他利用一切可以利用的时间,手不释卷,博览群书,认真学习马列与毛泽东著作,广泛涉猎中外文史书籍。刘少奇对理论的学习钻研在中国共产党内是著名的,以至于毛泽东都说:""三天不学习,就赶不上少奇同志!""读书,成为刘少奇生活中的第一需要,这",档案春秋,2018-12-10,期刊,K827;K87,4-10,7
20,顾廷龙亲撰的“大楷簿”,萧斌如,O,O,"<正>笔者珍藏有一本近半个世纪的""大楷簿"",这是顾廷龙先生赠送给我的。先生是图书界一位德高望重的学者,还是一位书法造诣精深的书法家。每每翻看,往事又历历在目,仿佛犹见顾廷龙老先生的音容笑貌。1966年,上海越剧院因体制改革,取消女扮男装演出,主张改为男女合演。故将一批多余的女学员约30余人,分配到市文化局名",档案春秋,2018-12-10,期刊,K825.72,53-54,2
21,陈延年、陈乔年兄弟的上海往事,徐光寿;徐敭,O,O,"<正>上海龙华烈士陵园,是中国共产党的第一个红色陵园。在草木葱郁的烈士墓地中,静卧着一对同胞兄弟的墓碑,就是陈延年、陈乔年二人。他俩都是中国共产党主要创建者陈独秀的儿子。2018年是陈延年烈士诞辰120周年,也是陈乔年烈士遇害90周年。在1927年7月到1928年6月的一年时间内,两个不到30芳华的年轻革命者先后牺",档案春秋,2018-12-10,期刊,K827,20-24,5
22,“愿将吾心付春光”——五四运动时期的石评梅,陆其国,O,O,"<正>给周恩来邓颖超当""红娘""1925年1月的上海冬季,寒风萧瑟,冷意袭人。在上海虹口一幢普通民居内,秘密举行的""中共四大""刚刚闭幕,各地与会代表踏上了返程旅途。此时北方区委员会负责人之一高君宇,忽然被周恩来叫住。原来周恩来想托他办一件""私事""——回京途中到天津代他看望一个人。说着,周恩来把手中一封",档案春秋,2018-12-10,期刊,K825.6,25-30,6
23,苏联摄影师记下新中国第一抹“彩色瞬间”,吴健,O,O,"<正>时间越久远,人们对历史的感情就越深厚。1949年新中国第一个国庆节,有一批罕见的彩色照片,在略有白点的影像里,站起来的中国人民豪迈热情,一边战斗,一边建设,令人感到无比亲切。这些照片的作者是弗拉基斯拉夫·弗拉基斯拉沃维奇·米科沙,苏联著名的电影摄影师、导演、编剧、战地记者、评论员。他1943、1949和1951年三次",档案春秋,2018-12-10,期刊,K835.12,31-34,4
24,"1978,上海交大代表团首次访美",邵传芬,O,O,"<正>1978年9月29日,上海交通大学(以下简称""上海交大"")教授访问团离开北京,经巴黎到达华盛顿,在美国访问,于11月19日返回北京。这是1949年以后内地第一个高校访美代表团。在高校培养合格的大学生停顿了约十年之久后,这一举动可谓是高校发展的突破口,也是载入改革开放历史的一次行程。那么,这次",档案春秋,2018-12-10,期刊,G649.28,13-16,4
25,"生动展示上海改革开放40年波澜壮阔的伟大实践和历史画卷《上海改革开放40年——那些年,我们的故事》出版",,O,O,"<正>《上海改革开放40年——那些年,我们的故事》一书由上海人民出版社于2018年8月正式出版。该书由上海市档案局(馆)、上海老新闻工作者协会合作采编,国务院新闻办公室原主任、浦东新区管委会首任主任、中国人民大学新闻学院院长赵启正作序。全书以上海改革开放40年来的发展历程、基本脉络、发展逻辑和",档案春秋,2018-12-10,期刊,D67,2,1
26,回音,,O,O,"<正>叶雅珉:2019年依旧订阅了《档案春秋》杂志。这是一份基于档案和历史资料而撰文的杂志。也是一份小众的,有品位的杂志。赵基祥:贵刊第9期《末代皇帝溥仪的户口簿》非常有价值。溥仪的户口簿保存在北京警察博物馆里。作者通过对溥仪住址、婚姻、工作单位等的变迁情况,逐一解读末代皇帝在新中国的生活、工作情况。令人信服,让人慨叹。袁文烈:作为一名大学公共课的老师,撷取有价值的历史信息,为学生讲授中国近现代史是一门常",档案春秋,2018-12-10,期刊,+,2,1
27,邓小平称赞王崇伦抓豆腐“抓得好”,张持坚,O,O,"<正>1980年8月,中央安排全国总工会副主席王崇伦""挂职""哈尔滨市委副书记。笔者是负责联系省市党委的新华社黑龙江分社记者,和这位从工人走上领导岗位的全国著名劳动模范有了交往。彼此熟悉了,他说,他是根据胡耀邦讲的干部要下去,特别是大机关的干部要下去,好好学习、联",档案春秋,2018-12-10,期刊,D232,11-12,2
28,鸿翔公司与旗袍,金泰康,O,O,"<正>旗袍,顾名思义与满清旗人服装有关,古代的旗袍在南京的""江宁织造博物馆""里有陈列。传说满清入关后,汉人坚持""男降女不降"",所以男子剃头留辫,改穿长袍马褂,女的还是上衫下裙(裤),足缠小脚的习惯,没有改穿旗装。现代的旗袍,则是从民国前后开始,率先在当时女学生中流行起来的,后来人称""改良",档案春秋,2018-12-10,期刊,F426.86,55-59,5
29,尼泊尔留学生眼中的中国巨变,苑基荣,O,O,"<正>从粮票到自由采购尼泊尔阿尼哥协会主席塔姆说,当年他决定去中国留学时,家人并不支持。现在想来也可以理解,因为当时的中国对世界上其他国家的人来说充满着神秘感,给人与世隔绝的印象。但1986年9月他还是如愿踏上了中国的土地。尽管尼泊尔和中国是有着一千四百公里边境的邻国,但当年两国还没有直航,加德满都和香港之间倒是有,只是",档案春秋,2018-12-10,期刊,D61;G648.9,17-19,3
30,世纪,,O,O,"<正>中央文史研究馆上海市文史研究馆主办大16开96页双月刊单月出版每期10元全年6期60元全国各地邮局征订邮发代号:4-557为答谢广大新老读者的厚爱,本刊举办优惠征订活动。自2018年6月始至12月底前,凡订阅2019年全年杂志的读者,将获赠《世纪》历年(2005年—2016年)精装合订本的其中一册(含当年6本杂志)。数量有限,送完即止,",档案春秋,2018-12-10,期刊,+,30,1
31,文化馨香暖人心,,O,O,"<正>公司总经理周涛在2018年工作会上指出:""加快’忠爱’企业文化落地,以满足’职工日益增长的需求和对美好生活的向往为出发点,为忠爱文化注入天道酬勤、关怀幸福等新内容,进一步打造、凸显企业文化的’馨’特色,做好身心健康关怀、荣誉激励关怀、福利政策关怀、人性化工作关怀、职业发展关怀、文化关怀等6项温馨关怀,使广大员工获得感、幸福感、安全感更加充实、",共筑幸福大家园——广西中烟打造企业文化“馨”特色,,文史春秋,F426.8;F270,2+65,2
32,回忆韦国清同志对文艺工作的关怀和厚爱,周民震,O,O,"<正>1958年广西壮族自治区成立至今已一个甲子,我曾经历了这漫长而又壮丽的光辉历程。在大家欢庆自治区成立60周年的日子里,我有幸被自治区评选为广西八桂先进人物。而在去年,我还荣获过全国第三届电影编剧终身成就奖。我不会忘记,我是在中国共产党的阳光雨露沐浴下成长的。少年时代,我就参加了地下党和游击队,中华人民共和国成立后又",文史春秋,2018-12-10,期刊,K27;J120.9,51-53,3
33,这是一片神奇的土地,柳西,O,O,"<正>""番禺以西,八桂成林""(《山海经》)。岭南八桂,暑热潮湿,山多土瘠,古称烟瘴荒陋,今谓山水美地。千万年来,八桂子民生生不息,血与火的涅槃,熔铸了勇毅坚韧、勤劳朴实的性格;虽处偏僻,却包容开放,族际通婚,宗教相容;壮歌瑶舞,侗楼苗节,文化多元。骆越古稻,灵渠开凿,",文史春秋,2018-12-10,期刊,K29,1,1
34,中国遗传学奠基人谈家桢院士与广西大学,马庆生,O,O,"<正>今年是广西壮族自治区成立60周年,也是广西大学复校60周年。自我1983年留学回国,在广西农学院(1997年与广西大学合并)创建分子遗传学研究室至今,30多年过去了,分子遗传学研究室的教师和研究生从10多名发展到100多名,见证了分子遗传学研究室从校级的研究基地发展成为国",文史春秋,2018-12-10,期刊,K826.15,32-36,5
35,广西现代工业筑基期的那些“第一”,刘丽虹,O,O,"八桂之地的第一部木炭汽车、第一架单翼初级教练飞机、第一个工业区、第一高炉出铁、第一台拖拉机、第一台推土机和装载机、第一辆载货汽车……这些诞生在柳州的诸多""第一"",可谓广西现代工业迂回曲折中顽强前行历史的印记。它们背后的故事生动精彩,以创业者的勤奋、坚毅与智慧,展现着广西人独特的""苦干""""穷干""精神。",文史春秋,2018-12-10,期刊,F427,54-61,8
36,崇左:中国边贸之都,吴柱奇,O,O,"<正>广西崇左市辖地有大新、龙州、宁明、凭祥4个县(市)与越南接壤,边境线长533公里,占广西陆地边境线的50.76%,是广西陆地边境线最长的地级市。全市辖有5个国家一类口岸、2个国家二类口岸、14个边民互市点。从镇南关到友谊关、从手提肩挑边民互市到大型货车运输边境大额贸易、",文史春秋,2018-12-10,期刊,F752.8,62-64,3
37,拳拳赤子边关情,邱石元,O,O,"<正>1997年7月,曹伯纯同志调任中共广西壮族自治区党委书记。来到广西后,他用一年多一点的时间走遍了广西各地市、县(区)。自治区党委、政府其他领导,也深入各地开展调查研究。在广泛深入调研的基础上,自治区党委、政府根据中国共产党的""十五大""精神,经反复研究,作出了""三大战略六大突破""的决策。伯纯同志经常引用毛泽东主席的话对我们说:饭要",文史春秋,2018-12-10,期刊,D262.3,37-39,3
38,一座教学大楼,,O,O,"<正>创立于1928年的广西大学,1953年在全国高校院系调整中奉命撤销,1958年在中央支持下,广西大学恢复重建。如今这所历史悠久的学府,成为国家""211工程""大学,""世界一流学科""建设大学,复校60年的非凡历程,成为展示自治区成立60年尤其是改革开放40年来的自治区在科技文化教",一段难忘回忆,黄健,文史春秋,G649.28,40-46,7
39,邓小平开辟中国改革开放新时期,倪良端,O,O,"<正>1978年,中国历史大转折之年。在历史转折之时,邓小平以极大的政治勇气、担当的精神、果敢的魄力,开辟了中国改革开放之路,开启了中国改革开放的新时期。1977年邓小平复出后,曾在多个场合、内容涉及多个领域使用""改革""一词。""开放""一词作为中国",文史春秋,2018-12-10,期刊,D232,4-9,6
40,改革开放40周年若干重大事件的国家记忆与广西实践,钟启泉,O,O,"中国的改革开放,改变了世界格局,改变了中国共产党和国家的命运,也改变了广西发展的历史。本文以""真理标准""大讨论、恢复高考科教之春、农村联产承包、特区建设带动全方位开放等几个历史节点,展现当年广西与时俱进融入改革开放大潮的画面,昭示改革开放40年留给世人的重大启示——""一个国家、一个民族要振兴,就必须在历史前进的逻辑中前进、在时代发展的潮流中发展。""(习近平语)",文史春秋,2018-12-10,期刊,D67,10-16,7
41,广西壮族自治区60年奋进纪实,庾新顺,O,O,"<正>1949年12月11日,广西全境解放。1956年9月,以中国共产党的""八大""为标志,中国共产党领导全国各族人民开始全面建设社会主义伟大道路的艰辛探索。勤劳智慧的广西各族人民,在中国特色社会主义革命、建设和改革开放现代化建设的伟大征程中,同心同德、艰苦奋斗,战胜各种艰难曲",文史春秋,2018-12-10,期刊,F127,17-23,7
42,广西政协在自治区成立前后的政治参与,黄坚;谭军,O,O,"62年前,中共中央从壮族及广西各方面情况综合考虑,倡议成立壮族自治区。倡议迅即在八桂大地引发极其广泛热烈的反响。在中共中央和中共广西省委的正确领导下,广西政协在自治区成立这一重大政治事件的发展进程中,积极发挥桥梁纽带作用,周密组织、有序推进思想酝酿讨论、民主协商、学习宣传、筹备成立……在过程复杂曲折、结局有序圆满的广西壮族自治区成立史上留下了浓墨重彩的一笔。",文史春秋,2018-12-10,期刊,D628,24-31,8
43,我的广西民族工作队员经历与见闻,陈天枢,O,O,"<正>我1931年出生于广西横县的一个壮族小山村,1951年被广西横县人民政府保送到广州南方大学民族学院学习,1952年加入广西省少数民族工作队,成为当时全国最早的少数民族工作队成员之一,从此直至退休,一直从事了40多年的少数民族工作。1950年代至1960年代,自治区成立前后,广西匪患仍在,百废待兴,高、远、边、山、穷的少数民族地区,是我们工作的落脚",文史春秋,2018-12-10,期刊,D633,47-50,4
44,文字改革者的情怀,简奕,中共重庆市委党史研究室,O,"<正>中国文字改革是修整方块汉字,并补充、创造汉语拼音文字的工作。有两大组成部分,一为汉语拼音运动,二是汉字简化运动。吴玉章在这两方面都作了巨大的贡献。新文字运动成效显著1940年秋天,正是陕甘宁边区被国民党封锁最困难的时候,吴玉章却每天骑着毛驴,穿过黄土路,从延安北郊的杨家岭,赶到南郊的教师训练班,给未来的新文字老师们上课。吴玉章正忙着与林伯渠一起推行拉丁新文字试点。他从1928",红岩春秋,2018-12-05,期刊,H125,19-21,3
45,孟浩然故居,何智亚,O,O,"<正>孟浩然故居位于重庆市梁平区碧山镇,始建于1923年,是国民党将领孟浩然曾居住的地方。孟浩然故居原有两进院落,第一进院落和前厅现已消失,天井被后来搭建的房屋占去大部分。中厅前有一道石朝门遗址,朝门已毁,仅剩一根石柱。中厅墙面开八扇西洋风格花窗,窗框饰以灰塑戏曲故事。中厅右面房屋大部分被损毁改造,仅剩一壁老墙。老房纵向三道朝门现已不存,目前只剩下一座四合院。四合院横向开三道石框",红岩春秋,2018-12-05,期刊,K928.72,68-69,2
46,不忘初心说革命,李彦一,O,O,"<正>出现于先秦文献的""革命""一词,晚清一度风靡社会。清政府通缉""革命党"",邹容写《革命军》,孙文说""革命尚未成功,同志仍须努力"",都曾在社会掀起波澜。正是借助于这些重大事件,人们弄懂了这个时髦名词的内涵,那就是""除旧布新""。那时,""民主""""共和""之风正席卷全球。革命的兴起,既代表中华民族的觉醒,也承载着全社会对民族未来的美好向往。但是从混沌到清朗,有一个过程。最初的有志于革命之人,在深深的时光隧道中穿越,对""洞""外的景观憧憬多于明了,或者说尚未设计周全。他",红岩春秋,2018-12-05,期刊,K207,1,1
47,川江传统捕鱼方法,陶灵,O,O,"<正>川江传统的捕鱼方法分文帮和武帮,文帮以网、钩、钓的方式常年性作业,武帮则用水老鸦、水猫子和刺网、旋网,进行季节性捕捞。但千里川江,河道与水流变化不断,每个江段的捕捞方法并不完全相同。三峡地区滩多水急,捕鱼人都喜用手舀子舀鱼。上川江江面较宽,在水缓的地方,人们一般借助渔船,用丝网、围网、拦网捕鱼。舀鱼水老鸦学名鸬鹚,一种大型食鱼鸟。水猫子学名水獭,鼬科动物,善于游泳和潜水。捕",红岩春秋,2018-12-05,期刊,K29,70-73,4
48,特别策划·纪念吴玉章诞辰140周年,,O,O,"<正>孙中山先生说过:""世界潮流,浩浩荡荡,顺之则昌,逆之则亡。""在中国革命史上,有这样一个人,他的功绩和地位也许不是最突出和最显著的,但是像他这样,历经戊戌变法、辛亥革命、讨袁战争、建党、北伐战争、抗日战争、解放战争、中华人民共和国成立等历史重大节点,却始终站在时代前列,一直坚定地向前行进的,却很少很少。他一生最为重要的特点,就是随时代的前进而前进,随历史的发展",红岩春秋,2018-12-05,期刊,+,6-7,2
49,狱中家书遗训,王浩,重庆红岩革命历史博物馆,O,"<正>1949年的""11·27""大屠杀,歌乐山渣滓洞、白公馆的革命志士纷纷倒在了敌人的枪口下,黎明前的重庆笼罩在黑云惨雾中。长期以来,由于历史、观念等方面的原因,""11·27""殉难烈士给人印象似乎是这样的:在狱中对敌人横眉怒目,面对酷刑坚贞不屈,拒不吐实;面对死亡大义凛然,视死如归。但这仅仅是他们作为英雄的一面。实际上,他们并不是不食人间烟火的神,而是有血有肉、有情有义的",红岩春秋,2018-12-05,期刊,K26,48-51,4
50,嘉陵江边的悲鸿,李晓松,重庆中国三峡博物馆,O,"<正>1937年11月,徐悲鸿随中央大学西迁重庆,这位美术大师与重庆的情缘由此开始。寓居重庆近十年,是他艺术生涯中十分重要的时期。这期间,徐悲鸿将自己的情感与民族命运紧紧地联系在一起。他不辞辛劳地为抗战筹集资金,成为抗战时期艺术领域的一面旗帜。他坚持探索中国画改良的道路,将西画素描造型和鲜明的色彩特色融入到中国画的笔墨神韵中,对中国画坛产生了极为深远的影响。其创作的《巴人",红岩春秋,2018-12-05,期刊,K265,74-77,4
51,战乱年代的兄弟情,李定超,O,O,"<正>任继周,山东平原人,中国草业科学奠基人。1924年出生,1948年毕业于中央大学畜牧兽医系畜牧专业,1995年被评为中国工程院院士。2002年起,任兰州大学草地农业科技学院教授、名誉院长,是第五至第七届全国政协委员。任继周的二哥任继愈(1916-2009),著名哲学家、佛学家、历史学家,曾任国家图书馆馆长、名誉馆长。1942年至1964年在北京大学哲学系任教,1964年负责筹建国家第一个宗教研究机构——中国科学院世界宗教研究所,任所长。他致力于用唯物史观研究中国佛教史和中国哲学史。",红岩春秋,2018-12-05,期刊,K26,64-67,4
52,回顾重庆改革开放40年,田姝,中共重庆市委党史研究室,O,"<正>1978年12月,党的十一届三中全会召开,我们党顺应历史潮流,尊重人民意愿,作出把党和国家工作中心转移到经济建设上来、实行改革开放的历史性决策。以此为标志,我国社会主义现代化建设进入改革开放新时期。40载风雨兼程,重庆紧跟全国改革开放的步伐作为全国重要的中心城市、长江上游经济中心、西部地区重要增长极和城乡统筹发展的直辖市,重庆的改革开放是中国改革开放伟大历史进程的重要组成部",红岩春秋,2018-12-05,期刊,K27,22-27,6
53,“复旦英烈墙”上的江津青年,庞国翔,O,O,"<正>在上海复旦大学校史馆内的""复旦英烈墙""上,一个内嵌红五星的花圈图案下,有这样一排文字——邹泽沛(1916-1941),四川江津人,中国共产党党员。1933年9月入复旦大学教育系学习,1936年4月在上海公共租界内被捕,1941年7月在狱中病故。关于这位革命者的事迹,却鲜少有人知道。叛逆的少年1913年,邹泽沛出生在四川省江津县(今重庆市江津区)龙门场沱湾街144号(""复旦英烈墙""上其出生时间有误——作",红岩春秋,2018-12-05,期刊,K26,38-41,4
54,一张珍贵的历史合影,杨军,O,O,"<正>百年前的中国,来自五湖四海的热血青年,怀着救国救民的理想,万里迢迢前往法国。他们当中有一批先知先觉者,一边勤工俭学,一边寻求改造中国的真理,进而走上了革命的道路。凡是读过《邓小平传》的人,应该对书中一张历史照片印象深刻。照片中,人物有31名,邓小平站在最后一排右三位置。那时的邓小平很年轻,时年20岁,戴着一顶鸭舌帽,眼睛凝视前方,目光炯炯。一起合影的,还有周恩来、聂荣臻、李富春、",红岩春秋,2018-12-05,期刊,K26,42-47,6
55,征收局巷,何智亚,O,O,"<正>光绪三十四年(1908年),重庆府在此处设立经征局。至清末,刘子如绘制的《增广重庆地舆全图》,将此处标识为""征收局巷子""。征收局巷出口是新丰街,上方是府仓坝,右边紧邻重庆府署,左边是二府衙。""文革""时期,征收局巷改名为解东巷,1982年恢复原名。1935年,《新四川晨报》设在征收局巷。曾经,国民党重庆市党部也设于此。1939年2月10日,重庆市戏剧审查委员会在征收局巷国民党市党部成立,成员由国民党重庆市执行委员会、重庆市卫",红岩春秋,2018-12-05,期刊,K25,2,1
56,夜探崖墓,徐进,O,O,"<正>墓葬是我国古代文化的重要遗存之一。在中国墓葬史上,从竖穴土坑墓到椁墓,再向横穴室墓的发展过程,暗示着黄泉微观世界观念的演变。通过形制不一的墓葬可以了解古代的葬制、葬俗,根据墓葬中的出土文物还可了解古代的工艺水平和社会生活状况。永川高洞子崖墓位于永川区板桥镇。崖墓,顾名思义就是在崖壁安葬遗体的一种葬俗。所谓""凿穴筑室,藏棺其中"",高洞子崖墓就深藏在山岭草木之间。这里车不能驶入,只能步行前往。",红岩春秋,2018-12-05,期刊,K878.8,79,1
57,一份入党志愿书,李才东,O,O,"<正>在重庆市武隆区党史陈列馆展柜里,存放着一份历经战火洗礼的入党志愿书。这份志愿书由老战士、老党员周金良同志捐赠。虽然纸张早已发黄,但字迹仍清晰可见。志愿书正面上方印着""入党志愿书""五个繁体大字,姓名一栏为周金良,显示于1948年6月填写。其中还记有入党人经历、入党原因、介绍人意见、支部意见、批准党委机关的意见等内容。背面右方有周金良亲笔书写的""入党志愿书""""周金良""等字样,以及手绘的中国共产党党旗,时间是""一九四八年六月十五日""。右下方是他后来用红笔补记的转",红岩春秋,2018-12-05,期刊,K871.6,78,1
58,江家嘴墓群,陈东,重庆市文化遗产研究院,O,"<正>江家嘴墓群位于重庆市沙坪坝区凤凰镇。2017年,重庆市文化遗产研究院联合沙坪坝区文物管理所对该墓群开展抢救性考古发掘,发掘清理宋墓两座、明墓一座。其中,宋墓为长方形竖穴岩坑石室墓,系南宋中晚期夫妻同穴异室合葬墓。宋墓封门门额间布置有镇墓龙首,两墓室主体石雕图案相同:后壁为仿木斗拱结构,后龛为妇人启门图,两侧壁为青龙、白虎图。藻井分别为双凤环绕图、后天八卦图。随葬瓷器以青白瓷为主,酱釉瓷略少,另见金耳环、银簪、铜",红岩春秋,2018-12-05,期刊,K878.8,81,1
59,资讯,,O,O,"<正>开州纪念刘伯承诞辰126周年12月4日,刘伯承诞辰126周年纪念活动在重庆开州刘伯承同志纪念馆举行。刘伯承元帅亲属刘蒙将军、元帅纪念馆及部分革命纪念馆代表、当地干部群众100多人出席活动。活动期间,大家参观了刘伯承同志纪念馆和新征集文物展,举行了刘帅精神专题宣讲会。(刘汪洋/摄)""全国关心下一代党史国史教育基地""授牌11月20日,""传承红色基因,争做时代新人""主题教育活动推进会在重庆沙",红岩春秋,2018-12-05,期刊,K827-2,4-5,2
60,潮立时代的勇者,简奕,中共重庆市委党史研究室,O,"<正>在迷惘中寻求中国的出路吴玉章(原名吴永珊)经历的时代特别曲折,而且始终伴随着激剧的变化。他出生在四川荣县一个世代耕读之家。这个家族以敦孝悌、睦族邻、严子弟、善读书而闻名乡里,出现过父子祖孙一门三代同赴乡试的盛事。他在宗祠私塾里启蒙,学的是忠孝节义,想的是科举入仕,追求的是人格完美、""内圣外王""。在他年少时,仲兄便考取秀才,吴家又增添一位有功名的人,四里八乡传",红岩春秋,2018-12-05,期刊,K827,8-13,6
61,未敢放声情亦长,简奕,中共重庆市委党史研究室,O,"<正>那天他的哀伤无以言表古往今来,有名的悼亡诗文极多。不同于《国风·邶风·绿衣》中""绿兮衣兮,绿衣黄里。心之忧矣,曷维其已""睹物思人的悲伤难抑;更不同于苏东坡""十年生死两茫茫""的哀思和自叹,68岁的吴玉章所作的哭妻书,反映出一种别样的情怀。《哭吾妻游丙莲》是他写给亡妻的祭文,其哀思令人泪目。我哭丙莲,我哭你是时代的牺牲品。我们结婚有五十年,我离开你就有四十四年。我为了",红岩春秋,2018-12-05,期刊,K827,14-18,5
62,荐书,,O,O,"<正>《邓小平三落三起》择取与邓小平政治生涯三落三起有关的若干重大事件,就邓小平的奋斗足迹和历史贡献进行了较为具体、细致、客观的描述,并对他在艰难困境中的生活环境、心路历程以及陪伴他熬过艰苦岁月的夫妻情、父子情、战友情、工友情、群众情等细节进行了全方位的展《邓小平三落三起》示和刻画。书中通过一个个生动的故事和平实的语言,全面展示了邓小平充满坎坷又不屈不挠、为理想奋斗的",红岩春秋,2018-12-05,期刊,A76-5,80,1
63,周恩来童年求学记,秦九凤,O,O,"<正>1898年,周恩来出生于江苏淮安一个书香门第。据《周氏家训》记载,周家规定男孩""五岁入家塾,习颜体"",即周家5岁男童要被送进家塾馆读书,并学习写颜体。周恩来12岁离家前,曾先后在淮安驸马巷周家塾馆、清河十里长街以北的万家塾馆、十里长街南侧陈家花园塾馆以及宝应水巷口陈家、淮安东岳庙龚家五个地方读书。教学有方的周家塾馆周家世居浙江绍兴,直到清道光十九年(1839年),周恩来的曾祖父周光勳、叔曾祖父周光焘以260两白银在淮安府山阳县",红岩春秋,2018-12-05,期刊,K827,28-31,4
64,活着被开追悼会的四位革命者,梅兴无,O,O,"<正>在战争年代,流血牺牲的事时常发生。生者为死者开追悼会,寄托哀思,激励斗志,已然成为惯例。然而,有四位革命者活着的时候,就被开了追悼会。李立三:活着被开三次追悼会李立三,1899年出生,湖南醴陵人。工人运动领袖,中共早期主要领导人之一。1922年到1927年间,他被""牺牲""三次,也被开了三次追悼会。第一次,在法国举行追悼会。1922年春,李立三受党组织委派,去江西萍乡安源煤矿",红岩春秋,2018-12-05,期刊,D231,32-37,6
65,“飞虎队”名称由来考证,唐学锋,O,O,"<正>抗战时期的中国空军美国志愿航空队,又被称作""飞虎队"",在中国可谓家喻户晓。但""飞虎队""怎样得名,却众说纷纭。翻阅""飞虎队""创建人陈纳德将军的回忆录,我们惊讶地发现,连他本人也未弄清楚这个问题。更鲜为人知的是,在近代中国航空史上,还有一支更早取名为""飞虎队""的航空队,它的组建与张学良有着紧密关系。第一支""飞虎队""在东北诞生1921年10月,时任奉军第27师卫队旅长的张学良赴日本参观",红岩春秋,2018-12-05,期刊,E297,52-59,8
66,二路红军游击队血洒鱼池坝,冉启蕾,O,O,"<正>巍巍武陵山绵延千里,起伏跌宕,蜿蜒横亘于湘、鄂、川、黔四省边境。在武陵山余脉仙女山与铜矿山的交汇处,有一片纵横20多华里的平川——革命老区涪陵罗云坝。80多年前,在这片平和宁静的土地上,爆发了一场轰轰烈烈的革命运动,并诞生了四川省历史上最早的人民军队——四川红军第二路游击队(以下简称""二路红军游击队"")。罗云坝上响春雷20世纪初,中华大地兵连祸结,狼烟四起。罗云坝,这片崇山峻岭中的乡村,此时也饱受痛",红岩春秋,2018-12-05,期刊,E297.2,60-63,4
67,军旅音乐家傅庚辰和他创作的红色旋律,慈爱民;刘文韬,《党建》杂志社,O,"曾任总政歌舞团团长、解放军艺术学院院长和中国音乐家协会主席的傅庚辰,是我国著名的音乐家和音乐教育家,曾创作了《雷锋,我们的战友》《毛主席的话儿记心上》《红星照我去战斗》等脍炙人口的佳作。近日,笔者拜访了这位鹤发童颜、精神矍铄的老艺术家,听他讲述了自己独特的创作经历。",炎黄春秋,2018-12-04,期刊,J609.2,91-95,5
68,先贤录——梁启超,赵建成,中国艺术研究院艺术创作指导委员会中国艺术研究院中国画院艺术委员会,O,O,炎黄春秋,2018-12-04,期刊,J22,2,1
69,从金银滩到罗布泊的核爆岁月,邬崇斌,中国工程物理研究院,O,"1958年后,金银滩这个地名在中国地图上悄然消失了,几百户牧民也突然离开了那里。不久,青海金银滩成立了西北核武器研究设计院,九院的总部也设到了那里,因保密需要,对外称""221厂""。那里诞生了中国第一颗原子弹、氢弹,因而被誉为""原子城""。作者1962年毕业后被分配到二机部第九研究院,从青海金银滩到新疆罗布泊再到绵阳九院,他亲历了中国从第一颗原子弹爆炸到氢弹爆炸,再到1996年7月30日中国政府暂停核试验的全过程,隐姓埋名从事核试验分析工作30余年。如今,距我国第一颗原子弹爆炸已过去半个多世纪,金银滩昔日的辉煌连同老一代九院人远去的青春岁月,早已凝固在我国核武器发展的历史长河中,成为人们的永久记忆。",炎黄春秋,2018-12-04,期刊,K27,79-84,6
70,开国领袖毛泽东的亲情家风,刘岳,中共北京市委党史研究室,O,"毛泽东,这位从韶山冲走出来的人民领袖,在中华人民共和国成立后,面临着一个躲不掉、绕不开的问题:如何处理亲情、友情、乡情?从毛泽东在新中国成立初期写的大量家信中,我们清楚地看到,在面对""一人得道鸡犬升天""还是""党义重于乡情""的选择时,他坚定、明确而充满智慧地处理了情、义、理的关系:恋亲不为亲徇私,念旧不为旧谋利,济亲不为亲撑腰。",炎黄春秋,2018-12-04,期刊,A75,36-40,5
71,毛泽东的读书用书之道,陈晋,中央党史和文献研究院,O,"毛泽东酷爱读书,并且是用心用脑去真读、真学、真思考,""攻书到底""。对经典的和重要的书,他会反复读;对相同题材的书,他会把不同的甚至是相反观点的著述对照起来读;毛泽东读书还习惯""手到""并注重讨论。他之所以比同时代许多人站得高些,看得远些,从阅读角度讲,是因为他具备三个条件:一是拥有渊博的学识,二是注重阅读""社会""这本""无字书"",三是能够把这两方面所学融会贯通,把书读""活""。毛泽东在读书过程中留下的批注,和写进论著的对于各种书籍的引用和评论,及在各种场合关于读书的谈话,已成为他思想智慧和文化个性的组成部分。",炎黄春秋,2018-12-04,期刊,A841,4-12,9
72,伟大的变革——中国改革开放的历史进程,蒋永清,中央党史和文献研究院,O,"40年前,史诗般壮丽的改革开放拉开大幕。40年春风化雨,砥砺前行,在改革开放的伟大实践中,中华民族实现了从站起来到富起来的伟大飞跃,中国特色社会主义进入了新时代。抚今追昔,我们深切缅怀改革开放的总设计师邓小平。习近平总书记说:""如果没有邓小平同志指导我们党作出改革开放的历史性决策,我们国家要取得今天的发展成就是不可想象的。""本文揭开历史的帷幕,探讨中国改革开放大业的历史进程。",炎黄春秋,2018-12-04,期刊,D61,13-17,5
73,挺立于历史潮头的叶剑英,薛庆超,中央党史和文献研究院,O,"20世纪70年代后期至80年代,中国共产党作出实行改革开放的战略决策。时任中共中央副主席、全国人大常委会委员长的叶剑英为推进改革开放作出了重大历史贡献。他勇于担当,参与粉碎""四人帮"",扫除中国改革开放的最大障碍;他仗义执言,大力推动中共中央恢复邓小平的一切领导职务;他同邓小平等共同重新确立中国共产党的马克思主义思想路线、政治路线和组织路线,实现社会主义时期的伟大转折。",炎黄春秋,2018-12-04,期刊,D232,18-21,4
74,北线起义:淮海战役的第一个大胜利,夏继诚,O,O,"1948年11月6日我军发起淮海战役。战役开始的第三天,即1948年11月8日,前线突然传出一条震惊全国的爆炸性新闻:国民党第三绥靖区中将副司令官何基沣、张克侠率领两个军三个半师2. 3万余人突然起义,极大地影响了战局的发展。后来,粟裕曾对此指出:如果再晚四个小时,放走了黄百韬兵团,那淮海战役的结果就可能不一样了。1948年11月18日24时,毛泽东在为中央军委起草发给刘伯承、陈毅、邓小平、粟裕、谭震林的电报中说:北线何、张起义,是淮海战役第一个大胜利。毛泽东主席、朱德总司令赞扬这次起义""极有助于革命战争的发展""。",炎黄春秋,2018-12-04,期刊,D231,27-32,6
75,中国农村改革的先声:黄花会议,解绍德;程广安;解启磊;史扬龙;李传玺;陈劲松,民建安徽省委员会中共安徽省委统战部安徽省政协文史委,O,"追寻中国农村改革开放的源头,绕不过安徽肥西的偏僻乡野—黄花大队,以及在那里召开的""黄花会议""。1978年,安徽遭受百年不遇的旱灾。江淮分水岭地区更是旱情严重,大部分田地绝收。肥西县山南区委书记汤茂林,这位放牛娃出身的基层领导,体察民情,听取民意,于9月15日晚,在柿树岗公社黄花大队召开全体党员会议,本意在布置借地,种""保命麦"",没想到这次会议成了肥西县包产到户全面开花的源头。本文请当时参加""黄花会议""的三位老同志,详细讲述了""黄花会议""召开的前前后后。",炎黄春秋,2018-12-04,期刊,F329,22-26,5
76,梁漱溟访问延安:探求中国向何处去,肖建平,中山大学马克思主义学院,O,"1937年全面抗战爆发后,中国共产党以民族大局为重,实践了抗日民族统一战线,还为和平解决西安事变出力,梁漱溟对中共的态度有所好转。在此背景下,受毛泽东之邀,梁漱溟于1938年1月访问延安。梁漱溟此次访问延安有两个初衷:了解中共对抗战的态度及做法;了解中共今后是永久放弃内斗还是暂时与国民党妥协。为期18天的考察使梁收获颇丰,解答了心中存在已久的疑惑。",炎黄春秋,2018-12-04,期刊,D231,33-35,3
77,群众领袖,,陕西省社会科学院,O,"西北革命根据地在中国新民主主义革命历史上占有非常重要的历史地位,既是红军长征的落脚点,也是抗日战争的出发点。在西北革命根据地的创建和巩固发展中,刘志丹烈士作出了不可磨灭的历史贡献。他坚持武装斗争,创建陕甘边革命根据地,为统一和巩固西北红军和革命根据地,发挥了决定性的作用,并以坚强的党性和高尚的品德维护了西北革命根据地的大局。他率军打通了东进抗日的北路通道,最终为民族解放而英勇献身。",民族英雄——刘志丹与西北革命根据地,郭林,炎黄春秋,D231,41-48,8
78,长河为咽,,O,O,"<正>这是一条看不见的战线,每个人都有一段惊心动魂的传奇;这是一条死守信仰的战线,每个人都为了同一个黎明奋勇向前;这是一个血色惊澜的战线,每个人都做出了无悔的生死抉择。他们是伪装者,战斗在敌人的心脏;他们是听风者,守护永不消逝的电波;他们是利剑,",青山为证——隐蔽战线英雄颂,于非,炎黄春秋,D239,49-52,4
79,人性的炼狱,,中国人民解放军军事科学院中信改革发展研究基金会北京科银京成技术有限公司中国管理科学学会,O,"艰苦卓绝的隐蔽战线斗争造就了一大批无名英雄。他们有的大智大勇,运筹帷幄,决胜千里;有的深入虎穴,与敌周旋,获取情报;有的舍生取义,面对酷刑,视死如归;有的潜伏敌营,长期斗争,率部起义;有的忠诚可靠,周密安排,确保党中央安全;有的巧妙应对,冲破封锁,保证交通畅通。他们在斗争中表现出了坚定的革命信念、大无畏的英雄主义精神、敢于斗争敢于胜利的英勇气概。2018年11月13日,本刊特别邀请隐蔽战线上的几位革命后人来到编辑部,为我们讲述隐蔽战线的历史和精神。还邀请了没能参加现场座谈的革命后代作了书面发言,既是怀念和告慰老一辈隐蔽战线英雄,也是让更多人了解历史,传承精神,不忘初心。",党性的熔炉——隐蔽战线后代恳谈会,罗援;熊蕾;吴持生;钱泓;张僧宝;阎颐兰;孔丹;谢鹏;冯卫君;李凯城,炎黄春秋,D239,53-67,15
80,十小时何以胜十年——熊向晖谈中共老一代领导人的人格魅力,熊蕾,新华社中国特稿社,O,"中共情报工作龙潭""后三杰""的熊向晖曾被周恩来安插在""西北王""胡宗南身边,从事了12年的秘密情报工作,是中共情报工作史上最具传奇色彩的人物,被毛泽东誉为""一个人能顶几个师""。他以超人的机智、果敢、坚韧,赢得胡宗南赏识,巧妙地送出国民党""闪击延安""""西安军事会议""等诸多重要情报,为挫败国民党反共阴谋、巩固抗日民族统一战线、保卫中共延安党中央等屡建奇功。12年对人的一生来讲可以做很多的事情,对于熊向晖来说,可能一直都在压抑着个人的愿望,而为党默默地工作着,到底是什么力量支撑着这份对党的无限忠诚?熊向晖的女儿回忆了父亲讲述的与中共老一代领导人短暂接触的十个小时经历,正是他们坚定的革命信念卓越的领导艺术和人格魅力影响了父亲坚守在情报事业上毫不动摇。",炎黄春秋,2018-12-04,期刊,D239,68-72,5
81,中共隐蔽战线遭遇第一次重大危机与重建,刘育钢,O,O,"1931年4月24日,时任中共隐蔽战线领导机构中央特科的主要负责人顾顺章叛变,被称作""中共历史上最危险的""叛变行为。幸亏早已打入中统内部的钱壮飞及时获取顾叛变的绝密情报,并抢在特务动手之前通知党中央机关转移,周恩来临机制变,在其他同志的辅助下,迅速化解了危机,在上海的党中央及江苏省委才未被破坏,党中央主要领导得以幸免于难。这是我党隐藏战线工作经历的第一次重大危机,是一次巨大的打击也是一次特殊的考验。随后在周恩来的统一领导下,对我党隐藏战线进行了重建,使这条战线变得更加强大而坚实,并在国共两党日后的较量中,形成了配合解放军作战的""第二条战线"",扩大了共产党、解放区的影响,加速了国民党在大陆的垮台。",炎黄春秋,2018-12-04,期刊,D231,73-78,6
82,难忘“争气桥”——南京长江大桥的建设历史,刘跃清,江苏省政协文史委,O,"2018年12月29日是南京长江大桥建成通车50周年,这座大桥当年以""世界最长的公铁两用桥""被收入""世界吉尼斯记录"",有""争气桥""之称。她是长江上第一座由中国自行设计和建造的双层式铁路、公路两用桥梁,在中国桥梁史乃至世界桥梁史上具有重要意义,是20世纪60年代中国经济建设的重要成就、中国桥梁建设的重要里程碑,具有极大的经济意义、政治意义和战略意义。作者通过走访当年的建设者,查阅相关文献资料,为我们还原了大桥的艰难建设过程,我们得以借此了解当时在建设过程中经历了怎样的困难,又是如何攻克了一个又一个技术难关。",炎黄春秋,2018-12-04,期刊,F542.9,85-90,6
83,水泊梁山话春秋,吴济夫,O,O,"<正>施耐庵卓立千古、举世闻名的文学巨著《水浒全传》与金圣叹腰斩、删削印行的《水浒》,俗称《水浒传》,因水泊梁山而诞生、成书,水泊梁山又因不朽的文学著作《水浒传》而名扬全国、远播世界。鲁西南黄河岸畔、水浒英雄故地梁山,本名""良山"",春秋时因其山而设良邑,秦置寿良县,汉代为皇家猎场。《史记·梁孝王世家》载:西汉文帝十二年(公元前168年),""徙淮阳王武为梁王"",封地梁国(今河南省商丘一带),""三十五年复朝,上疏欲留,上弗许。归国,意忽忽不乐。北猎梁山……六月中,病热,六日卒,谥孝王。""据《大清一统志》《寿张县志》",春秋,2018-11-15,期刊,I207.412;K207,49-51,3
84,长篇历史小说《苍穹下》出版,孙克忠,O,O,"<正>反映上世纪30年代我国著名爱国人士、教育家、社会活动家梁漱溟等,在邹平从事乡村建设实验为题材的长篇历史小说《苍穹下》近日出版发行。该书由作家成刚历时3年完成。全书分上下两部,85万字。全面讲述了两位重量级的乡建人物——梁漱溟和梁仲华在山东邹平从事乡建实验的7年历程,是一部场面宏大,内容丰富深刻的文学作品。",春秋,2018-11-15,期刊,I207.42,24,1
85,莱州蓝关戏:文化交融的“活化石”,高晓东,O,O,"<正>在我国第一批国家级非物质文化遗产名录中,莱州蓝关戏名列其中。蓝关戏之所以入选,因为它是一种很有特色的古老高腔剧种,是弋阳腔在胶东的后裔,堪称我国戏曲史上的一桩奇迹,为我们提供了弥足珍贵的文化交融""活化石""。蓝关戏主要流行于莱州、招远两县境内。其中,地处莱州北部的龙埠、东季、马回沟、李家疃及与其相毗邻的招远的金岭、蚕庄、小河头等村镇,则是蓝关戏的重要发祥地和极负盛名的蓝关戏窝。蓝关戏""帮、打、唱""三位一体,交映生辉,成为该剧种音乐的3大支柱,当地群众""会唱者,颇",春秋,2018-11-15,期刊,J825,58-60,3
86,《朝城县旧志》出版发行,冯庆元,O,O,"<正>近日,由莘县政协整理的《朝城县旧志》(点校注释本)由山东友谊出版社出版发行。朝城乃汉代古邑,建县至今已历2100余年,1958年2月始改称朝城镇,隶属于莘县。资料显示,朝城最早的县志修成于明嘉靖二十年(1541),周鲁督修,谢注纂修,8卷,刻本,现仅存于台湾。清康熙十二年(1673)重修《朝城县志》,祖植桐督修,赵昶总纂,10卷。清光绪年间编《朝城志略》一卷,抄本。光绪三十一年(1905)修《朝城县乡土志》一卷,",春秋,2018-11-15,期刊,K29;G235,1,929K
87,百万人口的明代临清城,郭东升,O,O,"<正>旧志显示明嘉靖年间临清人口百万明清档案资料多处显示,明代临清城是百万人口的工商业大都会。对此,今人虽有质疑,但经笔者考据研究这段历史是确定无疑的。康熙十二年(1673)《临清州志·孝义》之《附论》说:""清源人不下亿万计。自明至今,以孝时称者十一人。""这里的清源是临清的代称,临清城明清两代有清源水马驿闻名全国,时人习惯以清源代称临清。明清时的亿万,是今之十万。这里记载的临清居民人口在明代就是十万,是非常明确的。且这里是专指临清籍人口,不包括常驻临清的天下商贾。",春秋,2018-11-15,期刊,K248,46-48,3
88,“万里”号轮船在成山头遇险获救事件,唐志勇,O,O,"<正>1948年4月11日,上海福民轮船公司所属""万里""号轮船由天津返回上海。该轮船系由英国护航舰改装,航速比一般轮船快,故称快轮。当时,船上载有乘客和船员共1200多人,包括外籍乘客13人,其中俄罗斯籍9人,美国、意大利、奥地利、捷克籍各1人。4月12日上午10时05分,该轮船航行至山东省荣成县成山头,突遇大雾触礁搁浅。该轮船遇险后,船长沙允仁立即向南京国民党政府交通部上海海岸无线电台发电呼救,同时派大副艾华钟登岸,请求当地设法营救。这时,中国正处在国共全面内战时期,""万里""号是国统区轮船,成山头",春秋,2018-11-15,期刊,K266,36-38,3
89,济南解放前夕的报界风波,陈玉申,O,O,"<正>进入1948年后,随着国民党军队在战场上连连失利,山东大部分地区已经解放,省会济南处于风雨飘摇之中。在这样的局势下,向来比较沉寂的济南报界却风波迭起,在一个多月的时间里接连发生了3件大事:记者公会理事长何冰如的面粉事件、《山东新报》总编辑王笠汀之死、《华北新闻》被伤兵捣毁事件。这一连串的事件,一件比一件严重,一件比一件令人震惊,对济南报界来说仿佛是突来的一场地震,也似乎预示着历史大变动就要来临。",春秋,2018-11-15,期刊,K266,39-40,2
90,烟台福建会馆纪事,王金定,O,O,"<正>烟台福建会馆,是清末福建人在烟台修建,用于同乡聚会、洽谈贸易的场所,同时它还是一座妈祖庙。它的存在,见证了百余年来烟台、福建两地的经济往来和文化交流。修建的起因烟台福建会馆,坐落于烟台市芝罘区毓岚街2号。说起会馆修建的起因,不得不提在此之前修建于明代的另一座妈祖庙,就是老烟台人所说的""大庙""。",春秋,2018-11-15,期刊,K252,41-43,3
91,《记忆平原》,牛书斌,O,O,"<正>日前,平原县政协编写的《记忆平原——纪念改革开放四十年》一书,由中国文史出版社出版。全书共分12个部分,收录112篇文章,总计52万字。该书真实记录了改革开放40年来平原县经济社会取得的巨大成就,发生的有影响的重大事件和开展的重大活动,各行各部门创造的宝贵经验,人民生活发生的巨大变化,较系统而翔实地展现了全县改革",春秋,2018-11-15,期刊,K27-5,45,1
92,北洋将领毕庶澄驻军江南轶事,林涛,O,O,"<正>民国初期,军阀割据,战乱不断。1925年初,北洋军阀奉系将领毕庶澄占领江苏的江阴、无锡后,整饬军纪,致力民事,赢得了锡(无锡)澄(江阴)人民的好评。毕庶澄,字莘舫,1893年7月出生于山东省文登县(今威海市文登区)一个士绅官宦家庭,1917年自江苏军官教育团毕业后,先是跟随张宗昌投靠直系的冯国璋,后又改投奉系的张作霖。因其作战勇猛又有智谋,年仅31岁便被北洋政府授予少将军衔。",春秋,2018-11-15,期刊,K26,2,1116K
93,韩复榘与西安事变,刘旭,O,O,"<正>1936年12月12日,张学良、杨虎城发动了震惊中外的西安事变,扣留蒋介石进行兵谏。此时民国山东省政府主席韩复榘作为出身于西北军的实力派人物,又与张杨二人都有千丝万缕且相对密切的关系,他的动向如何,一时间各方瞩目。",春秋,2018-11-15,期刊,K827;K264.8,44-45,2
94,鏖战平度城,牟伯杰,O,O,"<正>1945年8月15日,日本宣布无条件投降后,平度城内驻扎的伪军第八集团军王铁相部6000余人、日军600余人,成为胶东腹地最后一个反动堡垒。平度城既是胶东解放区的门户,又是胶东军民向胶济铁路敌占区反攻的后方中枢,战略地位十分重要。为了夺取抗日战争的最后胜利,中共中央向各解放区发出大反攻的指示,命令解放区军民迅速向敌伪控制的各大、中城市和铁路沿线进军。1945年8月伟大的抗日战争进入尾声。8月9日,毛泽东主席发表《对日寇最后一战》;远在四川的蒋介石于",春秋,2018-11-15,期刊,K265,10-14,5
95,天福丰碑下的一方基石——墩后招兵站,红伟,O,O,"<正>1937年12月24日,震惊胶东大地的天福山起义,奏响了胶东共产党人奋起革命的序曲。也树起了一座文登人民在波澜壮阔的中国革命史上的伟大丰碑。在这座具有划时代意义的红色起义丰碑之下,有一方和着鲜血和艰难困苦铸成的基石,那就是——张孟浪和他领导的墩后文荣威招兵站。张孟浪(1908.9-1968.3)又名张述田、张述彭,文登高村镇墩后村人。1932年2月初在文城西门里小学任教时,由牛书斋、宋澄介绍发展入党,是威海地区建党初期仅有的几个种子党员之一。后回乡以墩后村小学校长身份作掩护,秘密开展党的地下工作。",春秋,2018-11-15,期刊,K265,3,1877K
96,本期导读,,O,O,"<正>莒南县大店镇是鲁东南三大历史名镇之一。1945年8月,中国共产党领导下的第一个省级政权——山东省政府在此建立。它的诞生,是中共领导军民进行浴血抗战的硕果,实现了共产党领导人民当家作主的伟大夙愿。从1941年初到1945年4年多的时间里,大店是当时滨海解放区的军事、政治、经济和文化中心,期间山东党政军领导机关在莒南大店所作的各项决策、所进行的各项活动,都事关全省乃至全国的战争进程。后来,时任山东军区政治部主任萧华在评价莒南时说:""莒南是当时全省政治、军事指挥中心,是‘山东的小延安’。""今天,让我们重温中共第一个省级人民政权在抗日烽火中不断壮大、扎根的辉煌创举。",春秋,2018-11-15,期刊,K26,1,1215K
97,浅析诸城“北朝神韵”佛教造像,宋文婷,O,O,"<正>自东汉时期,诸城境内已有寺庙,清乾隆《诸城县志》载:""县东北……五十里,白龙山寿圣寺。康熙八年重修,碑云:东汉明帝永平戊午,敇封虹霓山虹栾寺,唐太宗贞观丁亥重建,宋仁宗天圣己已敇封白龙山寺,改今名""。由此可知白龙山上的虹栾寺是我市境内建成最早的佛寺,亦是山东境内最早的佛寺之一。自南北朝至明清时期,境内共建有近百座各类寺庙,如今,有许多村庄地名就是因寺庙而名的。如:",春秋,2018-11-15,期刊,K879.3,62-64,3
98,照片里的家国情怀——记我的太姥爷马福成,房旭峰,O,O,"<正>我的姥爷(外祖父)家珍藏着3张已发黄的老照片,都是太姥爷(曾外祖父)的,这3张老照片分别拍摄于抗日战争结束后、解放战争结束后和文革结束后。太姥爷马福成,是我母亲的爷爷,1919年11月16日生于山东省昌乐县马家河子村。因村东、西、北三面绿水环绕,状似一匹奔腾的骏马,村子因此而得名。太姥爷的祖宅位于村庄马脊梁的位置。原本雕梁画栋的祖宅门楼虽屡遭破坏,却依然坚强地矗立着,似乎在默默诉说着岁月的沧桑。",春秋,2018-11-15,期刊,K827,29-31,3
99,侦察英雄纪瑞瑄,李炳来,O,O,"<正>在现实生活中有很多英雄,他们的事迹虽然也被写成书、印成连环画、拍成电影,甚至在全国都曾名列过某项第一,但随着时间推移他们的名字却慢慢地淡出了人们的记忆,侦察英雄纪瑞瑄就是其中的一位。纪瑞瑄(1922-2006),山东省海阳市小纪镇人。1947年6月参加中国人民解放军,同年加入中国共产党,历任胶东军区第六师十七团特兵队侦察员、九十一师侦察班长、侦察排长、侦察连长,三十一集团军司令部侦察参谋,守备第四师炮兵团副团长等职。",春秋,2018-11-15,期刊,K825.2,22,1
100,陶行知生命最后的100天,郭衍莹,O,O,"<正>被毛泽东同志誉为""伟大的人民教育家""的陶行知先生,生前自称是""武训主义者""。他多次公开声明自己要用""行乞兴学""和""忘我育人""的精神办学,使劳苦大众人人都有受教育的机会。他将《武训先生画传》译成英文出版,将武训事迹传播到国外,",春秋,2018-11-15,期刊,K825.46,25-28,4
101,“佩剑将军”张克侠与临沂保卫战,石绍庆,O,O,"<正>张克侠(1900年10月7日-1984年7月7日),原名张树棠,河北献县侯陵屯村人。1923年,张克侠从保定陆军军官学校毕业后,加入冯玉祥所属的西北军,并于1929年7月秘密加入共产党,成为中共特别党员。加入中国共产党后,张克侠对外公开的身份仍是国民党军",春秋,2018-11-15,期刊,D239;K827,18-21,4
102,麒麟——中华民族的优秀图腾,刘富轩;王永东,O,O,"<正>一""斯文起获麟。""(杜甫《寄张十二山人彪三十韵》)西狩获麟大野地,麒麟文化肇春秋。麒麟至尊——""四灵之首""""毛虫之长""""毛类之俊""""岁星生成""。麒麟至仁——""含仁怀义""""不履生虫,不折生草""""设武备而不用""。麒麟至雅——""择土而践""""音中律吕,行步中规,折旋中矩""""游必择地,翔而后处,不蹈陷阱,不罹罗罟""。",春秋,2018-11-15,期刊,B933,52-57,6
103,我党第一个省级政权——山东省政府在莒南大店成立前后,陈庆堂,O,O,"<正>1945年8月13日,在中国人民的抗日战争即将取得最后胜利的时刻,中国共产党领导下的第一个省级政权——山东省政府在莒南县大店正式宣告成立。它像一面光辉的旗帜飘扬在中华大地上。它对于巩固抗战成果,粉碎国民党的内战阴谋,夺取抗日战争的最后胜利和解放战争的胜利,迎接新中国的诞生,都具有非常重要的意义。",春秋,2018-11-15,期刊,D235,4-9,6
104,刘少奇与山东,,O,O,"<正>刘少奇(1898.11.24—1969.11.12),伟大的马克思主义者,伟大的无产阶级革命家、政治家、理论家,党和国家主要领导人之一,为缔造和建设中华人民共和国作出了杰出贡献。山东的革命和建设事业,也无不记录着他的功绩。大革命时期,刘少奇于1925年5月到青岛指导工人运动。抗日战争时期的1942年4月,刘少奇到山东抗日根据地工作3个多月。指导、帮助山东分局正确总结了抗战4年工作的经验教训,统一了各级干部对形势的认识,统一了军事指挥,……从而使山东工作扭转了被动局面。",春秋,2018-11-15,期刊,D231,2+65,2
105,鲁迅提到的安丘人王讷及新武术论争,张漱耳,O,O,"<正>不光安丘人,整个山东省,懂一点近代史的,大抵都知道王讷。王讷系上世纪时代交替时期的风云人物,还是知名的教育家和书法家。但还有一事大家未必知道,王讷是鲁迅著作中唯一提到的安丘人。鲁迅作为作家,一生爬了六七百万字的格子(包括辑校和书信100万字)。如此浩繁的""文海""中,涉及国内与国外,真实加虚构的各色人物5500多人。",春秋,2018-11-15,期刊,G852,32-36,5
106,自行车的昨天今日,贾元德,O,O,"<正>在中国,凡是有人群的地方就有自行车的踪影。中国最后一个皇帝骑着两个轮子的车在北京紫禁城内兜风时,所引起的神奇涟漪,早已淹没在自行车王国的巨大漩涡中。回眸半个多世纪,自行车曾是中国人最重要、最青睐的代步工具,而""自行车王国""的称号,可谓名副其实。二十世纪五六十年代,自行车对于普通百姓家庭来说,属于不折不扣的奢侈品和稀罕物。谁家若有辆自行车,可比现在有辆汽车还显""土豪""。骑着自行车带上家人,手腕上露着机械手表,上口袋别上钢",春秋,2018-11-15,期刊,C913.32,60-61,2
107,全球史视野下近代云南“边缘性”的消失以及民族国家观念的形成与传播,董子昂,北海道大学国际传媒·观光学院,全球史;民族国家观念;云南;民族主义;,"云南如何确立现代民族国家的观念?本文借用全球史的研究范式分两部分对此问题进行探讨。前半部分,在时间上,随着19世纪的终结以及20世纪的到来,云南无法再维持一个作为华夷秩序下德治的边缘地带,转而加入到中国向现代国家转变的行列之中。同时,超出云南地域的各种力量作用于云南,使得一种新的空间意识开始形成。后半部分,本文着重分析20世纪初在日本发行的《云南》杂志,阐明云南的知识分子如何将云南甚至中国想象为全球反殖民主义浪潮的一分子,并描述他们如何既基于云南的实际情况又借用当时流行的概念对现代民族国家进行想象。",新闻春秋,2018-11-15,期刊,K1;G239.29,26-34,9
108,试析禁烟运动时期林则徐对英新闻舆论的态度——以南京图书馆藏《澳门新闻纸》抄校本为中心的探讨(1839-1840),周小伶,O,禁烟运动;林则徐;舆论态度;《澳门新闻纸》抄校本;报人;,"鸦片战争前,林则徐的新闻舆论态度对禁烟运动时期的舆情是有重大影响的。文章以南京图书馆藏《澳门新闻纸》抄校本为样本,统计其数量、内容来源、译者、传播方式并作分析。结果显示《澳门新闻纸》抄校本共177则,内容来自《广州新闻报》、《广州纪事报》、《新加坡自由报》三种文本,译者以四名华人传教士为主,数量随在华西人舆论转向而增加,并于""林维喜事件""达到顶峰。传播方式较单一,大多数为上呈道光帝奏折。研究认为,禁烟运动期间林则徐对华新闻舆论具有公开性、急迫性、狭隘性等特点,他对中外新闻舆论的重视引导了清廷禁烟决策的预判以及国际形象的提升,极大地帮助了其""开眼看世界第一人""新兴形象的树立,翻译《澳门新闻纸》也成为中国近代第一报人的历史性新闻活动。研究分析结果为中国近代舆论史提供材料,并为当代舆情引导提供借鉴与启示。",新闻春秋,2018-11-15,期刊,K249.3;G219.29,53-64,12
109,走进诗韵江影,,江南影视艺术职业学院,O,"<正>为全面贯彻落实党的十九大精神,宣传改革开放以来我市职业教育取得的成绩,进一步营造全社会关心支持职业教育的良好氛围,根据国务院关于每年5月的第二周为全国""职业教育活动周""的决定,江南影视艺术职业学院第七届校园文化艺术节暨""诗韵江影""校园文化开放周于2018年4月26日至4月30日举办,历时五天。本届校园文化艺术节暨校园文化开放周活动在全校师生的共同努力下取得了圆满成功。主要表现在以下几个方面:一、领导重视,组织有力。为了努力办好本届校园文化艺术节与校园文化开放周活动,我校形成了以校党委书记、董",体验高校文化——记江南影视艺术职业学院第七届校园文化艺术节暨“诗韵江影”校园文化开放周活动,朱文娟,新闻春秋,G719.2,97,1
110,视觉文化中的反凝视及其批判性思考:基于对《新闻联播》“中美贸易战”报道的分析,石谷岩,O,视觉文化;反凝视;《新闻联播》;,"以往对视觉文化中""凝视""现象的阐释多集中于""看""对""被看""主体意义的剥夺和背后权力结构的不平等问题上。自雅克·拉康开始,视觉文化研究打破传统的视觉中心主义倾向,转向揭示受众解码时的反凝视趋势。主体的""反凝视""倾向的存在让统治阶级在进行内容生产时,不得不考虑到被统治阶级的解码惯习和反馈效能。本文以中国影响力最大、拥有观众人数最多、为增强传播效果进行多次改版的电视新闻节目《新闻联播》为例,探讨不同受众在观看《新闻联播》如何进行""反凝视""的解读,以期加强《新闻联播》的宣传效果。",新闻春秋,2018-11-15,期刊,G222,87-92,6
111,《晋绥日报》的精神遗产——兼论中国特色的新闻、学术与政治,常志刚,吕梁学院中文系吕梁学院晋绥新闻与文化研究中心,晋绥边区;新闻事业;中国特色;新闻;学术;政治;,"作为中共中央晋绥分局的机关报,《晋绥日报》在发行的九年时间里,十分出色地诠释了报刊的党性原则,对当时开展的整风运动进行了忠实客观的记录和深入的学习,开展了广为人知的批评与自我批评性质的反""客里空""运动,为我国党报思想的发展增添了丰富的内涵。《晋绥日报》曾多次得到毛泽东同志的直接指导,使得《晋绥日报》的从业人员在新闻理念、办报思想上不断地改进、革新,逐步走向完善。本文以晋绥边区新闻事业为主要研究对象,考察抗日战争和解放战争时期,晋绥解放区新闻业所形塑的新中国新闻话语体系的雏形。通过对晋绥新闻事业发展历程的梳理,试图探讨晋绥新闻人群体意识的外在表征,进而找回中国共产党新闻事业的缘起与初衷,为中国特色新闻学的建构,提供一种历史的视野与参考。",新闻春秋,2018-11-15,期刊,G219.29,20-25,6
112,蒋介石的新闻舆论布置与管控(1928-1949)——兼论《蒋介石日记》(手稿本)的真实性与学术效度,王靖雨,中国人民大学新闻学院,史料拓展;新闻史;民国史;,"蒋介石的新闻宣传理念与实践,在新闻史学界是一个尚未被重视的研究领域。将蒋介石作为一个新的研究对象进行挖掘,为中国新闻史研究的范式和领域革新提供新的资源。美国斯坦福大学所藏的《蒋介石日记》(手稿本)中包含了大量蒋介石进行策动宣传和联络新闻界的事实,这份资料为民国新闻管控研究最为直接的一手材料。本文主要针对《日记》所呈现的蒋介石进行新闻舆论布置和管控的措施进行梳理,并对这份《日记》作为新闻史研究材料的有效度和使用方法进行了分析。",新闻春秋,2018-11-15,期刊,G219.29,43-52,10
113,论新闻规律的实质,杨保军,中国人民大学新闻学院中国人民大学新闻与社会发展中心,规律;新闻规律;规律实质;,"规律是个关系概念,揭示的是客观事物内在的稳定关系。新闻规律就是新闻活动的内在关系、本质关系。新闻规律属于社会规律,是主体性规律;新闻规律是主体间的信息交流规律,特别是新闻活动主体关于新闻信息的交流规律;新闻规律是新闻领域与社会整体互动(相互作用、相互影响的规律)的规律,也是新闻领域与其他社会领域互动(相互作用、相互影响的规律)的规律。",新闻春秋,2018-11-15,期刊,G210,4-10,7
114,民国时期官方广播事业管理机构的变迁,高璐,中国人民大学新闻学院,北洋政府;国民政府;中共抗日根据地;广播事业;管理机构;,"中国近代广播事业起源于北洋时期,当时官方对广播的管理由交通部负责。南京国民政府成立后,广播事业管理体制延续北洋时期,直到1936年中央广播事业指导委员会成立之前仍旧由交通部主管,这期间曾短暂地由国民政府建设委员会负责管理一年。中央广播事业指导委员会成立后,官方对广播事业管理机构开始独立于无线电管理机构,这说明广播事业日趋发展壮大,成为官方进行宣传和舆论控制的重要工具。直到国民政府失去对大陆的统治权,它对广播事业的管理都基本保持战前的模式。新崛起并迅速发展的红色政权同样重视广播事业,中共的广播管理机构随着政权的壮大而不断发展。",新闻春秋,2018-11-15,期刊,G229.29,35-42,8
115,中美性骚扰议题新闻呈现的比较研究,胡颖;常江,清华大学新闻与传播学院,性骚扰;框架分析;噤声群体理论;#MeToo;,"本文使用噤声群体理论与框架分析,考察MeToo运动发源和兴起以来半年时间内美国主流媒体与中国主流媒体的80篇关于性骚扰议题的新闻报道。通过内容分析方法,本文对中美媒体报道性骚扰议题所采用的新闻框架进行界定、归纳和分析,比较和探讨其成因及影响。研究发现,中美两国对性骚扰的新闻呈现策略存在显著的差异,中美两国对发生在国外的性骚扰新闻事件的报道均有一定程度的意识形态色彩,而美国的这一倾向尤其明显。",新闻春秋,2018-11-15,期刊,G212,74-86,13
116,关于习近平对新闻工作重要论述研究的文献依赖与拓展方向,朱清河,陕西师范大学新闻与传播学院陕师大马克思主义新闻观中国化研究中心,习近平;中国特色新闻学;研究视角;价值逻辑;,"目前学界对习近平关于新闻工作重要论述的研究已渐趋热潮与渐入佳境,从研究产出看,相关探讨""做好舆论引导工作,一定要把握好时、度、效""与""党性与人民性从来就是一致的""等议题的论述近两年开始逐渐井喷而出。但从总体来看,研究主要集中于对习近平""8·19""""2·19""讲话的解读、描述与概括上,尤其与邓小平、江泽民与胡锦涛等中国特色社会主义新闻思想研究相比,关于习近平对新闻工作重要论述的研究尚处于起步阶段,大量研究仍然缺乏理论性与系统性,尤其是新的研究视角与方法的运用,亟待后继学界同人给予充分重视、充实与补白。",新闻春秋,2018-11-15,期刊,G219.2,11-19,9
117,《时务报》外埠发行网络续考:以省级行政区为单位,朱至刚,四川大学文学与新闻学院,时务报;发行网络;省级行政区;,"本文在《跨出口岸:基于""士林""的<时务报>全国覆盖》的基础上,根据《汪康年师友书札》等资料文献,对《时务报》外埠发行网点做了进一步爬梳。通过考证,笔者发现至少还有7个发行点,可被纳入""亲友派报处""(也就是其主持人与报馆核心成员存在较为密切人际关联的派报处)之列。在此基础上,还以省级行政区为单位,大致梳理了这份报刊对它们所属府、县的覆盖情况,并对其间的推动机制有所辨析,基本完成了《时务报》的空间覆盖图景。",新闻春秋,2018-11-15,期刊,G219.29,65-73,9
118,认识融合传媒的力量,陈力丹,O,O,"<正>现在的传媒已经不是以往的大众传媒了,而是无处不在的各种互联网的传播形态,如果还在原来的传媒形态上修修补补,就会没有出路。所以,我们首先要在以下五方面达成关于传媒融合发展必要条件的共识:1.新闻采编流程的一体化。目前各类传统媒体采用的融合发展模式和路径不同,但整体方向一致,即在流程上寻找突破口,建立内容生产流程的整体架构,形成不同介质工作团队的合力,实现新闻信息一次采集、多种生成、多元传播。2.媒体组织架构一体化。以往应对新媒体,多数传媒的做法是设立一个新媒体部门,传统业务和",新闻春秋,2018-11-15,期刊,G206,93-95,3
119,胡适的桂林之旅,肖伊绯,O,O,"""相思江上相思岩,相思岩下相思豆。三年结子不嫌迟,一夜相思叫人瘦。""""看尽柳州山,看遍桂林山水,天上只消半日,地上已千里。古人辛苦学神仙,要守千百戒。看我不修不炼,也腾云无碍。""这是胡适游桂林写下的《飞行小赞》诗的其中两首。1935年1月24日,胡适应邀到桂林,在诗情画意的桂林,留下了许多脍炙人口的诗歌文章。",文史春秋,2018-11-10,期刊,I206.6,50-56,7
120,宋忠阳绘画作品欣赏,宋忠阳,南宁市美术家协会广西美术家协会广西女书画协会广西北部湾书画院中国书画研究院,O,O,文史春秋,2018-11-10,期刊,J22,2,1
121,宁武庄的百年沧桑巨变,饶甘棠,O,O,"<正>在距离广西南宁武鸣县城约7公里、宁武镇约2公里交叉处的武鸣河边,有一座清雅别致、小巧玲珑的农庄。庄内曲径通幽、茂林修竹,藕塘里散发的阵阵荷花香,沁人肺腑,每到春季,塘边杏花含苞、桃花艳放,美不胜收;清澈见底的武鸣河逶迤缓慢地绕过农庄,白鹅戏水、碧波荡漾、鱼翔浅底、",文史春秋,2018-11-10,期刊,K29,35-39,5
122,众志成城的沁源围困战,胡锁利,O,O,"<正>沁源围困战是1942年11月到1945年4月,沁源军民在中国共产党的领导下,众志成城,长期围困入侵沁源的日军,迫使日军不断缩小据点最终弃城逃窜的战役,是中国共产党领导的敌后抗战的典型战例之一。地形有利于开展游击战""沁源雄踞太岳之巅,东眺太行,西望吕梁,俯视晋中、晋南和上党盆地,扼守白晋、同蒲和临(汾)屯(留)公路"",地理位置优越。再加上多山地,森林树木密",文史春秋,2018-11-10,期刊,K265,40-43,4
123,“帝国之花”与蒋介石遇刺案,黄建东,O,O,"1937年8月,淞沪会战呈现白热化状态,蒋介石决定亲自前往前线督战。白崇禧从安全方面考虑,建议蒋介石乘坐英国大使的车子,因为当时日军尚未对美英开战。然而英使许阁森去上海的坐驾却遭到了日机的刺杀袭击,蒋介石由于临时改变计划而幸免于难。整个事件扑朔迷离,最终案件嫌疑人锁定了行踪诡秘的日军间谍""帝国之花""。",文史春秋,2018-11-10,期刊,K265,10-12,3
124,武汉失陷前的临战转移纪实,柯云;丽阳,O,O,"<正>一1938年10月,本是天高云淡的金秋季节,却寒风萧杀,黑风压城。侵华日军从水、陆、空三面包围武汉,一时间武汉危在旦夕。以蒋介石为首的国民党政府的文武官员,早已南逃,躲到大后方去了。而周恩来作为中共中央全权代表(既是国民政府军事委员会政治部副部长,又是中共南方局书记,领导八路军武汉办事处并亲自兼任《新华日报》的董事长)在日军战火日益逼近的情况下,临危不惧,坚持战斗,争分夺秒组织干群撤退、转移和输送物资及",文史春秋,2018-11-10,期刊,K265,13-16,4
125,万名江津民工参与修筑蓝田坝机场,胡越,O,O,"<正>抗日战争时期,国民政府西迁重庆之后,为了抵御日军入侵和配合盟军作战,从1938年到1945年间,国民政府在四川地区征调大量民工从事国防工程建设,这些工程包括整修公路、修建机场、构筑防御工事等76个国防工程。其中,国民政府于1944年发出命令,但迟至1945年2月才进行修建的蓝田坝机场,是当时的""特种工程""之一,万名四川江",文史春秋,2018-11-10,期刊,K265,17-23,7
126,丰子恺的流亡生涯,刘永加,O,O,"<正>丰子恺是中国现代著名画家、散文家、漫画家、美术教育家。他的画蕴含独特的思想性,体现了那个时代人世间的许多辛酸事。抗战期间,丰子恺曾带着家人经历了一段历时8年、行程6000多公里的逃难流亡生活,背井离乡的他感慨颇多,由此一个时代的悲哀辛酸出现在他的方寸画幅里。",文史春秋,2018-11-10,期刊,K825.6,57-60,4
127,酆悌义救华克之,赵子云,O,O,"<正>许多人都熟悉华克之和酆悌这两个民国风云人物。前者是中共秘密战线上的传奇英雄,出生入死,屡建奇功,其中尤以在南京策划刺杀国民党投降派首领汪精卫而轰动中外;后者乃黄埔军校第一期毕业生中的佼佼者,蒋介石身边的红人,""复兴社十三太保""之一。但有些读者可能不知道,这一对政见迥异者,却私交甚笃,酆悌还曾3次救华克",文史春秋,2018-11-10,期刊,K827,24-27,4
128,门第高可畏不可恃,李业陶,O,O,"<正>司马光在《资治通鉴》中借柳玭的话阐述了门第高不可恃的道理。柳玭,陕西耀县人,唐代大臣,曾任御使大夫。柳玭出身名门望族,其祖父柳公绰曾担任户部尚书、兵部尚书,其父柳仲郢担任过刑部尚书、兵部尚书。柳氏家族治家严谨,柳氏家人都因敬老尊长、重礼守法而被世人尊崇。司马光所引用的一段话,节选自柳玭的《戒子弟书》。柳玭告诫家中子弟说,门第地",文史春秋,2018-11-10,期刊,B825,64,1
129,两占遵义四渡赤水的红七军将士,黄桂宁,O,O,"从广西百色起义中走岀去的红七军,有2000多人到达江西兴国与中央红军会合,编入以彭德怀为军团长的红三军团,仍称红七军,军长李明瑞。此间,部队有多次建制改变。之后参加了伟大的二万五千里长征,在征战贵州途中,浴血土城、抢占二郎滩、奇袭娄山关,浴血奋战,为两占遵义四渡赤水作出突出贡献,最终随大部队夺取胜利挥师北上。",文史春秋,2018-11-10,期刊,D231,44-49,6
130,保卫梧州:一场没有硝烟的战斗,陆欣,O,O,"<正>1949年11月25日,中国人民解放军进入梧州城,宣告梧州和平解放。就在国民党官员撤出梧州之际,中共梧州地下党组织积极开展保卫工作,粉碎了国民党企图炸毁梧州的阴谋,将梧州完好的交到人民手上。笔者曾采访过几位当年的中共地下党员和护厂工人,他们的口述见证了这一段珍贵的历史。粉碎敌人的破坏阴谋1949年5月,解放战争三大战役结束,人民解放军百万雄师横渡长江,国民党",文史春秋,2018-11-10,期刊,D231,61-63,3
131,人格的力量,吴月生,O,O,"<正>高尚的人格犹如高悬心灵之上的明镜,为我们的人生导航。一个人的魅力在于突现人格的力量,有魅力的人格是高尚的人格。高尚的人格追求,体现社会的发展方向。人格魅力指一个人在性格、气质、能力、道德品质等方面具有很能吸引人的力量。凡智者仁人,常把人格的特征极力地表现出来。""故非其义,君子不轻其生;得其所,君子不爱其死。""出",文史春秋,2018-11-10,期刊,C913,1,1
132,中共领导人心目中的邓小平,叶慕安,O,O,"<正>邓小平是伟大的马克思主义者,伟大的无产阶级革命家、政治家、军事家、外交家,是我党我军我国各族人民公认的享有崇高威望的卓越领导人,在中国革命、建设和改革的各个历史时期都作出了重大贡献。他是中共第一代领导集体的成员,又是第二代领导集体的核心,指挥着中国这艘航船绕开暗礁险滩,克服重重险阻,驶向胜利的彼岸。他是中国社会主义改革开放和现代化建设的总",文史春秋,2018-11-10,期刊,D239,4-9,6
133,旅欧中国少年共产党成立的前前后后,吴跃农,O,O,"<正>蒙达尼,隶属于法国中部的卢瓦雷省,位于巴黎市中心以南100公里处,在巴黎—里昂—马赛铁路线上。城市法文原名""Montaegis"",意为""阿矶山"",音译为""蒙达尔纪"",中国留学生嫌这样念起来太啰嗦拗口,简化为""蒙达尼""。早期留法学生的情况1920年代的蒙达尼,是当时中国旅法留学生的聚集之地,先后有20批近2000名勤",文史春秋,2018-11-10,期刊,D231,28-34,7
134,岁月荏苒忆老张,刘翔,O,O,"<正>已经四十年了,他的形象在我的记忆中依然是那样清晰、难忘……那是1978年的夏天,当时我还是上海市商业学校的一名学生,到位于南京西路、靠近木偶剧场的金陵食品商店参加为期一月的劳动实习。每天下午4点左右总有一位中等个子,年逾六旬,体态微胖的老人顶着炽热的阳光,步履蹒跚地",档案春秋,2018-11-10,期刊,I251,19-21,3
135,旅途中感受改革开放40年,施雯,O,O,"<正>我出生于1978年,有幸成为中国改革开放的同龄人。最近,档案、文史行业以大量第一手资料为基础举办了各种纪念宣传活动,也促使我在余暇时翻找起那些记录着自己和家庭成长轨迹的老照片。时光荏苒,光影留痕,那些几代人在不同时期留下的行旅印迹,从一个侧面反映了国家从物质匮乏、相对封闭的计",档案春秋,2018-11-10,期刊,I267,22-25,4
