1,明代佛教织绣与汉藏艺术交流,吴明娣;高燕宏,首都师范大学美术学院,明代;缂丝;刺绣;藏传佛教;艺术交流;,"内地丝织与西藏佛教结缘已逾1300年,在增进汉藏艺术交流方面发挥着不可取代的作用。文章聚焦明代佛教织绣,依据文献及15件传世实物,从图像内容、布局、形态、色彩、款识、尺寸、装裱等入手,通过分析、比对,论述其渊源、产地及相关问题,并对无款识佛教织绣的年代做了初步推断,进而指出明代佛教织绣既是汉藏艺术交流的结晶,也是雪域丝绸之路的重要见证。",中国藏学,2017-11-15,期刊,J523.6,171-176+205,7
2,藏族传统配饰天珠的药用价值略考,看召本,中国藏学研究中心藏医药研究所,天珠;制作工艺;藏药;功效;,"天珠是藏族人民非常喜欢佩戴的一种饰品,人们根深蒂固地认为它具有避邪、增福和遇难成祥的作用。天珠到底从何而来,学界至今还没有出现一个令众人公认的答案。其药用价值很少被人注关。文章对天珠在藏药中的应用、其真品来源、新旧鉴别、化学成分、炮制工艺及药物的性味功效做了一个较全面的介绍和分析。",中国藏学,2017-11-15,期刊,R29,123-126,4
3,论萨迦班智达的家国情怀——再读《致蕃人书》和《萨迦格言》,班玛更珠,中国藏学研究中心历史研究所,萨迦班智达;凉州会盟;家国情怀;《致蕃人书》;《萨迦格言》;,"在13世纪蒙古推进统一的过程中,萨迦班智达贡噶坚赞应蒙古汗王阔端召请到凉州会谈,促成了西藏和平纳入中央政府的行政管辖。我们通过分析可以认为,当时萨迦班智达之所以能成为西藏的代表与阔端会谈,除了其渊博的学识、高尚的品德和无以伦比的社会威望,还有其本身具有的家国情怀,使他在关键的历史时期做出了伟大的选择。文章以萨迦班智达历史性的《致蕃人书》及脍炙人口的代表作《萨迦格言》为例,尝试性地探讨作者在其中展现出来的家国情怀和历史担当,以诠释其所作历史性选择的必然性。",中国藏学,2017-11-15,期刊,I207.99;K247,21-30,10
4,仓央嘉措康熙三十九年三月满文题本,李勤璞,四川大学中国藏学研究所,达赖喇嘛;班禅额尔德尼;召见;第司·桑结嘉措;,"康熙三十九年(1700)三月第六世达赖喇嘛仓央嘉措满文题本,是关于皇帝邀请五世班禅额尔德尼去北京朝见和传法的事情,皇帝认为这对教化非常必要,班禅则因自己尚未出痘,拒绝前往,于是造成误会。后来由于和硕特与准噶尔在西藏青海地区引起各种动乱,此事就被搁下。这是仓央嘉措作为达赖喇嘛在西藏地区短暂政治生涯的一件记录,显示他在朝廷和西北地区政治上的作用。",中国藏学,2017-11-15,期刊,H221;K249.2,63-70,8
5,藏族天珠图纹体系研究及其他(下),黄勇,O,藏族;至纯天珠;图纹体系;命名;隔线;,"文章对藏族至纯天珠的图纹体系进行了系统论述。作者在十数年的田野调查、大量的标本收集和留存影像资料的基础上,通过比对分析等方法,发现了至纯天珠上蚀花部分的图纹中所有线纹的本质特征,将其归纳为口线、腰带、隔线、主体图纹四大类别,并解读其各自功能。进而将蚀花图纹解析为各种图形元素的组合,建立起一套以隔线体系为主的天珠图谱,在尽可能穷尽图纹的前提下使之系统化、完整化,并且从中得出一些规律性变化的认识,充分体现出至纯天珠图纹系统的规范性和丰富性,解析了古代天珠制作者的构图方法。同时,据此建立起一个以几何图形为核心元素的、兼顾藏族传统认识的天珠命名体系。",中国藏学,2017-11-15,期刊,J522;K876,99-122,24
6,康区被称作“人区”考——兼对藏文史籍中“黑头人”概念的考察,石硕;刘欢,四川大学中国藏学研究所,康区;黑头人区;黑头矮人、六氏族;,"在藏族卫藏、安多、康区三大传统区域中,康区被称作""人区""。对这一称呼的内涵及缘起,学界尚缺乏系统研究。称康区为""人区""始见于《汉藏史集》,""人区""实为""黑头人区""的简称。文章对藏文文献中3种有关""黑头人""的记载进行梳理和研究后认为,康区被称作""黑头人区""应与藏文文献中的""黑头矮人""概念及""四氏族""、""六氏族""起源传说密切相关,因为传说中的""四氏族""、""六氏族""大多分布于康区。康区被作为""黑头人区""的说法也反映出了13-14世纪藏地三区在文化整合及民族和地域认同上已达到一个新的阶段。",中国藏学,2017-11-15,期刊,K28,54-62,9
7,凉州会谈及其历史意义,张云,中国藏学研究中心历史研究所,元朝;西藏;阔端;萨迦班智达;凉州会谈;历史意义;,"文章从5个方面,分别考察了阔端对西藏的经营方略,萨迦班智达的个人禀赋与精心准备,萨班伯侄的行程与活动内容,萨班与阔端的密切互动与凉州会谈,以及凉州会谈多方面的历史意义和深远影响,辨析了其中的若干问题。",中国藏学,2017-11-15,期刊,K247,5-14,10
8,从萨迦班智达《致蕃人书》到忽必烈《优礼僧人诏书》,李德成,中国藏学研究中心科研业务办公室,萨迦班智达;《致蕃人书》;《优礼僧人诏书》;,"1247年,萨迦班智达·贡噶坚赞(1182-1251)与蒙古窝阔台汗之子阔端(1206-1251)在今武威举行了具有伟大历史意义的凉州会谈,在取得一致意见之后,萨班写了一封致西藏各地领主的公开信,即著名的萨迦班智达《致蕃人书》,号召西藏地方僧俗领主归顺蒙古势力,为元代中央政府顺利实现对西藏地方的有效管辖和治理奠定了基础。1254年,忽必烈颁赐给八思巴一件""藏文诏书"",即著名的《优礼僧人诏书》(以下简称""诏书""),进一步密切了蒙古势力与西藏地方的政治联系,为实现元代中央政府对西藏地方的有效管辖和治理起到了重要的推动作用。""书信""与""诏书""一脉相承,关联互动,顺应祖国统一之大势,顺应安居乐业之民心,共同为实现和维护祖国统一发挥了重要作用,而且推动形成了元代中央政府的治藏策略,推进了蒙藏民族关系发展,促进了藏族与我国其他民族的交往交流交融,推动形成了藏传佛教爱国主义的光荣传统,深刻反映了中华民族同呼吸、共患难谋求和维护祖国统一的历史渊源和强烈情感,也深刻反映了中华民族凝心聚力、矢志不移谋求和推进祖国兴旺的爱国情怀和自强意志。",中国藏学,2017-11-15,期刊,K247,15-20,6
9,南宋末代皇帝赵显在西藏活动的历史及其影响,车明怀,西藏社会科学院党委,南宋;元朝;赵显;西藏活动;萨迦;历史影响;,"元朝时期,南宋末代皇帝赵显被遣送到西藏萨迦寺,这一历史凸显了西藏地方萨迦政权在统一全国进程中的作用及宋元时期各民族之间交往交流交融的历史。赵显在西藏学经、译经过程中,足迹遍布今西藏、青海、甘肃等地,并与元朝尊崇释教的国策,忽必烈、八思巴、桑哥、胆巴、达尼钦波等著名历史人物的活动密切相关。文章力求研究和挖掘与此相关的历史,以丰富宋元时期西藏与祖国内地密切联系的历史。",中国藏学,2017-11-15,期刊,K245,31-41,11
10,纪念凉州会谈770周年学术研讨会综述,本刊记者;姜航,O,O,"<正>2017年10月28日至29日,纪念凉州会谈770周年学术研讨会在甘肃省武威市召开。本次研讨会旨在纪念1247年阔端与萨班凉州会谈这一重大历史事件,研讨凉州会谈的深刻内涵及其在中国历史和中华民族发展史上的伟大意义。此次会议由中国西藏文化保护与发展协会、中国藏学研究中心联合主办,中国藏学研究中心历史研究所、甘肃省武威市人民政府联合承办,来自北京、西藏、甘肃、四川、陕西、江苏等地高校、科研院所的30余名专家学者参加了会议。开幕式由中国藏学研究中心历史研究所所长张云研究员主持。中国西藏文化保护与发展协会副会",中国藏学,2017-11-15,期刊,K247-2,50-53+2,5
11,“统领释教大元国师”印考释,谢光典,陕西师范大学中国西部边疆研究院,统领释教大元国师;印章;元朝;,"元朝时期,中央政府曾赐予西藏众多僧俗首领各种称号与代表其相应权利地位的各式印章。文章主要探讨保存于西藏博物馆的两枚""统领释教大元国师""青玉印。通过版本校勘与审音勘同,文章认为元廷赐给噶玛噶举黑帽第四世活佛若贝多吉的""■""印与赐给萨迦细脱拉章的贡嘎仁钦的""■""印以及拉康拉章曲吉坚赞贝桑波的""■""印,三者都应释读为""统领释教大元国师""印,从而对前辈学者的观点提出商榷,认为这两枚印章并不一定非八思巴与其弟亦怜真莫属,反而若贝多吉等3人更有可能。最后对""统领释教大元国师""与""大元国师""之间的异同及其地位等级作了说明。",中国藏学,2017-11-15,期刊,K877.6,42-49,8
12,“一条腿背夫”岩画的释读与研究:青藏岩画与北方盐道的历史关系,张亚莎;张晓霞,中央民族大学民族学与社会学学院,塔康巴岩画;一条腿背夫;玉树昂拉岩画;女国;贩盐队伍;北方盐道;,"1991年发现于藏西阿里塔康巴岩画中的""一条腿背夫""岩画,揭示了古代西部女国贩盐业的兴盛;2011年青海玉树通天河流域昂拉岩画同样题材的发现不仅证实青藏高原东部早期部落也在经营盐业,且岩画的古朴样式证明它们尚属于早期类型。藏西与青海西部一西一东两端均发现贩盐岩画,印证史料里""女国……尤多盐,恒将盐向天竺兴贩,其利数倍,亦数与天竺党项战争""之记载不误。自古盐业经营在古羌人经济占据重要地位,青藏""一条腿背夫""贩盐岩画图像证实,羌人除经营横断山脉盐道外,藏北羌塘之""北方盐道""亦当是古羌人盐业经营的重要通道。",中国藏学,2017-11-15,期刊,K879.42,145-150,6
13,西藏夏鲁寺母虎本生壁画分析,孟瑜,清华大学文学院,夏鲁寺;舍身饲虎本生;《金光明经》;Vyāghrījātaka;,"西藏夏鲁寺一层回廊上绘有一幅母虎本生壁画,画面下方配有题记。然而该壁画图像和题记内容并不相符。作者在各种舍身饲虎本生版本的基础上,判断该壁画应当是依据《金光明经》梵文本或者藏文译本所创作,而非题记所依据的Vyāghrījātaka(《母虎本生》)。在此基础上,作者对相关图像进行比较以进一步分析夏鲁寺的这幅壁画。",中国藏学,2017-11-15,期刊,K879.41,151-157,7
14,夏鲁寺早期回廊形态考证——关于夏鲁寺一层大殿回廊建筑结构与壁画的调查,翟若普,北京大学考古文博学院,夏鲁寺;建筑年代;千佛壁画;,"夏鲁寺是西藏后藏地区唯一一座保存相对完好的11-14世纪佛寺遗迹,对于元代政教史、汉藏交流史等研究具有重要意义。文章以夏鲁寺一层集会大殿转经回廊内壁中部为切入点,通过对千佛壁画的分布规律、墙体叠压打破关系的分析,以及对壁面千佛壁画题记文本的比对、考释,发现夏鲁寺一层回廊中部、北部建筑部分墙体的修筑和其上壁画的绘制年代要早于现存的其他建筑结构。结合夏鲁寺建寺史,可以推测这一部分壁画的绘制年代为13世纪末至14世纪初。当时的夏鲁寺存在一条围绕西翼、北翼建筑分布的不规则转经道,这条转经道在后期的扩建中被改造,结合新修建筑形成了如今的转经回廊,原来的壁画都被保留在早期墙体之上。这一研究补充和丰富了对夏鲁寺早期建筑形态的认知。",中国藏学,2017-11-15,期刊,K879,158-170,13
15,文化空间与民族记忆:百年藏庄的保护与传承——以青海省化隆县塔加村为例,骆桂花;央宗,青海民族大学民族学与社会学学院,青海省;塔加村;藏庄;文化空间;民族记忆;保护与传承;,"传统村落是一种典型的历史文化空间,是一部""活态""的地方民族志。悠久的历史赋予了传统村落深厚的文化内涵,因此古村落的保护和传承是对民族村落文化特质和民族记忆的重塑和强化。青海省化隆县塔加村作为第四批中国传统村落和第二批""中国少数民族特色村寨"",具有其自身悠久的历史和独特的文化底蕴。文章通过塔加村传统民居和塔加寺院的田野调查,试图探析社会转型时期下民族村落公共文化空间的保护与传承。",中国藏学,2017-11-15,期刊,K878,194-197,4
16,考察西康与《西康图经》——任乃强《筱庄笔记·身世录》录注(二),任新建;何洁,四川省社会科学院康藏研究中心,任乃强;《筱庄笔记》;《西康图经》;,"《筱庄笔记》是任乃强先生晚年写的一本回忆录。其中,身世录记录了任乃强先生从出生至20世纪40年代(西康省建立后)的人生经历,包括对先辈、家族、家乡,童年时代、求学经历的回忆及其所闻所见的社会变革,接触的重要人物、参与的重大事情的详尽记录。本篇节录任乃强先生两次考察西康、刘文辉二十四军建设委员会和交通处及撰写《西康图经》的经过等内容,对了解任乃强先生的治学方法、治学态度、学术思想以及研究民国时期西康历史有一定的参考价值。",中国藏学,2017-11-15,期刊,K825.81,83-98,16
17,略论《中国因明学史》之学术特色,沈海波,上海政法学院文学与传媒学院,O,"<正>因明学自唐代传入中国后,其发展轨迹较为多元,分为汉传与藏传两支,并由藏传衍生出蒙传,其浸润之所及,广布汉地、藏地、内外蒙古地区及东亚诸国。学术界过去多集中于对汉传因明学史进行研究,而有关藏传、蒙传因明学的研究则一直处于较为薄弱的状态。中国藏学研究中心总干事郑堆研究员近期主编的《中国因明学史》(中国藏学出版社,2017年),对汉传、藏传、蒙传三支进行了较为均衡的研究和论述,值得瞩目。本书共分3个部分:汉传因明学史、藏传因明学史、蒙传因明学史,各具特色,试分论如次。",中国藏学,2017-11-15,期刊,B949,198-202,5
18,《娘氏教法源流》译注(九),娘·尼玛沃色;许渊钦,四川大学中国藏学研究所,《娘氏教法源流》;娘·尼玛沃色;教法源流;译注;,"《娘氏教法源流》是12世纪的重要宗教史籍,藏文原名《教法源流·花蜜精粹》。本次译文为《娘氏教法源流》第三章""宣说吐蕃""中第十三节,阿阇黎莲花生从吐蕃至罗刹国(藏文版第315页第二段至第354页第一段)。",中国藏学,2017-11-15,期刊,B929,71-82,12
19,萨迦派“多吉普尔羌姆”仪式程式及象征解读——以若尔盖求吉寺为例,顿珠卓玛,西南民族大学藏学学院,萨迦派;求吉寺;法舞;程式;象征;解读;,"""多吉普尔羌姆""(■)是藏传佛教萨迦派法舞文化的典型代表,源于萨迦寺,又称""金刚橛法舞""。如今只有在萨迦寺、德格更庆寺(■)和若尔盖求吉寺(■)有传承。若尔盖求吉寺的""多吉普尔羌姆""在原萨迦寺羌姆原型的基础上,融入本土文化,形成了风格独特的法舞仪式,在安多藏区有较大的影响。2006年求吉寺""多吉普尔羌姆""被列入了四川省非物质文化遗产名录,该法舞仪式随之也得到了重视和保护。文章以若尔盖求吉寺为中心,将""多吉普尔羌姆""作为研究对象,以宗教学的视角,从仪式本体及内涵入手,重点解析仪式中的各类象征,揭示法舞所蕴含的文化内涵和象征意义。",中国藏学,2017-11-15,期刊,B946.6,177-183,7
20,《安多地区佛法传播史略》译考,达瓦拉措;拉先加,西南民族大学西南民族研究院中国藏学研究中心宗教研究所,《安多地区佛法传播史略》;夏尔·噶丹嘉措;藏传佛教;格鲁派;传播史;译注;,"成书于17世纪中叶的《安多地区佛法传播史略》,是一部记录藏传佛教尤其是格鲁派在安多藏区传播历史的早期文献,成为后期诸多安多教法史的重要资料来源。作者夏尔·噶丹嘉措是当时安多地区著名高僧,1630年任青海隆务寺住持,对格鲁派在河湟流域的传播做出了很大的贡献。到目前为止,这部重要的历史文献资料尚未受到学界的关注,文章首次尝试把这部珍贵的文献译为汉文,并对文中出现的寺院、地名、人名、年份等加注,为考查这段历史的研究者提供较为可靠的文献资料。",中国藏学,2017-11-15,期刊,B949,184-193,10
21,新时期西藏打赢脱贫攻坚战的思考,徐伍达,西藏自治区社会科学院农村经济研究所,西藏;精准扶贫;精准脱贫;,"新时期西藏仍是全国唯一省级集中连片贫困地区,是贫困面最大、贫困程度最深的地区,是全面建成小康社会最大的挑战和短板。西藏要打赢脱贫攻坚战所面临的挑战表现为:绝对贫困基本消除,相对贫困更为突出;持续性贫困明显减少,暂时性贫困日益显著;收入维度贫困得到缓解,多维贫困改善缓慢。文章认为资源分布不均衡、组织带动能力弱、市场开发条件差、持续增收难度大等方面是致贫的深层次原因。建议通过强化脱贫攻坚的组织保障、明确精准扶贫的工作重点、加大精准脱贫的投入力度、健全脱贫攻坚的评估体系等创新和举措,确保贫困人口到2020年如期全部脱贫。",中国藏学,2017-11-15,期刊,F323.8,127-133,7
22,“一带一路”背景下西藏边境旅游扶贫开发思路及模式研究,徐宁;图登克珠;蒙媛;卓嘎措姆,西藏大学经济与管理学院西藏大学科研处西藏大学西藏经济文化研究中心,西藏边境地区;边境旅游;旅游扶贫;模式;,"在""一带一路""建设背景下,西藏提出建设面向南亚开放的重要通道的愿景。2020年西藏与全国一道全面建成小康社会,边境地区扶贫是重点,边境旅游是边境地区扶贫的重中之重。文章基于旅游扶贫与边境旅游问题研究,提出西藏边境旅游扶贫模式开发的思路,指出边境旅游扶贫开发模式有:生态文化旅游扶贫模式、民俗文化旅游扶贫模式和边境贸易旅游扶贫开发模式。",中国藏学,2017-11-15,期刊,F592.7,134-138,5
23,藏族散居区精准扶贫的问题与对策研究——以越西县保安藏族乡和甘洛县则拉乡磨房村为例,韩正康,四川省民族研究所,保安藏族乡;磨房村;藏族散居区;精准扶贫;可持续发展;,"散居区少数民族分布情况有不同的特点,加之不同的民族结构、地理环境、历史文化等因素,使这些特点的不同方面得到凸显。文章以四川省越西县保安藏族乡和甘洛县则拉乡磨房村藏族聚居村为个案,探讨藏族散居区精准扶贫的机制和问题,探寻其可持续发展的有效路径。",中国藏学,2017-11-15,期刊,F323.8,139-144,6
24,藏传佛教对当代蒙古族生态文学的影响——以郭雪波的小说为例（英文）,丁燕,Inner-Mongolia University of Science and Technology,O,"<正>Tibetan Buddhism,one of the important sects of Buddhism,is believed by a lot of researchers to have disseminated into Tibet from India,Nepal and its adjacent Han nationality congregating areas in around 7th century.The subsequent spread of Buddhism in Tibet experienced two periods of fast diffusion,during which the",ChinaTibetology,2017-09-15,期刊,I207.42,93-100,8
25,图片欣赏（英文）,,O,O,O,ChinaTibetology,2017-09-15,期刊,J43,2+121,2
26,复兴悲剧:印度藏人的土地问题（英文）,黄云松,Sichuan University,O,"<正>It could be moreout of geostrategic consideration rather than mere munificence for Nehru’s administration to host the 14 Dalai Lama and his followersin 1959.~1Being one of the most important strategic assets of India to balance China,Tibetan communities in India always enjoy special care and favorable treatment ever since",ChinaTibetology,2017-09-15,期刊,K351.5,101-120,20
27,西藏与布鲁克巴的宗藩关系巩固（英文）,扎洛;Xiang,Chinese Academy of Social Sciences,O,"<正>Pho-lha-nas quelled the civil strife in Bhutan in 1730,and in 1734,and both sides of the conflict respectively dispatched envoys to Beijing to ask the Qing Court to confer honorif ic titles,which resulted in the f inal establishment of the Suzerain-vassal relationship between Tibet and Bhutan in the Qing Dynasty.However,the establishment",Hongjia,ChinaTibetology,2017-09-15,K249,34-55,22
28,明朝时期汉式善财童子在藏传佛教艺术中的传播（英文）,熊文彬,"Chinese Center for Tibetan Studies, Sichuan University",O,"<正>The Ming Dynasty was one of the important periods of cultural exchange and amalgamation between Han Chinese and Tibetans.Along with the governance of Tibet and other Tibetan areas by the Central Government of the Ming Dynasty,Tibetan culture represented by Buddhism and its art was disseminated in the interior of China,",ChinaTibetology,2017-09-15,期刊,K879,56-79,24
29,藏传佛教尼姑:丹却白玛前往拉萨的朝圣之旅（英文）,冷智多杰,Teachers’ College for Nationalities of Qinghai Normal University,O,"<正>Introduction This paper~1 tells the stor y of Damcho Pema(dam chos pad ma)~2,a Tibetan Buddhist nun from Hainan Tibetan Autonomous Prefecture in Qinghai Province,and her almost 2000 km prostrating pilgrimage to Lhasa.Before coming to the pilgrimage itself it describes the long road she f irst had to travel to become a nun,thereby",ChinaTibetology,2017-09-15,期刊,B949,80-92,13
30,第六届北京(国际)藏学研讨会综述（英文）,本刊记者,Editorial Department of China Tibetology,O,"<正>The 6th Beijing International Seminar on Tibetan Studies held in Beijing from August 2nd-4th,2016,was convened by the China Association for Protection and Development of Tibetan Culture,the China Tibetology Research Center（CTRC）,and the Tibetan Academy of Social Sciences（TASS）,TAR.In total,325 scholars attended",ChinaTibetology,2017-09-15,期刊,C95,3-33,31
31,1918-1921年西藏协助尼泊尔修缮斯瓦扬布佛塔——兼论近代西藏与尼泊尔的文化交流,邱熠华,中国藏学研究中心历史研究所,尼泊尔;近代西藏;文化交流;斯瓦扬布;,"近代以来,由于英国殖民主义势力在喜马拉雅地区的扩张,以及英俄竞争对这一区域产生的压力,引发喜马拉雅地区的政治、经济局势变动,导致西藏地方与尼泊尔的关系呈现出""希望、挑战与挫折并存""的状态。这一时期藏尼间的政治关系因边界争端、贸易纠纷等长期存在,时常表现出冲突与矛盾,而两者间原有的宗教、文化及民间社会的联系仍绵延不断,为双方关系的保持与调整提供了多维的渠道。文章利用西藏地方和尼泊尔两方面的史料,记述1918—1921年西藏协助尼泊尔修缮斯瓦扬布大佛塔等史事,力图呈现近代西藏地方与尼泊尔关系更加全面的历史图景。",中国藏学,2017-08-15,期刊,G125;K29,44-51,8
32,喜马拉雅区域经验与知识谱系构建,徐君;姚勇,四川大学历史文化学院四川大学中国西部边疆安全与发展协同创新中心,喜马拉雅;区域研究;知识谱系;对话;,"在反思中国崛起和谋求与世界对话的""去中心化""背景下,梳理国内外有关喜马拉雅区域研究的情况,在反思中国学界对""世界""知识与中国的认知局限的同时,找寻出中国开展以喜马拉雅区域为例研究的可能路径。文章提出:首先应厘清区域研究全貌与体系,建构喜马拉雅区域文化领域的知识图谱,形成对话基础;其次,搭建对话平台,推动研究信息分享与交换;促进相关学科资源整合,营造对话语境,在人文社会科学领域形成与西方话语体系充分对话的基础上,形成中国语境下的喜马拉雅区域研究理论。",中国藏学,2017-08-15,期刊,G112,64-74,11
33,法王图道南杰(一)——《哲孟雄王统史》译注节选,图道南杰;扎洛;敖见,中国社会科学院近代史研究所中国民族语文翻译局,哲孟雄;图道南杰;廓尔喀“巴热”;近代西藏;,"英国自1861年《敦朗条约》侵吞哲孟雄南部富庶之地、取得干涉其内政的权利后,为了开发茶园、修筑道路的需要逐步从廓尔喀等地向哲孟雄移民,一些亲英派人物如颇当喇嘛、康仲伦珠等也开始接受廓尔喀移民,这引起了僧侣集团及菩提亚群体的抵制,两派因此而发生冲突。孟加拉省督阿什利·艾登为了安抚僧侣集团,认为安置移民应限制在没有菩提亚人、雷普查人生活的旷野荒山地区,而国王图道南杰年岁尚幼,深受颇当喇嘛等影响,私下给予其接受移民的特权,违背了民众意愿,哲孟雄内部的隔阂、矛盾进一步加剧。",中国藏学,2017-08-15,期刊,K356,19-29,11
34,西康建省“划界”的争论——以1939年前后四川靖化县绰斯甲一地是否划入西康省为中心的历史文献,王川,四川师范大学历史文化学院,西康建省;绰斯甲;归属;争议;中华民国;,"1939年1月西康省正式成立,辖地包括""康属""、""雅属""、""宁属""等46个县和3个设治局,实辖36个县及县级单位、靖化县所属的绰斯甲土司之地。围绕该省属地的划拨,第十七行政督察区名山、""第十六行政督察区靖化县所属的绰斯甲土司""之地等均有抗争。结果是名山县、绰斯甲土司之地仍然归属四川省、未能划归西康省而结束。对于绰斯甲土司之地的划归问题,历来记载语焉不详。本文选录当时四川省政府与西康建省委员会往来公文四川省等地收藏的历史档案的相关记载,便于学界的研究。",中国藏学,2017-08-15,期刊,K29,101-113,13
35,居米旁大师的王权学说——《国王修身论》释读,杨毛措,中央民族大学藏学研究院,居米旁大师;德格土司;《国王修身论》;王权;释读;,"《国王修身论》是19世纪著名学者居米旁大师应德格土司的请求而撰写的一部格言著作。文章以此著作为考察文本,通过解读居米旁大师有关执政之道的叙述,考察其书写王权的技艺和范式,试图在历史和文本的交融视野中,厘清知识与权力、宗教与政治、法律与道德在藏边社会历史语境中复杂的共生关系,并由此呈现德格这个藏边社会在时代洪流和历史变革中所面临的困境和考验,探讨历史上的德格有志之士是如何通过建构和书写王权来试图应对和消解历史危机的。",中国藏学,2017-08-15,期刊,K28,114-124,11
36,答谢词,黄明信,O,O,"<正>今天国家图书馆和藏研中心(中国藏学研究中心的简称——编者注)为我召开这样一个座谈会,首先要感谢各位领导和众多朋友对我的关心、爱护。现在占用各位的宝贵时间谈谈我个人的感受。我活了90年,用粗话来说,还算没有白糟蹋粮食,用文话来说,对社会还多少有点贡献。但是与我取之于社会的相比,哪个多,哪个少,还很难说。如果取之者多,给出来得少,就成为负数。我所说的取之于社会者,一般常讲父母恩、师恩,古人讲天地君亲师,除了亲恩和师恩之外,所谓的""天地君"",广义地说,就",中国藏学,2017-08-15,期刊,K28,172-173,2
37,中国西藏文化·加德满都论坛综述,本刊记者;沈红宇,O,O,"<正>2017年6月6日—7日,由中国藏学研究中心(以下简称藏研中心)、中国驻尼泊尔大使馆、中国西藏文化保护与发展协会、尼泊尔阿尼哥协会联合举办的""中国西藏文化·加德满都论坛""在尼泊尔首都加德满都召开。中国驻尼泊尔大使于红、藏研中心副总干事安七一、尼泊尔副总理兼财政部长马哈拉、尼泊尔前总理尼帕尔、尼泊尔阿尼哥协会主席塔姆、中国藏学家代表团、尼泊尔各界人士以及旅尼友好藏胞等共100余人参加了此次论坛。",中国藏学,2017-08-15,期刊,K28-2,190-194+201,6
38,“热振事件”再审视——热振大师殉国和西藏两寺起义70周年祭,杨克林;王小彬;依苏,中国藏学研究中心当代研究所西藏自治区档案馆,热振;殉国;色拉寺热振寺两寺起义;活佛转世;西藏地方与中央政府关系;,"五世热振活佛是我国西藏地方政权在民国时期维护国家统一的关键人物。他在第十三世和第十四世达赖喇嘛两个历史阶段发挥了承上启下的重要作用。在中华民族最艰难的岁月,他与中央政府始终休戚与共,旗帜鲜明地支持抗日战争,反对西藏""独立"",维护国家统一,并为此献出生命,是壮烈殉国的伟大民族英雄。文章利用新发现的史料,在前人研究的基础上,对""热振事件""进行深入的再研究,以此纪念热振殉国70周年。",中国藏学,2017-08-15,期刊,K29,84-100+2,18
39,俺答汗代三世达赖喇嘛求封事宜考,魏建东,中国人民大学清史研究所,俺答汗;三世达赖喇嘛;蒙藏关系;汉藏关系;,"在蒙藏关系史上,俺答汗与三世达赖喇嘛的会见往往被作为藏传佛教第二次传入蒙古的标志性事件。文章拟用新发现的汉文材料,就俺答汗与三世达赖喇嘛会见中之俺答汗代三世达赖喇嘛请封这一事件做一详细考证与说明,以此来说明俺答汗与三世达赖喇嘛会见其实是蒙古、西藏与明中央政府三方互动下的产物。",中国藏学,2017-08-15,期刊,K248.3,143-149,7
40,乾隆晚期驻藏大臣“匿压表贡”事件研究,张曦,中山大学历史学系,乾隆帝;驻藏大臣;廓尔喀战争;官员失职;,"""匿压表贡""是驻藏大臣在处理廓尔喀与我国西藏地方纠纷的交涉时,将廓尔喀致驻藏大臣及清政府的表文、贡物等情形匿不上奏的严重失职事件。先后共3次,分别发生于乾隆五十二年、五十五年及五十六年。其中乾隆五十二年是驻藏大臣玩忽职守的结果,后两次则是官员之间互相包庇,共同欺骗朝廷的典型事例,与相关官员处理廓尔喀第一次入侵时对乾隆的欺骗有关。此事在清政府应对廓尔喀的两次入侵中,都逐一被揭露出来,涉事的数位驻藏大臣受到乾隆严厉处分。客观分析,这一系列事件的发生,一定程度上是有其必然性的。它是驻藏大臣制度设置以来所存在问题的一次集中暴露,引起了乾隆的相当重视,在五十七年的西藏地方善后章程中,对驻藏大臣制度进行了大幅度的改革。",中国藏学,2017-08-15,期刊,K249.3,30-43,14
41,国家认同与全民抗战——以藏族民众的抗日活动为例,钟宇海;喜饶尼玛,中央民族大学历史文化学院,国家认同;全民抗战;藏族民众;,"近代日本的侵华战争,给中华民族造成了前所未有的灾难。藏族作为中华民族的重要成员,积极行动起来,上层人物坚定地表达了自己的抗日主张,号召各族人民团结起来抗击日本侵略。在僧俗代表人物的弓领下,全国各地不少藏族民众积极投身到全民抗战的阵列中,他们捐款捐物、祈祷胜利,乃至参军参战,为国捐躯,在共同命运的基础上,进一步深化了对中华民族和国家的认同。",中国藏学,2017-08-15,期刊,K26,75-83,9
42,唐论惟贞墓志及论氏家族源流事迹再考,李宗俊,陕西师范大学历史文化学院,唐代;吐蕃族裔;论惟贞墓志;论氏家族;源流事迹;,"论惟贞为唐代著名的吐蕃族裔,其家族数代为吐蕃王朝与唐朝所倚重。其本人《新唐书》有传,但事迹颇为简略。其墓志的发现,首先为该家族史的研究又添一新史料。根据其墓志,该家族与吐蕃王族有密切的姻亲关系,而并非王族。其墓志多处可补《元和姓纂》《古今姓氏书辩证》等史籍之阙;史书碑铭对其家族多位成员之官爵记载不一的原因,是他们生前或逝后,因论氏子弟功勋再著而家族不断得到新的封赏和追赠的缘故;志主个人的发迹与其家族在历史上的二次光显,是在安史之乱爆发之际,该家族又以戮力勤王,效忠王室而再振家声。志文对论惟贞及其家族的勤王平叛事迹亦多有补正。",中国藏学,2017-08-15,期刊,K820.9;K877.45,125-132,8
43,哲蚌寺措钦大殿内转经道壁画的年代、题材与风格初探,熊文彬;廖旸,四川大学中国藏学研究所中国社会科学院民族学与人类学研究所,哲蚌寺;措钦大殿;内转经道;壁画;题材;风格;汉藏交流;,"措钦大殿是1416年哲蚌寺修建伊始的主要建筑单元之一,其内转经道在15世纪末至16世纪初之间因殿堂改建而被废弃。现存内转经道西段和北段保存的文殊菩萨、白伞盖佛母曼荼罗和善逝八塔、药师佛曼荼罗等壁画不仅配置独特,而且在保留元代风格特征的同时,吸收了内地汉式童子等母题和堆金沥粉等技法,是元明过渡时期西藏艺术的重要遗珍。对于元明之交西藏佛教艺术的题材、图像配置及其含义、风格和汉藏文化交流的研究,这些题材和风格都是不可多得的材料,弥足珍贵。",中国藏学,2017-08-15,期刊,K879.41,150-165,16
44,从赞普到土司:唃厮啰家族家国之间的政治嬗变研究,齐德舜,河南大学民族研究所,唃厮啰家族;赞普;土司;政治嬗变;,"唃厮啰家族自宋朝初年进入西北地区之后,历经宋、元、明、清直至民国,其政治身份随朝代的更迭不断嬗变,从宋朝初年的河湟吐蕃赞普一步步转变为明清时期""五土之首""的赵土司。唃厮啰家族政治身份的嬗变是历史的必然,是时代变迁的大背景所导致的必然结果,是国家、民族、家族三方互动的必然结果。",中国藏学,2017-08-15,期刊,K820.9,133-142,10
45,纪念黄明信先生,黄润华,O,O,"<正>初次见到黄明信老先生的大名,是1973年,那时我刚从湖北咸宁""五七""干校回到馆里开始大学毕业后首次的图书馆业务工作。我在《五体清文鉴》影印本的最后看到附录的《有关五体清文鉴的一些历史材料》一文,对《五体清文鉴》的来龙去脉作了考订,全文不足5000字却说得十分周详,再加上文后的注释和""一体至五体清文鉴内容比较表"",俨然一篇完整严谨的学术论文,言简意赅,没有一点水分。文章后面署名""黄明信,1957年8月""。黄明信是何人?我问于道泉先生。当时于老每周都要到组里一两次。于",中国藏学,2017-08-15,期刊,K825.4,174-175,2
46,回忆黄明信先生在国图,王梅堂,O,O,"<正>一、选择北图黄明信先生在《我与图书馆》一文中记述:""1979年我平反以后被调到北京图书馆。""但在他调动的过程中有鲜为人知的故事。黄先生是于道泉先生的老友,他从于道泉先生那里获知北京图书馆民族语文组收藏的藏文古籍在国内甚至世界上是最全、最丰富的。于道泉先生希望黄先生到北图,并积极向北图推荐。然而黄先生平反以后,便由民族出版社安排到图旺主编的《藏汉大辞典》编纂室,时在成都。由此可知民族出版社欢迎黄先生回社工作,国家民委也说如果不想回出版社,民委可以安排。黄先生经过",中国藏学,2017-08-15,期刊,K825.4,176-178,3
47,纪念黄明信先生,申晓亭,O,O,"<正>我是1976年年底到国家图书馆的,从事蒙古文工作,那时还叫北京图书馆,馆址在北海,民语组办公室在主楼的地下室。黄明信老先生1979年到馆,直到1998年离开工作岗位,我与黄先生共事了20年。黄先生是我此生最敬佩的一位德高望重的学者,与黄先生朝夕相处的日子是我此生最难忘的。黄先生学问好,人也好,以""学而不厌,诲人不倦""来形容黄先生最适合不过。黄先生的学问很高,他清华大学历史系毕业,还在拉卜楞寺学习了8年,不仅藏语文了得,而且精通藏传佛教,获有绕绛巴的学位。不仅如此,黄先生还精通藏传佛教中最深奥难懂的历算学,研究历算还需要现代天文学、数学知识,",中国藏学,2017-08-15,期刊,K825.4,179-180,2
48,怀念黄明信先生,李恩奉,O,O,"<正>2017年5月的一天,国图民语组(全称为国家图书馆少数民族语文组)组长小全突然给我来了电话说:""我组老同志黄明信老先生去世了,享年99岁。""我顿感心里酸酸的,眼睛也模糊起来。何也?因我和黄先生的忘年之交啊!我到原善本部民语组是1988年,到民语组后第一个结识的就是黄明信先生,老先生面孔沧桑却说话得体、博学多才,好客热情、为人低调,后来得知黄先生早年毕业于清华大学,抗战期间曾和一大批爱国青",中国藏学,2017-08-15,期刊,K825.4,181,1
49,"黄明信先生,永远激励我们奋进",萨仁高娃,国家图书馆古籍馆,O,"<正>黄明信先生修成正果、步入天界近一个月时间了。自2017年6月2日上午,在北京蒙蒙细雨中目送先生最后一程至今,先生音容笑貌常浮现在脑海里,总想着以什么方式表达对先生的缅怀。其实,我与先生的接触并不多。我于2002年7月入馆在少数民族语文组(以下简称""民语组"")工作时,距黄明信先生返聘10年后的1998年退休已有4年。因此,我没有和民语组部分老师一样能有幸与先生共事,也没有太多机会能直接聆听先生指点。但,黄明信先生是我入馆时的考官,编目工作当中的导师,援",中国藏学,2017-08-15,期刊,K825.4,182-183,2
50,谦虚求实、以学为业——纪念黄明信先生,柳森,国家图书馆古籍馆,O,"<正>黄明信先生的逝世,是中国藏学界的一大憾事,也是中国少数民族古籍整理与研究领域的一大损失。因专业调剂,我有缘初入藏学研究之门,在读硕士、博士研究生期间,即已久闻黄先生大名,也曾认真拜读过黄先生大作,但直至2015年春节前夕,才因陪同领导前去慰问之机,有缘得见黄先生本人。清晰记得那时,黄先生悠然自得地倚在床边,旁边还有那台他每天用来记录梦境的笔记本电脑,黄先生面带微",中国藏学,2017-08-15,期刊,K825.4,184-187,4
54,复原红军在藏区的光辉历史、传承红色历史记忆的力作——《红色记忆》读后,黄源,四川师范大学经济与管理学院,O,"<正>近代以来的中国政局动荡,内忧外患,举国上下无不渴望一种理想的政治制度与社会秩序。如何带领中国人民实现民族独立、主权完整,实现中华民族的伟大复兴,成为诸多近代先贤思考的问题,并付诸探索。选择哪条道路,该怎么走,具体如何实施,每一个社会政治团体都有自己的规划和目标。20世纪20年代,国共两党成为主要政治力量,国民党践行三民主义,中国共产党以马克思主义为指导。抱着共御外侮、民族复兴的伟大理想,国共开启了第一次合作期,挥师北伐,一度开创了全新",中国藏学,2017-08-15,期刊,D231,195-200,6
57,赞蒙赛玛噶之歌,朱丽双,兰州大学敦煌学研究所,古藏文;赛玛噶;象雄;松赞干布;苯教;,"文章利用学界在古藏文释读方面的进步,重新译注P.T.1287第儿节中赞蒙赛玛噶所吟之歌。赞蒙之歌共4首,其中第408—412行为第一首歌,描述赞蒙在象雄的凄苦生活;第412—416行为第二首歌,赞蒙以围猎野牦牛为比喻,暗示其兄赞普应联合与吐蕃王朝结盟的各个氏族部落,对象雄发起进攻;第416—419行为第三首歌,赞蒙以钓鱼为比喻,暗示赞普莫错过时机,尽快去消灭象雄;第419—424行为第四首歌,赞蒙表达对故乡的思念。",中国藏学,2017-05-15,期刊,H214;K870.6,88-107,20
59,藏戏研究的新收获——读《西藏藏戏形态研究》,丹曲,西藏民族大学民族研究院,O,"<正>藏戏是凝聚着藏族文化各种社会信息的艺术形式。它既蕴含了藏族历史的年轮,又折射出藏族的时尚风俗,历史悠久,自成体系,在我国民族文化宝库中有着突出的地位。《西藏藏戏形态研究》（1）一书是西藏民族大学李宜教授和辛雷乾教授主持完成的2011年国家社科基金重点项目的研究成果。该书凝聚",中国藏学,2017-05-15,期刊,J825-5,189-191,3
61,国家社会科学基金中华学术外译项目立项通知书,,O,O,"<正>全国哲学社会科学规划办公室《中国藏学》编辑部:经专家评审并报全国哲学社会科学规划领导小组批准,决定对你单位申报的《中国藏学》期刊(英文版),确立为国家社科基金中华学术外译项目予以资助《中国藏学》(英文刊)(China Tibetology)自2017年起获国家社会科学基金""中华学术外译""项目资助,为期3年。",中国藏学,2017-05-15,期刊,+,201,1
64,“近代边疆史料的搜集、整理与研究”学术研讨会综述,邱熠华,中国藏学研究中心历史研究所,O,"<正>2016年10月29日至30日,由中央民族大学历史文化学院与中国社会科学院近代史研究所《近代史资料》编辑部联合举办的""近代边疆史料的搜集、整理与研究""学术研讨会在北京中央民族大学举行。来自中国社会科学院、中国人民大学、中国藏学研究中心、中国第二历史档案馆、中山大学、中央民族大学、西南民族大学等科研机构的约50名专家学者参加了本次会议。中央民族大学历史文化学院(前身为中央民族大学历史系)建系于1956年,著名历史学家翁独健先生",中国藏学,2017-05-15,期刊,K250.6-2,183-186,4
65,关于仁达吐蕃摩崖石刻的几个问题——仁达吐蕃摩崖石刻实地考察心得,巴桑旺堆,O,仁达摩崖石刻;丹玛;巴廓·益西央;唐蕃古道;,"察雅仁达摩崖石刻的相关研究是藏学界30年来持久关注的一个话题,主要问题涉及造像艺术特点、石刻录文的订正和题记解读、人物和地名考证、历史人物益西央身份认证等。文章通过作者于2016年9月的一次仁达摩崖石刻实地考察,对以上问题提出了一些新的研究心得,目的在于为仁达摩崖石刻相关问题的深入研究提供一些新的视角。",中国藏学,2017-05-15,期刊,K877.4,50-65,16
1,第二届全国藏文古籍文献整理与研究高层论坛综述,本刊记者;丹增罗布,O,O,"<正>第二届全国藏文古籍文献整理与研究高层论坛于2018年8月15-16日在辽宁阜新召开。论坛由中国藏学研究中心和辽宁省阜新市政协联合主办、辽宁省阜新市政协文化和文史资料委员会、辽宁省阜新市政协文史馆、阜新市民族古籍文化研究会联合承办。此次论坛的主题是认真贯彻落实党的十九大精神,以实际行动把藏文古籍文献保护和研究事业不断推向前进,弘扬和发展少数民族优秀文化。来自北",中国藏学,2018-12-15,期刊,H214;G255.1,251-253,3
2,1978年西藏歌舞团北欧诸国演出漫记,诸有韬,O,O,"<正>一、北欧诸国访问演出前的准备十年浩劫后,国家实行改革开放政策的初期,西方世界不少进步人士对刚从封建农奴制度下解放出来的西藏百万翻身农奴的情况特别关注,一批又一批的外国参观团来到西藏,其目的不外乎想对新西藏人民的社会生活,经济建设,共产党的民族政策、宗教政策的执行情况等等,作零距离的了解。在这些西",中国藏学,2018-12-15,期刊,K27;J792.6,108-123+2,17
3,法王图道南杰(四)——《哲孟雄王统史》译注节选,图道南杰;扎洛;敖见,中国藏学研究中心社会经济研究所中国民族语文翻译局,图道南杰;哲孟雄;诺兰萨海;大吉岭;,"图道南杰向英印政府写信反映惠德对他的折磨,然而英印政府却将信函交给惠德,致使惠德十分愤怒。鉴于自己身处困境,图道南杰携家人试图秘密逃亡西藏,然而在瓦隆地方被尼泊尔军队拦截。被送回哲孟雄后,先是软禁在噶伦堡,随后被送往卡尔香地方软禁,长达两年半时间,受尽屈辱。期间,由于中国政府和英印政府就边境谈判等取得进展,英印政府不仅同意他回到哲孟雄,还达成有10项条款的协议,给予他一定的权力,但哲孟雄政局仍掌握在政治专员手中。",中国藏学,2018-12-15,期刊,K14,150-160,11
5,1978年以来西藏历史研究的回顾与展望,张云,中国藏学研究中心历史研究所,西藏历史研究;改革开放;发展历程;展望;,"改革开放40年来,中国的西藏历史研究走过了一段由复苏、发展到繁荣的光辉历程。文章分析了其中的原因及主要标志,概述了40年来的部分研究成果,并针对当前西藏历史研究的良好发展态势及存在的问题,展望了未来前景。",中国藏学,2018-12-15,期刊,K29,17-22,6
1,第二届全国藏文古籍文献整理与研究高层论坛综述,本刊记者;丹增罗布,O,O,"<正>第二届全国藏文古籍文献整理与研究高层论坛于2018年8月15-16日在辽宁阜新召开。论坛由中国藏学研究中心和辽宁省阜新市政协联合主办、辽宁省阜新市政协文化和文史资料委员会、辽宁省阜新市政协文史馆、阜新市民族古籍文化研究会联合承办。此次论坛的主题是认真贯彻落实党的十九大精神,以实际行动把藏文古籍文献保护和研究事业不断推向前进,弘扬和发展少数民族优秀文化。来自北",中国藏学,2018-12-15,期刊,H214;G255.1,251-253,3
2,1978年西藏歌舞团北欧诸国演出漫记,诸有韬,O,O,"<正>一、北欧诸国访问演出前的准备十年浩劫后,国家实行改革开放政策的初期,西方世界不少进步人士对刚从封建农奴制度下解放出来的西藏百万翻身农奴的情况特别关注,一批又一批的外国参观团来到西藏,其目的不外乎想对新西藏人民的社会生活,经济建设,共产党的民族政策、宗教政策的执行情况等等,作零距离的了解。在这些西",中国藏学,2018-12-15,期刊,K27;J792.6,108-123+2,17
3,法王图道南杰(四)——《哲孟雄王统史》译注节选,图道南杰;扎洛;敖见,中国藏学研究中心社会经济研究所中国民族语文翻译局,图道南杰;哲孟雄;诺兰萨海;大吉岭;,"图道南杰向英印政府写信反映惠德对他的折磨,然而英印政府却将信函交给惠德,致使惠德十分愤怒。鉴于自己身处困境,图道南杰携家人试图秘密逃亡西藏,然而在瓦隆地方被尼泊尔军队拦截。被送回哲孟雄后,先是软禁在噶伦堡,随后被送往卡尔香地方软禁,长达两年半时间,受尽屈辱。期间,由于中国政府和英印政府就边境谈判等取得进展,英印政府不仅同意他回到哲孟雄,还达成有10项条款的协议,给予他一定的权力,但哲孟雄政局仍掌握在政治专员手中。",中国藏学,2018-12-15,期刊,K14,150-160,11
4,改革开放40年以来中国藏学研究的回顾和展望,郑堆,中国藏学研究中心,中国藏学研究;改革开放;成就;展望;,"1977年,邓小平同志批准编撰出版《藏汉大辞典》,标志着中国藏学研究春天的到来。文章从国家政策、研究机构、专业队伍、研究领域、学术研究成果、学术交流等方面,展示了改革开放40年来中国藏学研究取得的巨大成就。并针对新时代的中国藏学所面临新形势和新任务,提出了坚持正确政治方向、坚定不移地维护国家统一和民族团结、坚持为西藏及四省藏区""四个文明""建设服务、加强对藏传佛教研究、继承和弘扬藏族的优秀传统文化、提高藏学科研人员的总体素质等6个方面的希望。",中国藏学,2018-12-15,期刊,K28,5-16+349,13
5,1978年以来西藏历史研究的回顾与展望,张云,中国藏学研究中心历史研究所,西藏历史研究;改革开放;发展历程;展望;,"改革开放40年来,中国的西藏历史研究走过了一段由复苏、发展到繁荣的光辉历程。文章分析了其中的原因及主要标志,概述了40年来的部分研究成果,并针对当前西藏历史研究的良好发展态势及存在的问题,展望了未来前景。",中国藏学,2018-12-15,期刊,K29,17-22,6
6,"不忘初心,知行合一——改革开放以来中央民族大学藏学人才培养与研究管窥",喜饶尼玛,中央民族大学,O,"<正>习近平总书记说:""办大学,最重要的是人们心中的声誉,是自己的底蕴,是自己的积累,这是需要长期积淀之后在人们心中形成的。""~①总书记讲得很清楚,建设高水平大学必须有大格局,站位要高。学科建设要解决的问题很多,首先要做好的工作就是明确学科定位。民族院校要拓展发展空间,彰显办学特色,提升办学实力,增强竞争能力,必须创建具有自己特色的知识和技术创新体系,即加强学科建设,充",中国藏学,2018-12-15,期刊,G758.4;K28-4,23-28,6
7,改革开放40年来西藏自治区社会科学院藏学研究概况,刘红娟,西藏自治区社会科学院《西藏研究》,O,"<正>改革开放40年来,西藏广大哲学社会科学工作者和藏学研究者坚持用马克思主义中国化最新成果统领研究工作,用邓小平理论、""三个代表""重要思想、科学发展观和习近平新时代中国特色社会主义思想指导西藏工作实践,把西藏社会主义革命和建设的丰富经验进一步转化为系统的理性认识,不断开辟",中国藏学,2018-12-15,期刊,K28,29-34,6
8,四川大学中国藏学研究所大事记(2000-2018),赵靖,四川大学中国藏学研究所办公室,O,"<正>2000年12月由教育部授牌成立教育部人文社会科学重点研究基地——四川大学中国藏学研究所。2001年2月28日召开在川藏学家座谈会,探讨本所""十五""科研规划重大项目问题。2001年10月经教育部社政司审核批准,四川大学中国藏学研究所学术委员会正式成立,并通过了学术委员会章程。",中国藏学,2018-12-15,期刊,K28-2,44-49,6
9,西北民族大学藏语言文化学院大事记(1979-2017),万玛项欠,西北民族大学藏语言文化学院,O,"<正>1949年9月,中国人民解放军第一野战军和甘肃省军管会在西北重镇兰州开办了藏民问题研究班,主要任务是为西北藏族地区培训行政干部。随着形势的发展,同年11月,该班扩建为藏民学校。1950年1月,更名为西北人民革命大学兰州分校第三部(简称""革大三部"")。1950年8月,西北民族学院正式成",中国藏学,2018-12-15,期刊,K28-2,54-56,3
10,西藏改革开放40年——人类学视野下的西藏社会变迁,格勒,西南民族大学,西藏;家庭;改革开放40年;变迁;人类学;,"文章依据课题组成员在对西藏各地社区大量的个案调查的基础上,运用人类学、民族学、政治学等多种学科的理论和方法,对西藏家庭这个社会最小的细胞从不同的角度进行剖析。并结合西藏统计数据,围绕西藏政治、经济、交通、宗教和居民吃、住、行、穿等领域的变化,加以分析研究,客观、具体、生动地描述并反映西藏和平解放后,尤其是改革开放后西藏社会的变迁。",中国藏学,2018-12-15,期刊,K29,72-77,6
11,《西进集》与在康定建省委员会的两年——任乃强《筱庄笔记》节录(五),何洁;任新建,四川省社会科学院康藏研究中心,任乃强;《西进集》;康定;建省委员会;,"文章该篇节录任乃强先生有关《西进集》的部分内容以及在康定建省委员会工作两年的相关情况,对了解民国时期西康建省历史有重要的参考价值。",中国藏学,2018-12-15,期刊,K29,133-149,17
12,《中国藏学》30年(1988-2018)大事记,本刊编辑部;黄维忠;玉珍;央宗,O,O,"<正>《中国藏学》是由中国藏学研究中心主办、《中国藏学》杂志社编辑出版的社科类学术期刊,汉藏文版均于1988年正式创刊,季刊。英文版创刊于2003年,半年刊。截至2018年底,本刊共刊发文章(含学术动态与信息、综述、书评、书目索引等)近6000篇,其中《中国藏学》3000余篇,《中国藏学》(藏文版)",中国藏学,2018-12-15,期刊,K28,217-233,17
13,改革开放40周年国内藏学研究回顾与展望研讨会会议综述,本刊记者;张宁,O,O,"<正>""改革开放40周年国内藏学研究回顾与展望研讨会""于2018年10月31日至11月2日在中国藏学研究中心召开,来自全国20余家相关高等院校、科研机构的35位专家学者参加了会议。11月1日上午,中国藏学研究中心(以下简称藏研中心)科研业务办公室主任李德成主持会议开幕式,党组书记安七一在开幕式上致辞,郑堆总干事作主旨报告。安七一书记首先对各位专家学者的到来",中国藏学,2018-12-15,期刊,K28-2,262-266,5
14,2001-2006年国内藏学书目(汉文部分),沈红宇,中国藏学研究中心中国藏学网,O,"<正>说明:因外文出版社出版的《中国藏学书目1949—1991》《中国藏学书目续编:1992—1995》《中国藏学书目三编:1996—2000》已涵盖了1949年至2000年出版的藏学书目目录,而中国藏学出版社出版的《中国藏学研究年度报告2007—2008》及《中国藏学年鉴》(2009—2015)涵盖了2007年之后的藏学书目目录,故此仅整理2001—2006年的藏学书目目录。此目录根据《民族研究年鉴》、中国藏学研究中",中国藏学,2018-12-15,期刊,Z88,267-283,17
15,2004-2014年国内藏学图书要目(藏文部分),王建海,中国国家图书馆古籍馆,O,"此目录系根据中国国家图书馆所藏藏文文献目录编制而成,因时间和编目条件限制,此次只编发2004—2014年之目录,2004年以前的目录等条件成熟再行编制。2015—2016年国内藏学图书要目已发表于《中国藏学》2018年第1期,2017年国内藏学图书要目拟单独刊发。此目录按类以年为序,大体分为藏文古籍整理出版、哲学宗教研究、梵文研究、经济法律管理、文化教育、语言文字、文学艺术、历史地理、藏医药科技天文历算、综合十大类。所收目录以学术性为主,暂未收录当代文学创作类文献目录,再版书亦未收录。",中国藏学,2018-12-15,期刊,Z88,284-315,32
16,《藏学学刊》(1-15辑)总目,赵靖,O,O,"<正>《藏学学刊》系四川大学中国藏学研究所主办的藏学类专业学术刊物,创刊于2004年,2014年入选CSSCI来源期刊,设有论文、书评、译文等栏目,目前已经出版15辑。自2011年第7辑起,本刊改组成立了由巴桑旺堆研究员任主席、由国内外知名藏学家组成的编辑委员会,对刊物进行学术把关和质量提升,",中国藏学,2018-12-15,期刊,Z87,316-320,5
17,《安多研究》(汉、藏)总目,杨才让塔;石超琼,甘肃省藏学研究所英国谢菲尔德大学,O,"<正>说明:《安多研究》是甘肃省藏学研究所主编的藏汉双文学术刊物,创刊于1993年,当时取得了甘肃省新闻出版局的准印许可,一直以内刊形式印刷发行,编印了10期,其中5期藏文,5期汉文。2003年年底,甘肃省清理整顿连续性出版内部资料工作中,《安多研究》的准印许可证被取消。2005年起,改为",中国藏学,2018-12-15,期刊,Z87,321-331,11
18,《藏学研究》总目(1-14),张曦;桑杰卡,中山大学历史学系中央民族大学藏学研究院,O,"<正>说明:《藏学研究》由中央民族大学藏学院(前身为中央民族学院藏学研究所)汇编,收录该学院教师所写论文,自1982年出版第一辑后,截至目前已公开出版至第14辑(2015年)。其中第8、9辑藏文、汉文文章各半,第11、13辑全部为藏文,其余部分均为汉文。本目录第8、9辑的藏文文章在题目后标以(藏),第11、13辑因为全部为藏文,故于11、13辑后统一加""(藏)"",各该辑文章题目后不再作标识。",中国藏学,2018-12-15,期刊,Z87,332-336,5
19,《四川藏学研究》总目(1-13),王川,四川师范大学科研处,O,"<正>说明:四川省相关部门立足于四川藏区历史、民族、宗教文化与实际问题的研究,根据国内外形势变化和涉藏工作的需要,为了团结四川全省藏学研究工作者开展藏学研究和培养人才,于1990年12月18日正式成立了四川藏学研究书院~②。四川藏学研究书院成立之初是一所民办公助的科研机构。先挂靠",中国藏学,2018-12-15,期刊,Z87,337-343,7
20,《贤者新宴》(1-6)总目录,任小波,复旦大学中国历史地理研究所,O,"《贤者新宴》系著名藏学家王尧先生主编的一套综合性的藏学研究丛刊,共出6辑(1998—2009年)。此刊所收论文,涵盖藏族语言、历史、佛教、艺术等多个研究领域,集中反映了王尧先生宏观博雅的藏学理念和奖掖后辈的学术风范。",中国藏学,2018-12-15,期刊,Z87,344-345,2
21,洮州《李氏世谱》校录与初步研究,李志明,甘肃民族师范学院河洮岷文化研究中心,明代;洮州;《李氏世谱》;李达;汉藏关系;,"洮州《李氏世谱》是明代右军都督府都督佥事李达家族的家谱。李达后裔收藏的3个版本的家谱,保存了大量有关明代汉藏关系、茶马贸易、开发藏区的宝贵史料。该家谱反映出以往研究者关注较少的李达治边措施、李达后裔的世袭情况,并能纠正《明实录》《皇明开国功臣录》《洮州厅志》等史料中有关李达家族的几条误载。",中国藏学,2018-12-15,期刊,K248;K820.9,178-198,21
22,甘肃省藏学研究所大事记(1984-2018),杨才让塔;石超琼,甘肃省藏学研究所,O,"<正>说明:甘肃省藏学研究所成立于1984年,本大事记主要介绍本所学术刊物创办、研究人员田野考察、所获社会科学基金、省级以上奖项,出版或主编的系列丛书等主要业务活动。1984年1月甘肃省委、省人民政府批准建立甘肃省拉卜楞寺藏书研究所。1985年12月首批调入3名业务人员,临时在拉卜楞寺租房办公。",中国藏学,2018-12-15,期刊,K27,57-59,3
23,1978年以来成立的部分涉藏科研机构介绍,本刊编辑部;姜航,O,O,"<正>编撰说明:1978年以来,我国成立了不少涉藏科研机构(不含高等院校),其中代表性的有中国藏学研究中心、中国科学院青藏高原研究所、故宫博物院藏传佛教文物研究中心、西藏自治区社会科学院、西藏自治区民族艺术研究所、西藏自治区文物保护研究所、青海省社会科学院、甘肃省藏学研究所、四川省康藏研究中心、云南省社会科学院迪庆分院暨迪庆州藏学研究院等机构。因本期已有专文介绍西藏自",中国藏学,2018-12-15,期刊,G322;K27,60-64,5
24,改革开放初期的西藏采访日记摘抄,张小平,O,O,"<正>摘抄说明:1978-1980年,西藏徐徐敞开了改革开放的大门。西藏历史上前所未有的发展进步的篇章开启,令世人瞩目。从1980年到1992年(是年,边疆地区全方位开放),笔者曾先后8次进藏采访,目击了改革开放初期的西藏社会生活,以及后来发生的巨大变化。这里选出的樟木之行(1978年4月)、亚东之行(1980年7月)、第一次阿里之行(1980年9-10月)、边城",中国藏学,2018-12-15,期刊,K27,92-107,16
25,民国时期有关黑水头人苏永和向来苏、松岗扩张及其与政府互动博弈的档案史料,田利军,四川师范大学历史文化与旅游学院四川师范大学中国近现代史教研室,民国时期;苏永和;来苏沟;松岗土司;国家认同;,"民国时期四川藏区的黑水大头人苏永和,拓展势力,叱咤风云,是一时的重要历史人物。研究其在四川藏区的势力扩展,及其与民国四川省地方政府的互动关系,对研究边疆地区民族史及民国时期土司头人的国家认同问题有重要意义。文章整理相关历史档案,予以首次披露,以便于相关研究的深化。",中国藏学,2018-12-15,期刊,K258,161-177,17
26,放歌在“世界屋脊”——访上海音乐学院常留柱教授,米雅央贞;谢力,O,O,"<正>说明:常留柱教授1934年生于上海,1960年毕业于上海音乐学院,同年支援西藏,一直到1980年才因病返沪。回到上海音乐学院任教的常教授仍然致力于民族声乐研究和教学,培养出了一批在全国性歌唱比赛中获得金奖的少数民族歌手。在西藏工作期间常教授被评为自治区的一等先进工作者,曾任自",中国藏学,2018-12-15,期刊,K825.76,124-132,9
27,更敦群培与印度学者罗喉罗的关系,杜永彬,中国藏学研究中心当代研究所,更敦群培;印度学者;罗睺罗;,"文章以从印地文译成英文的更敦群培与罗喉罗的往来信函和罗喉罗的自传等材料为据,参考国内外关于更敦群培和罗睺罗的初步研究成果,对罗喉罗的生平、学术和政治活动以及他与更敦群培的关系进行探讨。首先对作为学者和政治活动家的罗喉罗进行分析;其次探讨了更敦群培与罗喉罗相识及与罗喉罗两次考察西藏的情况;第三,阐述了更敦群培与罗喉罗的学术合作和交往情况,揭示了更敦群培和罗喉罗在学术上的相互影响及罗喉罗对更敦群培的政治影响。",中国藏学,2018-12-15,期刊,K811,204-216,13
28,第十四届全国因明学术研讨会综述,本刊记者;姜航,O,O,"<正>2018年9月15日至16日,第十四届全国因明学术研讨会在广州市召开。此次研讨会由中国逻辑学会因明专业委员会、中山大学逻辑与认知研究所主办,中国藏学研究中心、杭州佛学院协办,来自国内40余所高校、研究机构的80多位专家学者参加了此次会议。",中国藏学,2018-12-15,期刊,B81-0;B948,254-258,5
29,从《成就八十四师史》看古印度“八十四大成就者”,张宁,清华大学人文学院,大成就者;《成就八十四师史》;Abhayakaragupta;,"藏传佛教的主要密续在叙述自身的传承时都会溯源至古印度的大成就者,这些大成就者对印藏佛教研究的重要性毋庸赘言。国内学界对大成就者群体的了解基本限于个别人物,对~""成就者""概念的起源和发展也很少予以关注,系统研究还有待加强。文章主要借助于无畏生密师(Abhaydkaragupta)所作的《成就八十四师史》的藏文译本(■)及其他~相关~材料,讨论八十四成就者的身份、生活年代、活动地点、修行方式、所得成就及传承体系,并尝试对不同版本的""八十四成就者""名录~进行比较。",中国藏学,2018-12-15,期刊,B949.9,234-242,9
30,蒙古族藏文佛教历史著作及其特征,树林;海春生,内蒙古自治区社会科学院文学研究所辽宁省阜新市政协文史馆,蒙古族;藏文;佛教历史著作;特征;,"蒙古族藏文历史著作种类多样,内容丰富,是亟待挖掘的文献宝库。以往研究主要集中在几部佛教史著作和少数历史散记及高僧传上,还有诸多著作未能进入研究视野。这是蒙古佛教史研究上的一种缺陷,尤其佛教理论、流派本身在蒙古地区的传播发展没有得到足够的重视。文章在探析蒙古族藏文佛教历史著作中的主要几种文类内容的基础上,阐明其独特的特点。",中国藏学,2018-12-15,期刊,B949,199-203,5
31,冈底斯神山崇拜的神圣文本表述,央宗,《中国藏学》,冈底斯神山;苯教;藏传佛教;神山崇拜;文本表述;,"冈底斯山,地处我国西南边陲,南部与印度、尼泊尔等地交界,因其特殊的地理位置和雄伟的山貌,被苯教、藏传佛教、印度教、耆那教等多种宗教共同信奉,是承载着多种族群文化的精神载体。因有关冈底斯神山的藏文文本与神性关联密切,赞颂圣地所依止的诸佛、度母、护法身语意的功德,表述的不仅是对神山的敬畏,更在于通过神圣文本影响人们的行为。文章主要基于冈底斯神山的祈愿文及山志,试图探讨如何通过围绕冈底斯神山形成的文本表述来建构人们对冈底斯神山的共同记忆与认同。",中国藏学,2018-12-15,期刊,B929,243-248,6
32,中国藏学研究中心与兰州大学战略合作框架协议签订仪式暨“梵文贝叶经研究与丝路藏学”学术讨论会会议综述,张莉文,中国藏学研究中心科研业务办公室,O,"<正>2018年7月24日上午,中国藏学研究中心与兰州大学战略合作框架协议签订仪式暨""梵文贝叶经研究与丝路藏学""学术讨论会在兰州大学本部逸夫科学馆举行。会议由兰州大学历史文化学院主办,兰州大学校领导、中国藏学研究中心,以及兰州大学历史文化学院等院系的专家学者、兰州大学博硕士研究",中国藏学,2018-12-15,期刊,B942-2,249-250,2
33,西藏大学学术大事记(1978-2017),蔡秀清,《西藏大学学报》编辑部西藏大学科研处,O,"<正>西藏大学是列入教育部直属高校序列的国家""211工程""重点建设大学,2004年10月成为西藏自治区人民政府与教育部共建高校,2013年6月列入""中西部高等教育振兴计划"",2013年7月获批为博士学位授予单位,2017年9月进入国家世界一流学科建设高校行列,2018年2月成为教育部和西藏自治区人民政府",中国藏学,2018-12-15,期刊,G758.4,35-43,9
34,西南民族大学藏学学院大事记(1978-2018),孙晓青,西南民族大学藏学学院办公室,O,"<正>藏学学院是西南民族大学具有特色专业、特色学科、特色课程等的多特色学院,是目前全国高校同一办学单位中专业设置最全的学院。学院自1951年办学至今,建设完善了中国少数民族语言文学、民族学、行政管理、文化产业管理4个本科专业,以及中国少数民族语言文学、逻辑学、印度语言文学3个硕士",中国藏学,2018-12-15,期刊,G649.28,50-53,4
35,国家出版基金入选涉藏项目分析研究,张运珍,民族出版社总编室,国家出版基金;涉藏项目;统计;分析;,"文章涉及西藏及云南、四川、青海、甘肃四省藏区社会经济发展、文化建设,以及以藏族历史文化等为内容的涉藏题材项目,出版得到国家基金的大力支持,取得较好的社会效益和经济效益,呈现品种较多、题材多样、内容厚重、成果丰硕等特点。本文对此进行了统计、分析和归纳。",中国藏学,2018-12-15,期刊,G239.2,65-71,7
36,改革开放以来西藏教育的发展历程,黄维忠,《中国藏学》,改革开放;新时代;西藏教育;教育援藏;成就;,"改革开放以来,在党和政府的坚强领导下,在一代又一代援藏人的帮助下,在西藏各族人民群众的发奋努力下,西藏现今已建立起以区内办学为主、区内外教育相结合,包括幼儿教育、小学教育、中学教育、中等专业技术教育、高等教育、成人教育、电视教育等具有西藏地方特色和民族特点的现代教育体系。文章分4个阶段回顾了改革开放以来西藏教育的发展历程,并扼要介绍了西藏教育的巨大成就。",中国藏学,2018-12-15,期刊,G759.2,78-91,14
37,喜饶嘉措大师爱国思想研讨会综述,本刊记者;央宗,O,O,"<正>2018年9月2日—3日,由中国藏学研究中心、中国佛教协会、中共青海省委统战部主办的""喜饶嘉措大师爱国思想研讨会""在青海西宁和贵德举行。旨在深入学习贯彻习近平新时代中国特色社会主义思想和党的十九大精神,贯彻落实习近平总书记视察青海时的重要讲话和中央第六次西藏工作座谈会精神,挖掘、宣传、弘扬藏传佛教爱国爱教传统,引导宗教更好地适应社会主义社会,进一步营造藏传佛教",中国藏学,2018-12-15,期刊,D613,259-261,3
38,汉藏文化交流影响下的清代西藏织毯艺术研究,王慧,中南大学中国村落文化研究中心,清代;藏区;织毯;装饰;工艺;汉藏;文化交流;,"清代汉藏文化交流达到前所未有的深度,这对两地物质文化与精神文化的发展产生了重要的影响,并以外化的形式体现在当地民众物质生产与精神生活的方方面面。织毯工艺是清代西藏最主要的工艺美术门类之一,也是当地最主要的手工业种类,其毯面装饰艺术也体现出鲜明的""汉藏艺术风格"",反映了清代内地文化对西藏地区文化的深入影响。",中国藏学,2018-11-15,期刊,J523.3;K249,142-147,6
39,改革开放40年来国内西藏民间文学研究概述,刘波,西南民族大学文学与新闻传播学院,改革开放;西藏民间文学;西藏;民间文学;学术史;,"改革开放40年来,西藏的民间文学事业取得了巨大成绩,在民间文学史、民间文学原理、民间文学方法论、民间文学作品等领域,均有长足进展。文章以40年来西藏自治区民间文学学术史为中心,回顾梳理西藏民间文学在这一阶段所取得的主要成绩,探寻其特点与存在的不足,以期能为未来的西藏民间文学发展提供一些借鉴。",中国藏学,2018-11-15,期刊,I207.7,183-187,5
40,藏语文研究的新起点——写在“第50届国际汉藏语言暨语言学会议”之后,尹蔚彬,中国社会科学院民族学与人类学研究所,O,"<正>2017年11月26—28日,""第50届国际汉藏语言暨语言学会议""在北京香山饭店举行。本次会议由中国社会科学院学部主席团主办,中国社会科学院国际合作局、中国社会科学院民族学与人类学研究所承办。这是国际汉藏语言暨语言学会议第8次在我国举办。汉藏语系语言主要分布在中国、越南、老挝、柬埔寨、缅甸、泰国、印度、尼泊尔、不丹、孟加拉等亚洲",中国藏学,2018-11-15,期刊,H214-2,197-200,4
41,田野寻踪:西藏“卓舞”初探,才旦卓玛,西藏大学艺术学院,西藏;卓舞;分布;传承;,"""卓舞""是藏族歌舞艺术中历史悠久、内容丰富、形式多样、技艺完整、特色鲜明的一种集歌、舞、乐为一体的综合性艺术。作为一种仪式性歌舞,""卓舞""主要流布于西藏山南、日喀则、拉萨、林芝等雅鲁藏布江中下游河谷地带的农耕地区。文章基于长期的田野调查,从名称、数量、内容、形态等不同角度对西藏多地的多种""卓舞""进行了多视角的比较研究,以期梳理""卓舞""的区域分布和形态特征。",中国藏学,2018-11-15,期刊,J722.22,148-152,5
42,电化教育、民族国家与人类学电影的中国起源——以《西康》系列片为核心的研究,梁君健,清华大学新闻与传播学院,孙明经;《西康》;人类学电影;电化教育;民族国家;,"孙明经在抗战期间拍摄的纪录片作为《西康》系列一直被视为中国人类学电影的鼻祖,但他自己极少提及人类学,关于这一系列的人类学探讨也仅仅停留在真实保留历史资料的层面。文章将人类学电影片作为一种处于人类学、流行文化、民族国家建构之间的社会实践,以此为视角,研究了孙明经的电化教育和民族国家建构的观念对于《西康》系列片的具体影响,并将其置于中国和世界的具体语境中讨论中国人类学电影的特征。研究发现,孙明经和西方的人类学电影工作者共享了一套现代的科学观念和对于文化他者的脉脉温情;而外敌入侵的历史情境,则为孙明经的人类学电影实践植入了民族国家建构和现代化建设的意涵,从而形成了自己的鲜明特点,并构成了此后中国人类学电影的基本立场和重要视角。",中国藏学,2018-11-15,期刊,J952,153-160,8
43,《珠峰史诗》:登山悲剧、影像奇观及其余波,朱靖江,中央民族大学民族学与社会学学院,珠穆朗玛峰;登山;英国;纪录片;影像文献;,"1924年由英国电影导演约翰·诺尔摄制的纪录片《珠峰史诗》记录了英国登山队第3次攀登珠穆朗玛峰的全过程,是世界上现存首部展现西藏自然风光与人文景象的电影作品,也是第一部在海拔7000米以上的珠峰山地拍摄的探险纪实影片,具有重要的影像文献价值。该片在放映期间引发的纠纷,也影响到英国与中国西藏地方政府的关系,是中英涉藏史上一场鲜为人知的风波。",中国藏学,2018-11-15,期刊,J952,161-169,9
44,首届丝路藏学学术研讨会综述,阿旺嘉措;罗脑仁草;冷周,兰州大学西北少数民族研究中心,O,"<正>2018年9月25—26日,首届丝路藏学学术研讨会在甘肃省兰州市兰州大学举行,会议由兰州大学西北少数民族研究中心和中国藏学研究中心科研办联合主办,甘肃省藏学研究会、""一带一路""与藏传佛教发展研究国家社科基金重大项目协办。来自中国藏学研究中心、中国社会科学院、南开大学、复旦大学、",中国藏学,2018-11-15,期刊,K28,193-196,4
45,书写西藏历史的一部巨著——读《西藏通史》的几点认识和体会,石硕,四川大学中国藏学研究所,O,"<正>因为承担国家社科基金重大项目""《康藏史》编纂与研究""的缘故,自去年以来,我就常常翻阅中国藏学出版社于2016年出版的《西藏通史》。有时是为了查阅某一个人物、事件和制度的来龙去脉,有时是为了弄清楚西藏历史同康区历史之间相关联的某个问题,有时则是为了搞清某一地名、部落名及其史",中国藏学,2018-11-15,期刊,K29-5,13-16,4
46,民国时期西藏地方史研究的扛鼎之作——《西藏通史·民国卷》读后,孙宏年,中国社会科学院中国边疆研究所,O,"<正>《西藏通史》是中国藏学研究中心组织撰写的学术巨著,共8卷、13册、850余万字,集中反映了21世纪之初我国西藏地方历史研究的最新成果。在拜读、学习《西藏通史》之后,笔者收获很大,限于个人学力,本文仅仅汇报研读周伟洲教授主编《西藏通史·民国卷》~①的心得。一、尊重历史,正本清源,较为系统地阐述了民国时期历届中央政府治藏历程和重大政策,有力地批",中国藏学,2018-11-15,期刊,K29-5,17-21,5
47,一部区域史与民族史研究的杰作:一位撰稿者与特邀编辑的心得,梁俊艳,中国藏学研究中心历史研究所,O,"<正>2016年4月,《西藏通史》正式出版,这一国家人文社会科学领域的重大项目自2002年启动已整整过去了14年,2017年获得中国出版政府奖和中国藏学研究珠峰奖特别奖,并得到了学术界的广泛好评。作为一名参与撰写者和特邀编辑,笔者想根据自己参与课题的经历谈谈对本书的认识和感受。一、站位高、立意远《西藏通史》以辩证唯物主义和历史唯物主义的立场方法为指导,以各民族共创中华、共建中国历",中国藏学,2018-11-15,期刊,K29-5,22-26,5
48,万古兴衰一笔书:从开天辟地到走向一统——《西藏通史·早期卷》的创举与使命,班玛更珠,中国藏学研究中心历史研究所,O,"<正>从人类驻足青藏高原到7世纪走向一统,西藏的早期历史跨越了5万多年,斗转星移,转瞬之间便是沧海桑田。""究天人之际,通古今之变""。诚如太史公论撰史之目的,旨在""系统、全面地回顾西藏历史的进程,总结其发展规律,鉴古而知今""~①的煌煌巨著《西藏通史》,以早期、吐蕃、宋代、元代、明代、清代、民国、",中国藏学,2018-11-15,期刊,K29-5,27-30,4
49,从六百余篇藏文学术论文看藏学研究40年——以词汇计量为视角,扎西当知;多拉;冷本扎西,西北民族大学社会科学研究院,藏学;文献计量;藏文学术论文;词汇计量;音节计量;,"文章选取国内25种藏文学术期刊的642篇藏文学术论文,建立语料库,进行分词、词性标记,并通过统计文献信息、音节、词汇等方法,对藏文学术文章的外部信息和词汇、音节等内容信息进行计量研究,从而观察40年来国内藏文学术研究的发展脉络、主要研究领域及其发展趋势。",中国藏学,2018-11-15,期刊,K28,175-182,8
50,“改革开放40周年国内藏学研究回顾与展望研讨会”会议,,O,O,"<正>11月1日,由中国藏学研究中心科研业务办公室、《中国藏学》杂志社联合主办的""改革开放40周年国内藏学研究回顾与展望研讨会""在中国藏学研究中心召开。20余家相关科研机构、高等院校的35位学者参加了此次会议。",中国藏学,2018-11-15,期刊,K28-2,201,1
51,《西藏通史》荣获第四届中国出版政府奖图书奖,,O,O,O,中国藏学,2018-11-15,期刊,K29-5,2,1
52,试论喜饶嘉措大师与黎丹先生交往的历史意义,程颐工,青海省藏语系佛学院党委,喜饶嘉措;黎丹;杨质夫;《入藏日记》;汉藏交流;,"喜饶嘉措和黎丹是近代汉藏交流史上两位著名的历史人物。20世纪30年代,在爱国主义的共同旗帜下,两位爱国老人以3年之期,共同谱写了一曲中华各民族血浓于水、兄弟同心共御外侮的壮丽华章。文章主要通过对新近发现的珍贵文史资料——杨质夫《入藏日记》的深入挖掘,展示了喜饶嘉措大师爱国爱教思想从自发走向成熟的重要成长历程;通过对喜饶嘉措与黎丹两位大师友好交往的探寻,以勾勒大师践行爱国爱教思想的足迹;以新的视角研究汉藏文化交流的历史渊源和汉藏民族爱国情怀的融合途径。",中国藏学,2018-11-15,期刊,B949.9;K26,40-45,6
53,"参政为抗战救国,弘法为团结固疆——喜饶嘉措大师4次重庆之旅及出席国民参政会述略",赵勇,中国民主党派历史陈列馆,抗战;重庆;西藏;喜饶嘉措;国民参政会;汉藏文化;,"喜饶嘉措大师是中国佛教界卓越的领导人、伟大的爱国主义者、杰出的汉藏文化学者和传播者。抗战时期,大师4次来到重庆,出席国民参政会;又因为宣传抗战、创建青海喇嘛教义国文传习所、宣慰西藏而离开重庆,为反对日本帝国主义侵略、反对西藏反动集团的分裂国家活动、维护祖国统一和领土完整、加强民族团结和汉藏文化的交流传播、保护和发展藏族文化事业,作出了卓越的贡献。",中国藏学,2018-11-15,期刊,K265;B949.9,46-53,8
54,民间与官府——蒙藏统一政治改良会论析,刘永文;周晓艳;李玉宝,上海师范大学人文与传播学院西藏大学文学院武汉大学文学院上海师范大学图书馆,民国;民间组织;蒙藏统一政治改良会;主权意识;,"清末民初的中国,在思想领域的巨变中,辛亥革命爆发,清王朝灭亡,新的政权中华民国诞生。随着新政权的诞生,理论界担心的因革命而导致的国家分裂成了事实。1911年12月28日,库伦叛乱集团宣布成立""大蒙古国"",十三世达赖喇嘛在英国人的支持下也出现了独立的倾向。1912年7月民国政府为了管理蒙藏事务,设立了蒙藏事务局。政权鼎革,蒙藏地区一些领袖的国家认同出现了危机,政府机构的职能自然不能充分发挥作用。""蒙藏统一政治改良会""应时代的要求而成立,该会整合驻京蒙藏精英、调查蒙藏情形、提交重要治蒙治藏方案、派杨芬入藏宣慰、参与各类选举与宪法制定、提供五族共和思想传播渠道、沟通各方关系。该会介于民间与官府之间,具有民间团体的功能,同时也承担了蒙藏驻京机构的职能。由""蒙古王公联合会""""蒙藏统一政治改良会""到""西藏旅京同乡会""再到""班禅驻京办事处""和""西藏驻京办事处"",见证了中央与内蒙古、西藏地方之间关系的衍变,清楚地回答了历史与现实问题——内蒙古、西藏自古就是中国的一部分。",中国藏学,2018-11-15,期刊,K258,127-134,8
55,西藏岩画研究回顾,汤隆皓,广西师范大学历史文化与旅游学院,西藏;岩画;普查;研究;,"西藏岩画的科学普查,始于1985年。截至目前,整个西藏自治区已超过15个县市发现岩画,岩画点已接近150处,超过1000幅的独立画面,近万个单体图像。相应的,国内外关于西藏岩画的研究也取得了长足的进步和令人瞩目的成果,不但已经形成了自己的理论,同时也出现艺术、人文和科学3种研究范式并举的局面。",中国藏学,2018-11-15,期刊,K879.4,188-192,5
56,论喜饶嘉措大师的爱国思想,陈庆英,O,喜饶嘉措;爱国思想;爱国老人;,"喜饶嘉措大师不仅是我国藏传佛教界杰出的学者,也是一位伟大的爱国主义者,被党和国家领导人称为""爱国老人""。文章纵观喜饶嘉措大师的一生,阐述了大师爱国思想的发展历程,从热爱家乡到热爱中国共产党领导的社会主义新中国,其爱国思想不断升华。",中国藏学,2018-11-15,期刊,B949.9,31-34,4
57,喜饶嘉措大师爱国主义思想的基础及其表现,周炜,O,喜饶嘉措;爱国主义;社会基础;历史基础;,"文章从社会和历史两个维度来阐释喜饶嘉措大师爱国主义思想的形成,总结了安多地区藏传佛教界的爱国主义内涵及其在大师爱国爱教的人生经历中的体现,分别是:顺应历史、听命中央、维护祖国统一;同仇敌忾、共御外辱,捍卫国家主权和领土完整;忧国忧民,弘教辅政,维护民族团结和社会稳定;报国土恩,报众生恩,服务社会,利国利民。",中国藏学,2018-11-15,期刊,B949.9,35-39,5
58,《娘氏教法源流》译注(十),娘·尼玛沃色;许渊钦,四川大学中国藏学研究所,《娘氏教法源流》;娘·尼玛沃色;教法源流;译注;,"《娘氏教法源流》是12世纪的重要宗教史籍,藏文原名《教法源流·花蜜精粹》。该译文为《娘氏教法源流》第三章""宣说吐蕃""中第十三节""阿阇黎莲花生从吐蕃至罗刹国""、第十四节""顿渐之争""、第十五节""穆尼赞普平均藏民财富""、第十六节""赞普色那勒景元的事迹""(藏文版第354页第二段至385页第一段)。",中国藏学,2018-11-15,期刊,B948,75-85,11
59,“菩提学会”与民国汉藏佛教文化交流研究,王海燕,陕西师范大学宗教研究中心,民国时期;菩提学会;汉藏关系;文化交流;,"1930年代,上海佛教复兴,从组织参与举办社会活动逐渐转向佛学研究和佛教文化重塑。上海佛教界联合筹备成立""菩提学会"",并先后在北京、山西建立分会,希望通过贯通汉藏佛学重建汉地佛教经典传承体系,阐明佛教理论内涵与社会价值。学会以上海为中心、以地域文化特色分会为架构,不局限僧俗身份、地域国籍征选力行弘扬汉藏佛学文化的学员。学会以佛教研究为基础,组织佛学人士整理研读、翻译刊行佛典,引介藏传佛教的学理与修习次第,邀请汉藏高僧讲教弘法,融通汉藏佛教差异,建立汉地佛教复兴基础。菩提学会作为汉地佛教转型发展的研究机构,为汉藏佛教文化交流构建了平台。",中国藏学,2018-11-15,期刊,B948,135-141,7
60,新时代西藏高原牧业县的现代化探索——来自阿里地区改则县“六统一”的实践经验,王延中;宁亚芳,中国社会科学院民族学与人类学研究所,西藏;改则县;牧业现代化;牧区改革;小康社会;,"西藏阿里地区改则县是全国生产生活和工作条件最为艰苦的地区之一。改革开放40年来,带领牧区农牧民全面建成小康社会和实现社会主义现代化一直是各级党委政府开展工作中的头等大事。在新时代,改则县在人地资源矛盾突出、传统游牧生产效率低下、牧民市场化意识和参与市场能力薄弱等背景中探索出了旨在实现牧业现代化的集体经济合作社""六统一""模式。""六统一""模式改善了畜牧业生产抵御风险的机制,提高了牧民收入水平和参与市场的能力,增强了牧区社会治理能力和治理体系。""六统一""模式既是我国深度贫困牧区脱贫攻坚的生动实践,也是新时代决胜全面建成小康社会进而实现中国特色社会主义现代化的一个有机组成部分。",中国藏学,2018-11-15,期刊,F327,54-62,9
61,“组团式”医疗人才援藏:对口援藏机制创新及其实践效应的调查与分析,杨明洪,云南大学发展研究院四川大学中国藏学研究所,“组团式”援藏;对口援藏;医疗人才;机制;,"作者通过实地调查,在回顾医疗人才援藏历史的基础上,从对口援藏机制创新的角度分析了""组团式""医疗人才援藏的统筹协调机制和运作机制创新的实践探索。同时,也调查了""组团式""医疗人才援藏的实践效应。文章认为,""组团式""医疗人才援藏取得相当大的成效源自于对口援藏机制的创新。",中国藏学,2018-11-15,期刊,D633,63-74,12
62,转移就业对西藏乡村巩固减贫成效的作用——以扎囊县羊嘎村为例,格桑卓玛,中国藏学研究中心社会经济研究所,转移;就业;西藏;脱贫;扎囊县羊嘎村;,"在西藏全面实施脱贫攻坚战略的几年中,乡村面貌一新,农村居民收入持续提高,新经济业态出现并蓬勃发展。扎囊县羊嘎村是当地脱贫较早的村庄。目前该村和西藏其他一些脱贫乡村都面临着巩固减贫成效的问题。近年来随着西藏一些农村就业结构得到不断调整,农村劳动力从传统农业向工商业和专业化、多元化农业转换,农村贫困家庭的工薪收入和经营所得有所增加,极大地推动了农村贫困的减少。而经调查发现,在羊嘎村脱贫和巩固减贫的成效中,转移就业发挥了关键作用。",中国藏学,2018-11-15,期刊,F249.27;F323.8,86-90,5
63,民族地区深度贫困的多维成因及治理对策——基于对德钦县羊拉乡的调查,高松;杜发春,云南大学马克思主义学院云南农业大学新农村发展研究院,深度贫困;云南藏区;德钦县;羊拉乡;贫困成因;治理对策;,"民族地区作为我国深度贫困的集中地带,尤其需要统筹考量民族地区的自然、经济、政治、文化和社会等多维因素。文章立足云南藏区羊拉乡地处滇川藏三省区交界的特殊区’位,从理论与实践相结合的角度对当地贫困现状、致贫成因进行深入调查和系统分析,以期进一步探讨民族地区深度贫困问题。调查表明,民族地区贫困治理是集民生、发展、民族团结进步,以及边疆繁荣·稳定于一体的系统工程。为此,必须通过增强民族地区共同富裕的内生动力,凝聚民族地区精神家园的文化血脉,构筑民族地区民族团结的现实基础,夯实民族地区和谐共生的生态根基,着力持续破解深度贫困治理难题。",中国藏学,2018-11-15,期刊,F323.8,91-97,7
64,甘南藏区精准脱贫模式案例调查研究——以迭部纳加村和合作日多玛村为例,杨勇,甘肃民族研究所,甘南藏区;脱贫模式;纳加村;日多玛村;,"精准扶贫是促进甘肃藏区社会经济发展的重要举措。近年来,甘肃省甘南藏族自治州以政府为主导,吸纳社会力量及群众自下而上自发参与发展,形成政府、企业和社会及群众多方力量协同发力的扶贫格局,形成了一批具有示范性和影响力的典型案例。文章以迭部县益哇乡纳加村和合作市佐盖多玛乡日多玛村通过内生发展实现精准脱贫为案例,调查分析这两个村依靠基层内生力量实现精准脱贫的做法。从而认为培养本地藏族自发的发展能力,使其成为脱贫的主要参与者和受益者,才能真正实现全面的脱贫任务。",中国藏学,2018-11-15,期刊,F323.8,98-102,5
65,当代西藏家庭住房变动分析——以人口普查数据为基础,杨成洲;杨帆,西南财经大学中国西部经济研究中心,西藏;家庭;住房;普查数据;,"文章利用""五普""""六普""和2015年1%人口抽样调查数据,考察当代西藏家庭住房规模、结构、质量与居住环境,进而讨论家庭住房价格、居民收入与支出关系,发现近年来西藏家庭住房条件得到了明显改善,也显示了民众对于住房的强烈需求;从产权看,西藏住房自有率始终处于较高水平,而租赁率水平较低。此外,市场化程度较低,但城镇地区发展迅速;家庭住房的教育分化和职业分化特征明显;2000年以来,家庭的居住空间和环境都大为改善,但城乡存在较大的结构性差异和不均衡现象;住房价格不断攀升,影响了民众的生活质量。针对以上问题,文章提出要拓宽农牧民、城镇家庭居民收入渠道,推进住房商品化改革和住房保障体系建设,以及提升和完善家庭住房配套设施的建议。",中国藏学,2018-11-15,期刊,F299.23;C924.2,103-114,12
66,西藏小学双语教学的衔接问题及对策——以拉萨市的调查为例,李永斌,黄淮学院西藏社会语言研究所,西藏;拉萨;小学;双语衔接;问题对策;,"文章从对拉萨市小学的调查出发,讨论西藏小学生学前阶段的双语基础,小学阶段的校园、家庭、生活的双语特点及其水平等,分析并提出西藏小学双语教学的衔接问题及相应对策,强调重视学前双语教学尤其是学生普通话能力的提高;重视小学一至三年级普通话听说与藏语读写能力的培养,注重寓教于乐,丰富不同年级学生的普通话交流;小学四至六年级应注重学生藏汉双语特别是普通话读写能力的培养。",中国藏学,2018-11-15,期刊,G623.29,115-122,8
67,西藏农牧业发展实证研究——以《西藏统计年鉴》为例,邢伯伦,西南民族大学西南民族研究院,乡村振兴;西藏;农牧业发展;转型升级;,"西藏集边疆地区、民族地区、贫困地区于一体,在乡村振兴的背景下实现西藏农牧业发展转型是解决新时代""三农""问题的关键。文章结合《西藏统计年鉴》2000—2016年的相关数据和学界相应的研究成果,通过多元线性回归分析发现,农作物播种面积、农业机械总动力等因素与西藏农牧业发展呈长期稳定的正相关关系,同时根据西藏各地市资源禀赋结构差异和草牧业发达的特点,有针对性地提出西藏农牧业转型升级的合理政策建议。",中国藏学,2018-11-15,期刊,F327,123-126,4
68,新时期西藏学术期刊编辑素质提升的途径分析,蔡秀清,《西藏大学学报》编辑部西藏大学科研处,学术期刊;编辑;提升模式;西藏;,"文章在介绍西藏藏学期刊整体情况的基础上,探讨了西藏特殊区情下,学术期刊编辑素质的重要性,并从制度建设、编辑思想培养、梯队建设等方面研究了编辑素质提升的相关途径。",中国藏学,2018-11-15,期刊,G238,170-174,5
69,习近平新时代宗教工作重要论述探析,郑堆,中国藏学研究中心,习近平;新时代;宗教工作;宗教政策;,"宗教工作在党和国家工作全局中具有特殊重要性,关系中国特色社会主义事业发展,关系党同人民群众的血肉联系,关系社会和谐、民族团结,关系国家安全和祖国统一。习近平关于宗教工作的重要论述是习近平新时代中国特色社会主义思想的重要组成部分,与我们党长期形成的宗教政策一脉相承又与时俱进,丰富和发展了马克思主义宗教理论,是做好新时代党的宗教工作的科学指南和根本遵循。文章从理论缘起、核心要义、实施途径三个方面对习近平总书记关于宗教工作的重要论述进行了全面探析。",中国藏学,2018-11-15,期刊,D635,5-12,8
70,十七世纪中期出现的两本筹算文献（英文）,才项多吉,China Tibetology Research Center,O,"<正>Foreword Rdel rtsis(?????????) ~1 cab be regarded as a mathematical form of Tibetan culture,which during its long process of historical development,formed a unified computing system with distinct differences from classical Indian and ancient Chinese systems,particularly in terms of its display of symbols,means of operation,and in the method",ChinaTibetology,2018-09-15,期刊,O11,111-120,10
71,西藏阿里地区藏族对生态和环境的传统意识（英文）,罗绒战堆;彭衡;克里希那·奥里,Sichuan University,O,"<正>Ⅰ.Introduction The Kailash Sacred Landscape(KSL)also called in Tibetan Autonomous Region of China(TAR)as Gangs-Rin-po-che,is culturally and ecologically rich,highly diverse,and one of the most fragile regions in the world.Located within the remote south western portion of the Tibetan Autonomous Region(TAR)of China,and the",ChinaTibetology,2018-09-15,期刊,X2,58-92,35
72,生态文明视域下藏族环保文化传统的精神意蕴及现代价值（英文）,韦仁忠,Sichuan University,O,"<正>By taking technological means to change and conquer nature,the human beings obtained ""brilliant"" achievements:economic development and material wealth increase.But disasters came along with the achievements.Under the social development mode of pursuing economic growth one-sidedly,material civilization",ChinaTibetology,2018-09-15,期刊,X2,93-102,10
73,清朝川藏地方藏语文译员职缺设置考（英文）,石岩刚,"The Research Center of Foreign Tibetology, Shaanxi Normal University",O,<正>The extensive territory governed by the Qing dynasty is much larger than that of the Ming;the various ethnic groups living on this territory spoke different languages and the central government relied on translation to communicate with local people and to collect military and political intelligence.The history of how the Qing court,ChinaTibetology,2018-09-15,期刊,H214,24-36,13
74,全球化背景下的藏传佛教与藏传佛教研究（英文）,沈卫荣;Hans,Tsinghua UniversitySt. Olaf College,O,"<正>This article aims to discuss the predicament faced by Tibetan Buddhism in the current time of globalization,the opportunities facing it,and its potential ways out of the dilemma.Especially taking into account the fact that today’s Tibetan Rinpoches and tantric Buddhist teachings have on one hand become the most favored of their kind amongst great numbers of progressives and petty bourgeoisie in this postmodern",Jinhuan,Shen,ChinaTibetology,B946.6,3-14,12
75,无畏藏护《中观花蕾》开篇与结尾偈颂（英文）,罗鸿,Institute for Tibetan Studies of Sichuan University,O,"<正>Abhayākaragupta, a contemporary of King Rāmapāla,~2 the successor of Praj?ākaramati as abbot of Vikrama?īla monastery, flourished from the late eleventh to the early twelfth century.~3 He is considered to be ""a leading later representative of""",ChinaTibetology,2018-09-15,期刊,B942.1,15-23,9
76,西藏商务代表团的美国之行与美国对西藏政策的转变（英文）,胡岩,The Party School of the Central Committee of C.P.C.,O,<正>1.The background of the Tibetan Trade Mission headed by Tsepon Shakabpa The Cold War began after World War II.The United States interfered in China’s domestic affairs by helping Chiang Kai-shek to launch a civil war.Originally the United States government expected that the Kuomintang(KMT)regime could wipe,ChinaTibetology,2018-09-15,期刊,D827,37-57,21
77,《菩日文献》简介（英文）,西热桑布,Tibet University,O,"<正>preface The Phu ri manuscripts were rediscovered in 2002 in a field that had been worked on according to a farmland transformation program in Phu ri village(gNya’ lam County, Tibet Autonomous Region) and are currently preserved in the library of Tibet University. On the occasion of the official publication of the manuscripts, I would",ChinaTibetology,2018-09-15,期刊,G256,103-110+2+121,10
78,20世纪90年代西藏美术的发展,次旺扎西,西藏大学艺术学院美术系,西藏;20世纪90年代;美术;传承;创新;多样化;,"文章以20世纪90年代西藏美术的发展为主题,对藏族传统美术的传承和弘扬,新唐卡、布面重彩、油画、水彩、版画、雕塑等艺术门类的探索、创新和发展,非架上当代艺术的创作和参与,女性画家和现代职业画家的出现等现象加以论述。自改革开放以来,西藏的美术家通过学习和探索,创作思路变得逐渐清晰和开阔,创作手法更趋成熟和多样化,在西藏形成了一个生机勃勃、百花齐放的艺术环境。",中国藏学,2018-08-15,期刊,J120.9,160-164+201,6
79,《格萨尔》史诗说唱与藏族文化传承方式,丹珍草,中国社会科学院民族文学研究所藏文室,《格萨尔》史诗;传承方式;口耳相传;记忆转换;,"""说唱""是藏族民间文化传播的一种非常重要的方式。从藏族文化的发展来看,藏族的说唱传统或者口耳相传的文化传播方式源远流长。从传说时代到近代,甚至现当代,数千年的历史进程,经过了""仲""""德乌""""苯""时期的口传人、游吟诗人、""疯狂者"",到高僧大德的讲经说法、民间艺人的说唱表演,这种文化传承方式不仅从未终止过,而且传承有序。无论是寺院教育,还是民间艺人说唱,学院与民间、高僧与草根、口头与书面,虽然有很大的差异性,却一脉相承。《格萨尔》史诗说唱传统与藏族文化传统传承方式相辅相成、相得益彰,都源于藏族文化传统的内在规定性,是文化整体性的表现。",中国藏学,2018-08-15,期刊,I207.22,165-170,6
80,藏族湖泊来历传说“泉水成湖”母题研究——兼与汉族湖泊来历传说“地陷为湖”母题比较,王丹,中央民族大学中国少数民族研究中心,湖泊来历传说;泉水成湖;地陷为湖;藏族;汉族;母题;,"在山川、湖泊广布的青藏高原,藏族民众以湖泊为中心,创造了适应高原生活的信仰系统和知识系统,赋予湖泊神性、人性和灵性,并且从生活角度对湖泊来历进行解释。藏族湖泊来历传说""泉水成湖""母题与汉族湖泊来历传说""地陷为湖""母题构成了中华民族湖泊地方传统知识的重要类型,也从生活观念、意义表达,以及叙事逻辑、母题构成等方面表现出一定的相似性与差异性。",中国藏学,2018-08-15,期刊,I207.7,171-176,6
81,P.T.1292古藏文音写回鹘语佛教教义简答手册研究,吐送江·依明,兰州大学敦煌学研究所,回鹘语;古藏文;佛教;P.T.1292;教义简答手册;,"在众多不同文字的回鹘文献中,古藏文音写的回鹘语文献数量不多。古藏文回鹘语文献大多出土于敦煌和吐鲁番等地。文章在介绍古藏文回鹘语文献整体情况的基础上,对P.T.1292古藏文音写回鹘语佛教教义简答手册进行语文学研究,包括回鹘语转写、注释、汉语翻译,并在部分词条的转写和翻译方面对前人存在的错误予以纠正和补充。",中国藏学,2018-08-15,期刊,H211.4;K877,52-61,10
82,明代乌思藏别称“五藏”考——兼论满文wargi,dzang的由来,浙江农林大学文法学院,明代;五藏;乌思藏;满文西藏名称;地名;,"明末瞿九思《万历武功录》俺答传万历五年条有""五藏刺麻""一语,检查当时史事,五藏刺麻是乌思藏格鲁派僧人锁南坚措(第三世达赖喇嘛),五藏不是名号,乃是藏语地名■(dbusgtsang)的记音,而明清《西番译语》里■字读音近乎汉字""五""。至于清代西藏地区的满语名称wargidzang(意为西藏)是汉语地名""西藏""的翻译,并非藏语■(乌思藏、五藏)的翻译。",李勤璞,中国藏学,2018-08-15,K248;H221,102-107,6
83,改革开放40年国内藏戏研究综述,蒋建华,成都理工大学传播科学与艺术学院,改革开放;40年;藏戏研究;综述展望;,"文章对改革开放40年来国内藏戏研究的学术论文、学术专著进行了系统爬梳,根据不同时期藏戏研究的不同主题和研究旨趣,对公开发表、出版的汉藏文研究论文,从7个方面进行了归类梳理,同时对汉藏文专著和硕博士论文也进行了综述,以期对新时期藏戏研究趋势有一个总体把握。",中国藏学,2018-08-15,期刊,J825,195-200,6
84,孰为汉地(■):《世界广说》(■)对于汉地的地理认知,魏毅,中国科学院自然科学史研究所,《世界广说》;汉地;清朝;地理观念;,"文章以第四世敏珠尔活佛降白曲吉丹增赤列所著《世界广说》为中心,结合清代诸部藏文地理文献,对其中涉及汉地部分内容进行解读,梳理清代蒙古族、藏族知识阶层对于汉地的地理认知与观念,认为《世界广说》对于""汉地""存在三种层面(文化地理、政治地理和宗教地理)的不同表述。",中国藏学,2018-08-15,期刊,K928.6,108-117,10
85,西藏文化产业发展现状和模式分析,王桂胜,首都经济贸易大学劳动经济学院,西藏;文化产业;发展模式;,"文章在梳理分析西藏文化产业发展现状以及与有关省区市文化产业发展状况的比较分析基础上,指出西藏文化产业发展已经步入正轨,成为西藏经济增长的重要产业支撑。通过进一步分析西藏文化产业发展的优势与不足,结合西藏经济发展特色总结概括出适合西藏文化产业的""八大""发展模式,为西藏文化产业发展转型升级提供重要参考。",中国藏学,2018-08-15,期刊,G124,145-151,7
86,整体视野下的《西藏通史》写作,杜玉芳,中央社会主义学院,O,"<正>《西藏通史》是国内首部完整、全面、系统书写西藏地方历史的通史著作。其编撰理念、书写方法和体例具有开拓性,充分体现了整体视野下的地方史写作和贯通眼光下的断代史或阶段史写作。一、小历史与大历史之""通""历史本为整体,各部分有机联系,须有宏观的眼界和整体观念,对局部和具体的研究才能深入。当",中国藏学,2018-08-15,期刊,K29-5,30-35,6
87,具有里程碑意义的优秀科研成果——简评新近出版的《西藏通史》,喜饶尼玛,中央民族大学,O,"<正>西藏历史不单是一个学术层面的历史,还有着非常重要的现实意义。西藏地方有上千年的文明史,如何书写这段历史,为其下一个比较精准的结论,显然不是容易的事。很多历史学家、学者都做过努力,但是否看清了历史的全貌,似乎都不好回答。由于历史的多元性和偶然性,过往史料的浩繁性,使其变得更为复杂。因此,要对历史的全貌有一个实际认识,只有将各历史事件与总体之间千丝万缕的联系一",中国藏学,2018-08-15,期刊,K29-5,23-24,2
88,地方志传统与族别史研究的有机结合——《西藏通史》的新突破,苏发祥,中央民族大学藏学院,O,"<正>藏族历史研究是国际藏学研究的传统领域,也是相关研究成果最为丰富的藏学研究领域之一。自新中国建立以来,藏族历史研究历来受到党和国家的高度重视,从基础资料的大规模搜集整理到专题史、通史研究成果不断问世,可以说藏族史研究一直是我国藏学研究的最强领域之一。《西藏通史》无论从字数、卷数、参与作者人数、史料运用、体例设计、涉猎内容等方面都超过了前人,可以说是集大成",中国藏学,2018-08-15,期刊,K29,25-29,5
89,《西藏通史》的编撰与历史研究所青年学者的成长,邱熠华,中国藏学研究中心历史研究所,O,"<正>《西藏通史》(8卷13册)荣获中国新闻出版领域最高奖——第四届""中国出版政府奖""图书奖和中国藏学研究领域最高奖——第四届中国藏学研究珠峰奖特等奖。《西藏通史》获得如此殊荣,是对中国藏学研究中心历史研究所(以下简称历史所)十多年来辛勤努力、编撰完成《西藏通史》这部完整、全面、系统介绍西藏历史通史著作的充分肯定。",中国藏学,2018-08-15,期刊,K29,36-39,4
90,西藏自治区新方志的特点,永红,中国藏学出版社,西藏;新方志;特点;,"文章认为地方志具有地方性、连续性、资料性、时代性和可靠性等特点,这是地方志的共性。但方志是以记载某一地区事实为职能的著作,由于各地的地理形势、山川气候、物产资料、风土人情以及社会环境等方面不尽相同,所编方志内容必然各具特色。西藏自治区所编撰的专业志、地区志、市志、县志既具方志共性又各有其特点。文章结合中国藏学出版社所出一系列西藏自治区新方志,对其特点作了分析和介绍,对全面了解西藏自治区新方志具有参考意义。",中国藏学,2018-08-15,期刊,K29,177-181,5
91,蒲文成自述,蒲文成,青海省社会科学院,藏学;自述;西北民族学院;班玛;,"蒲文成(1942-2017),藏学家、第十届全国政协委员、第九届青海省政协副主席、青海省社会科学院副院长,1979年考上西北民族学院(今西北民族大学)的研究生,从此走上了藏学研究的道路。中国藏学出版社即将出版其文集——《蒲文成藏学文集》(全6册),其于2017年4月所撰自序,可谓从藏学家个人角度展示了改革开放以来藏学研究工作者学习、成长、从事研究的历程。故本刊节选其自序前六部分的内容(我的故乡、早年生活、大学学习、班玛记忆、再次深造和科研生涯),题为《蒲文成自述》,予以刊载,以飨读者。",中国藏学,2018-08-15,期刊,K825.81;K28,182-187,6
92,沙州的节儿与乞利本,林冠群,台湾中国文化大学史学系,吐蕃官制;沙州节儿;沙州乞利本;万户长州内权限者;唐人乞利本;,"吐蕃占领唐朝河陇地区以后,废弃该地区原有唐朝官制,建立军事占领区官制,于沙州设置节儿,取代原有的唐官刺史,亦即以吐蕃官员统治唐人,另由唐人出任都督,以辅助节儿处理唐人事务。然而,此套制度于蕃占沙州第七年,发生氾国忠等攻杀沙州节儿等蕃官事件,迫使吐蕃不得不更弦易辙,对沙州官员作了某种程度的调整。因此,有学者针对上述吐蕃的调整,以为批示S.6829v号及P.3613号二件牒状者,为当时敦煌最高官员乞利本,名为""润""之吐蕃人,并指认P.T.1089所载被任命为沙州节儿论的■,就是担任沙州乞利本的吐蕃人""润"";并以此延伸主张""沙州节儿论""""沙州乞利本""""节儿论及州内权限的万户长""以及""节儿论汉人万户长"",均为同一官员之不同官称;又以为沙州节儿有4个等级:节儿论、节儿观察使、中等节儿、小节儿,而节儿论、节儿观察使二者皆可以简称为节儿;亦认为敦煌汉文文书中的节儿监军正是吐蕃文文书中的节儿观察使、万户都护等等。文章主旨希望透过辨正上述的主张,对于吐蕃占领敦煌以后所设立的职官以及统治机制,有更为清晰的轮廓。",中国藏学,2018-08-15,期刊,K242;K877,40-51,12
93,雍正时期藏区行政划界研究,黄辛建,四川省民族研究所,雍正时期;藏区划界;行政格局;特点;,"雍正时期,清朝在平定青海罗卜藏丹津叛乱、获得对藏区的直接控制后,制定并实施了藏区划界这一举措。藏区划界的主要思路是将原由蒙古和硕特部管理的地方划归内地直接管辖,但朝廷在划界过程中仍考虑了多种因素,且根据实际情况及治理需要有所变通。通过划界,清朝确定了西藏及云南、四川、青海藏区的行政区划与分界,对西藏乃至整个藏区的治理开始进入到以行政建制进行规范的阶段。藏区划界是清朝在雍正时期实施的一项意义重大和影响极为深远的措施,充分体现了清朝通过行政区划加强财富对藏区控制的战略思想,实现了""隔绝蒙藏""、稳固藏区统治的目的,也奠定了延续至今的藏区行政区划及分界的基本框架与格局。",中国藏学,2018-08-15,期刊,K249.2,92-101,10
94,历世达赖喇嘛传记中的皇帝观念与政治认同,陈沛杉,阿坝师范学院,达赖喇嘛;皇帝观念;政治意向;政治认同;,"以历世达赖喇嘛为代表的西藏地方政教代表人物在其传记中对清朝皇帝有大量的描述。这些记载所呈现出的皇帝观念既有政治想象与政治意向,也饱含政治情感与政治认同,并以充分的历史事实表明:西藏地方与清中央王朝关系的基础并非是宗教意义上的供施关系,而是具备实质内涵的政治隶属关系。",中国藏学,2018-08-15,期刊,B949.9;K249,118-124,7
95,从重西北到重西南:清朝围绕治藏的筹边方略,陈鹏辉,西藏民族大学民族研究院,清朝;治藏;西北边疆;西南边疆;重心转变;,"清朝前期统一西北疆域至为重要,西藏对西北边疆具有重要的战略价值,是西北边疆战略的重心。清朝奉行的""兴黄教即所以安众蒙古""的基本方略,不仅是重要的治藏方略,亦是统一、治理广大西北地区的重要方略。晚清以降,西南边疆危机日益凸显,西藏对西南边疆的战略价值凸显。英国第二次侵藏战争后,清廷推行藏事改革,以巩固西南边疆安全。清末藏事改革体现出清朝以西藏为西北、西南边疆轴心的战略重心由西北转向了西南。",中国藏学,2018-08-15,期刊,K249,125-133,9
96,扎塘寺主殿造像配置及其意蕴——兼论11-13世纪西藏佛教与佛教艺术的构成,谢继胜,浙江大学汉藏佛教艺术研究中心,扎塘寺;桑耶寺;殿堂绘塑配置;敦煌;天王堂;汉地式样;,"文章利用藏文胜迹志、12世纪前后重要寺志与教法史文献,结合桑耶寺乌孜大殿的布局,对11世纪建造的西藏扎囊县扎塘寺佛殿净香殿的建筑形制及其三层殿堂的绘塑进行了复原,进而分析其中体现的宗教意蕴,指出11世纪前后的藏地寺院,与此时河西走廊的敦煌,延伸至中原腹地的宋、辽与西夏,同样处在末法背景下佛教中兴的圆融氛围之中,包含了金刚乘无上瑜伽密的体系化新兴藏传佛教。此时虽已呈现烽火燎原之势,但藏地佛教的顶尖架构,仍然保留了承袭自敦煌吐蕃传统的圆融佛教特征,扎塘寺、桑耶寺佛殿的三层绘塑造像安排,恰好体现了此时藏传佛教义理的实际情形。",中国藏学,2018-08-15,期刊,K879.3,72-91+2,21
97,21世纪以来西藏文物考古事业的发展及研究回顾,杨清凡,四川大学中国藏学研究所、考古系,西藏考古;文物保护;成果;新趋势;,"自20世纪50年代以来,在中央及西藏自治区各级政府的大力支持下,西藏自治区的文物考古事业日益繁荣发展。文章主要对近20年以来西藏实施的重大文物调查及保护维修项目、考古调查与发掘的重要成果进行了回顾,并对近年来西藏高原考古中新的理论方法的运用、新的研究视角及学术焦点问题等研究新趋势进行了初步总结和探讨。在充分了解成绩和不足的基础上,西藏的文物考古工作定将取得更多成就,并为保护和传承西藏传统文化遗产发挥重要作用。",中国藏学,2018-08-15,期刊,K872,188-194,7
98,习近平新时代西藏工作思想探析,王小彬;杨力源,中国藏学研究中心当代研究所武汉大学马克思主义学院,习近平;西藏工作;治藏方略;西藏政策;,"党的十八大以来,以习近平同志为核心的党中央高度重视西藏工作,提出了一系列关于西藏工作的新思想新论断新认识,为新时代西藏工作作出了新决策新部署新要求。其中蕴含了习近平新时代西藏工作思想,主要包括6个方面:一是明确治边稳藏的重大意义;二是总结党的西藏工作的历史经验;三是丰富与发展西藏工作的指导思想;四是聚焦西藏工作的着眼点与着力点;五是把准西藏工作的出发点与落脚点;六是规划了西藏经济社会持续健康发展和长治久安的行动纲领。习近平新时代西藏工作思想具有很强的现实针对性,深入把握其科学内涵与精神实质,能够增强新时代党的西藏工作的有效性,有利于更好地谱写中华民族伟大复兴中国梦的西藏篇章。",中国藏学,2018-08-15,期刊,D633,5-14,10
99,西藏民生2050:愿景与路径,杨丹;徐爱燕;杨帆,西藏大学西藏大学经济与管理学院西南财经大学西南财经大学工商管理学院西南财经大学中国西部经济研究中心人口研究所,西藏;民生;2050;愿景;路径;,"民生改善是社会经济决策的出发点和落脚点。在西藏与全国一道全面建成小康社会的历史时点,展望西藏民生愿景,讨论西藏民生改善的科学路径,具有重大的实践和理论意义。自然地理、资源禀赋、历史文化的异质性,决定了西藏民生发展独具""西藏特点""。西藏民生建设面临中央及全国各地全力支持、""一带一路""建设与区内人口均衡发展等机遇,也面临城乡与地区发展差异大、社会治理创新难度大等挑战。文章在展望2050年西藏民生发展愿景的基础上,提出从构建可持续的居民生计系统、完善的社会保障体系、现代化的公共服务体系、夯实微观社会治理基础与稳步发展西藏特点城镇化等路径推进西藏民生建设。",中国藏学,2018-08-15,期刊,D67,15-22,8
100,敦煌藏文文献P.T.149号《普贤行愿王经》序言解读,索南,西藏大学文学院藏语言系,敦煌藏文文献;P.T.149号;赤松德赞;《普贤行愿王经》;韦·贝强;,"P.T.149号《普贤行愿王经》序言阐述了该经典在印度产生、传承及吐蕃时期译成藏文并由僧人韦·贝强诵念和修持的整个过程。序中描述韦·贝强由于修持《普贤行愿王经》做了一场奇特的梦,他不解其意,于是向赞普赤松德赞禀告并求解梦。赞普也不得而知,只好向寂护大师请教。寂护解梦,赞普如是复述于韦·贝强。韦·贝强得知梦境的预示后,请求赞普让他到僻静之地修持,赞普应允。韦·贝强更殷勤修持《普贤行愿王经》,最终如同阿阇黎恩兰·嘉却姜和卓涅·益西强曲的梦兆一样,他舍弃实体血肉之躯,随着彩虹等成就先兆而逝去。此文献对研究早期的吐蕃佛教人物传记具有重要的参考价值,也是一份能够补充吐蕃佛教史史料的重要资料。",中国藏学,2018-08-15,期刊,G256.1,62-71,10
101,新时期教育扶贫模式的重大创新:“组团式”教育人才援藏,徐姗姗;羌洲,中央民族大学民族学与社会学学院教育部民族教育发展中心,西藏;“组团式”教育人才援藏;教育援藏;教育扶贫;对口支援;教育公平;,"文章聚焦教育扶贫和对口援藏的新模式——""组团式""教育人才援藏。在回顾梳理以往教育对口援藏政策的基础上,通过对支援省市及受援学校师生的访谈调研认为,项目实施一年多来已显示出布局宏观、机制长效、精准扶智、订单援教、科学用人、辐射实效等政策亮点,在反思执行不到位、监督实施不足、政策保障不完善、援藏教师作用发挥不充分等现存问题的同时,从国家、省市教育管理部门、学校和教师四个层面提出了相应的对策建议。",中国藏学,2018-08-15,期刊,G521,134-144,11
102,西藏藏族民营企业发展现状研究,王士勇;景芳;何淑英,青海师范大学经济管理学院,西藏;藏族民营企业;地区差别;产业结构;,"西部大开发战略实施以来,西藏藏族民营企业获得了长足发展。总量持续增长,占比逐年上升,产业结构不断调整,行业覆盖领域不断拓展。但产业发展、行业分布及区域间发展不平衡的现状,也折射出藏族民营企业对地区经济发展的有限作用。注重藏族群众的市场参与,不仅能够确立和保证劳动者的社会主体地位,更能促进民族经济的可持续发展。促进藏族民营企业发展,须强化教育的基础性地位,提高从业人员的人力资本水平,加快转变发展方式,发展高原特色产业,完善针对藏族民营企业发展的社会化服务。",中国藏学,2018-08-15,期刊,F276.5,152-159,8
103,青藏高原地区包虫病综合防治的探索与实践,罗辉;仲格嘉,中国藏学研究中心藏医药研究所北京藏医院,包虫病;综合防治;青藏高原;藏区;公共卫生;健康中国;,"包虫病是严重威胁青藏高原农牧区居民健康和生命的重大疾病。近年来西藏和青海、四川藏区各级党委政府贯彻落实党中央""实施健康中国战略""的决策部署,开展包虫病综合防治工作,取得了阶段性成效。文章根据公开发表的统计数据和文献,以及课题组在四川省石渠县,西藏拉萨、那曲、阿里、日喀则、山南等地的调研资料,介绍了西藏和其他藏区包虫病的分布情况,以及各地区包虫病防治的措施和成效,探讨防治工作中面临的困难,提出今后应继续加大包虫病防治工作的投入、形成常态化防治机制的建议,以期从根本上控制包虫病。",中国藏学,2018-05-15,期刊,R532.32,24-27,4
104,藏文藻饰词汉译方法研究,仁增;傅利平;桑杰,青海民族大学天津大学天津大学公共资源管理研究中心,藏文藻饰词;汉译;方法;,"藏文藻饰词是一种特殊修饰词,数量多、范围广,是藏汉翻译中最棘手的问题之一。文章认为其翻译方法应有直译、意译、直意结合并行译法、略译或改译等4种,用法上根据具体情况各有侧重。随着藏汉文化交流的深入,将呈现直译性不断增长,意译性不断收缩的趋势。",中国藏学,2018-05-15,期刊,H214,74-82,9
105,十八大以来审定的藏语新词术语,The,全国藏语术语标准化工作委员会,O,"<正>藏语新词术语公报各有关单位:全国藏语新词术语翻译审定专家委员会审定通过了以下藏语新词术语,现予公布。请各有关单位务必统一使用公布的术语,不得擅自改动。①全国藏语术语标准化工作委员会2018年4月28日",National,Editorial,Committee,H214,165-191,27
106,《西藏通史》出版学术研讨会暨“活佛转世”专题片发布会综述,本刊记者;沈红宇,O,O,"<正>3月28日是西藏民主改革和百万农奴解放纪念日。为纪念这段历史,激励当代各族人民奋发图强、砸砺前行,中国藏学研究中心于3月27日举办《西藏通史》出版学术研讨会暨""活佛转世""专题片发布会。中国藏学研究中心、中国社会科学院、中央民族大学、西藏社会科学院、四川大学、陕西师范大学、中国国际关系研究院等单位的专家学者及参加《西藏通史》研究编撰工作的共70多位学者出席会议。",中国藏学,2018-05-15,期刊,J959;K29-2,192-195+2,5
107,继承与创新:18世纪藏族著名艺术家司徒班钦的艺术成就,熊文彬,四川大学中国藏学研究所,司徒班钦;艺术作品;风格;题材;渊源;,"18世纪藏族著名学者司徒班钦不仅在佛学、文学、医学和历算等领域有着突出的贡献,同时在藏族艺术上也有非凡的成就。他在继承传统藏族艺术题材和风格的基础上,游历西藏、云南丽江、大理等地以及尼泊尔,充分吸收各地艺术养料,创造出一种与众不同风格的绘画作品,被后人称之为新噶玛噶智画派,对后世西藏、四川和青海等康区的艺术创作产生了重要的影响。",中国藏学,2018-05-15,期刊,J209.2,64-73+211,11
108,编撰《西藏通史》中的几个问题,张云,中国藏学研究中心历史研究所,O,"<正>《西藏通史》是国家财政专项拨款支持的重大科研课题,由中国藏学研究中心原总干事拉巴平措研究员主持,历史研究所具体负责,组织协调全国30多家高校和科研机构的94位专家,经过14年的通力合作共同完成,2016年由中国藏学出版社出版,受到学术界的高度评价和广泛欢迎,还在2017年的中国第四届中国出版政府奖的评审中获得殊荣,在第四届中国藏学研究珠峰奖的评审中获得特别奖。回顾",中国藏学,2018-05-15,期刊,K29,28-35,8
109,《西藏通史》奠定了中国藏学研究的国际领先地位,郝时远,中国社会科学院,O,"<正>作为中国历史组成部分的《西藏通史》,以其8卷13册850余万字的规模,展现了西藏地方、藏族历史发展的漫长进程中与内地、与各民族交往、交流、交融的时空长卷。这是中国藏学研究承前启后、继往开来、奠定登高望远新高地的巨大成就。在此,我首先向这部巨著的总主编拉巴平措先生、张云教授以及各卷主编和包括海峡两岸的藏学作者们,致以崇高的敬意!",中国藏学,2018-05-15,期刊,K29,36-37,2
110,研究西藏历史的重大成果——读《西藏通史》,方铁,云南大学西南边疆少数民族研究中心,O,"<正>《西藏通史》~①正式出版了,可喜可贺!这部历时14年、由近百位藏学家和各领域专家共同完成的巨著,不仅是首部完整、全面、系统阐述西藏历史的通史著作,亦是进入新世纪后能够代表我国民族研究最高水平的著作。在以下两个方面,该著作表现出明显的特点。一是摈弃西藏历史上的唯心史观与有神论思想,充分发掘、正确诠释包括汉文、藏文在内的大量史",中国藏学,2018-05-15,期刊,K29,38-40,3
111,勇于担当,,西南民族大学西南民族研究院,O,"<正>由拉巴平措、陈庆英两位先生任总主编,张云教授任执行总主编,中国藏学研究中心牵头,组织协调全国近30家研究机构及高校的百余位专家学者聚多方之力完成的《西藏通史》,已由中国藏学出版社正式出版。这部《西藏通史》共8卷13册,内容从远古到当代,记述了西藏政治、经济、社会、文化、宗教等各个方面,全书850余万字,可谓皇皇巨著。多卷本《西藏通史》的编撰是一项重大学术性文化工程,工作量大,难度更大,任务艰巨。此书的",敢于创新,,用心编撰——读多卷本《西藏通史》,K29,41-44,4
112,区域性通史话语体系的经典之作——《西藏通史》读后,李大龙,中国社会科学院中国边疆研究所,O,"<正>由拉巴平措和陈庆英担任总主编、张云为执行总主编的8卷13册、850余万字的巨著《西藏通史》历经14年的编撰,2016年由中国藏学出版社隆重推出,这不仅是我国藏学界的盛事,也是中国边疆研究学界乃至中国史学界的大事,首先应该表示热烈祝贺!原因有二:一是《西藏通史》是目前国内外第一部完整、全面、系统阐释西藏地方历史的通史性著作。二是《西藏通史》在2017年获得了第四届中国出版",中国藏学,2018-05-15,期刊,K29,45-49,5
113,林冠群教授藏学研究访谈录,乔小河,中央民族大学,O,"<正>林冠群教授,祖籍福建林森,1954年生于台北,先后在台湾政治大学、中国文化大学获得学士、硕士、博士学位,印第安纳大学阿尔泰学系访问学者。曾任教于台湾政治大学民族系、台湾中正大学历史系,现任台湾中国文化大学史学系教授。专攻中国民族史(唐代吐蕃史、藏族史)、隋唐史,著有《玉帛干戈:唐蕃关系史研究》《唐代吐蕃宰相制度之研究》《吐蕃赞普墀松德赞研究》《唐代吐蕃史研究》《唐代",中国藏学,2018-05-15,期刊,K28;K825.81,103-112,10
114,第三届中日藏学研讨会综述,高颖;李学竹,中国藏学研究中心宗教研究所,O,"<正>2017年12月2日,由龙谷大学世界佛教文化研究中心与中国藏学研究中心共同举办的""第三届中日藏学研讨会""在日本京都龙谷大学召开。来自中国藏学研究中心、龙谷大学、大谷大学、广岛大学、神户外国语大学、种智院大学、驹泽大学、关西大学等多所院校和研究机构的50多位学者参加了会议。本届会议围绕""西藏的宗教文化与梵文写本研究""的主题进行探讨,并邀请了日本著名藏学家广岛大学名誉教授桂绍隆先生和神户外国语大学武内绍人教授作为评论专家。",中国藏学,2018-05-15,期刊,K28-2,196-198,3
115,2017年全国藏学研究论文资料要目索引(下),拥巴,中国藏学研究中心图书资料馆,O,O,中国藏学,2018-05-15,期刊,K28;Z89,201-210,10
116,清朝前期藏文文书翻译实践、译员及译员培养,石岩刚,陕西师范大学外国语学院,后金;清朝;藏文文书;藏文翻译;唐古特学;蒙古堂档;,"藏文文书翻译,关系到清朝对西藏地方的有效治理。文章即是对清前期藏文文书翻译实践、译员和译员培养等史实的钩沉和总结。后金至清康熙朝藏文文书的翻译,经历了从最初主要依靠蒙古前来的西藏僧人,到顺治朝开始同时培养自己的翻译人才,再到康熙朝驻京喇嘛和清朝培养的译员协作翻译这一转变过程,并在这一过程中有效地解决了藏文文书的翻译工作。文章对康熙朝之前时段的研究,主要利用碑刻、理藩院题本,以及相关汉藏文史料来进行。康熙朝部分主要利用内阁蒙古堂档案中相关内容进行总结。",中国藏学,2018-05-15,期刊,K249,55-63,9
117,明成祖遣使召请宗喀巴史事再考,安海燕,中国人民大学清史研究所,明成祖;宗喀巴;遣使;明代;藏传佛教;释迦也失;,"目前所见各种文献有关明成祖遣使召请宗喀巴的记载中,没有一种堪称完善,它们在内容上互补的同时存在一些相互抵触和混淆的说法,以致后人对明成祖遣使迎请宗喀巴的次数和过程皆不甚明了。虽然一些文献说明成祖曾多次遣使召请宗喀巴,但有据可考者仅有两次。文章在前人研究的基础上,利用藏汉文献分别对明廷使臣于永乐六年(1408)及十二年(1414)两次迎请宗喀巴的具体过程进行考述和辨析。",中国藏学,2018-05-15,期刊,K248.1,126-134,9
118,法王图道南杰(三)——《哲孟雄王统史》译注节选,图道南杰;扎洛;敖见,中国藏学研究中心社会经济研究所中国民族语文翻译局,图道南杰;哲孟雄;隆吐山之战;惠德;,"虽然图道南杰尽力调停斡旋,但是,1888年3月英国军队还是对驻守在隆吐山的西藏军队发动了进攻,西藏军队节节败退。9月,英军在未事先告知图道南杰的情况下,急速向甘托克方向进军,因怀疑英军有加害自己的意图,图道南杰携家人、近臣等连夜逃往西藏。英印政府因不满他在战争中的不协助态度,遂将其软禁在噶伦堡达3个月之久,并任命惠德为""锡金政治专员"",组织颇当喇嘛等亲英派势力组成执政委员会。惠德一方面对图道南杰实施政治排挤,剥夺了其执政、税收权力,一方面在生活中对他实施折磨虐待,大幅削减年度津贴,使其日常生活窘迫异常。",中国藏学,2018-05-15,期刊,K252,83-90,8
119,在重庆、江安的教育生涯及教改意见——任乃强《筱庄笔记·身世录》录注(四),何洁;任新建,四川省社会科学院康藏研究中心,任乃强;《筱庄笔记》;重庆大学;省三中;,"本篇节录任乃强先生在重庆大学任教、省三中任校长的部分内容,对了解任乃强先生的教育思想、民国时期川渝两地的教育状况有一定参考价值。",中国藏学,2018-05-15,期刊,K258;K825.81,91-102,12
120,西藏史前考古若干重大问题的思考,霍巍,四川大学中国藏学研究所,史前考古;西藏考古;西藏文明;,"西藏考古涉及的若干重大问题不仅事关西藏文明的产生与发展,也涉及对于西藏历史早期发展阶段的认识,尤其是西藏地方与中原关系的认定。西藏考古不是一个局部问题,与其周边国家、地区各区域文明之间有着密切联系,是""一带一路""文化格局中重要的组成部分,其重要的研究成果对于中华文明和世界文明都具有深远的影响。文章重点对西藏史前考古的若干重大问题进行讨论,对于西藏考古与西藏文明起源相互关系中的一些重要节点展开论述。",中国藏学,2018-05-15,期刊,K872,5-12,8
121,和蕃使崔汉衡考——以新出土《崔汉衡墓志》为中心,吴炯炯,兰州大学敦煌学研究所,崔汉衡;《崔汉衡墓志》;和蕃使;清水会盟;泾原事变;平凉劫盟;,"崔汉衡曾于唐代宗、德宗朝4次出使吐蕃,两度参与唐蕃会盟,是中唐时期唐蕃交往活动中的重要参与者,为促进唐蕃关系的发展起到了积极的作用。河南洛阳出土的崔汉衡墓志,为研究崔汉衡的家族世系、生平仕履等提供了重要的资料。利用《崔汉衡墓志》中的记载,及该家族其他成员墓志的记载,大致可以复原正史中原本断裂的崔汉衡与其五世祖之间的世系传承。结合传世文献的记载,除了可以考察崔汉衡一生的仕宦履历外,也可以帮助解读在一些事关唐蕃关系的大事件中,崔汉衡所发挥的作用。",中国藏学,2018-05-15,期刊,K877.45,113-125,13
122,托林寺红殿经堂壁画所据文本与图像传承关系,王瑞雷,浙江大学汉藏佛教艺术研究中心,托林寺红殿;文殊;《文殊真实名经》注疏;布顿;萨迦派;,"文章以托林寺红殿经堂内残存壁画题记为突破口,藉此梳理后弘期初译介于藏地的由文殊称、嬉金刚、妙吉祥友和阿瓦图提等印度班智达对《文殊真实名经》的注疏经典,以及14世纪布顿对该注的厘定分类,结合红殿经堂壁画,对不同注疏及所传图像志中有关文殊曼荼罗图像作比对分析,旨在讨论红殿经殿经堂壁画的文本依据、图像配置及教派传承等问题。",中国藏学,2018-05-15,期刊,K879.41,158-164,7
123,从敦煌藏文写卷看苯教徒的宗教功能,阿旺嘉措,兰州大学西北少数民族研究中心,苯教;辛饶米吾;敦煌藏文写卷;宗教功能;,"敦煌藏文苯教文献表明,苯教徒的宗教功能主要是打卦解惑、主持垛术及治疗、招福、主持殡葬仪轨等。辛饶米吾的名字在敦煌文献中记载了12次,他是作为一个重要祭司身份出现的。显然,苯教徒在古代藏族社会扮演着宗教仪轨主持者的角色。",中国藏学,2018-05-15,期刊,B933;G256.1,50-54,5
124,19世纪中叶天主教西藏传教权的转移及纷争,刘瑞云,四川大学外国语学院,天主教;西藏传教权;巴黎外方传教会;马伯乐;古伯察;秦噶哔;,"第一次鸦片战争后,在西方各殖民强国的迫使之下,清朝天主教""禁教""政策开始""弛禁""。借此时机,为谋求西藏福传事务之发展,""西藏—印度斯坦宗座代牧区""代牧主教波尔基主动移让西藏传教权,这一转移竟在天主教会内部引起激烈矛盾和纷争,这体现出西藏教务在天主教传华事务中的特殊性和重要地位。最终,西藏传教权归法国巴黎外方传教会掌管。这是自18世纪初意大利嘉布遣修会接管西藏传教权之后的又一重要转折,标志着天主教在藏区的传教活动进入了一个由法国巴黎外方传教会主导的时期。",中国藏学,2018-05-15,期刊,B979,135-141,7
125,格鲁派拉卡寺现状及其改革的几点思考,多吉措姆,西南民族大学藏学院,格鲁派;拉卡寺;密宗学院;历史及现状;,"拉卡寺位于青海省黄南州河南蒙古族自治县,只有一个密宗学院。文章结合文献记载和实地调研采访,对拉卡寺的现状及改革进行了梳理与概括,并就藏传佛教小型寺院、寺院教育、寺院管理、寺院经济等问题提出了几点思考。",中国藏学,2018-05-15,期刊,B947,142-147,6
126,由智、识之辨看米庞嘉措对“基位心”的阐释,杨杰,中国人民大学国学院,大圆满;米庞;贾巴朵阿;基位心;微细意;智识之辨;,"""基位心""作为大圆满教法的核心理念曾于19世纪遭到严重的误解,由此引发了宁玛派著名上师米庞嘉措与误解者贾巴朵阿之间的激烈辩论。文章首先以米庞于其《基位心三部》中的论述为依据,厘清了基位心的基本定义,揭示了贾巴朵阿对基位心的误解本质在于混淆智与识。而后通过借助隆钦巴的相关论述,揭示了智、识之辨对宁玛派基、道、果体系的重要意义,以及贾巴朵阿的误解对该体系的歪曲与损坏。",中国藏学,2018-05-15,期刊,B948,148-157,10
127,谈我国宗教的中国化——兼谈藏传佛教的中国化方向,李德成,中国藏学研究中心科研业务办公室,宗教中国化;藏传佛教;中国化方向;,"坚持我国宗教的中国化方向是习近平新时代中国特色社会主义思想关于宗教工作的重要内容,也是当前做好我国宗教工作的重要指导思想。文章首先从如何正确认识和理解我国宗教的中国化方向问题出发,就区分和厘清关于宗教的本土化、中国化和中国化方向等概念提出看法,在此基础上介绍我国主要宗教的中国化,突出藏传佛教的中国化进程和坚持藏传佛教中国化方向问题。强调坚持藏传佛教中国化方向,积极引导藏传佛教与社会主义社会相适应,需要以坚持宗教信仰自由政策为基本原则,以坚持依法管理宗教事务为根本保障,以加强自身建设为主要途径,以发挥宗教界人士和信教群众在促进经济社会发展中的积极作用为发展方向,以开展教义阐释活动和建设""人间佛教""等为主要抓手,积极促进藏传佛教与社会主义社会相适应。",中国藏学,2018-05-15,期刊,D635,13-23,11
128,全国首届藏文古籍文献整理与研究高层论坛综述,索南多杰;丹增罗布,中国藏学研究中心图书资料馆《中国藏学》,O,"<正>2017年11月7—8日,全国首届藏文古籍文献整理与研究高层论坛(以下简称论坛)在青海师范大学城北校区召开。本次论坛由中国藏学研究中心主办,青海师范大学承办,以认真贯彻落实党的十九大精神和中共中央国务院办公厅印发的《关于实施中华优秀传统文化传承发展工程的意见》精神,保护和研究藏文古籍为主题,来自全国各地科研院所的60多位专家学者齐聚一堂,共同就藏文古籍文献的整理与研究,弘扬和发展少数民族优秀传统文化,提高藏文古籍文献整理工作",中国藏学,2018-05-15,期刊,G255.1,199-200,2
129,图片欣赏（英文）,,O,O,O,ChinaTibetology,2018-03-15,期刊,J231,2+121,2
130,把握历史趋势、探寻发展规律——也谈西藏地方历史发展的三个高潮和两个低谷（英文）,拉巴平措,China Tibetology Research Center,O,"<正>Ⅰ A national major history project spearheaded by China Tibetology Research Center and participated by many Tibetology institutes in China,the eight-volume General History of Tibet is due out soon.Through thorough study,we systematically surveyed the history of Tibet,and attempted to advance the research and expound some new understanding on the basis of previous work by the Tibetology community home and abroad.",ChinaTibetology,2018-03-15,期刊,K29,3-15,13
131,编撰《西藏通史》中的几个问题（英文）,张云,China Tibetology Research Center,O,"<正>The compilation of A General History of Tibet is a major research project funded by the national finance.Led by Lhagpa Phuntshogs,the former Director General of China Tibetology Research Center,the project was successfully accomplished after 14-year great effort under the conduct of Institute of Historical Studies in collaboration with 94 experts and scholars from universities and research institutes across the",ChinaTibetology,2018-03-15,期刊,K29,16-28,13
132,贾曹杰·达玛仁钦所造《释量论》注疏(《能显解脱道论》)的一部1449年刻本（英文）,范德康,Harvard University,O,"<正>Along with Dar ma[or:Chos kyi]rgyal mtshan(1237-1305),alias Bcom ldan rig[s pavi]ral[gri],and Rong ston Shākya rgyal mtshan(1367-1449),Rgyal tshab Dar ma rin chen was without a doubt one of the greatest Tibetan commentators of the Indo-Tibetan tradition of Buddhist logic and epistemology(pramāna,tshad ma)that",ChinaTibetology,2018-03-15,期刊,B948,29-39,11
133,阎摩敌《释量论庄严疏·极善清净释》摹写本——叶14b2-20a（英文）,李学竹;褚俊杰;艾利·弗兰克,"CTRC, Leipzig University",O,"<正>The following is the third part of the diplomatic edition of Yamāri’s Prama?nava?rttika?lanka?rati?ka? Suparis?uddha?(PVATS).It continues the portions published in earlier issues of this journal.1 The part published here is the last subsection of the introductory section of the PVATS,in this part,Yamāri explains the prose",ChinaTibetology,2018-03-15,期刊,B948,40-52,13
134,萨如儒诃之《喜金刚赞颂》（英文）,罗鸿,Sichuan University,O,<正>Primary Sources in Sanskrit HS ?rīhevajrabhattārakasya cakravim?ikāstotram by Saroruha.MSa A complete 2-folio palm-leaf manuscript of HS from the Potala.MSb A complete 2-folio palm-leaf manuscript of HS in the Hevajrasādhanasamgraha(230r2-231r1)from Ngor Monastery.,ChinaTibetology,2018-03-15,期刊,B948,53-71,19
135,仁达瓦与觉囊派之间的关系（英文）,多吉宁佳,Library of the Tibet Autonomous Region,O,"<正>Red mdav ba became a student of the Jo nang pa at the age of eighteen,and received the upa?saka and s?ra?manera vows in the presence of Ma ti Pan chen.Ma ti Pan chen was famous for giving monk’s vows at that time,and many Jo nang followers had been ordained in his presence.Besides ordaining monks,Ma ti Pan chen was",ChinaTibetology,2018-03-15,期刊,B948,72-88,17
136,精神资本与经济——基于四川省阿坝县查理寺的个案分析（英文）,杨明洪;克里希那·普拉萨得·奥利,Sichuan University,O,<正>Spirituality has often been mixed with religion.There is no agreed definition of spirituality and it is extremely difficult to define separately from the religious practices despite it being a distinct form of religiosity.This study examines how the spiritual capital of Buddhism has been deployed to influence and increase income in,ChinaTibetology,2018-03-15,期刊,B947;F127,89-103,15
137,藏蒙《云使》译本比较研究,萨其仁贵,中国人民大学国学院,《云使》;梵文;藏文译本;蒙古文译本;文学关系;文本研究;,"古代印度古典梵语名诗《云使》先后由藏文、汉文和英文译本转译成了蒙古文。其中,由藏文转译而来的译本时间早、数量多(两个全译本和一个六诗节的译文),有古代译本(18世纪)也有现代译本(20世纪),有集体翻译也有个人翻译,在印藏蒙古文学关系中具有重要地位和特殊意义。文章在《云使》蒙古文译本、藏文译本和梵文原本之间详细对照的基础上,结合时代背景,梳理分析了从藏文转译的《云使》蒙古文译本整体面貌以及各自的翻译得失,进而探讨藏蒙文学关系中的翻译问题。",中国藏学,2018-02-15,期刊,H059;I046,103-110,8
138,试论藏族诗歌古尔(■■■)与鲁(■),谢后芳,O,藏族诗歌;古尔(■■■);古尔玛(■■■■);鲁(■);敬语;自由体;分段体;,"文章对藏族民歌和不同时期藏文文献中出现的""古尔""和""鲁""进行了比较研究,认为作为语词,古尔和鲁最初的基本含义相同,都是""歌""的意思,只是修辞色彩不同。古尔是鲁的敬语,《米拉日巴道歌》问世以后,古尔才增加了""道歌""的含义。作为文学样式,古尔和鲁都是指吟唱的诗歌,是藏族最早的诗歌形式。文章分赞普传记中的古尔与鲁、卜辞诗歌与鲁、伏藏中的古尔与鲁、《西藏王统记》中的鲁、米拉日巴与道歌、古尔玛的兴起、鲁的发展、《格萨尔》与鲁、藏戏与鲁等9个部分对古尔和鲁在历史上的演变和发展进行了阐述。",中国藏学,2018-02-15,期刊,I207.22,31-47,17
139,仓央嘉措“情歌”原作和汉语翻译问题初探,陈一兰,西藏大学文学院,仓央嘉措;“情歌”;藏汉诗歌翻译;,"六世达赖喇嘛仓央嘉措的""情歌""自20世纪30年代首次被翻译为汉文之后,至今已有多种汉译本。文章就""情歌""原文版本、汉译史、原文语言特色和翻译中的问题等几个方面进行了梳理和分析。认为""情歌""汉译取得了一定的成绩,但""情歌""的汉译者在对原文版本的认识和选择、""情歌""原文的语言特色以及在汉语中应当以何种形式来传达原文的独特风格等等问题上仍欠缺细致的考量。",中国藏学,2018-02-15,期刊,H214;I209.9,117-128,12
140,若干典型古藏文语词疏译之四,陈践,O,吐蕃文献;异体字;古藏文;,"本文系解读吐蕃文献中之古词语内涵的系列文章之一。这些典型语词,《藏汉大辞典》中虽已收入,但不是文献中之含义,而是与其可以交替的异体字,如■■为■■之异体字,■■■为■■■之异体字,■■■为■■■之异体字。另,阐述了■■■■与■■■■的不同含义。均用文献例句进行比较、说明,供读者参考。文章引用吐蕃文献中之例句加以论证、说明,供同行比较参考。",中国藏学,2018-02-15,期刊,H214,26-30,5
141,《能断金刚经》藏汉译本比较研究,李本加,西南民族大学西南民族研究院,敦煌文献;P.T.99;能断;金刚经;藏译本;汉译本;,"佛教经典《能断金刚经》有诸多藏汉译本,文章选取两种藏译本和两种汉译本进行比较研究,分析各译本之间的差异,确定其完整标题为《神圣金刚能断般若波罗蜜多大乘经》,分析了藏译本修辞手法的运用特点。",中国藏学,2018-02-15,期刊,B942.1;H214,111-116,6
142,《雍和宫满文档案译编》评介,阿音娜,中国藏学研究中心历史研究所,O,"<正>满文文献的开发和利用,近年来愈发受到学界和学人的重视,尤其作为第一手资料的满文档案在清史研究的各个领域具有不可替代的史料价值。中央民族大学中国民族史、满文文献专家赵令志教授主编并主持翻译的《雍和宫满文档案译编》(上、下卷,以下简称《译编》)于2016年10月由北京出版社正式出版发行,并荣获2016年度国家优秀古籍图书一等奖,这是国内满学和藏学界一件令人鼓舞的幸事。这批多达200多万字的珍贵满文档案的翻译出版,不仅便利了学人利用",中国藏学,2018-02-15,期刊,G275.9;H221,174-179,6
143,温巴顿……:浅析西藏中部地区阿吉拉姆的开场表演,伊莎贝拉·亨利安-多茜;桑吉东智,加拿大拉瓦尔大学人类学系西藏自治区民族艺术研究所,藏戏;阿吉拉姆;开场;仪式;征服大地;诺桑王子;,"阿吉拉姆藏戏的开场表演中依次出现的3个人物角色及其相应的表演动作都是为了铺垫正戏的内容。首先,是猎人平整、征服大地;其次,是王子们的赐福;最后是仙女通过唱腔和舞蹈表演呈现出这段表演的神圣性。文章分析了每一个人物角色的仪式性及其象征意义,同时特别强调了传统藏戏剧目《诺桑王子》的重要意义,并通过对西藏中部流传的阿吉拉姆藏戏开场的分析,试图解读其表演结构和实践意义。",中国藏学,2018-02-15,期刊,J825,146-155,10
144,关于西藏文化保护与现代化的几点战略思考,格勒,西南民族大学,西藏;文化;现代化;战略;,"文章根据文化发展的客观规律,把西藏文化现代化分为三个阶段,并探索分析了每个阶段的文化特色,从而指出西藏文化现代化的历史必然性。最后从宏观战略的角度提出了构建西藏文化保护和现代化的十点思考。",中国藏学,2018-02-15,期刊,G127,15-21,7
145,一个藏族村落“男人节”的多层社会记忆——普兰县科迦村节庆“普堆羌”的传统及其变迁,任赟娟,中央民族大学民族学与社会学学院,“普堆羌”;“男人节”;普兰县科迦村;藏族村落;多层社会记忆;,"仪式庆典作为传递地方历史的重要媒介,其传统和变迁存续了多层的社会记忆。文章从文化人类学的视角出发,基于西藏阿里地区普兰县科迦村仪式""普堆羌""的田野调查,考察了它演变为""男人节""前后的称谓表述、源流图景和仪节流程;通过比照节日内容、形式和象征层面所产生的社会记忆,旨在为西藏西部的地域文化研究提供具体案例。",中国藏学,2018-02-15,期刊,K892.11,96-102,7
146,也谈新时代藏族文化产业的发展,罗莉,中央民族大学经济学院,O,"<正>党的十九大报告提出了一个重要论断:""中国特色社会主义进入新时代,我国社会主要矛盾已经转化为人民日益增长的美好生活需要和不平衡不充分的发展之间的矛盾。""笔者认为这个矛盾的一个突出体现就是文化产品的供给与人民日益增长的文化需求之间的矛盾。我国社会主要矛盾发生本质变化的时代背景是我国已经进入新时代,物质和文化生产都取得了巨大进步,但相对于物质水平,文化供给的发展还不均衡不充分,具体来说就是我国所拥有的5000多年文明历史的丰富的文化素材还没有得到足够的开",中国藏学,2018-02-15,期刊,G124,24-25,2
147,西方藏学研究的新趋势:区域化、多学科化与多元化,彭文斌;韩腾,滇西科技师范学院重庆大学人文社科高等研究院,西方藏学;区域化;多学科化;动态;,"近一二十年来,随着国内外藏学界交往的不断扩大,中国学界对西方藏学的有关机构、学人、著述、学术传统及其与政治和意识形态的关系,也有越来越多的反思与探索。目前已有的学术动态分析,对近年来国外藏学发展中的区域化和多学科发展趋势关注度尚显不足。文章就海外藏学的多元化发展,尤其是对""藏边研究""呈现出的新动态、新取向进行了梳理分析。",中国藏学,2018-02-15,期刊,K28,129-136,8
148,近年来英文学界对元明清时期的康区研究述评,胡箫白,美国宾夕法尼亚大学历史系,元明清时期;康区;中央王朝;地方社会;宗教;贸易;,"受益于稀见历史文献的面世和研究思路的转换,近年来,国内外学者通过跨学科、跨国别的合作,对康区历史文化投入了极大热忱,使得""康区研究""""康巴学""成为藏学研究领域新的学术热点。文章关注英文学界对元明清时期康区历史文化的研究,并从中央政府的川边治理、地方社会的能动回应、""地方感""的宗教呈现、经济结构与商贸行为等4个方面对既有研究进行梳理。在此基础上,希望探讨现存研究的理路贡献或范式缺失,以引起学界同仁反思,共同思考该领域的发展方向和尚待开拓之议题。",中国藏学,2018-02-15,期刊,K29,137-145,9
149,《西藏通史》荣获第四届中国出版政府图书奖,,O,O,"<正>1月17日,国家新闻出版广电总局公布《关于第四届中国出版政府奖表彰决定》,揭晓第四届中国出版政府奖的相关情况,中国藏学出版社2016年出版的《西藏通史》荣获第四届中国出版政府图书奖。中国藏学研究中心承担的国家重点科研课题《西藏通史》是国内首部完整、全面、系统介绍西藏地方历史的通史著作,由近百位藏学专家学者经14年呕心沥血完成。全书共850余万字,",中国藏学,2018-02-15,期刊,G239.2;K29,2,1
150,新时代中国藏学人的光荣使命,China,中国藏学研究中心,十九大;新时代;中国藏学;国际藏学;藏学研究;使命;,"党的十九大宣告,中国特色社会主义进入了新时代。这为我们中国藏学人深刻把握当代中国发展变革的新特征,增强贯彻落实习近平新时代中国特色社会主义思想的自觉性,更好地履行""两个服务""的责任,提供了时代坐标和科学依据。文章在回顾当代中国藏学的发展历程和成就的基础上,明确了中国藏学在国际藏学的地位和影响,指出中国藏学已经从中华人民共和国成立之初对国际藏学的跟跑,改革开放初期的并跑,变成为今天在大多数领域的领跑状态。文章强调,新时代中国藏学人的使命是,要深刻领会中国特色社会主义新时代的历史定位,始终坚持""两个服务""的政治方向,牢固树立实事求是的科学精神,认真聚焦新时代中国藏学研究的重点领域,以团结协作精神形成藏学事业发展的合力。",Tibetology,Research,Center;,K28,5-14,10
151,2017年全国藏学研究论文资料要目索引(上),拥巴,中国藏学研究中心图书资料馆,O,O,中国藏学,2018-02-15,期刊,Z89,191-200,10
152,敦煌藏文本《尚书》的研究现状及其文献来源问题,朱丽双,兰州大学敦煌学研究所,敦煌藏文本《尚书》;P.T.986;,"敦煌所出的藏文文献中,P.T.986《尚书》和P.T.1291《春秋后语》两件文书因是儒家经典的译文而颇受学者注目。过去拉露女士在其所编法藏藏文文献的解题目录中已经正确地指出P.T.986为《尚书》的《周书》部分~②,不过对于P.T.1291她解读失误,认为亦是《尚书》(拉露作《书经》)的改写本~③。后人的研究已经表明这是《春秋后语》的译文~④。文章主要探讨P.T.986《尚书》的研究现状及其文献来源问题,以下行文将不涉及P.T.1291。",中国藏学,2018-02-15,期刊,G256.1;K221.04,156-162,7
153,元顺帝召请觉囊巴上师朵波巴入朝叙事考述,石美,中国人民大学国学院,元顺帝;觉囊派;朵波巴·摄啰监灿;召请入朝;文本叙述模式;,"文章依据朵波巴的相关传记,对元顺帝妥懽帖睦尔邀请觉囊派上师朵波巴入京一事的来龙去脉进行了梳理,指出朵波巴于1344年接到邀请,但最终并未成行。同时就有关文本的叙述模式展开分析,找出了其所利用的故事原型,并就曲扎白所著传记中记载的朵波巴应使者之请所讲教法之内容作简要论述。",中国藏学,2018-02-15,期刊,K247,89-95,7
154,法王图道南杰(二)——《哲孟雄王统史》译注节选,图道南杰;扎洛;敖见,中国社会科学院近代史研究所中国民族语文翻译局,哲孟雄;图道南杰;马科蕾;西藏;隆吐山设防;,"1881年哲孟雄图道南杰按照传统迎娶西藏拉定家族之女益喜卓玛为妻。1884年孟加拉政府财务大臣马科蕾前往哲孟雄游历,寻求从哲孟雄北部前往西藏通商的可能性,其间与图道南杰会谈,要求他放弃每年夏季前往春丕夏宫避暑的传统。1886年,马科蕾获得清朝总理衙门同意,准备入藏交涉通商事宜,引发西藏地方的强烈抗拒,在隆吐山修筑宗堡,派藏军防守。面对藏英冲突,图道南杰扮演调停角色,并借故在春丕夏宫滞留近3年之久,表现出明显的亲藏内向之情。",中国藏学,2018-02-15,期刊,K252,58-67,10
155,从张先生出川考察——任乃强《筱庄笔记·身世录》录注(三),何洁,四川省社会科学院康藏研究中心,任乃强;张澜;出川考察;《筱庄笔记》;广西;广东;,"1933年4月,张澜受四川当局委派,率领""四川省教育、实业、地方自治考察团""赴两广等地考察,此次考察历时5个月,行程逾万。任乃强随行考察过程中,对所见、所闻、所遇之人记述颇详,尤其侧重教育、农业等方面之考察,对他后来在重庆大学农场部及省三中推行教育改革实践产生了直接的影响。本文辑选任乃强《筱庄笔记》中对此次考察的记载,以资史志参考。",中国藏学,2018-02-15,期刊,K263,68-76,9
156,“热振事件”与国民政府的因应,喜饶尼玛;冯翔,中央民族大学中央民族大学历史文化学院,国民政府;热振活佛;对藏政策;沈宗濂;蒋介石;印度;,"五世热振活佛是近代西藏历史上一位著名的""内向""活佛,曾一度期望在国民政府的帮助下复任摄政,后被西藏地方政府拘捕,不幸圆寂。文章利用台北""国史馆""所藏档案和英国外交部档案,对""热振事件""前后国民政府对五世热振活佛的态度及治藏政策作了比较详细的考察,试图弄清""热振事件""中一些被忽略的细节,从而辨析国民政府的最终抉择。",中国藏学,2018-02-15,期刊,K262.9,48-57,10
157,“藏族抗战史”研究之回顾与前瞻,王川;马正辉,四川师范大学历史文化学院四川大学历史文化学院,藏族民众;抗日战争研究;1931—1945年;,"文章在回顾国内学术界几十年对于""藏族抗战史""(即中国藏族民众与团队投身抗日战争)研究相关成果的基础上,通过评述、总结这一领域的代表性研究成果,归纳了这一研究的现状,如这一领域的最早呼吁、现有对象的细化、部分史料与研究成果得到结集等。文章分析了导致这一现象的主要原因,并提出了这一研究领域深化的未来可能发展方向。",中国藏学,2018-02-15,期刊,K26,163-170,8
158,玉树通天河流域岩画中牦牛图像研究,王永军,中央民族大学民族学与社会学学院、中国岩画研究中心,玉树岩画;通天河流域;牦牛图像;牦牛崇拜;生态调适;,"玉树通天河流域岩画内容丰富、题材广泛,以牦牛图像数量最多,牦牛图像是最具本土风格的图像类型。文章通过图像学分析,将牦牛图像分为3个类型,并根据相关资料确定了每种类型的相对年代,认为从A型牦牛风格到C型牦牛风格反映了青藏高原早期人们的牦牛崇拜到图腾信仰的发展过程,同时牦牛图像的演变也是生态环境不断调适的表征。",中国藏学,2018-02-15,期刊,K879.4,77-88,12
159,2015—2016年国内藏学图书要目(藏文部分),王建海,中国国家图书馆古籍馆,O,O,中国藏学,2018-02-15,期刊,G255.1,180-190,11
160,新时代西藏的乡村建设,王文长,O,O,"<正>中国经济社会进入新时代,对西藏来说,也是一个新的时代座标,这一时代座标为西藏发展提供了一个时代背景,也提出了一个时代要求。这个时代背景,就是中国全面建成小康社会将为西藏地方发展提供更强有力的发展支撑;这个时代要求,就是西藏地方发展必须跟上时代步伐,进入小康社会。西藏小康社会建设,最难在乡村。西藏乡村发展之难,不是一般意义上的城乡差别之难,而是特别之难。国家统计局2016年的一些数据可以说明这种特别之难。西藏乡村人口占总人口的70.44%;据抽样",中国藏学,2018-02-15,期刊,F327,22-23,2
161,第五届全国藏学期刊协调会在云南昆明召开,本刊记者;沈红宇,O,O,"<正>在党的十九大胜利闭幕、全国掀起学习十九大精神热潮之际,第五届全国藏学期刊协调会于2017年11月11日至12日在云南昆明隆重召开。此次会议由中国藏学研究中心和云南民族大学联合主办,中国藏学研究中心科研办、中国藏学杂志社、《云南民族大学学报》编辑部、《西藏大学学报》编辑部承办。会议主题是""涉藏学术期刊选题协同创新""""藏学文献数据库建设""""藏学研究热点问题""。来自北京、西藏、云南、青海等9省市30余家学术期刊(其中14家藏文期刊)近70名专家学者参加了此次会议。",中国藏学,2018-02-15,期刊,G239.2,171-173+201,4
