1,宋词中所见舞伎缠足、步法考,尹航,北京舞蹈学院学报编辑部,宋词;宋代舞伎;缠足;罗袜;弓鞋;步法;,"宋代舞伎缠足与宋代普通女子缠足的时间趋于一致,大致均起自北宋年间。此时尚处于缠足刚刚兴起的阶段,其样态和尺寸与明清时期明显不同。宋代舞伎只会将脚尽量缠紧或缠小,而不会使脚部骨头严重变形以致影响跳舞。《全宋词》中描写舞伎缠足、步法的词共25首,从中可以考证出宋代舞伎缠足的形状为小、窄、弓,舞伎既有缠足后直接穿袜而舞,也有着鞋而舞的情况,其所穿大多为罗袜、弓鞋或弓靴。缠足势必会对舞蹈步法产生影响,""步步金莲""与""凌波微步""集中体现了缠足后步法的精妙之处。相应地,赤足起舞在宋代已成为边缘化的现象。",北京舞蹈学院学报,2017-12-31,期刊,I207.23;J709.2,8-15,8
2,“想象机制”在舞蹈表演实践中的应用,张瑞智,湖南城市学院艺术学院,舞蹈表演;想象机制;高峰表现;表演心理学;,"在表演心理学范畴中,科学的""想象机制""模型与心理干预等技巧的运用,可以有效地帮助舞者提高在舞蹈表演过程中的状态、能力的展现以及对舞蹈表演过程的理解,从而在舞蹈表演的过程中实现""高峰表现""。本文结合表演心理学的相关理论,分析在舞蹈表演中如何运用""想象机制""指导、干预舞者的舞蹈表演状态;通过中西方关于""想象机制""的相关理论对舞蹈表演实践的分析比较,强调在""科学想象""基础上,""艺术想象""可以加强舞者对人物角色的塑造以及舞蹈艺术作品意境的营造,从而为舞蹈表演理论的研究提供新的视角。",北京舞蹈学院学报,2017-12-31,期刊,J712,84-88,5
3,汉代鞞暨鞞舞考,刘银清,山东师范大学文学院,鞞;鞞舞;形态;合流;,"鞞鼓的形制约分为三种,一种是有柄有耳,是较大的拨浪鼓;一种是有柄无耳,和有柄的手鼓相似;一种无柄无耳,和无柄的手鼓相似。鞞舞可分为两类,一类是舞者在舞蹈中,一手持鞞,一手拊击;另一类是将鞞鼓放置在地上,舞者边舞蹈,边用足踏击。鞞舞在汉代已经与其他舞蹈发生合流,与盘舞一起表演的称作盘鼓舞,与扇舞一起表演的称作鞞扇舞。",北京舞蹈学院学报,2017-12-31,期刊,J722.21,1-7,7
4,清代方志文庙舞佾图考论,彭志,浙江大学人文学院,方志;文庙舞佾图;形制;源流;乐歌舞;礼乐文明;,"明清两朝修志风潮炽盛,志书中往往有对丁祭祀孔仪式舞蹈过程的记载,但多用字谱,存世图谱较少。清代方志中著录的文庙舞佾图基本形制由三十六舞生,冠、带、袍、靴四舞衣,旌、翟、籥三舞器,八大舞容,十一动势,九十六字舞式构成。在源流上,方志文庙舞佾图和礼制乐舞型书关系密切,早期时,多是对其进行简化、重组或改写;而待方志形成层累系统后,晚出方志舞佾图更多借鉴自早期方志。在清代祭孔仪式中,用乐多是中和韶乐,用歌多是首句为""予怀明德""的四言诗,用舞多是六佾文德之舞,而乐、歌、舞三者则表现为密切无间的一体关系。从祭祀对象、表意方式、寄存文献三个层面切入,可发现方志文庙舞佾图是推扬地方礼乐文明发展的重要关节。",北京舞蹈学院学报,2017-12-31,期刊,J709.2,16-25,10
5,"礼成乐备,人和神悦——清代地方志中祭孔舞谱辨析",阮岷,北京舞蹈学院中国人民大学,清代;地方志;乐舞;舞谱;,"祭孔乐舞是清代祭祀乐舞中很重要的一部分,本文依据清代地方志中舞谱的记载,对不同时期、不同地区所记载乐章内容的对比与比较,对不同版本的舞谱的演变做出分析,同时根据地方志的记载,还原祭孔乐舞在当时实际的开展情况,为清代乐舞研究提供新的视角。",北京舞蹈学院学报,2017-12-31,期刊,J722.29,26-32,7
6,转化学习理论在成人舞蹈学习中的思考和应用,李诗珩,北京舞蹈学院研究生部,转化学习理论;舞蹈学习;理性反思;创造思维;,"""成人转化学习""理论(Transformative learning)属于教育学中的概念,为成人观念转化、行为和决策的改变提供了重要理论指导,其基本概念为艺术普及型的成人舞蹈学习提供了理论指导和支持。随着我国群众文化活动的逐步深入和普及,成人舞蹈学习,更加注重舞蹈对于成人学习者观念的转变和创意思维的启发,因而其指导思想显现出新理论的缺失和需要。本文在解释和引用教育学转化学习理论的同时,针对成人舞蹈学习进行观察、参与和反思,以期为舞蹈教育者提供理论参照,提高教育者对于成人舞蹈学习中""转化""一环的认识。",北京舞蹈学院学报,2017-12-31,期刊,G720;J70-4,136-140,5
7,北京舞蹈学院青年舞团作品,,北京舞蹈学院宣传部,O,"<正>10月10日晚,由我校与江西吉安职业技术学院联袂打造的原创舞剧《井冈·井冈》在国家大剧院第十届""春华秋实——艺术院校舞台艺术展演周""隆重公演。为纪念中国人民解放军建军90周年、秋收起义90周年、井冈山革命根据地建立90周年,我校校长郭磊担任总导",井冈·井冈,牟可,北京舞蹈学院学报,J723-2,3+5-6,3
8,《舞论》的古典舞蹈论,尹锡南,四川大学南亚研究所,《舞论》;婆罗多;印度古典舞;艺术理论;,"《舞论》是印度古代著名的梵语艺术理论著作。本文先简要介绍《舞论》的大致结构和内容,再对其关于舞蹈起源、功能、分类、刚舞和柔舞、各种手势、步伐、坐姿、行姿和躺姿等规定进行评析。《舞论》还论及舞蹈与戏剧、音乐的联系。《舞论》具有非常典范的理论价值,对当代舞蹈艺术实践具有重要的指导意义。",北京舞蹈学院学报,2017-12-31,期刊,J732.4,33-38,6
9,阿甘本论作为“姿态”的舞蹈,支运波,上海戏剧学院南京大学,阿甘本;舞蹈;姿态;伦理;生命政治;,"阿甘本拒绝在审美领域内看待舞蹈,而是把舞蹈定义为姿态。这首先意味着舞蹈是一种空无、无目的的纯粹手段,而不是指向目的的手段或目的本身。其次,这也意味着舞蹈是一种运动,而这种运动并非是一般性的身体动作,而是与人民关联的作为权力的权力体制。这两种意图都最终指向了舞蹈作为纯粹姿态所具有的伦理与生命政治的当代资本主义治理装置的生命美学机制。",北京舞蹈学院学报,2017-12-31,期刊,J702,39-43,5
10,舞蹈民族志的撰写与反思——基于人类学的视角,刘姝曼;王建民,中央民族大学,舞蹈民族志;撰写;反思;艺术人类学;,"舞蹈自始至终是文化人类学关注的重要事象,在不同理论学派的民族志中都有不同的诠释。本文从人类学视角,对不同范畴探讨舞蹈的脉络进行追溯和阐述,在回顾经典民族志的基础上,从艺术人类学角度对舞蹈民族志撰写进行反思。",北京舞蹈学院学报,2017-12-31,期刊,J70-05,44-50,7
11,身体观、宇宙观与民间舞蹈文化研究,毛毳,北京舞蹈学院中央民族大学,身体观;宇宙观;民间舞蹈文化;,"不同文化里的身体观和宇宙观会在其舞蹈活动中得到体现,舞蹈与身体的紧密联系赋予了民间舞蹈文化研究运用身体观和宇宙观视角的""先天""优势。审视身体观和宇宙观在舞蹈行为中的体现,才能对民间舞蹈进行深入全面的文化阐释。舞蹈者身体形态的形成过程、舞蹈者的身体与方位方向、舞蹈者的关系、身体与其装饰及舞蹈器物的关系、空间等,这些都是研究中的重要方面。运用身体观和宇宙观的视角,民间舞蹈文化研究能够与哲学、人类学、社会学联系紧密,并使舞蹈文化研究显示出舞蹈活动原本具有的对生命的整体性关怀。",北京舞蹈学院学报,2017-12-31,期刊,J722.21,51-55,5
12,壮族师公舞非物质文化遗产数字化保护机制初探,欧阳爱辉,南华大学经济与法学学院,壮族师公舞;非物质文化遗产;数字化保护机制;,"在信息社会,非物质文化遗产的数字化保护已成为重要趋势,壮族师公舞非物质文化遗产数字化保护机制应用在数字采集、数字储存、数字处理、数字展示和数字传播上都存在不少难点。笔者提出对壮族师公舞的数字化保护机制建构设想,这主要包括:明确尊重原生态、保护与开发相适宜的基本指导原则,完善壮族师公舞代表性传承人认定制度,规定壮族师公舞相关资料信息数据库建设主体与统一标准,注重以数字化技术实施壮族师公舞的数字展示与传播,明确对相关权益的保护。",北京舞蹈学院学报,2017-12-31,期刊,J722.2,78-83,6
13,浅谈斯坦尼斯拉夫斯基戏剧表演理论体系中“行动”在舞剧表演中的运用,王克,中央戏剧学院舞剧系,斯塔尼表演体系;行动;舞剧表演;,"本文以斯坦尼斯拉夫斯基戏剧表演体系中的""行动""理论作为舞剧表演运用实践的理论支点,将认识舞蹈动作的戏剧动机、把握舞剧表演中的角色调度、融汇舞剧表演中角色的内外部行动,以及规定情境在舞剧表演中的作用,作为转换运用的方式方法,并结合笔者近年来的舞剧表演艺术实践,以具体案例进一步阐述斯坦尼斯拉夫斯基戏剧表演理论体系中""行动""在舞剧表演中的运用,旨在为演员进行舞剧表演时提供理论依据及实践可能。",北京舞蹈学院学报,2017-12-31,期刊,J723,89-92,4
14,基于学科融合背景下的舞蹈传播学构想,王安妮,中国地质大学艺术与传媒学院,跨学科;舞蹈传播;舞蹈传播学;,"人类的舞蹈社会实践,其本质就是舞蹈的传播实践。传播是舞蹈艺术保存、流传和发展的唯一方式,没有传播,就没有人类的舞蹈文化现象。舞蹈传播既可作为研究对象,从传播的时空角度出发,观照传播现象的内在结构和外在联系;又可作为研究方法,将传播科学的研究成果和理论工具用于解释舞蹈传播现象,提高传播效率。在学科融合的背景下,从传播学视角研究舞蹈传播,形成既有理论高度又能指导实践、既有人文阐释又有科学评估的跨学科交叉理论,成为当前舞蹈学理论研究的新任务。本文对舞蹈传播学的研究背景、核心概念、研究范畴和方法进行梳理,并阐述舞蹈传播学的研究意义和未来价值。",北京舞蹈学院学报,2017-12-31,期刊,J70-05,56-61,6
15,论“非遗”语境下传统民间舞蹈的保护,朴永光,中央民族大学舞蹈学院,“非遗”语境;传统民间舞蹈;保护;中国经验;,"文化是手段,文化的目的是文化自觉,且在此基础上形成民族认同感和凝聚力。在过往的历史语境中即如此,在当下全球化语境中更如此。因此,为了达成目的就必须强化手段,保护民族的传统民间舞蹈亦然。本文拟讨论四个层面的话题,即关于传统民间舞蹈的保护:其一、保护什么?其二,为何保护?其三,如何保护?以及中国""非遗""保护取得的成绩和认识,以及保护""非遗""的中国经验。",北京舞蹈学院学报,2017-12-31,期刊,J722.21,62-71,10
16,舞蹈类“非遗”旅游符号化消费边界研究——以基诺族大鼓舞为例,吴兴帜,云南民族大学职业技术学院,大鼓舞;文化旅游;符号;边界;,"少数民族传统舞蹈因其集神圣性、世俗性、娱乐性、参与性为一体,在当今文化旅游中逐渐成为旅游者热衷的消费品,地方权力行为体和商业行为体从市场的角度出发,按照商品模式去改造少数民族传统舞蹈自身的内在逻辑,以迎合旅游者的消费需求,使得作为地方人群共同体日常生活的舞蹈逐渐符号化、舞台化,从而造成地方文化的异化。本文以基诺族大鼓舞为例,分析大鼓舞的文化逻辑、自我边界和文化旅游消费情境中大鼓舞的旅游消费符号化表征,探寻大鼓舞文化旅游消费边界和自我延续的路径。",北京舞蹈学院学报,2017-12-31,期刊,J722.22,72-77,6
17,试论舞蹈表演中的“劲力”,马蛟龙,北京舞蹈学院青年舞团,舞蹈表演;力效;劲力;,"""劲力""是一种气力,同时也寓意着一种精神和神情,是动作内在的质量和外在的表现,它蕴藏在肢体的传导配合之中,是支撑形、传达神的一种表现。所以,""劲""可由表及里,""力""仅及于表面,只有""劲""与""力""的平衡协调,才能体现出动与静、快与慢、强与弱的力量之美,这其中又涵盖了速度、节奏、技巧的综合之美。本文结合笔者多年的舞台表演经验,以拉班的""力效理论""展开分析,并以亲身实践演出过的《勾践》《水墨孤鹤》《风吟》《对他说》《秦王点兵》等作品为例,探索不同""劲力""的运用对舞蹈人物形象塑造、情感表达、意境营造的重要性,对""劲力""在舞蹈表演中的价值意义进行分析、实践和阐释。",北京舞蹈学院学报,2017-12-31,期刊,J712,93-97,5
18,舞蹈表演中人物形象塑造的三重体验——以《铜雀伎》《翠狐》的表演实践为例,郭娇,北京舞蹈学院青年舞团,“象”;艺术体验;《铜雀伎》;《翠狐》;,"在舞蹈表演中,演员对艺术形象的体验是必不可少的。在舞蹈演员塑造作品艺术形象的过程中,无法言尽的心理活动和情感感受,更多源自演员对作品艺术形象的体验活动,所以对作品中具体艺术形象进行细致入微的体验,是舞蹈演员塑造艺术形象必不可少的重要环节,是演员塑造艺术形象的必修课。本文从舞蹈演员对艺术形象的体验层出发,以自身表演《铜雀伎》《翠狐》等作品的经历和心得感受为实践前提,提出心舞、思舞、身舞之三重体验,探讨舞蹈演员塑造人物形象过程中,进行艺术体验活动的不同层次。",北京舞蹈学院学报,2017-12-31,期刊,J712,98-102,5
19,少数民族群舞作品的创作现状及挑战——以“全国舞蹈比赛”、中国舞蹈“荷花奖”“桃李杯”舞蹈比赛为例,冯百跃;李宁,温州大学浙江艺术职业学院,舞蹈赛事;群舞作品;民族特色;,"近年来,少数民族群舞作品创作丰富。在""全国舞蹈比赛""、中国舞蹈""荷花奖""""桃李杯""舞蹈比赛中的共计893部不重复群舞,维吾尔族,藏族、朝鲜族、蒙古族舞蹈作品有179部,占据总比例的20.04%。在这179部作品中,86%侧重作品表演形式的""形式美"";11.7%有意挣脱""形式美""创作观念的束缚;3.3%不再拘泥于枯燥乏味的机械形式,较为明显地改变了""形式美""创作现状。文章认为,少数民族群舞作品创作应进一步挖掘本民族的特色与个性,彰显民族情怀和时代意义,在注重形式美的基础上,更多侧重具有民族情怀的内涵表达与舞蹈化的讲述。",北京舞蹈学院学报,2017-12-31,期刊,J722.2,103-108,6
20,舞蹈剧《人间情味》中的“拙趣”与“情怀”,郑琳喆,华南农业大学艺术学院,《人间情味》;漫画;动态捕捉;审美情趣;,"本文以万素老师编创的舞蹈剧《人间情味》为研究对象,从作品的漫画选材、多媒体与演员的两重勾连、动作连缀的创作手法、时代感、音乐的选择等不同角度,分析作品中充满拙趣的生活景象与真挚的情感情怀。作品的可贵之处在于唤起观众对自然平实生活的回溯与品味。丰子恺先生把人间的动态捕捉下来,用静态的和漫画的方式呈现出来;随后,编导又用动态的舞蹈方式,把漫画还原成动态的。两人在艺术方式上相向而行,却同样带着""拙趣"",带着""情怀"",带着""情儿""和""味儿""。本文对作品及其编创手法的探讨,旨在为当下舞蹈创作提供参考。",北京舞蹈学院学报,2017-12-31,期刊,J723,109-113,5
21,普通高等院校校园舞蹈创作的题材探寻,饶莉娜,北京工商大学体育与艺术教学部,校园舞蹈;舞蹈创作;题材;人文背景;时代精神;社会责任;,"校园舞蹈一直以来都是校园文化的重要组成部分,作为高校美育的重要手段,校园舞蹈的发展在一定意义上具有较为全面的功能性和审美特质。虽然在普通高等院校中,校园舞蹈的规模和质量随着国家对高校公共艺术课程的普及与推广而不断壮大,但由于普通高校不同专业和教学目标的限制,校园舞蹈的创作与发展经历了不同的发展阶段。本文从高校校园舞蹈创作题材入手,结合创作内容与技法、形式与功能、特征与价值以及文化内涵与美学意义等要素,对普通高校校园舞蹈创作的原因和背景进行剖析与解读,从而为普通高等院校今后的舞蹈创作提供有效的理论支撑。",北京舞蹈学院学报,2017-12-31,期刊,J704,114-117,4
22,试论满族舞蹈文化的剧场形态嬗变——从《莽势空齐》《珍珠湖》到满族风情舞蹈小品,胡博,沈阳师范大学戏剧艺术学院,满族舞蹈;文化基因;剧场创作;形态嬗变;,"本文以满族舞台创作舞蹈近三十年来的典型作品为例,将满族舞蹈形态的原生""游艺性""转向剧场""演艺性""趋势与作品发生的具体语境进行勾连,试图以文化人类学的""文化基因说""对满族舞蹈剧场形态的特征进行评述。本文以改革开放后首个满族舞台舞蹈作品《莽式空齐》、首部满族神话舞剧《珍珠湖》以及剧场形态的满族风情舞蹈小品为具体案例,剖析和阐释作品的内在意义。与此同时,本文也指出在满族舞蹈舞台化的当代发展历程中,在经历了一系列剧场形态的变迁后,其创作也进入了瓶颈期,由此提出满族舞蹈现代化发展的现实道路——将舞蹈形态与语境发生勾连起来,在恪守传统的基础上创新发展。",北京舞蹈学院学报,2017-12-31,期刊,J705,118-123,6
23,普通高校公共舞蹈形体课现状分析与教学设计,傅梦巧,北京师范大学珠海分校,跨学科;舞蹈;公共舞蹈形体课;教学设计;,"目前普通高校开展的公共舞蹈形体课的课程内容存在着重视舞蹈技能训练,忽略对学生心理的关注等问题。本文以北京师范大学珠海分校公共舞蹈形体课为例,采用跨学科综合教育的方法对公共舞蹈形体课的课程进行新的设计尝试。以作品赏析提升学生人文素养与审美情趣,将舞蹈形体训练与心理健康促进有机结合,促进当代大学生身心健康。",北京舞蹈学院学报,2017-12-31,期刊,G642;J712.2-4,124-127,4
24,交叉学科视角下普通高校动作教育研究,井志伟;黄婷婷,北京航空航天大学,动作教育;拉班理论;交叉学科;普通高校舞蹈教育;,"普通高校大学生是国家未来发展的生力军,因此,对其培养既要注重专业知识的""深"",又要顾及文化素质的""广"",从而培养出更加全面、更具创新精神的人。本研究基于将""深""和""广""相结合的理念,探索普通高校舞蹈艺术理论、实践及交叉学科应用的新的教育模式。通过以拉班理论为基础的动作教育所具有的科学性、艺术性、普遍性及交叉性的特点,提出了动作教育在普通高校舞蹈教育中舞蹈普及教育价值的""众"",理性分析与感性表达的""合"",以及更加宽广贯通的交叉学科的""融""的教育模式。同时,以舞动实践出发,以动作教育为导向,建立了动作分析与大学生相关专业交叉学科创新思考与应用研究的教学模式。",北京舞蹈学院学报,2017-12-31,期刊,G642;J70-4,128-131,4
25,高校舞蹈美育“讲台-舞台-平台”模式思考,许晶;刘伟东,北京理工大学,舞蹈美育;协同发展、普惠原则、教学案例;,"本文从高校美育工作的新任务出发,分析了""讲台(课堂教学)-舞台(校园文化活动)-平台(社会资源共享)""各自的定位、任务和有效做法,从协同普惠的角度对实践探索进行提升,回答了""讲台-舞台-平台""育人模式的核心,即是通过美育为谁培养人,怎样培养人的问题。",北京舞蹈学院学报,2017-12-31,期刊,G642;J70-4,132-135,4
26,2017年“一带一路”民族传统舞蹈展演,高天;石磊,民族舞蹈文化研究基地,O,"<正>10月24日晚,由北京舞蹈学院主办,民族舞蹈文化研究基地承办的""2017年一带一路民族传统舞蹈展演""在我校舞蹈剧场成功举办,为国内外观众呈现了一场精彩纷呈的民族文化盛宴。",北京舞蹈学院学报,2017-12-31,期刊,J732.2-2,7-8,2
27,陈伦摄影作品选——精艺,陈伦,O,O,O,北京舞蹈学院学报,2017-12-31,期刊,J42,4,1
28,中国当代舞蹈翻译历程,曾征,厦门大学外文学院,翻译实践;翻译研究;翻译场域;,"1949—2016近70年的时间里,中国舞蹈翻译经历阶段性发展,在舞蹈翻译实践及舞蹈翻译研究方面取得了一定成果,构筑了舞蹈领域的""翻译场域""。回顾我国舞蹈翻译的历程,分析舞蹈翻译实践的现状,探讨舞蹈翻译实践与研究的交叉学科背景,对于中国翻译研究内涵的扩展和中国舞蹈事业的发展具有现实的实践意义和理论价值。",北京舞蹈学院学报,2017-10-31,期刊,H059;J709.2,46-52,7
29,国家艺术基金舞蹈创作项目述评,江东,中国艺术研究院舞蹈研究所,国家艺术基金;舞剧创作;舞蹈诗;艺术资助;遴选;,"作为一个新生事物,具有国家意志和官方权威的国家艺术基金迄今已经走过三年的时间。三年来,这个基金获得了极大关注度,在文艺圈乃至社会都激起了层层涟漪。作为一个专门资助高端艺术创作的公益性基金,国家艺术基金自创立以来就发挥了积极而有效的作用,让当前中国的艺术事业获得了新的推动力。在众星捧月的态势中,如何认识这个基金的意义和价值,如何理解国家对于文艺事业的重视和扶持,如何掌握这个基金在遴选、实施和验收等环节上的具体运作方式,都是眼下业界一个热议的话题。本文就该领域的发展做一个综述性的梳理。",北京舞蹈学院学报,2017-10-31,期刊,J704,1-7,7
30,基于转场设计的舞剧叙事策略研究——以现代舞剧《银孩子》的创作为例,黄磊,广西艺术学院舞蹈学院,《银孩子》;转场设计;舞剧叙事;结构;,"舞剧创作中叙事的完整和流畅,不仅体现在宏观性的结构布局,也体现在不同场景之间的转场设计。转场设计既是基于文本结构进行舞剧创作的一种技术方式,也作为结构性的叙述语言出现于舞剧叙事之中。本文以现代舞剧《银孩子》的创作构思、转场设计为例,探讨舞剧创作以空间单元转折作为叙事策略,建构舞剧的可能性,并对基于转场设计而引发的舞剧叙事策略的结构性调整与应用,进行探索分析。",北京舞蹈学院学报,2017-10-31,期刊,J723.9,8-13,6
31,“视错觉”与舞蹈舞台调度的物理空间塑造力,郑萌,广东工业大学通识教育中心,视错觉;透视性舞台调度;空间塑造力;物理空间;,"空间""塑造力""是舞蹈创作中舞台调度研究的核心问题之一,其目的在于使舞蹈的""物理空间""与""虚幻空间""无形融合,在""有限""的空间里实现""无限""的表达。本文依据""力效""原理,从""视错觉""审美效果阐述""物理空间""在舞蹈创作中的的塑造力:第一,线性透视错觉调度改变物理空间深度;第二,运动透视错觉调度突破物理空间秩序;第三,光影透视错觉调度重构物理空间维度;第四,错位透视错觉调度再造物理空间形象。",北京舞蹈学院学报,2017-10-31,期刊,J711,14-18,5
32,从《论传统》与《传统的发明》反思中国民族民间舞蹈传统,王昕,北京舞蹈学院人文学院,论传统;传统的发明;中国民族民间舞蹈;,"""传统""对于中国民族民间舞蹈而言是一个伴随始终的核心概念,传承传统是该舞种的立身之本,发明传统又是其适应现代性的发展之要。什么是中国民族民间舞蹈传统,什么是中国民族民间舞蹈发明的传统,以及传统与发明的传统之间,沿承继续的一致性是什么,是本文论述阐释的重点。",北京舞蹈学院学报,2017-10-31,期刊,J722.2,24-28,5
33,区域文化视野下的民俗舞蹈研究——以“岭南舞蹈”的美学分析为例,刘波,华南理工大学艺术学院,岭南舞蹈;民俗艺术;区域文化;,"区域文化研究作为一种极具应用性的现代学术思潮,其研究视角主要是将某区域范围内的生态环境、风俗习惯、社会文化和特定文化形态产生的因素动力紧密结合。本文试图从区域文化的研究视角来探究岭南民俗舞蹈的美学特征,通过追溯区域文化在音乐研究中的学术先行,辐射到区域舞蹈文化的研究现状,通过明确岭南文化中的标识特征——地域和文化的双重属性,认为岭南民俗舞蹈文化的审美内涵由其独特的动态特征、文化精神和艺术语言构成。",北京舞蹈学院学报,2017-10-31,期刊,J722.2,29-34,6
34,《抛球乐》传入高丽考,徐利华;刘崇德,河北经贸大学河北大学,《抛球乐》;队舞;高丽;,"古代的抛球游戏主要有二:一是酒席间抛球助兴;二是先由女子抛球,后由男子骑马逐之。宋代队舞《抛球乐》源自第二种抛球游戏。熙宁四年,高丽使者金悌出使宋朝,随行高丽乐工学习到《抛球乐》队舞。《高丽史·乐志》对《抛球乐》队舞有详细记载,涉及《折花令》《折花三台》《水龙吟》《小抛球乐令》《清平令》和《破子》等乐曲。《抛球乐》队舞演出场合主要可分两类:一是在八关会、河清节等节日庆典之中;二是在宴请中国使臣之时。在不同的演出场合,其环节设置、口号致语、唱词都有所调整变化。",北京舞蹈学院学报,2017-10-31,期刊,J709.2,35-40,6
35,民国时期上海舞女身份研究,任文惠,北京舞蹈学院国标舞系,民国时期;舞厅舞;舞女;身份研究;,"民国时期上海的舞厅业空前繁荣,在这种繁荣之下催生了舞女这一兼具新女性与消费商品双重属性的特殊群体,她们的身体属性在""看""与""被看""的二元对立中得以凸显,被建构成一种经由男性目光和消费话语权力共同作用下的具有多重身份的女性形象。然而作为消费社会和男权社会的附庸,舞女的""他者""身份使她们陷入了身份认同的困境。",北京舞蹈学院学报,2017-10-31,期刊,J709.2,41-45,5
36,红河县垤施村彝族“乐作舞”辨误,张富林,红河学院音乐学院,红河;垤施彝族;乐作舞;辨误;,"云南省红河哈尼族彝族自治州红河县阿扎河乡垤施村和洛孟村的彝族舞蹈是彝族代表性舞蹈,传统的彝族乐作舞集歌舞乐于一体,共有十个套路。笔者作为出生于垤施村的彝族,在拜读前人关于垤施乐舞的文章时,偶尔会碰到对乐作舞相关文化有个别误读之处。本文拟借鉴译语文化体系和原语文化体系的方法和理论,就垤施彝族乐舞在调研和传播过程中部分被误读的舞蹈套路名称和舞蹈文化,结合史实从舞蹈的结构体制、音译、意译、族属四个方面对这些问题进行辨误和阐释,试图廓清误读,还原彝族乐作舞文化本真涵义,以严谨科学、求真求实的态度和方法为民族文化艺术立言。",北京舞蹈学院学报,2017-10-31,期刊,J722.2,61-65,5
37,论民间舞的民族性,潘丽,北京舞蹈学院人文学院,民族性;民间舞;宗教信仰;集体情感;民族精神;,"本文从民间舞与宗教信仰的关系,民间舞作为民族精神最本真最直接的身体表现和民族身体文化的代表,以及民间舞具有民族舞蹈文化的母体性质等方面来探索民间舞的民族性问题,以便我们更好地把握民间舞的特征,认识民间舞的社会价值,在民间舞创作中忠实体现民间舞的民族性,使中国民间舞作品在世界舞蹈百花园中独树一帜。",北京舞蹈学院学报,2017-10-31,期刊,J722.21,19-23,5
38,中国芭蕾舞剧音乐创作的回顾与展望,朱青,北京舞蹈学院芭蕾舞系,中国芭蕾舞剧;音乐;舞蹈性;民族性;,"从我国芭蕾舞剧的音乐发展过程来看,其音乐创作是在借鉴模仿西方舞剧音乐的基础上,融和民族音乐风格,因此它具有西方舞剧音乐和中国民族音乐的双重特色。本文通过对我国芭蕾舞剧在音乐创作上的分析,试图探寻其舞蹈性与民族性的特征。",北京舞蹈学院学报,2017-10-31,期刊,J618,53-55,3
39,舞蹈中共享的身体印迹——云南兰坪民族杂居区的圈舞研究,闫晶,北京舞蹈学院科研处,云南兰坪县;圈舞;身体语言;文化共享;,"云南兰坪地处滇西北多民族交界区,各族民众在长期历史生活中形成了大分散、小聚居的居处格局,不仅语言、服饰、信仰、习俗相融互通,舞蹈亦成为节日中各族民众共享的身体经验。尽管20世纪50年代的民族识别、民族政策强化了人们的民族身份意识、重构了族群边界,突出了舞蹈中特定的""民族形象"",但日常生活中文化要素的交融与共生依然成为当下正在发生的自然趋势。若舞蹈的研究首先关注作为舞者的""人"",而非纯然分割的""舞"",就会发现""民族""处于动态的过程中,民间舞者也是动态的存在。同一民族可能具有不同舞蹈风格,不同民族也可能具有同一种舞蹈风格。文化是共享的,也会在变迁中相适应。",北京舞蹈学院学报,2017-10-31,期刊,J722.2,56-60,5
40,鬼面战争:傩舞“爱社”的传说情境,贾利涛,晋中学院文学院,傩舞;爱社;鬼面战争;传说情境;,"寿阳傩舞""爱社""与""黄帝战蚩尤""传说关系密切,后者所营造的鬼面战争传说情境为""爱社""的表演提供合法性确证,为""爱社""的仪式象征性解释指定了路径。与此同时,鬼面战争的传说情境排斥了其他解释可能性的理路,具有一定的限定性。传说情境视野下的傩舞探讨,在对""爱社""进行整体观照的同时,亦意在关注其作为当代民俗事象的性质。",北京舞蹈学院学报,2017-10-31,期刊,J722.29,66-70,5
41,当代湛江傩舞面具的审美形象变迁,曾华美,广东舞蹈戏剧职业学院,湛江;傩舞面具;审美形象;,"傩的最初功能是驱鬼逐疫。随着时代的发展,今天的傩活动除了继续保留这样的主要功能之外,还常常成为舞台或广场上展演的作品。因此,曾经主要用于祭神、娱神的傩舞渐渐趋向于娱人的功效,而傩舞中的面具也在发生着一些悄然变化。基于这样的现象,本文以湛江傩面具在当代不同时期的更新发生的变化而做个案分析,思考这种变化背后所承载的文化、审美等方面的深层原因,以期与同行共同探索。",北京舞蹈学院学报,2017-10-31,期刊,J722.29,71-76,6
42,评舞剧《天凉好个秋》——基于热奈特理论的叙事分析,毛雅琛,国防大学军事文化学院,《天凉好个秋》;叙事聚焦;舞剧叙事;,"本文以法国叙事学家热拉尔·热奈特《叙事话语》中的叙事理论为出发点,分析舞剧《天凉好个秋》的叙事特点。从叙事聚焦、叙事结构和叙事技巧三个方面,分析编导以无固定视角的""零聚焦""展开故事结构,同时又保留着""外聚焦""的""未定点""及客观态度。在舞剧的叙事性上,作品努力将""舞""""剧""相融,充分挖掘舞蹈语言的叙事功能。在不依赖文字叙事的前提下,以舞蹈本体进行叙事,并以舞蹈逻辑结构舞剧,将一元线性的逻辑叙述转变为多元并行的情感表达,巧妙规避以文本结构替代舞剧结构的问题。文中提出""以小见大""""极简至美""的作品特点,即通过一个具体的事件讲述生活哲学,并以极简的形式展开一场有关生死的唯美讨论。",北京舞蹈学院学报,2017-10-31,期刊,J723,77-82,6
43,刘冠详的形式世界——评第六届“中国舞蹈十二天作品”《我知道的太多了》,田湉,北京舞蹈学院学报编辑部,《我知道的太多了》;形式美学;希尔德·勃兰特;沃尔夫林;,"本文以国家大剧院""中国舞蹈十二天""第二场刘冠详作品《我知道的太多了》为研究对象,从""肢体的放逐""""形相的变量""(廓形、光影、戏仿)以及作为""生命解释的形式""三个方面,探讨编导用现代构图方式和视觉形相来结构作品:以肢体构造、光影叠加,以及舞台底布投射出的廓形尺寸变换作为作品要素(人物形象、场景、物件),并由此形成一组组介于幻象与真实之间的时空区隔,从而展现给观众一个永远处于转化中的变体——一个能让观众看到编导个人生命经验的、丰富可感的、充满无限可能性的形式世界。",北京舞蹈学院学报,2017-10-31,期刊,J705,83-88,6
44,谈《大象·一念》中传统文化元素的舞台运用,郑疆,广东文艺职业学院,《大象·一念》;传统;水;墨;语言文字;,"文章以""中国舞蹈十二天""念云华编导的作品《大象·一念》为研究对象,尝试分析中国编导近几年来对""传统""的思考与关注,并用""现代性""手法进行舞蹈创作的大趋势。念云华作品由""wū""、""wú""、""wǔ""和""wù""四个篇章构成,巫,无,舞,悟,本身就是传统文化中的重要因子;而贯穿整个作品的水墨景致,亦处处可见中国传统元素。作品巧妙地将传统文化元素有效地呈现在舞台,在层层拆解作品结构、语言方式的过程中,运用当代人的眼光、审美意识和表现方法传递出博大精深的中国传统文化。这种善用传统元素却又颇具当代艺术特征的形式表现,体现出编导对传统文化元素运用的独到策略,值得我们探讨与借鉴。",北京舞蹈学院学报,2017-10-31,期刊,J705,89-92,4
45,镜子视觉反馈对身韵学习的影响,叶波,北京师范大学艺术与传媒学院,镜子;身韵教学;视觉感知;心中构像;本体感觉;,"本文从舞蹈课堂上常见的镜子出发,通过对参加中国古典舞身韵课的六位学生的访谈,结合笔者作为资深职业舞者和身韵课教师的经验以及相关文献资料,探讨舞者通过观察镜中自身映像得到的视觉反馈是否对舞姿有修正作用,并对身韵""形、神、劲、律""的养成有所帮助。",北京舞蹈学院学报,2017-10-31,期刊,J722.4-4,107-111,5
46,中国民族民间舞基础训练中“圆法”及其易变研究,安团结,北京舞蹈学院中国民族民间舞系,阴阳;圆法训练;易变;动作原理;,"笔者以《易经》哲学思想为基础,探索中国民族民间舞男班的基本功训练方法,以""动""分阴阳为力之根本作为启动,以""圆性运行法""理念贯穿训练始终。整理""圆法""训练的生发与易变,激发意识与身体中的各种呼应关系,从而为每一个独立的身体拓展更大的表现空间。",北京舞蹈学院学报,2017-10-31,期刊,J722.2-4,112-116,5
47,“敦煌舞”教学初探,陈瑞瑞,首都师范大学科德演艺学院,敦煌舞蹈;教学;风格提纯;舞姿精选;动势连接;人物类型;,"本文是笔者通过亲身体悟中国舞蹈界三位敦煌舞蹈专家高金荣老师、贺燕云老师、史敏老师教学过程后的学习心得,以及结合自己在教学实践中进一步践行揣摩的思考总结,从舞蹈身体语言学的视角,分析敦煌舞蹈教学中关于风格提纯、舞姿精选、动势连接、人物类型等技术操作的实践方法,旨在探索系统科学完备的敦煌舞蹈的训练方法与教学理念。",北京舞蹈学院学报,2017-10-31,期刊,J722.4-4,117-120,4
48,"丝路舞步,舞向世界——记“第五届中国新疆国际民族舞蹈节”",陈剑;戴虎,新疆师范大学音乐学院,第五届中国新疆国际民族舞蹈节;民族舞;剧目结构;表演风格;人文内涵;,"本文对""第五届中国新疆国际民族舞蹈节""的参演团队、剧目结构、表演风格、人文内涵等方面进行了分析,同时对既往四届中国新疆国际民族舞蹈节进行了历时性思考。参与国家及地区众多、范围广、规模大、规制高、服务亲民等特点,令中国新疆国际民族舞蹈节成为颇具国家影响力的艺术文化交流平台。如何深入挖掘舞蹈节的文化内涵,提升舞蹈节的品牌价值,促使丝路舞蹈文化从区域迈向国际,这是我们当下需要迫切思考的议题。",北京舞蹈学院学报,2017-10-31,期刊,J732.2-2,121-124,4
49,豆蔻年华·星路,,北京舞蹈学院附属中等舞蹈学校,O,"<正>6月24日,北京舞蹈学院附中芭蕾舞学科《豆蔻年华·星路》专场演出在舞蹈剧场上演。本场演出涵盖了古典芭蕾舞剧中的经典片段,外国性格舞剧目、参赛选手变奏和双人舞剧目以及新古典主义芭蕾舞剧目,以""星路""为主题,诠释了附中是如何把一个个稚嫩的孩子培养成优秀芭蕾舞表演人才的""七年之旅""。",北京舞蹈学院附属中等舞蹈学校芭蕾舞学科专场演出,陈亦璐,北京舞蹈学院学报,J723.4,2+125-128,5
52,“碎片化”时代的文化自觉,万素,北京舞蹈学院创意学院,特色资源包;教育及教育者;时间性;实际性;空间特性;,"论文通过对市教委项目""特色资源包""三期的构建及运作经历,进行总结和反思:时代变化下,艺术教育自身的依托和发展在互联网的文化条件和方法,知晓当下必然是传统的延续衍生。从文化上梳理变换之中的特性与后盾,重视教育的""时间性""和""实际性"",并从""空间特性""来解读互联网及网络传播。对应""象牙塔""里的教育者们,应该以艺术教育的最大热情和能量来进入和深入,求得顺应、引导和提升文化自觉。面对大数据时代的教育方法,也许只需要从改变一个教育及教学的空间开始。",北京舞蹈学院学报,2017-08-31,期刊,J0-4,60-64,5
53,门文元舞剧创作叙事特点研究,龚倩;伍彦谚,中南大学建筑与艺术学院,门文元;舞剧创作思想;叙事视角;叙事话语;,"近二十年来,门文元的舞剧创作取得了突出成就,因此成为当今我国舞剧研究的重要课题。本文主要以《阿炳》(1999)、《红河谷》(2004)、《西施》(2007)、《金陵十三钗》(2013)等几部舞剧为例,从叙事视角、叙事话语两个方面对叙事艺术特色进行分析,总结出其舞剧创作的一些叙事艺术特点:一、多重叙事视角与人文关怀的充分体现。其中包括两方面:1.全知视角的展现与人文关怀的流露;2.内聚焦视角的巧妙运用与人文关怀的渗透。二、富有鲜明指征性和隐喻性的叙事话语。如在身体叙事话语上表现为:1.善于挖掘不同人物角色的形态特点与符号特征来塑造人物形象;2.善于利用不同人物点之间的构图与调度来结构人物关系,揭示矛盾冲突等等。在舞美叙事话语上表现为:1.善于使用具有隐喻功能和象征性的道具来结构多重语意;2.善于使用极富象征性的舞美灯光布景设置来呈现环境、营造意境,从而叙事寓意。在音乐叙事话语上表现为:1.善于用具有极强指征性的声效来暗示剧情,显现人物心理,营造时空场景;2.善于将充满人文关怀的乐曲运用在舞剧叙事中。",北京舞蹈学院学报,2017-08-31,期刊,J723,80-85,6
59,艺术学视野中的舞蹈表演学科概念刍议,毛毳,北京舞蹈学院人文学院,舞蹈表演;学科;当代艺术;,"本文以""当代舞台艺术实践对教育的诉求""""舞蹈学学科重新定义的表演""和""史学视野中的舞蹈人才知识框架""三部分为路径,以艺术学为观看视域和研究立场,探讨舞蹈表演学科建立的学理必要性,关注思维模型层面的讨论,以期对舞蹈表演学科实际的建设与发展提供理论支撑。",北京舞蹈学院学报,2017-08-31,期刊,G642;J712-4,9-12,4
60,试论舞蹈表演的整体性观念,段妃,中国艺术研究院舞蹈研究所,整体性;舞蹈表演;舞蹈创作;舞蹈审美;,"舞蹈表演是综合的整体性表现艺术,是舞蹈学科发展中的重要方向。在研究舞蹈表演整体性规律和探索其真谛的过程中,演员是整体性表演实践的主体。演员所创造的艺术形象直接反映了其自身的艺术修为和舞蹈表演训练整体性的文化价值。为此,如何建立符合这门艺术特殊规律的、科学的舞蹈表演训练体系,对提高舞蹈演员的表演,无疑具有重要作用。本文通过对舞蹈形象创造的整体性、舞蹈形象审美的整体性、舞蹈形象表现的整体性,来阐述树立舞蹈表演整体性观念的重要性。",北京舞蹈学院学报,2017-08-31,期刊,J712,13-16,4
61,戏曲形神观视野下的舞蹈角色表演,王熙,北京师范大学艺术与传媒学院,戏曲表演;舞蹈表演;形神观;角色塑造;,"中国戏曲在漫长的民族文化积淀中,经过千锤百炼的艺术实践,已然形成了一套完备且系统的表演体系,而这一庞大表演体系的核心要旨则是戏曲舞台形象塑造所遵从的形神观。本文通过对戏曲表演形神观的剖析,发掘出立形与传神的手段与途径,厘清形与神在人物塑造过程中的相互关系,明确传神的阶段性变化,并与舞蹈角色表演进行横向比较,试图为舞蹈角色表演方法提供可资借鉴的实践经验与理论依据,以完善舞蹈表演艺术理论体系的构建。",北京舞蹈学院学报,2017-08-31,期刊,J712,17-21,5
64,汉画鼗鼓舞形态变迁考,季伟,南阳师范学院汉文化中心,汉画;鼗鼓舞;形态;巫乐;,"汉画中的鼗鼓舞表演形态多样,本文以图像结合文献的考据方式探讨、论述鼗鼓舞的形态演变,认为鼗鼓的导乐、节乐、终乐的功能,形成了以鼗鼓等节乐的表演形态;汉画鼗鼓舞中手戏杂技与舞蹈的融合,以乐器为道具的舞蹈形态及持鼗而舞的有声形态等形成了汉代百戏的综合表演形态;汉画鼗鼓舞的祈福、禳灾、辟邪、交通人神等功用,形成以鼗导乐的巫舞的演变形态。",北京舞蹈学院学报,2017-08-31,期刊,J209.2;J722,37-41,5
68,2017北京大学生舞蹈节,侯达,北京舞蹈学院教学实践中心,O,"<正>由中共北京市委教育工作委员会、北京市教育委员会主办,北京学生活动管理中心、北京舞蹈学院、中国人民大学、北京交通大学、清华大学共同承办的""2017北京大学生舞蹈节""于2017年5月17日至6月3日在京举办,在为期18天的时间内带来剧目展示、教学公开课、舞蹈工作坊等",北京舞蹈学院学报,2017-08-31,期刊,J792,2+121-124,5
1,舞蹈特色艺术管理专业建设探索,马明,北京舞蹈学院人文学院,新时代;舞蹈特色;艺术管理;,"自艺术学升格为学科门类,新增艺术管理本科专业也于2017年获得教育部批准。新时期探索和构建具有中国特色的艺术管理学科便成为当前的重要课题。文章通过梳理艺术管理学科自20世纪90年代进入中国之后,在专业建设中所取得的成果,从价值导向、内容架构以及问题研究三个方面就构建新时代中国特色艺术管理学科专业进行阐述。文章结合了北京舞蹈学院建设艺术管理专业的实践经验,对未来建设具有舞蹈艺术特色的艺术管理专业提出展望。",北京舞蹈学院学报,2018-12-31,期刊,J0-05;G642,59-65,7
2,新时代中国特色艺术管理学科建设思考,王国宾,北京舞蹈学院,中国特色艺术管理;学科建设;艺术管理人才;中国管理思想;,"文章以习近平新时代教育思想为基础,深入探讨了中国特色艺术管理学科专业的""特色""之处、建设中国特色艺术管理学科的具体措施、培养什么样的艺术管理人才以及如何培养出这样的艺术管理人才等问题。目前,艺术管理学科专业运用清一色的西方管理方法、管理技术、课程设置,与中国特色艺术管理学科建设要求之间存在着难以解决的矛盾。因此,中国特色的艺术管理,应当建设以""我""为主体,中西方管理方法相融合的课程体系,并以中国文化中的管理思想与理念作为学科基础理论核心,彰显艺术管理学科建设的中国气派。",北京舞蹈学院学报,2018-12-31,期刊,J0-05;G642,55-58,4
3,艺术管理课程创新与创业型实践平台构建,司思;余悦,中国音乐学院北京舞蹈学院,艺术管理;课程创新;双创;创业型实践平台;,"文章在国家健全创新创业教育体制和艺术管理学科课程改革的背景下,探讨了艺术管理专业课程创新的必要性,从课程设置、教学手段、教学模式、专业发展等角度,就艺术管理课程创新路径进行探讨。文章基于课程创新的深度探讨,对艺术管理""创业型""实践平台的构建展开论述。鉴于各院校不同的艺术管理专业特色和学生就业方向,在建立并完善现有""教学型""实践平台的基础上,响应双创号召,构建艺术管理""创业型""实践平台,为未来引导学生以创新引领创业,以创业带动就业打下坚实基础,以期达到理论、实践、创新与创业一体化提升的有特色的艺术管理教学成果。",北京舞蹈学院学报,2018-12-31,期刊,J0-05;G642,66-72,7
4,艺术管理案例课程探索研究——以北京舞蹈学院艺术管理专业为例,黄昭文,北京舞蹈学院人文学院,成果导向教育;艺术管理;案例课程;,"成果导向教育(OBE)是教育范式的一种转变,被提出之后,在欧美等发达国家得到迅速推广。文章在对传统教育与成果导向教育进行差异性比较,分析艺术管理案例课程教学现状与主要问题的基础之上,通过对北京舞蹈学院艺术管理专业近两年运用成果导向教育范式与艺术管理案例系列课程的研究,探索其在课程设计、教师授课、学生学习等方面的运用途径。",北京舞蹈学院学报,2018-12-31,期刊,J0-05;G642,73-77,5
5,伊莎多拉·邓肯其人其艺在民国时期的传播与接受——以《邓肯自传》为中心,桂强,湖南文理学院文史学院,伊莎多拉·邓肯;民国时期;传播;接受;《邓肯自传》;,"美国现代舞的先驱伊莎多拉·邓肯其人其艺在民国时期的传播与接受,早已超越了舞蹈领域,成为一幕颇具意味的文化现象。20世纪初,裕容龄曾一度师从伊莎多拉·邓肯习舞并初步领略其舞艺风采,但国人开始更多知晓了解伊莎多拉·邓肯其人其艺,和《邓肯自传》一书的译介传播有着密切的关系。文章通过挖掘和梳理相关史料,发现民国社会各界通过《邓肯自传》而形成的对伊莎多拉·邓肯其人其艺的认识,具有思想解放、女性独立、个性自由、革命情怀、身体教育、艺术大众化、舞技创新等多重""视野"",而多重""视野""的形成取决于特定历史阶段中不同社会阶层人士的社会实践和审美体验的双重实现。",北京舞蹈学院学报,2018-12-31,期刊,J703,14-18,5
7,【国芭赛】国际当代舞展演,牟可,北京舞蹈学院党委宣传部,O,O,北京舞蹈学院学报,2018-12-31,期刊,J791.4,127-128,2
1,舞蹈特色艺术管理专业建设探索,马明,北京舞蹈学院人文学院,新时代;舞蹈特色;艺术管理;,"自艺术学升格为学科门类,新增艺术管理本科专业也于2017年获得教育部批准。新时期探索和构建具有中国特色的艺术管理学科便成为当前的重要课题。文章通过梳理艺术管理学科自20世纪90年代进入中国之后,在专业建设中所取得的成果,从价值导向、内容架构以及问题研究三个方面就构建新时代中国特色艺术管理学科专业进行阐述。文章结合了北京舞蹈学院建设艺术管理专业的实践经验,对未来建设具有舞蹈艺术特色的艺术管理专业提出展望。",北京舞蹈学院学报,2018-12-31,期刊,J0-05;G642,59-65,7
2,新时代中国特色艺术管理学科建设思考,王国宾,北京舞蹈学院,中国特色艺术管理;学科建设;艺术管理人才;中国管理思想;,"文章以习近平新时代教育思想为基础,深入探讨了中国特色艺术管理学科专业的""特色""之处、建设中国特色艺术管理学科的具体措施、培养什么样的艺术管理人才以及如何培养出这样的艺术管理人才等问题。目前,艺术管理学科专业运用清一色的西方管理方法、管理技术、课程设置,与中国特色艺术管理学科建设要求之间存在着难以解决的矛盾。因此,中国特色的艺术管理,应当建设以""我""为主体,中西方管理方法相融合的课程体系,并以中国文化中的管理思想与理念作为学科基础理论核心,彰显艺术管理学科建设的中国气派。",北京舞蹈学院学报,2018-12-31,期刊,J0-05;G642,55-58,4
3,艺术管理课程创新与创业型实践平台构建,司思;余悦,中国音乐学院北京舞蹈学院,艺术管理;课程创新;双创;创业型实践平台;,"文章在国家健全创新创业教育体制和艺术管理学科课程改革的背景下,探讨了艺术管理专业课程创新的必要性,从课程设置、教学手段、教学模式、专业发展等角度,就艺术管理课程创新路径进行探讨。文章基于课程创新的深度探讨,对艺术管理""创业型""实践平台的构建展开论述。鉴于各院校不同的艺术管理专业特色和学生就业方向,在建立并完善现有""教学型""实践平台的基础上,响应双创号召,构建艺术管理""创业型""实践平台,为未来引导学生以创新引领创业,以创业带动就业打下坚实基础,以期达到理论、实践、创新与创业一体化提升的有特色的艺术管理教学成果。",北京舞蹈学院学报,2018-12-31,期刊,J0-05;G642,66-72,7
4,艺术管理案例课程探索研究——以北京舞蹈学院艺术管理专业为例,黄昭文,北京舞蹈学院人文学院,成果导向教育;艺术管理;案例课程;,"成果导向教育(OBE)是教育范式的一种转变,被提出之后,在欧美等发达国家得到迅速推广。文章在对传统教育与成果导向教育进行差异性比较,分析艺术管理案例课程教学现状与主要问题的基础之上,通过对北京舞蹈学院艺术管理专业近两年运用成果导向教育范式与艺术管理案例系列课程的研究,探索其在课程设计、教师授课、学生学习等方面的运用途径。",北京舞蹈学院学报,2018-12-31,期刊,J0-05;G642,73-77,5
5,伊莎多拉·邓肯其人其艺在民国时期的传播与接受——以《邓肯自传》为中心,桂强,湖南文理学院文史学院,伊莎多拉·邓肯;民国时期;传播;接受;《邓肯自传》;,"美国现代舞的先驱伊莎多拉·邓肯其人其艺在民国时期的传播与接受,早已超越了舞蹈领域,成为一幕颇具意味的文化现象。20世纪初,裕容龄曾一度师从伊莎多拉·邓肯习舞并初步领略其舞艺风采,但国人开始更多知晓了解伊莎多拉·邓肯其人其艺,和《邓肯自传》一书的译介传播有着密切的关系。文章通过挖掘和梳理相关史料,发现民国社会各界通过《邓肯自传》而形成的对伊莎多拉·邓肯其人其艺的认识,具有思想解放、女性独立、个性自由、革命情怀、身体教育、艺术大众化、舞技创新等多重""视野"",而多重""视野""的形成取决于特定历史阶段中不同社会阶层人士的社会实践和审美体验的双重实现。",北京舞蹈学院学报,2018-12-31,期刊,J703,14-18,5
6,路径与对策:中国传统舞台表演艺术的海外传播,王安妮,武汉体育学院艺术学院,“一带一路”;中国传统艺术;舞台艺术;海外传播;,"文化""走出去""是我国强国战略的重要环节,是提升国家软实力,塑造国家形象的重要途径。中国传统艺术作为文化""走出去""的主要内容,越来越频繁地出现在世界舞台上,成为传播中国声音、讲述中国故事、弘扬中华优秀传统文化的重要手段,在对外文化交流和国际文化产业贸易中,有着无可替代的作用。文章以舞台表演艺术为切入点,探讨在""一带一路""倡议背景下,舞台艺术""走出去""的机遇与挑战,并借此描绘国家文化发展战略和演艺产业链设计之间的动态关系,寻求舞台表演艺术海外传播的创新路径和传播对策,为文化""走出去""提供新的思路和方向。",北京舞蹈学院学报,2018-12-31,期刊,J712,43-49,7
7,【国芭赛】国际当代舞展演,牟可,北京舞蹈学院党委宣传部,O,O,北京舞蹈学院学报,2018-12-31,期刊,J791.4,127-128,2
8,“美即自然”——伊莎多拉·邓肯舞蹈身体语言解读,刘垚梦,清华大学艺术博物馆,自然美;伊莎多拉·邓肯;现代舞;身体语言;,"西方现代舞之母伊莎多拉·邓肯曾说:""自由的身体蕴藏崇高的精神""。在现代社会中,自由的身体意味着解放的身体,即是让身体从被动、束缚的机械状态回归到原初的自然状态,从而表现人体的自然美。因此,追求身体的""自然美""是邓肯探索舞蹈身体语言的必经之路,也是现代舞区别于芭蕾舞的重要标志。文章尝试从""赤脚起舞——追求人体的自然之美""、""模仿自然——从自然景物中提取舞蹈语言""和""取形古典——把美术形象转化成舞蹈""三个维度解析邓肯崇尚""美即自然""的舞蹈理念。",北京舞蹈学院学报,2018-12-31,期刊,J705,19-23,5
9,“道”之大美:东方文化审美下的太极舞蹈,于晓雪;张羽军,北京舞蹈学院,太极哲学;太极舞蹈;空间导引;动作解构;“圆融中和”;,"文章以太极理论、道家思想作为理论支持,旨在阐释太极舞蹈体系的构建过程,即如何以武当太极拳为基础动作体系来源,通过""引观随""的空间导引方法,用动作解构方式对中国古典舞和太极拳中的基本元素动作如扎马步、划圆、倾拧等进行重新改造,创建具有中国民族文化属性以及体现东方审美原则的太极舞蹈体系。这种太极舞蹈体现了""圆融中和""的东方思想,蕴含了丰富而深厚的训练性、哲理性、审美性。",北京舞蹈学院学报,2018-12-31,期刊,J722.4,24-29,6
10,1978—2014北京舞蹈学院,,北京舞蹈学院中国民族民间舞系北京舞蹈学院科研处,O,O,新时期舞蹈经典作品,,北京舞蹈学院学报,J792.4,129,1
11,“所有的舞台作品都是戏剧性的”——马修·伯恩访谈,张延杰,O,O,"<正>马修·伯恩(Matthew Bourne)被誉为英国最受欢迎和最成功的舞蹈编导家,七次奥利弗奖获得者,也是唯一同时获得托尼奖""最佳编舞""和""最佳音乐剧导演""的英国编导。2015年他获得英国戏剧杰出贡献奖。2016年,马修·伯恩因在舞蹈艺术方面的卓越成就,被英国女王伊丽莎白二世授予爵士荣誉,并同时获得英国女王伊丽莎白二世加冕奖。2018年8月7日—12日,马修·伯恩全新改版的芭蕾舞剧《灰姑娘》",北京舞蹈学院学报,2018-12-31,期刊,J711.1,1-2,2
12,“艺术家的使命就是带动未来人类文化的发展”——沈伟访谈,张延杰,O,O,"<正>沈伟,著名美籍华人编舞家、视觉艺术家和导演。2000年在美国纽约创立""沈伟舞蹈艺术团"",成为第一个跻身美国主流文化的华人现代舞团。沈伟的舞团迄今受邀在全球30多个国家近200座城市进行舞蹈表演,参与各个国际舞蹈节巡演,并于纽约大都会艺术博物馆、古根海姆美术馆进行实验性演出。2007年沈伟应邀担任2008年北京奥运会开幕式的创意策划与《画卷》篇的编导。他曾获得多项国际荣誉,包括拥有舞",北京舞蹈学院学报,2018-12-31,期刊,J711.1,3-6,4
13,论“口述史”在中国民族民间舞学术研究中的意义,王昕,北京舞蹈学院人文学院,口述史;中国民族民间舞;研究方法;,"""口述史""是近年来中国民族民间舞学术研究颇为倚重的一种研究方法,形成这种情况的原因很多,除了""口述史""自身的特点与所长之外,更为重要的原因是中国民族民间舞蹈学术研究自身的迫切需求。文章以此为切入点,在论证""口述史""被选择的原因,被倚重的缘由的同时,阐述它别具一格的操作方法和概念内涵。",北京舞蹈学院学报,2018-12-31,期刊,J722.21,30-35,6
14,身体“不纯”——当代舞蹈剧场中的身体实践,田湉,北京舞蹈学院学报编辑部,身体;舞蹈剧场;跨界;“制式舞蹈”;创造力;,"对身体""不纯""的讨论,一方面紧随当下舞蹈艺术实践的发展变化,另一方面基于对舞蹈物质媒介身体表现外延领域的思考。本文择取近年来具有代表性的剧场作品进行分析,探讨身体在实验剧场、开放舞台、公共空间等艺术表演场所表现出的诸多可能性和未来发展趋势:放弃使用职业舞者的身体转以普通人身体代替;身体作为反传统方式出现并与其他介质实时交互;艺术家通过身体,如面部的局部表情、""非人""身体等与传统唯美身体相悖的方式,表达对社会现实的关注和反思等。",北京舞蹈学院学报,2018-12-31,期刊,J705,36-42,7
15,1986—2017年中国舞蹈史学研究的现状、问题与态势,王晓茹,福建师范大学音乐学院,中国舞蹈史学;研究分期;现状;问题;态势;,"1956年中国成立了第一个有组织的舞蹈史研究专业机构,开拓了舞蹈史学的研究领域和思路格局。1986年适逢""中国舞蹈史研究组""建立三十周年,随后的三十余年则是中国舞蹈史学研究日臻成熟、迅速发展的关键阶段,出版和发表了一百多部舞蹈史著作和数千篇期刊论文,逐步发展成我国舞蹈理论研究的核心阵地和主干课程,支撑起学科建设的主轴。但从统计数据看,近五年来随着舞蹈史学研究热度的迅速降温,研究队伍明显出现青黄不接之势,高水平的舞史专著和期刊论文的数量逐渐缩减,严重影响了学科建设的可持续发展。面对我国国际地位日益提升、中外文化交流日益频繁的新时代,文章试图对中国舞蹈史学研究做出系统考察、理性剖析与探索,旨在为中国舞蹈史学的进一步研究提供有益的参照。",北京舞蹈学院学报,2018-12-31,期刊,J709.2,7-13,7
16,江苏花香鼓舞“非遗”资源的保护、继承与开发,廖珩;王磊,南京师范大学北京舞蹈学院,花香鼓舞;“非遗”;资源保护;,"文章通过探析作为""非遗""资源的花香鼓舞的保护、继承与开发,提出花香鼓舞的当代继承不仅是动作形式上的传承,也应包括对""二老""艺人的保护,以及对花香鼓舞所代表的民族传统文化的深入理解和继承。",北京舞蹈学院学报,2018-12-31,期刊,J722.2,50-54,5
18,浅谈舞剧《杜甫——一个人笔下的唐朝》的形象塑造,丁莉莉,沈阳音乐学院舞蹈学院,《杜甫——一个人笔下的唐朝》;群舞;杜甫;形象;,"《杜甫——一个人笔下的唐朝》是一部具有历史属性的、弘扬中国文人精神的舞剧作品。该剧由重庆歌舞团演出,在周莉亚、韩真两位新锐导演编排打磨下,至今已演出六十多场次,深受好评。作品在对杜甫个人形象塑造以及""兵车行""""丽人行""等群像塑造上,颇有特色。本文就舞剧中群舞形象塑造、杜甫形象塑造两方面,来谈舞剧中的形象塑造。",北京舞蹈学院学报,2018-12-31,期刊,J723,84-87,4
19,复兴文化记忆:中国古典舞创作的立场、路径与方法,庞丹;冯伟杰,北京舞蹈学院广东外语外贸大学,中国古典舞;学科;历史;创作;,"文章探讨了关于中国古典舞创作的过去、现在与未来。从学科建设与作品创作的初衷出发,通过具体作品的例证分析阐述中国古典舞与历史文化记忆的内在关联,提出关于作品创作的原点、路径与基本方法,旨在为中国古典舞的后续发展提供参考和借鉴。",北京舞蹈学院学报,2018-12-31,期刊,J722.4,91-94,4
20,从《沙湾往事》看舞剧创作中的视觉样式,陈燕敏,广东外语外贸大学艺术学院,动态形象;视觉心理;视觉样式;创作思维;,"舞剧《沙湾往事》通过蒙太奇拼贴式的时间表达以及与广东本土地域文化相关的呈现等视觉手段,给观众营造出一个立体的、全方位的、和谐错综的剧场观感。该剧以明暗两条戏剧线推进叙述,点面结合的舞段综合多空间切割、重叠的编创手法,可为中国地域舞剧创作提供一些参考。",北京舞蹈学院学报,2018-12-31,期刊,J723,88-90,3
21,中国古典舞控制研究与教学实践,杨勇,北京舞蹈学院附属中等舞蹈学校,中国古典舞;中国古典舞美学;身韵;控制;,"控制是中国古典舞技术中非常重要的内容。随着中国古典舞教材体系不断的开创、继承、发展和完善,控制技术开始从单摆浮搁走向""三圆""动势,在注重""身法与技法""融合的前提下,形成具有民族特性的基础训练规律及方法。本文通过整理中国古典舞控制语汇,强调在身法中体现技能,在技术中体现身法,使训练与审美有机融合、融会贯通。",北京舞蹈学院学报,2018-12-31,期刊,J722.4,95-98,4
22,川剧水袖功在中国古典舞袖法中的运用研究,过节,北京舞蹈学院中国古典舞系,川剧水袖功;袖法;转化运用;中国古典舞;,"袖舞作为中国古典舞训练体系中的重要组成部分,它不仅是徒手身韵的延伸,也是服饰道具舞蹈的基础。经过多年的教学经验积累与舞台实践,袖舞在身与袖的关系上取得了一定成果,但是双袖之间的袖法配合,袖法与舞蹈技术之间的配合,还需要进一步的研究与实践。川剧水袖功的文化性和表演特点,使水袖产生了各式各样的水袖技艺和性格特点,总结其动因、研究其搭配方法,经过提炼转化为我所用。这不仅为中国古典舞袖舞注入了新的活力与生机,同时也为其教材教法提供了多角度的思考空间。",北京舞蹈学院学报,2018-12-31,期刊,J722.4,99-101,3
23,中国古典舞“坐之相”的教学价值与意义,李佳妮,沈阳音乐学院舞蹈学院,“坐之相”;身韵;教学;,"中国古典舞之美应该是典雅的,内敛的,恬静的。中国古典舞的""坐之相""是要通过坐来练内功,修炼内心之所想,训练学生在静坐中寻找中国古典舞安静祥和之美,充盈内在气质,用足够的内在涵养来支撑外在的身体动作。""坐""看似是一个静止的动作,却投射出中国古典舞通过人体相对静止的状态化育出中国人特别的气度。",北京舞蹈学院学报,2018-12-31,期刊,J722.4,102-104,3
24,民俗素材的舞蹈编创教学探讨——以陕西关中地区民俗素材为例,宁波,西安音乐学院舞蹈系,民俗素材;编创教学;陕西关中地区;,"本文从民俗素材的舞蹈编创教学入手,通过对比此类创作与舞台化民间舞蹈的创作,明确其创作教学核心是重塑民俗舞蹈的生存语境,通过舞蹈摹态化的动作呈现,反映和凸显其民俗文化之功能与内涵,将民俗文化氛围在艺术表演中加以强化和渲染,从而实现符合民族(地域)风俗、民俗文化特征、民俗审美基调、生活心态等的舞蹈编创教学。以此为基点的课堂教学紧紧围绕""元素提取""和""民俗舞蹈创作元素之系统构建"",创造性地提出贯穿民俗舞蹈创作课堂教学的""四步走""格局,以及包括肢体形态元素构建、肢体动态元素构建、审美元素趋向、生命气质(精神内核)元素构建、关系元素构建五个部分在内的民俗舞蹈编创教学思路。",北京舞蹈学院学报,2018-12-31,期刊,J711.2-4,105-109,5
25,芭蕾性格舞音乐特点及课堂教学应用——以柴可夫斯基作品为例,撒切日娃,北京舞蹈学院芭蕾舞系,性格舞音乐;音乐分析;课堂教学应用;浪漫主义;,"音乐是芭蕾舞教学中的重要组成部分,舞者不了解音乐,或伴奏者不了解舞蹈,都无法呈现出精彩的表演。舞蹈音乐是音乐文献中重要而特殊的组成部分,有极其必要的研究价值。本文作者担任芭蕾舞基础训练,性格舞训练等舞蹈课堂的钢琴伴奏工作,对弹奏舞蹈音乐有一定的实践经验。本文从性格舞音乐的角度出发,以柴可夫斯基谱写的芭蕾舞剧作品中常见的几个性格舞为例,介绍其使用的舞蹈音乐所呈现的特点以及在舞蹈课堂教学中应用的方式。",北京舞蹈学院学报,2018-12-31,期刊,J618;J733.4-4,110-116,7
26,舞蹈翻腾技巧厌学心理的调查分析及对策研究,李建捷,中央民族大学舞蹈学院,舞蹈翻腾技巧;厌学心理;教学;,"在舞蹈翻腾技巧的教学实践中,不少学生存在不同程度的畏难情绪和心理障碍。本文通过案例分析与量化调查,分析学生产生厌学心理的原因,并针对性地提出解决方式,为相应教学提供参考。",北京舞蹈学院学报,2018-12-31,期刊,J712-4,117-120,4
27,舞坛盛事,,O,O,"<正>北京舞蹈学院主办的""2018北京国际舞蹈院校芭蕾舞邀请赛暨舞蹈展演""于10月19-28日隆重举行,来自38个国家和地区的芭蕾舞大师、舞蹈教育专家和年轻舞者齐聚""舞蹈家摇篮""。除常规赛事外,还举办了3场""舞蹈展演""、4个""大师工作坊""、5场""学术研讨"",为中外舞蹈院校以及艺术团体搭建探讨学习的国际化平台,促进舞蹈文化的交流与发展。",,2018北京国际舞蹈院校芭蕾舞邀请赛,,J791,2+125-126,3
28,“全国高水平舞蹈普及教育与舞蹈美育发展论坛”征文评选活动圆满结束,本刊讯,O,O,"<正>由北京舞蹈学院、中国艺术职业教育学会、""桃李芬芳""博鳌国际舞蹈艺术节组委会面向全国举办的2018""全国高水平舞蹈普及教育与舞蹈美育发展论坛""征文评选活动圆满结束。本次征文收到116篇文章,最终根据每篇文章的平均分,并依据获奖论文比例评选出一等奖5篇,二等奖11篇,三等奖17篇。",北京舞蹈学院学报,2018-12-31,期刊,J70-4,35,1
29,后溪英歌舞的高校教学资源开发探析,姚佩婵,东莞理工学院,后溪英歌舞;教学开发;民族民间舞蹈;文化传承;,"民族民间舞蹈是高校舞蹈教学不竭的""活水"",如何实现从乡野到课堂的科学合理转化,是当前舞蹈教学改革的重要课题。后溪英歌舞作为首批国家级非物质文化遗产,对其进行教学开发具有重要意义,不但有助于丰富教学语汇,有利于推动优秀民间舞蹈文化的活态传承,还能强化大学生的文化主体意识和文化创新意识。高校对英歌舞进行教学资源开发,要遵循学术研究的态度,以民族和世界的双重维度,在传承与发展的文化生态中观照英歌舞。",北京舞蹈学院学报,2018-12-31,期刊,J722.2-4;G642,121-124,4
30,《北京舞蹈学院学报》2019年度征稿启事,本刊讯,O,O,"<正>《北京舞蹈学院学报》由北京舞蹈学院主办,是以反映舞蹈学学科科研和教学成果为主的学术理论刊物,是舞蹈界开展国内外学术交流的重要阵地。2019年《北京舞蹈学院学报》将以中国民族舞蹈学科理论体系建构为核心,加强舞蹈学二级学科内涵建设,积极倡导和推动舞蹈学研究中国学派的建设工作。征稿要求:观点明确、论证严谨充分,论据翔实、结构完整、层次清晰,语言流畅通顺,参考文献著录符合",北京舞蹈学院学报,2018-12-31,期刊,+,54,1
31,《北京舞蹈学院学报》编辑部郑重声明,本刊讯,O,O,"<正>近期,有作者反映,有不良分子冒充本刊投稿网站,向作者发放虚假""录用通知""。此举严重损害本刊学术形象,对作者与读者造成不良影响,《北京舞蹈学院》编辑部在此严正声明:1、《北京舞蹈学院学报》是以北京舞蹈学院名义公开对外发行的唯一学术期刊(双月刊),在国内外学界享有很高声誉,学报网页是隶属于北京舞蹈学院www. bda. edu. cn学校主页之下的二级网页。",北京舞蹈学院学报,2018-12-31,期刊,+,109,1
32,广场舞:概念、功能与前景,王渊博,北京舞蹈学院党院办,广场舞;功能;特性;文化自信;,"广场舞作为一种群众文化活动形式已经家喻户晓,然而学界对于广场舞的理论研究仍然欠缺,社会大众对广场舞活动的质疑仍然存在。本文通过社会调查,总结了广场舞的特性主要表现在公共性、自发性、开放性以及非赢利性四个方面,分析了广场舞对提高参与者的身心素质、促进社会和谐、加强政治治理、增强文化自信等方面具有积极的现实意义,具有较好的发展前景。",北京舞蹈学院学报,2018-10-31,期刊,J722.1,20-24,5
33,中国舞者的舞蹈“心像”调查,叶波,北京师范大学艺术与传媒学院,中国舞者;舞蹈心像;特征;,"舞蹈心像是指舞者脑海中对舞蹈相关经历(现实、虚拟)有意识地重现。国外研究显示舞蹈心像的运用普遍见于各年龄层次与训练水平的舞者。其作用包括:辅助技巧学习,提高表演质量,激发编创灵感,培植舞者自信等等。本研究通过对16位不同舞种(芭蕾舞,现代舞,中国古典舞)的中国职业男女舞者进行有关舞蹈心像的问卷调查和访谈,发现他们普遍都有运用舞蹈心像的经历,而且在心像的内容、成因、场景、感官途径等方面都与国外研究结果有显著共性。同时,中国舞者心像的审美取向因为传统东方文化的影响而有别于西方舞者的心像:譬如与中国书画和诗词相关的心像体验,以及与意象、意境的密切联系是中国舞者心像独有的特征。国外心像研究的结果可供借鉴,但要发挥心像对中国舞者的促进作用,必须按照东方艺术审美标准编制心像,并对其成效进行验证。",北京舞蹈学院学报,2018-10-31,期刊,J712.1,40-43,4
34,维吾尔族盘子舞当代创作流变,袁佳,北京舞蹈学院中国民族民间舞系,盘子舞;维吾尔族;舞蹈编创;,"本文纵观康巴尔汗、阿吉·热合曼、玉米提的盘子舞和当今学院派教学组合编排、剧目创作,通过比较和归纳维吾尔族盘子舞创作的历时性变化,提炼出盘子舞技术挂帅的审美趣味、动作语言的情感交流这两大创作特点,以供未来教学与编创参考。",北京舞蹈学院学报,2018-10-31,期刊,J722.2,44-49,6
35,《中国当代舞剧创作综论》出版,邱宇,O,O,"<正>2018年8月新近出版的《中国当代舞剧创作综论》,是中国文联出版社继《艺术学的文化视野》之后,为于平先生推出的第二部博导文丛。这部《中国当代舞剧创作综论》是一部论题相关、相联,甚至相扣的论集,每一单元都可成为一个专题讲座。全书由二十个单元构成,在每一单元的梳理、勾勒中,透过纷繁芜杂的史料,能够准确、清晰地把握中国当代舞剧发展脉络的主干及其本体的审美变迁。",北京舞蹈学院学报,2018-10-31,期刊,J723-5,78,1
36,新中国朝鲜族舞蹈作品创作(1949—1966)——以专业文艺团体创作为例,朴永光,中央民族大学舞蹈学院,朝鲜族舞蹈;作品创作;专业团体;,"1949年之后,由朝鲜人身份转换成的朝鲜族融入中国社会,以公民和少数民族的身份参与到国家的各项建设当中。在新中国成立后的十七年间,中国社会经历了不同发展阶段,朝鲜族舞蹈作品创作者们,正是以相应的社会、文化生态为背景,在相应的艺术语境下,创作出大量作品。本文以专业文艺团体的朝鲜族舞蹈作品创作为对象,选择具有代表性的作品为案例,从""选择民间样式""""关注政治形势""""表现人民精神""三个方面展开陈述,旨在探讨朝鲜族舞蹈作品创作者们在新中国成立后的十七年间,即1949年至1966年期间,是如何进行舞蹈作品创作的。",北京舞蹈学院学报,2018-10-31,期刊,J722.22,25-31,7
37,新时代舞蹈特色德育资源开发利用的实践与思考,刘岚,北京舞蹈学院,习近平德育思想;高校德育;德育资源;舞蹈特色;,"高校的立身之本在于立德树人,中国特色社会主义进入新时代,高校德育工作面临着新情况和新问题。舞蹈特色德育资源的开发利用,对于增强高等艺术院校德育工作的时代性和实效性,培养担当民族复兴大任的时代新人具有深远意义。从文化自信的高度、思想政治教育的宽度、舞蹈事业艺术的深度来认识舞蹈特色德育资源开发利用的意义,从舞蹈教育实践出发探索舞蹈特色德育资源开发利用的分类范畴,自觉地建构舞蹈特色德育资源开发利用的有效策略。",北京舞蹈学院学报,2018-10-31,期刊,G641;J70-4,50-55,6
38,从闽南到闽台:论舞蹈教育的文化融凝之用,吴卉连,泉州幼儿师范高等专科学校艺术学院,闽南;闽台;舞蹈教育;文化融凝;,"文化融凝最早由钱穆先生提出,是指不同文化间呈现出的相互配合、相互渗透凝结成的一个整体。闽台地区由于地理位置相近且历史上曾发生大规模的人口迁移,长期以来,两地形成共同的民族情感和心理认同,其文化也具有较高的关联性和互融性,呈现出相似的民情风俗与审美追求,为舞蹈艺术教育促进两岸文化融凝提供了前提。本文探讨了舞蹈教育在促进闽台文化融凝中的积极作用和意义,将艺术普及作为手段增进两岸人民的凝聚力和自豪感,并提出可行方式。",北京舞蹈学院学报,2018-10-31,期刊,J70-4,61-64,4
39,肖苏华舞剧的言说方式研究,卫艳蕾,太原师范学院舞蹈系,个人表达;借题发挥;舞剧;,"从1991年肖苏华的第一部舞剧《红楼幻想曲》到2013年的现代舞剧《听说爱情回来过——白蛇后传》,原著《红楼梦》与《白蛇传》(以下简称""一红一白"")都只是他借以表达的一个载体。他主张摆脱戏剧故事的沉重锁链,真正实现回归舞蹈本体的理想,通过借用原著进行创作主体的个人表达。舞剧在原著之上渗透着肖苏华的独特视角,其""借题发挥""""借此说彼""的艺术创作理念充分体现在他作品的整体风格中。他""个人表达""式的舞剧创作理念,在舞剧创作上具有当代意义和价值。",北京舞蹈学院学报,2018-10-31,期刊,J723,36-39,4
40,偶然与永恒:林怀民舞蹈的自由伦理,吴海清,北京舞蹈学院人文学院,林怀民;现代舞;自由伦理;,"林怀民的舞蹈创作从其创作之初到现在,与其置身其中的现代化与传统、大陆与台湾、中国与全球、舞蹈与政治等社会文化语境密切相关。同时,他的舞蹈作品也与对这一社会文化语境认知、评价、参与和问题意识等紧密联系,而且也与他关于文化与自然、生存与自由、世俗与超越的感知、思考相关。林怀民对于社会文化语境与超越性之间的张力把握,促使他的舞蹈创作在偶然性生命与永恒存在之间不断探索自由的可能性。",北京舞蹈学院学报,2018-10-31,期刊,J704,72-78,7
41,论中国民族舞剧的文化自觉,夏静,南京大学艺术学院,民族舞剧;文化自觉;精神家园;人文情怀;,"中国民族舞剧作为社会文化活动系统中的重要成员,无论是从艺术形象创造过程,还是从其审美情趣的潮流更迭,我们都可以看到不断提升的文化自觉意识在其中所留下的痕迹。它不仅为艺术家的创作工作提供了主体性的精神指引和面对多元观念的批判意识,同时也改变了舞剧作品形成与表现的具体方式。本文借助艺术社会学理论,结合几部代表性作品,阐明在当下的时代环境中,民族舞剧凭借着对社会价值的深层解读,从叙事过程、题材遴选和主题锻造三个方面完成自我的主体性成长,即社会文化自觉的树立。",北京舞蹈学院学报,2018-10-31,期刊,J723.1,79-82,4
42,解析《罗密欧与朱丽叶》的四种结构,冯捷,西安音乐学院现代音乐学院,结构主义;《罗密欧与朱丽叶》;舞剧;音乐剧;,"文章对舞剧、音乐剧不同版本的《罗密欧与朱丽叶》进行比较研究,探讨包括时间性结构在内的叙述语境之建构、叙述视角的延续与变换、整全与局部之关系、叙述节奏与段落甄选原则。文章解析约翰·克兰科(John Cranko)、安杰林·普林祖卡(Angelin Preljocaj)、沙莎·瓦兹(Sasha Waltz)的舞剧及音乐剧共四个版本的《罗密欧与朱丽叶》之结构特征,对同一主题的不同舞台艺术形式表演进行对比论证,聚焦于舞台艺术作品结构的实践与学理性探讨,旨在为表演艺术的舞台实践研究提供参考和借鉴。",北京舞蹈学院学报,2018-10-31,期刊,J733;J832,83-86,4
43,新媒体互动技术在舞剧中的运用,李青,北京舞蹈学院创意学院,新媒体互动设计;舞蹈互动;舞台合成;,"本文通过对新媒体互动设计制作,及其在舞台创作和实践过程中所涉及问题的论述,以具体案例《游园惊梦》为例,阐述新媒体舞剧中的新媒体互动设计与舞台舞蹈创作上的具体实操问题,为今后的新媒体舞剧创作提供经验。",北京舞蹈学院学报,2018-10-31,期刊,J723,32-35,4
44,第二届“一带一路”民族传统舞蹈展演,,《北京舞蹈学院学报》编辑部,O,"<正>2018年10月12日晚,由北京舞蹈学院主办,北京市哲学社会科学民族舞蹈文化研究基地、北京市海淀区文化委员会承办的第二届""一带一路""民族传统舞蹈展演在北京舞蹈学院舞蹈剧场成功举办。展演中的12个剧目以及此次展演所征集的珍贵舞蹈资料均进入民族舞蹈文化研究基地""中国民族舞蹈学术资源库""。中央电视台、《中国文化报》等媒体对此次展演活动进行了报道。民族舞蹈文化研究基地承续""和平合作、开放",北京舞蹈学院学报,2018-10-31,期刊,J722.22-2,2+125-128,5
45,云南少数民族民间舞蹈美学探索,徐梅,云南艺术学院舞蹈学院,舞蹈美学;艺术人类学;云南少数民族民间舞蹈;“大美”;,"舞蹈作为一种身体语言艺术,其审美研究具有重要意义。关于云南少数民族民间舞蹈美学研究,应将中国舞蹈美学与云南少数民族民间舞蹈研究结合,并树立民族民间舞之美为""大美""的校正意识。在大力提倡""文化多样性""的今天,唯有不断完善民族民间舞蹈的学科建设,加强民族民间舞蹈美学领域的研究,方能为民族民间舞蹈艺术的发展与创新奠定坚实的理论基础。",北京舞蹈学院学报,2018-10-31,期刊,J722.2,92-96,5
46,地域文化的多层性:赣南采茶舞的当代形态分析,桂兰岚,深圳大学师范学院(部)舞蹈系,赣南采茶舞;舞蹈形态;文化价值;,"赣南采茶舞是中国民俗舞蹈的重要组成部分,在中原文化、客家文化、畲族文化的共同浸润下,展现出独有的风格特征。文章通过对赣南采茶舞""游艺""形态与""演艺""形态的表演特征的剖析,探索赣南采茶舞乡野化的民俗特征与舞台创作的审美价值,思考民俗文化传播与非遗传承保护在当下的发展。",北京舞蹈学院学报,2018-10-31,期刊,J722.21,97-100,4
47,舞乐关系的理论基础及“同化”研究,田旭,上海师范大学音乐学院,舞蹈;音乐;关系;同化;,"舞蹈通常与多种艺术形式联结协作,其根本原因在于人体作为舞蹈的物质媒介,在身心两方面都有局限性,这使人之内在情感的表现需要与人之身体相对有限的表达能力之间产生矛盾。要消解这一矛盾,舞蹈必然要借助其他艺术媒介拓宽表现力。在所有艺术形式中,音乐具有最大的抽象表现力,作为纯粹的时间艺术,参与其他艺术的能力最强且机会最多。因此,舞蹈与音乐结为最紧密的协作关系,节奏在其中发挥了关键作用。同时,在舞蹈与音乐的联结协作这一现象中,隐藏着深层的规律,即""物质材料""""审美效能""""时空关系""""舞乐节奏""四层。此外,舞蹈强大的""同化""能力使音乐从属于舞蹈,确保了舞蹈在与音乐协作过程中的独立性与主动性。",北京舞蹈学院学报,2018-10-31,期刊,J618,101-105,5
48,《天鹅湖》“终场”的音乐与舞剧版本探究,陈悦,上海戏剧学院舞蹈学院,舞剧音乐;戏剧内涵;舞编设计;版本比照;,"本文以《天鹅湖》终场部分的舞剧音乐在不同舞剧版本中的""多解""现象为切入点,阐释不同的舞剧编导对同一部舞剧音乐所持的不同体认与理解。在对舞剧""终场""部分音乐的分析中,通过对音乐、舞蹈、戏剧的综合性比较研究,分析不同编导在舞剧音乐及戏剧内涵上迥异的审美体认,以及由此体现出的对舞剧戏剧内涵与戏剧精神的不同理解,并对之加以比照和品评。",北京舞蹈学院学报,2018-10-31,期刊,J733.4;J618,106-114,9
49,中国古典舞身韵的钢琴伴奏技巧研究,刘姝,天津大学教育学院,古典舞身韵;钢琴伴奏;选曲;伴奏技巧;,"钢琴作为伴奏器乐,具有宽广的音域、丰富的和声、多样的织体,能够通过弹性节奏展示中国古典舞身韵的内在韵律和延展性。恰当掌握中国古典舞身韵选曲路径,通过对比夸张的手法在音乐风格、音乐结构以及音乐情感上与中国古典舞身韵完美结合,达到艺术上的和谐统一。",北京舞蹈学院学报,2018-10-31,期刊,J624.1;J722.4,120-124,5
50,从“公孙大娘”到“中国大妈”:刍议作为中国舞蹈史最新篇章的广场舞,胡一峰,《中国文艺评论》编辑部,广场舞;中国舞蹈史;现代化;伴生性;,"""广场舞""是当下最受舆论关注的文化现象之一。它的出现反映了艺术生活化的发展趋势,生动诠释了党的""十九大""报告关于我国社会主要矛盾转化的论断。""广场舞""具有强烈的""伴生性"",它是社会文化变化的产物,而非舞蹈艺术内部逻辑演化的结果。作为中国社会发展总体性特征在舞蹈艺术中的呈现,以及当代中国民众以艺术的方式对中国社会发展的回应,""广场舞""的确立表明舞蹈或文艺与社会的互动进入到了一个新的阶段。从这个意义上说,广场舞是中国舞蹈史的最新篇章。",北京舞蹈学院学报,2018-10-31,期刊,J722.1,1-7,7
51,广场舞女性日常生活的群体互动与身份建构,刘建;吴理财,华中师范大学,广场舞女性;社会关系;体化实践;社会身份;群体互动;,"自改革开放以来,我国经历了从""解放政治""向""生活政治""的历史变迁,广场舞也成为个体追求自我生活方式的现实体现。广场舞不仅作为中老年女性进行体化实践的场域,还更是个体化社会群体身份建构的一种表征。作为体化实践的重要机制,中老年女性这一群体通过广场舞有效实现了身体展示、""集体""意义的编织及群体互动的分层效应。但在个体化社会,广场舞女性这一群体的社会身份呈现个体认同的符号化、社会形象的污名化及群体归属的情景性等悖论。为推动广场舞女性社会身份的正常化,需要建构包容性公民身份的发展路径,进而承认其平等的公民身份权利来实现社会的再嵌入。",北京舞蹈学院学报,2018-10-31,期刊,J722.1,8-14,7
52,身体“记忆”——以广场舞蹈作为媒介的社会记忆的继承与流变,朱紫薇;刘炼,东北师范大学音乐学院,广场舞蹈;社会记忆;民族文化;个体与集体;,"广场舞蹈作为一个社会的""记忆""不仅位于民族历史和政治文化的中心,同时也在个人和集体的身份认同中发挥着力量。本文从以下三个维度考察广场舞蹈作为一种社会记忆的媒介在时代的长河中不断被继承和产生的变化:一、广场舞蹈与历史之关联;二、广场舞蹈与个人、集体情感归属之关联;三、广场舞蹈与民族文化之间的关联。通过对凸显历史、集体、民族文化流变的媒介——广场舞蹈的考察,不仅丰富、细化这种形态的来源,而且希望能够寻觅到一条新的研究线索,并使这条线索能够具有延展性,在日后的研究中也可以得到更好的完善。",北京舞蹈学院学报,2018-10-31,期刊,J722.1,15-19,5
53,山西地方高校中国民间舞教学改革现状及策略,赵萌,山西大学音乐学院,中国民族民间舞;地方高校;继承与发展;改革;课堂建设;,"本文从地方高校保护和发展当地民间舞蹈方式方法的角度出发,通过调查研究,结合山西省内高校民间舞蹈教学的现状分析及本人的教学实践,在归纳目前地方高等院校民间舞蹈教育存在问题的基础上,提出解决方案。",北京舞蹈学院学报,2018-10-31,期刊,J722.21-4;G642,56-60,5
54,大数据思维下的舞蹈科学训练路径探索——以完整的双边教学过程为例,林欣甫,天津师范大学音乐与影视学院舞蹈系,大数据思维;舞蹈训练;双边教学;,"在全球化发展背景下,信息传播速度加快,空间距离逐渐被拉近,信息的种类和数量也越来越丰富,数据呈现出多样性特征,大数据思维也应运而生。舞蹈科学训练发展也呈现新趋势,将科学的数据分析运用到舞蹈科学训练中,不仅可以夯实舞蹈训练的科学性基础,也将舞蹈训练与新兴技术连接,更为重要的是顺应时代发展趋势,对于舞蹈人才的全面培养和发展具有重要意义。",北京舞蹈学院学报,2018-10-31,期刊,J712.2-4,65-71,7
55,闽南舞蹈诗《沉沉的厝里情》的艺术形式与文化视角,陈凯丽,华侨大学音乐舞蹈学院,闽南文化;舞蹈诗;《沉沉的厝里情》;,"闽南舞蹈诗《沉沉的厝里情》于2012年由厦门小白鹭民间舞艺术中心打造完成,获得第九届中国舞蹈""荷花奖""金奖及第五届福建省艺术节一等奖。这部饱含着浓浓闽南文化和华侨文化的作品,以朴实的舞蹈语汇讲述了一个闽南渔村的故事。作品在地方民俗艺术的演绎中传颂着人间的真善美,传达着全剧的中心思想——回归。该剧具有一定的思想高度和审美判断,也对闽南文化如何走向新阶段具有深刻的启发和借鉴。文章通过分析作品的艺术特色,即作品中各类民间艺术的展现、艺术精神的表现以及艺术情感的诗化,阐发对闽南文化在新时期如何发展的思考与建议。",北京舞蹈学院学报,2018-10-31,期刊,J722.7,87-91,5
56,音乐剧演唱教学中女声真混声演唱技巧训练与应用,郭鹏,北京舞蹈学院音乐剧系,真声演唱;混声演唱;真混声结合训练;,"女声真混声演唱技巧在音乐剧女声教学中是一项训练的重点,也是难点,该技巧对推动女声音乐剧演唱能力、声音技术能力、音域的拓展都有深远的影响。文章从真混声演唱技巧为何适用于音乐剧女声声乐教学、音乐剧演唱中真混声技巧训练、女声真混声演唱技巧在音乐剧作品中的运用三大方面展开论述,阐述了女声真混声演唱技巧训练与应用在音乐剧教学中的重要意义。",北京舞蹈学院学报,2018-10-31,期刊,J617.2-4,115-119,5
57,1978—2014北京舞蹈学院新时期舞蹈经典作品,,北京舞蹈学院中国民族民间舞系、科研处,O,O,北京舞蹈学院学报,2018-10-31,期刊,J42,129,1
58,《北京舞蹈学院学报》被评定为“2018年度中国人文社会科学期刊AMI综合评价”A刊核心期刊,本刊讯,O,O,"<正>中国社会科学评价研究院于2018年11月16日在""第五届全国人文社科高峰论坛暨期刊评价会""上发布《中国人文社科学期刊AMI综合评价报告(2018年)》,基于学科与期刊特点构建了不同的期刊评价指标体系,对我国1291种人文社会科学期刊(2012年及以前创刊)、164种新刊(2013—2017年创刊或更名)及68种英文期刊进行了评价。其中,《北京舞蹈学院学报》被评定为""2018年度中国人文社会科学期刊AMI综",北京舞蹈学院学报,2018-10-31,期刊,+,91,1
59,唐代巴中石窟飞天艺术的造型特征及审美表达,邓新航;龙红,东南大学重庆大学,巴中石窟;唐代飞天;舞蹈造型;审美表达;,"唐代巴中石窟飞天艺术是南方飞天艺术的代表,不仅数量多、雕刻精,而且姿态动作千变万化。唐代巴中飞天集中出现于初唐和盛唐时期,大致与巴中石窟发展演变的情况相吻合。从唐代巴中飞天的形体、面貌、服饰及动态等方面来看,初唐飞天显得优美灵动,盛唐飞天则显得优雅雍容。在巴蜀传统文化、审美风尚等多种因素的综合和主导影响下,唐代巴中飞天表现出飞动美、装饰美和写实美的独特审美追求。",北京舞蹈学院学报,2018-08-31,期刊,K879.3;J709.2,38-45,8
60,彝族花鼓舞民间自组织“花鼓会”的结构与功能,黄龙光,云南师范大学学报编辑部,彝族民间花鼓会;结构与功能;送灵归祖;,"作为一种典型的丧礼仪式灵舞,彝族花鼓舞主要的传承力量来自花鼓舞背后的民间花鼓会。在滇中峨山彝族自治县,几乎每一个村组均有自己的花鼓会。彝族民间花鼓会在共同地缘的基础上,由一定家庭自愿组建并拜师传习花鼓舞展演的套路、动作与技巧。彝族民间花鼓会通过组织各种彝族花鼓舞展演,在彝族社会发挥着""送灵归祖""、文化传承、生产互助与角色协调等多重功能。作为非物质文化遗产,彝族花鼓舞的传承与保护工作,应考虑重点资助和支持彝族花鼓会这样的民间自组织开展一系列相关的文化传承实践活动。",北京舞蹈学院学报,2018-08-31,期刊,J722.212,59-65,7
61,舞蹈艺术的影视化呈现及其特点,尹航,山东青年政治学院舞蹈学院,舞蹈艺术;影视化呈现;审美特点;,"在舞台之外,大众传媒语境下的舞蹈艺术表现出鲜明的影视化特征。以电影、电视与网络视频为媒介的影视化呈现,丰富了舞蹈艺术的实现形态,改变了舞蹈艺术传统的审美特点。同时,这种呈现方式也在当前环境变革与时代审美心理的激变中,促使舞蹈这门古老的艺术形式持续勃发鲜活的生命力与内在价值。文章在全面梳理舞蹈艺术影视化呈现形态的基础上,立足于传播学的视角对这一变革加以剖析,并通过探寻其深层的社会文化动因,指出这一变革对舞蹈艺术发展的积极意义。",北京舞蹈学院学报,2018-08-31,期刊,J705,85-90,6
62,“文化杂食主义”视角下的网络舞蹈视频与“互联网+”时代的文化分层,鞠高雅;林一,北京大学,文化消费;文化杂食主义;自媒体;“互联网”+;消费分层;,"文章通过引入""文化杂食主义""的概念,以互联网舞蹈视频为例,从文化分层的角度剖析互联网文化、自媒体运作以及当前互联网文化产业发展趋势。文章认为,互联网自媒体虽然最早脱胎于""草根""大众和流行文化,但随着时间的发展,如今的自媒体已经不由""草根""大众主导。相反,它们更近似于文化研究理论中的""杂食主义者""概念。表面上由""草根""大众""自发发起""""自主选择""的文化消费潮流,其内涵往往十分复杂。因此,研究者提出,对于互联网文化产业和市场的分析,不能一味沿用旧有模式,需要将基于互联网平台的新型文化和消费分层模式纳入考虑。",北京舞蹈学院学报,2018-08-31,期刊,J705,71-77,7
63,新媒体背景下舞蹈传播与产业发展探析,李娜,苏州市职业大学艺术学院,新媒体舞蹈;舞蹈传播;文化产业;,"随着新媒体技术的出现,各产业跨界融合,新媒体舞蹈艺术也随之产生和发展。目前学界多集中于对新媒体舞蹈的表演形式和风格方面的阐述,文章从""传播学""和""文化产业""两个学科的维度对新媒体舞蹈进行探析。以""新媒体舞蹈传播""和""新媒体舞蹈产业""视角,讨论舞蹈艺术多元纵深的延展力与包容并进的强大生命力。文章强调,在全球一体化的今天,要想讲好中国故事,就需要运用新媒体传播中国的文化艺术,向世界人民展示优秀中华文化,提升国家软实力。",北京舞蹈学院学报,2018-08-31,期刊,J705,78-84,7
64,琵琶春秋礼乐魂,唐建平,中央音乐学院作曲系,音乐创作;礼乐文化;舞蹈交响化;,"本文从音乐创作的角度对张建民导师工作坊《礼乐魂-眷顾的诗情》进行艺术创作分析。《礼乐魂》中的音乐部分,是由笔者在1994年纪念孔子诞辰2545周年创作的琵琶协奏曲《春秋》。文中阐述了音乐创作过程中如何理解""礼乐文化"",以及如何用音乐的手段呈现编导个人的艺术表达,从而达到音乐创作与编导舞蹈创作在风格上的完美统一。",北京舞蹈学院学报,2018-08-31,期刊,J618;J632.33,118-120,3
65,回溯·展望·反思——“舞蹈高等教育四十年”专访,本刊编辑部,O,O,"<正>一、""舞蹈高等教育需要提高文化层次""——吕艺生访谈~①我在学院的领导岗位上十多年,我是这样思考舞蹈学院问题的。因为北京舞蹈学院(下简称舞蹈学院)是从中专改制转为高校的。我回到学校时,已经改制七八年了,1978年十月一号国务院批准的。舞蹈学院的基本结构,特别是思维,还停留在中专时代。这也是人们看到的,从中专过渡到大学,是在我担任院领导期间完成的。回顾起来从形式上,",北京舞蹈学院学报,2018-08-31,期刊,J70-4;G642,1-13,13
66,舞蹈影像创作中的重复、启示和转换,西蒙·菲尔德斯;张月龙,英国Goat Medsa公司深圳大学师范学院,舞蹈影像;屏幕舞蹈;剪辑;结构;,"本文概述了舞蹈影像和屏幕舞蹈在剪辑中重复镜头的使用特点,主要分析了以下三种方式:作为音乐结构手法的重复,作为建构叙述手法的重复和作为转换的蒙太奇式结构的重复,这三种方式都从不同程度反映出舞蹈创作和结构中的当代理论方法,只是后者试图探索一种常在音乐、文学、表演和视觉综合艺术中出现的重复性超脱感和精神体验感。",北京舞蹈学院学报,2018-08-31,期刊,J705,109-113,5
67,《中国古典舞身韵教学法(第3版)》出版,本刊,O,O,"<正>2018年6月,唐满城、金浩合著《中国古典舞身韵教学法(第3版)》由上海音乐出版社、上海文艺音像电子出版社出版。该书曾获北京市人民政府授予的北京市高等教育教学成果二等奖、北京市教育委员会颁发的北京市高等教育精品教材项目奖。本书第一作者唐满城先生,他把毕生的精力都献给了古典舞事业,可谓舞论宏富、研究深广,他更像是洇入土地的水滴,和""身韵""再也分不出彼此。身韵作为当代中国古典舞学科",北京舞蹈学院学报,2018-08-31,期刊,J722.4,37,1
68,《屈原》,,北京舞蹈学院科研处、图书馆,O,O,北京舞蹈学院学报,2018-08-31,期刊,J722.4;J42,129,1
69,舞蹈高等教育高峰论坛四题,于平,文化和旅游部,高等舞蹈教育;长江流域;民族舞蹈;舞蹈精品课程;,"2011年,自""艺术学""由高等教育的一级学科提升为学科门类后,隶属于""艺术学""的一级学科舞蹈学科备受关注。有关""舞蹈高等教育""问题的探讨,便自然而然成为当下舞蹈界的一大热门话题。本文从多维度切入""舞蹈高等教育""这一主题,指出当下高等舞蹈教育""同质化""趋势日益明显,并且正在成为一种既有学科模式的""弱化形态""。对此,笔者在观照长江流域高等舞蹈教育、民族舞蹈教学、舞蹈精品课程、区域性民族舞蹈教学以及民族舞蹈传承发展现状的同时,对该问题作出了思考。笔者认为""长江流域高等舞蹈教育""理念的提出便具有""在地化""色彩;民族舞蹈教学可基于某种""公约""的基础上实现""在地化"";舞蹈精品课程应关注其""转型定位"";区域性民族舞蹈教学则须处理好""既成风格""和""主体表达""之关系。",北京舞蹈学院学报,2018-08-31,期刊,J70-4;G642,17-24,8
70,中国舞蹈学研究生教育漫谈,江东,中国艺术研究院舞蹈研究所,中国舞蹈学;舞蹈高等教育;研究生教育;中国艺术研究院;,"1982年,时任中国艺术研究院舞蹈研究所所长吴晓邦开始为中国舞蹈界培养硕士研究生,开启了培养舞蹈学高端人才的航程。在中国舞蹈高等教育发展的四十年里,研究生教育筚路蓝缕,为我国的舞蹈学研究事业打下了坚实的人才基础。期间进步和欠缺并存,成长和挑战共融。中国舞蹈学研究生教育工作仍然是任重而道远的,唯有脚踏实地地布局和调整好基础性工作,才会让我们最终看到一个百花烂漫的美好未来。",北京舞蹈学院学报,2018-08-31,期刊,J70-4;G643,25-29,5
71,《德寿宫舞谱》考释与复现,刘青弋,上海戏剧学院舞蹈研究院,《德寿宫舞谱》;南宋宫廷舞蹈;舞蹈术语;考释;复现;,"宋代文学家周密在《癸辛杂识》后集中所记《德寿宫舞谱》,为在历史长河中销声匿迹的中国古代宫廷舞蹈留下了一份十分罕见且弥足珍贵的历史文献。对《德寿宫舞谱》的研究之于窥探中国古代宫廷舞蹈的面貌、术语系统、句式结构和舞蹈节奏,把握其艺术和审美特征,探究其对戏曲舞蹈的影响,都具有重要的学术价值。文章以史学研究与舞蹈动态还原操作实验相结合的方法,一方面通过考释证明齐如山等前辈研究成果的合理性,或纠正误读,或破译阙疑,使得舞谱的考释与破解获得新的进展;另一方面力求以多维的历史证据支撑,对舞谱进行动态复现,通过弥补中国古代舞蹈历史研究关于舞谱及其操作性研究的不足,探究宋代宫廷舞蹈的历史面目。",北京舞蹈学院学报,2018-08-31,期刊,J722.4,30-37,8
72,唐代胡腾舞形态考,李淼,河南师范大学音乐舞蹈学院,胡腾舞;考古图像;图像动作分析;,"胡腾舞是北朝异域艺术传入中原的特色舞种之一,其发展脉络体现了中国古代少数民族与汉民族文化的融合。通过对苏思勖墓、陕棉十厂唐墓及宁夏盐池唐墓壁画乐舞图像分析,进一步证明唐代经济和文化发展使得胡腾舞在传播过程中大量吸收了中原宫廷乐舞等文化元素,其服饰搭配和舞蹈动作更接近于中原宫廷乐舞,西域舞蹈的风格逐步弱化。目前学界对于考古图像中的胡腾舞、胡旋舞等舞种划分归属问题还存在争议,仅以旋转和腾踏作为胡腾舞和胡旋舞的区分标准有些过于模糊。",北京舞蹈学院学报,2018-08-31,期刊,J709.2;K879,46-51,6
73,彝族传统丧舞的源流、形式及其文化内涵,龙倮贵,红河学院,彝族;丧舞;源流;表现形式;文化内涵;,"彝族传统丧舞不仅有其传说由来,而且因居住区域不同而传承和发展各自不同,包括川滇大小凉山、滇黔乌蒙山、滇桂黔六诏山、哀牢山等不同类型和流派,并且都明显带有生者对死者的感情追思和功利目的。丧舞既是为亡灵顺赴阴路回归祖魂世界,又告示历代祖魂前来迎接新亡魂归祖,与历代祖魂一起生活。作为世间与祖魂之间""迎来送往""的直接反映,丧舞具有为亡魂在归祖途中铲除妖魔鬼怪,颂扬死者生前功绩,以及善舞娱人、崇祖悦祖、告慰亡灵,慰藉孝子孙等多重内容和功能。",北京舞蹈学院学报,2018-08-31,期刊,J722.29,52-58,7
74,彝族传统丧葬仪式舞蹈探析,沙呷阿依,中央民族大学舞蹈学院,彝族;丧葬仪式;舞蹈;,"云贵彝族丧葬仪式舞蹈蕴含着感恩、传德与教化的传统。本文从民族舞蹈学视野考察彝族丧葬仪式舞蹈,探讨彝族感恩传德与教化传统仪式舞蹈本体的艺术构成和文化特征,从中可以看出其舞蹈形式的丰富性与多样性,内涵寓意深刻。彝族丧葬仪式通过其在不同场域对生命和死亡的深刻理解和演绎,对参与者在社会角色与文化身份上的认同与转换产生巨大影响。研究彝族传统丧葬仪式舞蹈对研究彝族民族历史和民俗变迁,对其民族文化的当代创造性转化与发展,有不可替代和不可估量的学术价值。",北京舞蹈学院学报,2018-08-31,期刊,J722.29,66-70,5
75,新媒体时代背景下舞蹈艺术的表达,潘晶,山东艺术学院舞蹈学院,新媒体;舞蹈艺术;传播;呈现;审美;,"随着艺术领域的不断融合和数字化技术的发展,新媒体舞蹈成为一股新鲜的血液,为舞蹈艺术的发展带来更多的可能。新媒体舞蹈艺术的传播领域涉及电影、电视及微信、微博等平台,与传统舞蹈相比更注重虚拟化手段带来的冲击力。新媒体舞蹈扩展了传统舞蹈的表现空间,也为舞蹈的审美营造出非一般的视觉效果,同时为舞蹈的传承与发展带来更多的机遇和挑战。",北京舞蹈学院学报,2018-08-31,期刊,J705,91-94,4
76,动静编码——舞蹈与媒体的两次转换,刘春,中国艺术研究院舞蹈研究所,媒体记忆;动态对话;屏幕舞蹈;数据化;舞蹈影像档案;,"舞蹈影像是从记录、储存舞蹈到创造舞蹈的新艺术形式,也是我们重新认识身体和动作的手段,甚至有可能重塑身体,在表演、创作和研究上,都有可能拓展目前舞蹈艺术的范畴。认知舞蹈影像的现状,基于舞蹈与媒体之间的两次转换:即动态向静态的转译、动态与动态的对话。以身体与屏幕、身体与超时空、身体与数据的不同角度,以新技术审视和观察身体语言,身体的时代特征。身体和动作还能够成为什么?以转换为对话基础,舞蹈影像成为重建关系和语言的新课题。",北京舞蹈学院学报,2018-08-31,期刊,J705,95-103,9
77,从爱森斯坦的“蒙太奇思维”理论看舞蹈影像创作,陈玉洁,西南大学音乐学院舞蹈系,舞蹈影像创作;蒙太奇思维;局部与整体;同时性;,"本文以玛雅·德伦的舞蹈影像创作实践为研究对象,借以谢尔盖·爱森斯坦的蒙太奇理论,分析其作品中的蒙太奇艺术创作。文章论证了蒙太奇思维是如何在从舞台到荧幕的过程中发生作用的。继而,结合舞蹈影像作品的案例解析,探讨舞蹈影像创作中蒙太奇思维所具备的力量。蒙太奇的创作思维使舞蹈影像从舞台舞蹈的概念中抽离出来,使荧幕舞蹈独立存在。",北京舞蹈学院学报,2018-08-31,期刊,J705,104-108,5
78,《礼乐魂——眷顾的诗情》创作谈,张建民,北京舞蹈学院创意学院,舞蹈创作;礼乐文化;交响编舞;民族化;,"作品《礼乐魂—眷顾的诗情》诞生于一个以舞蹈编导专业为主的导师工作坊。作品运用交响化编舞法组织。传统古典舞语汇,以""交响化""突出语言表达的丰富性和表现力幅度。在创作过程中,编导者发觉""日久弥新""的玩味,关注编舞的基础和思考议题,力求简朴却又直接解决问题的舞蹈语言的产生,而不是""浮夸""的呈现。文章从选题创新、交响编舞民族化,以及确立中国舞编舞学构架三个方面来梳理此次的创作经验。",北京舞蹈学院学报,2018-08-31,期刊,J722.7,114-117,4
79,从舞蹈诗《礼乐魂·眷顾的诗情》看交响编舞法的民族化,苏自红,中央民族大学舞蹈学院,交响芭蕾;交响编舞;民族化;,"本文是对张建民教授的研究生导师工作坊《礼乐魂-眷顾的诗情》,从交响编舞法产生的一个思考。作品从形式到内容,都让人切切实实地看到了张建民教授在中国民族舞蹈诗舞蹈创作中对编舞技术技法所进行的深入研究,并努力在教学实践和创作实践中将源于西方交响编舞法的技术""洋为中用"";把中国先秦古典礼乐和古代文化的内涵""古为今用"";有意追求舞蹈动作的""简静""而意蕴""深邃"",内涵""达观""而文脉""畅通"",探索既符合时代要求又具有中国民族传统文化意蕴""为我所用""的中国舞剧交响编舞法民族化的创作方法。",北京舞蹈学院学报,2018-08-31,期刊,J722.7,121-124,4
80,四十载回望:中国舞蹈高等教育的历史使命与隐忧,吕艺生,北京舞蹈学院,北京舞蹈学院;舞蹈高等教育;文化层次;,"1978年,北京舞蹈学校改制为北京舞蹈学院,中国舞蹈从此步入了高等教育阶段。北京舞蹈学校的中专教育为舞蹈高等教育奠定了坚实的专业基础。而持续不断地提升中国舞蹈高等教育的文化层次,塑造舞者兼备深度与广度的文化知识结构,依然是四十年后中国舞蹈高等教育的核心使命。",北京舞蹈学院学报,2018-08-31,期刊,J70-4;G642,14-16,3
81,北京舞蹈学院高等教育四十周年,,北京舞蹈学院宣传部、图书馆,O,"<正>1978年,北京舞蹈学校改制为北京舞蹈学院,从此开启了新中国舞蹈高等教育发展的大幕。四十年匆匆而过,中国舞蹈高等教育伴随着改革开放四十周年的浪潮,在人才培养、科学研究、社会服务、文化传承创新、国际交流合作等方面发生了翻天覆地的变化。本期彩页特以""图片档案""之形式,以北京舞蹈学院四十年发展为代表,展示中国舞蹈高等教育的四十年历程,以飨读者。",北京舞蹈学院学报,2018-08-31,期刊,J792,2+125-128,5
82,唐代士人身份与舞蹈诗关系探析——以张说、王建、张祜为中心,彭志,浙江大学人文学院,士人身份;舞蹈诗;观者之眼;错综关系;,"唐代舞蹈诗量多质高,士人是重要的创作主体。细化士人身份,可分成高级官僚、中下层官员、布衣处士三类。囿限于身份所带来的知识、视野及地位差别,士人笔下的舞蹈诗呈现出复杂面貌。高级官僚的舞蹈诗以张说之诗为代表,中书令身份使其能够观看、描绘一些多在宫廷教坊中表演的壮阔乐舞,并为庙舞撰写歌辞,而针对燕乐系统的泼寒胡戏,则谏言采用禁断之策。中下层官员的舞蹈诗以王建之诗为典型,沉迹下僚的身份使其仅能依凭王守澄转述,在《宫词》中摹写圣寿乐、抛毬乐、柘枝等舞蹈演出场景。布衣处士的舞蹈诗以张祜之诗为范例,处士身份使其游历四方时颇得各地刺史礼遇,钟情于描绘府邸中的柘枝舞胜景,同时诗中常见对大酺乐、千秋乐等在市井中展演舞蹈的描写。探讨唐代士人的三类身份与舞蹈诗创作间的错综关系,突显的是作为观者的士人对舞蹈表演的接受和反映。",北京舞蹈学院学报,2018-06-30,期刊,I207.22;J709.2,27-33,7
83,吴晓邦舞蹈专业教育思想研究,党允彤,陕西师范大学音乐学院,吴晓邦;舞蹈专业教育;身体塑造;创造力培养;审美感染;,"根据吴晓邦先生的教育思想,舞蹈教育首先是美的教育,是一个审美感染的教育过程。其中,""人体自然法则训练""对舞者身体的锻造,""现代舞蹈创作实习课""对舞者创造力的引导,以及贯穿始终的""呼吸、动作与想像"",通过这一系列身体体验的习得,最终走向身心契合,获得美的艺术体验。身体技巧训练不再是唯一教学目的,而是人的身体体验的获得,这构成了吴晓邦舞蹈专业教育思想的关键。",北京舞蹈学院学报,2018-06-30,期刊,G642;J70-4,1-4,4
84,李瑞林、战肃容东北秧歌教材理念与特征分析,王嵩妹,沈阳音乐学院舞蹈学院,李瑞林;战肃容;东北秧歌;教材;,"""方法论""是当下舞蹈学科建设的薄弱环节,而本土舞蹈、专业实践的""方法论""更是业内应当加强的重点。本文从李瑞林、战肃容两位专家建设的东北秧歌教材入手,在详细分析教材建设具体细节的同时,归纳总结出一些可真操实做的奏效经验,为中国民族民间舞教材""方法论""一尽薄力。",北京舞蹈学院学报,2018-06-30,期刊,G642;J722.211-4,5-8,4
85,贾璇性格舞教育理念与启示,刘晓勉,中央芭蕾舞团舞蹈学校,贾璇;性格舞;芭蕾教育;,"本文以性格舞教师贾璇为研究对象,以口述史研究方法为基础,通过人物访谈、资料收集,对贾璇在中国舞蹈教育事业上的人生经历、教学实践、理论研究等方面进行梳理和论述。贾璇不仅培养出许多优秀的芭蕾性格舞演员和教师,而且为中国芭蕾性格舞的开拓、建设和传承做出了卓越贡献。",北京舞蹈学院学报,2018-06-30,期刊,G642;J70-4,9-13,5
86,沈元敏舞蹈教育理念及其学科建设贡献,王熙,北京师范大学艺术与传媒学院,教育理念;教学思想;人才培养;教育全局观;动作方法论;,"沈元敏教授是当代中国古典舞学科的重要传承者之一。作为学科创建与发展的见证者与参与者,她以严谨、细致、且于规则中见自由的教学风格培养出了一批批技艺双精的优秀人才;她以自身的道德品质与人格修养影响着一代代莘莘学子,成为中国舞蹈界的教师楷模。本文试从沈元敏教授的教学指导思想、人才培养目标、育人为师之道与学科教育视野四个方面来系统地阐述沈元敏教授的舞蹈教育理念及其在学科建设中的贡献,在展现出一位教育工作者的风姿的同时,也为后辈从教者树立起学习的标杆。",北京舞蹈学院学报,2018-06-30,期刊,G642;J70-4,14-19,6
87,周代《象舞》考辨,吕华亮,淮北师范大学文学院,《象舞》;作时;命名;舞容;典礼用《象》;,"《象舞》是周代的一种重要舞乐,也是当时贵族子弟的必学内容。然至战国,关于它的记载已多有分歧;汉代以后,更是异说纷纭,莫衷一是。近代以来,学者们根据相关材料,陆续对它展开了专题研究,然亦不过各自为说,治丝益棼。鉴于此,有必要对《象舞》重加考辨。考前贤今人的研究可知,关于《象舞》研究的纠结处主要集中在以下几点:它的作时、命名、舞容,它在典礼中的运用以及由此产生的系列问题。文章围绕这些论题,梳理材料,甄别异同,提出看法,以期还原《象舞》的本来面貌。",北京舞蹈学院学报,2018-06-30,期刊,J722.4,20-26,7
88,中国舞蹈在东南亚国家的跨文化交流与传播研究,张媛,华侨大学音乐舞蹈学院,中国舞蹈;东南亚国家;跨文化交流与传播;,"中国与东南亚国家因特殊的地缘、血缘和族源关系,彼此之间的经济、政治和文化艺术的交往较之其它地区更加紧密和错综复杂。跨文化作为一种理论视角和方法,它的相关研究因全球化的现实语境而渗透到人文社会科学的多个领域。本文运用跨文化传播学的相关学理,探讨中国舞蹈在东南亚国家的跨文化交流与传播现象,通过对其跨文化传播路径、作用及制约因素的分析,探讨全球化背景下的解决建议及策略,以期推动中国舞蹈在东南亚国家跨文化交流与传播的可持续发展。",北京舞蹈学院学报,2018-06-30,期刊,J792.6,43-50,8
89,论中国古典舞的意象塑造,郭瀚繁,华中师范大学文学院,舞蹈意象;“观物取象”;“立象尽意”;“得意忘象”;,"""意象""作为一个概念性指征,使得众多艺术形式争相探求钻研,中国古典舞创作尤其注重意象塑造。本文将意象塑造必经的三个过程:""观物取象""""立象尽意""""得意忘象""进行分门别类的论述,并以中国古典舞作品、汉唐古典舞作品为例证辅佐,以此来阐明中国古典舞的意象塑造。",北京舞蹈学院学报,2018-06-30,期刊,J722.4,51-56,6
90,论“形象的雕塑”与舞蹈艺术,徐梦婕,北京师范大学艺术与传媒学院,“形象雕塑”;舞蹈艺术;当代舞蹈;,"""形象雕塑""形成于18世纪末的法国,是指由艺术家通过身体语言模仿绘画、雕塑等艺术作品的一种再现式艺术形式。本文旨在阐明""形象雕塑""艺术的发展历程,以及不同时期""形象雕塑""在舞蹈艺术中的表现及其作用,并结合当代舞蹈作品分析""形象雕塑""如何运用当代舞蹈身体语言进行舞台呈现。",北京舞蹈学院学报,2018-06-30,期刊,J705,57-62,6
91,关于制约舞蹈艺术创造力因素的思考,陈禹西,沈阳音乐学院舞蹈学院,舞蹈艺术;创造力障碍;创造性;泛式化;,"文章旨在通过剖析和解读""创造力""在舞蹈艺术创作中的意义,梳理并研究制约舞蹈家和舞蹈编导创造力的影响因素:第一,沿袭泛化的表现手法;第二,习惯性思维;第三,逐渐保守的自我心态;第四,原创性精神的缺乏。文章针对当下舞蹈创作中出现的概念化、泛化和趋同化倾向,以自省的精神,结合舞蹈实践教学和理论研究,力图为舞蹈创作提供一些借鉴参考。",北京舞蹈学院学报,2018-06-30,期刊,J704,63-66,4
92,"“极物之真,能守其本”——谈韩贤杰朝鲜族舞蹈创作中的“物象”思维",赵凯,重庆大学艺术学院,韩贤杰;朝鲜族舞蹈;“物象”思维;,"多年以来,一直致力于朝鲜族舞蹈教学和创作的韩贤杰老师,在不断的创作实践中形成了自己独特的创作理念和作品风格。从作品《沐月行》《月光-处容》(1)《鹤在飞!》中,可以看出韩贤杰教授朝鲜族舞蹈编创的特点——对""物象""(自然之物、图腾之物)的敏锐感悟与外化,以及在此基础上对传统的尊重,对朝鲜族舞蹈人文内涵的挖掘。韩贤杰老师创作观念中有着朴实的庄子""极物之真""的智慧,正是在这样的中国哲学思维意识引导下,他对朝鲜民族传统语言进行了再创造和再发展,并形成了他朝鲜族舞蹈作品独特的艺术品性。",北京舞蹈学院学报,2018-06-30,期刊,J722.22,67-71,5
93,沙呷阿依的彝族舞蹈编创——以作品《五彩云霞》《情深谊长》为例,任琦,成都理工大学传播科学与艺术学院,沙呷阿依;彝族舞蹈编创;《五彩云霞》;《情深谊长》;,"本文以彝族舞蹈家沙呷阿依的两个代表作《五彩云霞》《情深谊长》为例,探讨沙呷阿依的彝族舞蹈创作的特点:善于捕捉彝族人民的生活形态并将其作为创作源泉;对彝族舞蹈语言的坚守与创新;通过情节的贯穿反映彝族人民生活等。《五彩云霞》中运用了彝族人的""红披毡"";《情深谊长》更是不满足于一般性的情感抒怀,而是用""军鞋""作为整个作品的情节贯穿,深层次挖掘出社会生活的内在意义与内涵。两个作品在语言上,一方面保留和坚守了彝族传统语言形态的特点,另一方面又都在形式上有所突破,使之与作品要表达的主题贴合。",北京舞蹈学院学报,2018-06-30,期刊,J722.22,72-75,4
94,论孙颖艺术创作中女性人物的形象塑造,王海涛;刘妍汝,重庆大学艺术学院,孙颖作品;女性舞台形象;身份限定;典型形象;文人情怀;,"女性形象在孙颖艺术作品中有较多体现。她们不仅反映出创作者对古代女性的美感想象,同时也集中体现了中国古典舞的文化内涵与美学品格。本文以孙颖舞台创作的女性形象为研究对象,探讨孙颖从身份限定、文人情怀的诗性追求等方面,是如何提炼、塑造历史背景下典型的女性形象的。这种带有古典美学意蕴和历史感的形象探求,具有借鉴意义和参考价值。",北京舞蹈学院学报,2018-06-30,期刊,J705,76-79,4
95,钱鼓舞的舞蹈形态变迁与当代传承,王晓兵,华南师范大学音乐学院,钱鼓舞;海陆丰;舞蹈形态;传承;,"钱鼓舞是广东潮汕地区的代表性舞种之一,被列入省级非物质文化遗产名录。其独特的舞蹈形态蕴含着闽南、潮汕两地文化交融的因子,有着鲜明的地域文化特征。随着赖以传承的文化语境逐渐消失,民间钱鼓舞面临着消亡的危机。与此同时,职业艺术群体对其进行提炼、加工、改编,在专业领域为其开拓一条新传承之路。然而,在艺术加工的同时,专业的侧重往往会消解其部分原初文化内涵。",北京舞蹈学院学报,2018-06-30,期刊,J722.21,85-89,5
96,协同创新共育音舞人才,,北京舞蹈学院研究生部,O,"<正>为了积极探索拔尖创新艺术人才培养的有效途径,主动服务于国家文化艺术事业的发展需要,努力打造音乐与舞蹈学一流学科,北京舞蹈学院与中央音乐学院长期友好合作。新一轮协同创新舞蹈音乐编创高端人才培养项目开启,第六季""音舞集""的11个作品分别在中央音乐学院歌剧厅和北京舞蹈学院沙龙剧场成功上演。",第六季“音舞集”研究生创演活动,粟国光,北京舞蹈学院学报,G643;J60-4;J70-4,127-128,2
97,1978—2014北京舞蹈学院新时期舞蹈经典作品,,北京舞蹈学院科研处北京舞蹈学院图书馆,O,O,北京舞蹈学院学报,2018-06-30,期刊,J72,129,1
98,甘肃天水“夹板舞”的文化意义阐释,王阳文,北京师范大学艺术与传媒学院,夹板舞;功能;观念;文化意义;,"民间舞蹈作为一种综合的文化现象,它的产生与流传是当地文化的一部分,一方面它产生于当地自然环境与人文环境的客观条件之下;另一方面,它的呈现方式也折射出当地人的认知系统,是人们对自我文化主动塑造的结果。由此对于民间舞蹈的研究就有了更深层次的意义。本文以甘肃天水""夹板舞""为个案,在田野考察的基础上对其进行研究,重点探讨它在当地社会中的功能、体现的观念,以及在不断发展变化中承载的文化意义。",北京舞蹈学院学报,2018-06-30,期刊,J722.21,80-84,5
99,玉树藏族民间歌舞文化研究,达哇卓玛,青海省玉树州职业技术学校,玉树;藏族;原生态;歌舞;文化;,"玉树藏族舞蹈和世界上其他民族的民间舞蹈一样,以古老的艺术形式,积淀了深厚的艺术价值,具有欣赏价值和研究价值。玉树歌舞以其特殊的艺术语汇,鲜活生动地反映了各个历史时期藏族人民粗犷豪放的性格和淳朴勇敢的精神,表达了藏族人民对美好生活的向往,可以说是玉树人民劳动和生活的真实写照。文章通过对玉树众多民间老艺人的采访,搜集、挖掘和整理了大量关于玉树民间歌舞第一手资料,围绕玉树藏族原生态歌舞进行全面阐述。",北京舞蹈学院学报,2018-06-30,期刊,J722.22,90-93,4
100,北京舞蹈学院教育教学督导体制改革的多维度探索,赵妮;焦艳丽,北京舞蹈学院教务处,舞蹈高等教育;双一流;督导体制改革;教学评价;,"北京舞蹈学院在创建""双一流大学""的过程中,以切实全面提升教学管理水平为总体目标,在实践中不断遵循以高等教育的普遍性为基础,探索建立符合艺术类高校教学规律和特色的教学督导体系。学校以教育教学督导作为新时期教学改革的重要途径和手段,不断传承创新先进教学理念,强化督导体制改革中的内涵建设与文化育人功能定位,同时以全方位人才培养监控与多维度督导梯队建设为具体目标,从而初步形成了一套系统完善、人员队伍专业、服务于教学育人的总目标且具有艺术类高校特色的教学质量评价体系与方法。",北京舞蹈学院学报,2018-06-30,期刊,G642;J70-4,94-99,6
101,广东“非遗”传承与创新型舞蹈人才培养模式的研究与实践,王海英,华南师范大学音乐学院,非遗传承;创新型人才;传统舞蹈;,"广东""非遗""舞蹈资源丰富,本地高等院校采用""采于民间、研于课堂、创于舞台、兴于社会""的方式,将非物质文化遗产传承与创新型人才培养有机结合,建设校内实践基地、校外社会实践基地和非物质文化遗产(传统舞蹈类)研究基地(""三基地""),改革舞蹈专业人才培养的模式""三育人"",拓展社会舞蹈教育对象的年龄层次,加大舞蹈教育为服务社会的力度。最终构建""非遗""舞蹈传承与创新性舞蹈人才培养紧密结合的理论与实践模式。",北京舞蹈学院学报,2018-06-30,期刊,G642;J70-4,100-104,5
102,舞蹈专业大学生社会能力培养模式探析,李丹,天津美术学院,舞蹈专业大学生;社会能力;培养模式;,"大学生社会能力是由多个要素共同组成的,其中包括社会、家庭、学校、学生等方面。目前高校对舞蹈专业大学生社会能力的培养存在着许多弊端,社会能力研究对舞蹈专业大学生的针对性也相当缺乏,本文以天津高校的舞蹈专业大学生为研究对象,立足于对舞蹈专业大学生社会能力的培养进行探析,主要从高校课程、社会实践、社团活动等方面展开研究。",北京舞蹈学院学报,2018-06-30,期刊,G642;J70-4,111-118,8
103,试论广西高校本土民族民间舞公共课程体系建设,符燕,广西大学艺术学院,广西少数民族民间舞蹈;高校公共舞蹈教育;地区文化传承;,"文章以广西高校公共艺术教育为切入点,从体现广西高校的地方性、传承本土少数民族民间舞蹈的文化性和完善高校公共艺术教育教学体系三个方面来探索将广西本土民族民间舞蹈纳入广西高校公共艺术教育体系的必要性。广西各高校应充分整合本土民族文化教育资源,将原生态的广西少数民族民间舞蹈引入课堂教学,有针对性地提炼教学内容,构建知识性、艺术性和本土文化三位一体的高校公共艺术教学体系,在对学生实施艺术及人文教育的同时,也使本土民族民间舞蹈文化以高校公共艺术教育为载体,得到更有效的保护和传承。",北京舞蹈学院学报,2018-06-30,期刊,G642;J722.2-4,119-124,6
104,北京舞蹈学院中国古典舞系民族舞剧,高天,北京舞蹈学院中国古典舞系,O,"<正>2018年5月6至5月8日,国家艺术基金2017年度大型舞台艺术作品创作资助项目民族舞剧《梁山伯与祝英台》在北京舞蹈学院舞蹈剧场进行了首演。该剧由北京舞蹈学院中国古典舞系创排,以舞蹈的身体语言演绎民间爱情故事,用意境化的方式呈现中国古典舞语汇的表意功能,在视觉",北京舞蹈学院学报,2018-06-30,期刊,J723.1,2+125-126,3
105,《唐满城舞蹈文集》(第三版)出版,本刊讯,O,O,"<正>2017年9月,《唐满城舞蹈文集》(第三版)由南京师范大学出版社出版。该书作者为已故著名舞蹈教育家唐满城先生,他在舞蹈教学、表演、创作、理论等方面均取得了杰出成就,尤其在中国古典舞教学体系的建设方面功勋卓著。",北京舞蹈学院学报,2018-06-30,期刊,J705-5,13,1
106,义务教育阶段舞蹈教育的现状解析与构建设想,高杨,沈阳音乐学院舞蹈学院,义务教育;舞蹈教育;,"自20世纪90年代提出""素质教育""以来,艺术课程作为国家义务教育课程改革中的新型综合课程,既体现了我国教育改革的新理念,课程的经验与发展又喻示了普及型艺术教育的未来。舞蹈教育是艺术课程的重要组成部分,更是实施素质教育的重要载体。然而二十多年来,义务教育阶段中的艺术教育未获得平衡、和谐发展,尤其舞蹈艺术教育并未得到重视。因此,本文紧紧围绕目前义务教育阶段艺术课程之舞蹈教育这一焦点问题,以沈阳市中小学舞蹈教育现状为调查对象,研究舞蹈艺术教育如何健康有序地普及发展。",北京舞蹈学院学报,2018-06-30,期刊,G633.951,105-110,6
107,试论中国古代舞蹈的文学书写与当代创作——以当代作品《白纻舞》与《胡旋舞》为例,闫伟康,河北艺术职业学院舞蹈系,白纻舞;胡旋舞;文学书写;当代创作;,"文章以当代舞蹈作品《白纻舞》和《胡旋舞》为例,从舞蹈的舞姿造型、服饰装束、形象特性等方面着手,对古代文学书写下的形象描绘与当代舞蹈创作中的形神复现进行评析,力图将当代古典舞作品置于文学书写与艺术创作相关联的比较研究视角之中进行剖析和解读。",北京舞蹈学院学报,2018-04-30,期刊,I207.22;J705,56-59,4
108,论“卡拉角勒哈”的当代传承,谢雯雯,新疆艺术学院舞蹈系,民族文化;“卡拉角勒哈”;当代传承;,"地处丝绸之路经济带的新疆哈萨克族舞蹈""卡拉角勒哈""的当代传承需要受到更多的关注和多渠道的规范传承。从民间传承、群众传承、教学传承三个层面角度观察""卡拉角勒哈""的当代传承现象,可以发现立足于民族文化本位,进行当代创造性转化、创新性发展是这一民族传统艺术在当代语境下繁衍、继承、丰富和发展的重中之重。",北京舞蹈学院学报,2018-04-30,期刊,J722.22,43-46,4
109,论节奏和旋律在芭蕾舞训练中的三个应用方向,张一可,中央民族大学舞蹈学院,芭蕾舞训练;音乐节奏;音乐旋律;舞蹈技术;,"文章从音乐的两大元素——节奏和旋律切入,讨论其在芭蕾舞训练中的应用。结合芭蕾舞人才培养目标,总结出""节奏和旋律的速度快慢在芭蕾舞肌肉训练中的应用""""节奏和旋律的强弱在芭蕾舞动作训练中的应用""以及""节奏和旋律的感染力在技术训练和表现力中的应用""三个方面,以此分析它们在芭蕾舞训练和教学中的实践意义和价值。",北京舞蹈学院学报,2018-04-30,期刊,J722.5,89-94,6
110,《舞者的智慧——意会思维研究》出版,本刊讯,O,O,"<正>2018年3月,吕艺生教授的专著《舞者的智慧——意会思维研究》由上海音乐出版社出版。关于意会思维的思考,是因作者多年前对舞蹈美学和舞蹈编导理论的研究延伸而来。该书基于对舞蹈""只能意会不能言传""的惯常说法,提出了舞蹈思维就是意会思维,且认为意会思维普遍存在于非语言艺术领域。该书内容涉及美学、心理学、舞蹈史学、舞蹈教育学等领域,结构为——自序;前言;第一章破思维学之门而入;第二章",北京舞蹈学院学报,2018-04-30,期刊,J70-5,46,1
111,《研究与探索:舞蹈训练的人体科学理论与实践》出版,本刊讯,O,O,"<正>2017年12月,温柔研究员编著《研究与探索:舞蹈训练的人体科学理论与实践》由中央民族大学出版社出版。该书是首部舞蹈人体科学的著作,其内容涵盖舞蹈解剖学、舞蹈生理学、舞蹈力学、舞者保健、体能训练学及身心学等多学科基础知识,突破了单一学科研究以及各学科并列介绍的方式,围绕舞者的身体机能、舞蹈动作分析、舞蹈辅助训练、舞蹈热身与放松、舞蹈损伤与康复等五个专题及其十四个论题,将多学科理论",北京舞蹈学院学报,2018-04-30,期刊,J70-5,66,1
112,《文化史视野下的西方舞蹈艺术》出版,本刊讯,O,O,"<正>2016年6月,张延杰博士的专著《文化史视野下的西方舞蹈艺术》一书由广西师范大学出版社出版。本书为""北京市优秀人才培养资助D类项目""研究成果。作者以西方舞蹈史上引领舞蹈走向革命性发展的,具有代表性的舞蹈家或编导家为中心切入点。从分析他们的舞蹈理念出发,将研究视野扩展到他们各自所处的时代背景,考察当时的政治社会状况、文化思潮以及其他艺术形式如何影响他们的舞蹈创作思想,进而重",北京舞蹈学院学报,2018-04-30,期刊,J705,99,1
113,文化中国,,北京舞蹈学院中国民族民间舞系、教学实践中心,O,"<正>2月4日晚,由国务院侨务办公室和香港侨界社团联会主办的2018年""文化中国·四海同春""香港各界新春晚会在香港红磡体育馆举行。在整场15个节目中北京舞蹈学院担当7个舞蹈节目的表演任务,与香港各界同胞一起辞旧迎新,欢度佳节。香港是今年""四海同春""全球系列巡演活动的第一站,因而备受关注。此次演出是北京舞蹈学院学习宣传贯彻党的十九大",四海同春,李鑫,北京舞蹈学院学报,J792,127-128,2
114,新中国民族民间舞审美范式的构建——兼论贾作光蒙古族舞蹈的“规范化”,仝妍,华南师范大学音乐学院,自律性;新中国民族民间舞;审美范式;贾作光;规范化;,"新中国成立后,随着时代氛围的变化和舞蹈专业水平的提高,传统民族民间舞在继承各民族舞蹈传统的同时,在身体语言的塑造力、艺术形象的创造力和舞台综合的表现力等方面,逐渐建构起其审美范式,并以此为载体与途径,追求深刻的人文内涵和精益求精的艺术境界,展现了更富有时代感、人民性的审美现代性特征。从历史发生的角度看,当代中国民族民间舞蹈的建构,是在新中国初兴的历史语境中,在苏联模式、专家系统、人民主体的共同作用下,以""舞台化""呈现出来的。在这个现代转型的历程中,著名舞蹈家贾作光先生对蒙古族传统舞蹈的""规范化""改造成为当代中国民族民间舞蹈重要的艺术经验和传统。",北京舞蹈学院学报,2018-04-30,期刊,J722.2,1-5,5
115,永远的布吉格——贾作光舞蹈对中国当代舞蹈艺术的贡献,李北达,北京舞蹈学院人文学院,贾作光;中国当代舞蹈艺术;舞蹈创作;,"本文通过回顾贾作光先生的舞蹈创作历程,运用口述史的研究方法,并结合文献资料阐明贾作光舞蹈对中国当代舞蹈艺术所做出的贡献。他的作品不仅丰富了蒙古族的民族语汇,而且唤醒了曾经沉寂的少数民族舞蹈文化,更促进了中国当代舞蹈审美和创作理念的变革。",北京舞蹈学院学报,2018-04-30,期刊,J705,6-9,4
116,贾作光蒙古族舞蹈创作及其审美特征,陈琳琳,北京舞蹈学院教育学院,蒙古族舞蹈创作;贾作光;审美特征;,"作为我国蒙古族舞蹈艺术的奠基人之一,贾作光先生一生践行""为人民而舞""的理想信念,编创了大量鲜活生动的蒙古族舞蹈作品,其中《鄂尔多斯舞》和《海浪》获得""20世纪华人经典舞蹈""的殊荣。贾作光蒙古族舞蹈编创的审美模式在新中国蒙古族舞蹈中具有代表性、典范性,从而形成这一时期蒙古族舞蹈编创的审美特征。本文结合贾作光经典作品,从审美观念、主题审美特征、语言审美特征等方面进行阐述,不仅对其个人艺术成就从审美层面进行总结,更确证贾作光创作实践对当时乃至当今蒙古族舞蹈创作所产生的广泛而深刻的影响,确证其具有时代范式的标杆地位。",北京舞蹈学院学报,2018-04-30,期刊,J722.22,10-14,5
117,日本鬼剑舞文化探微,张军;王雪,北京舞蹈学院,鬼剑舞;北上市;日本舞蹈;,"在""北京市属高等学校入选长城学者培养计划""项目支持下,笔者赴日本进行剑文化相关学术交流活动。""鬼剑舞""起源于日本人对祖先灵魂抚慰祭祀的仪式,后来在武士出征与归来时,人们也会跳起这种舞蹈。这是一种在北上市一代又一代艺术家的坚守下传承下来的民间舞蹈艺术,有着1300多年的历史。本文对鬼剑舞的具体表演形式与文化背景等进行分析,并与中国古典舞剑舞和传统祭祀舞蹈进行比较,探索对中国剑文化传播发展的启示。",北京舞蹈学院学报,2018-04-30,期刊,J732.2,26-31,6
118,湘西苗族花鼓舞“非遗”传承人的身份认同,吴丹,深圳职业技术学院人文学院,身份认同;传承人;身体;湘西苗族花鼓舞;,"身份认同是社会结构与个体能动性共同作用,而达到的期望与被期望的多重角色形貌,包含对应关系的角色扮演、情感参与的身体动作变换等。通过分析湘西苗族花鼓舞传承人,尤其是龙英棠、石顺明两位为例,阐述族群文化与个体生命认知互动所形成身体舞蹈语汇的差异性,分析传承人作为族人、演员、鼓王等角色时的身份角色话语,提出研究""非遗""民间舞蹈传承人的身份认同,或有助于研究和尊重传承人个体能动性的存在,推动""非遗""民间舞蹈的传承实践。",北京舞蹈学院学报,2018-04-30,期刊,J722.212,32-37,6
119,西藏藏族歌舞“囊玛”的形态特征,桑嘎卓玛,西藏大学艺术学院,西藏;藏族歌舞;“囊玛”;,"西藏藏族歌舞源远流长,是西藏藏族历史文化长河中的一颗璀璨明珠。在西藏藏族歌舞艺术之林中,""囊玛""是最为独特的一种,也是西藏藏族歌舞文化中的典型代表和重要组成部分,集藏族音乐与舞蹈发展之大成。为了让更多人了解、保护和弘扬""囊玛""文化,文章在历史文献资料基础上,总结""囊玛""研究先行者对""囊玛""的研究成果,从舞蹈、音乐、服饰三个方面,对""囊玛""的形态特征进行分析和研究。",北京舞蹈学院学报,2018-04-30,期刊,J722.7,38-42,5
120,试论民间舞作品舞台调度的基本类型与审美模式——以第十一届中国舞蹈“荷花奖”民族民间舞评奖内容为例,高超,广东海洋大学中歌艺术学院,“荷花奖”;民族民间舞;舞蹈调度;审美模式;,"第十一届中国舞蹈""荷花奖""民族民间舞蹈评奖已落下帷幕,作为全国顶级赛事,本届舞蹈比赛作品可圈可点。本文以此次舞蹈比赛作品的舞蹈调度为研究对象,从舞蹈舞台调度的主要类型和审美形式展开分析,针对作品之多、覆盖地域之广、形式题材之宽的民间舞创作现状,以舞蹈调度这一形式要素进行创作反思,为舞台化的民间舞创作和表演提供借鉴与思考。",北京舞蹈学院学报,2018-04-30,期刊,J722.21,47-50,4
121,交响芭蕾代表作《斯巴达克》的编舞原则研究,吕寅,淮阴师范学院音乐学院,交响芭蕾;《斯巴达克》;格里戈罗维奇;舞剧创作;编舞原则;,"2018年,时值交响芭蕾代表作《斯巴达克》成功上演五十周年。本文回顾了20世纪后半叶以来中国舞剧观念和技法与苏联芭蕾之间的关联历程,从舞剧的本体特征中试图重新阐释《斯巴达克》的艺术价值与人文内涵,即《斯巴达克》所遵循的""音乐视觉化""编舞原则,""第三人称""与""第一人称""交响呼应的编舞原则,以及审美图式上群舞的""典范性""和主要人物的""补充性""。",北京舞蹈学院学报,2018-04-30,期刊,J723.4,51-55,5
122,北京舞蹈学院2017年舞蹈艺术“学院奖”现当代舞组作品刍议,官效臣,山东师范大学音乐学院,北京舞蹈学院舞蹈艺术“学院奖”舞蹈比赛;现当代舞蹈创作;形式;反思性;,"2017年7月7日晚,北京舞蹈学院举行了2017舞蹈艺术""学院奖""舞蹈创演竞赛现当代舞组的决赛。从进入决赛的十八个作品来看,编导已不再止步于西方现当代舞编排技术的运用,而是有了新的转向,这种转向主要表现在不同舞种间跨界的结合与创新;尝试折射和反思社会现象;将传统素材进行当代演绎三个方面。本文通过对参赛作品的具体分析,透视现当代舞蹈作品的编创特点和审美取向,以期为中国舞蹈创作提供参考。",北京舞蹈学院学报,2018-04-30,期刊,J704,60-62,3
123,舞蹈美育课堂教学质量评价体系构建研究,张逸;张梦妮,华中师范大学湖北科技学院,舞蹈美育;教学质量;评价体系;素质教育;,"舞蹈美育作为素质教育课程的重要组成部分之一,其教学理念与传统的舞蹈课堂呈现出本质上的区别,也因此,传统舞蹈课堂的评价体系和标准并不适宜舞蹈美育课堂,建立与舞蹈美育相适应的课堂教学质量评价体系也就成了促进美育课堂推广应用和深入发展的关键。笔者从传统舞蹈课堂和舞蹈美育课堂在教育理念上的区别入手,依次分析了舞蹈美育课堂教学评价体系应遵循的评价原则、应然取向和本体特征,构建了舞蹈美育课堂教学质量评价体系,并就该体系的实际应用给出了建议。",北京舞蹈学院学报,2018-04-30,期刊,J70-4,83-88,6
124,舞蹈教学中钢琴伴奏的多样化应用,张骅,西安音乐学院舞蹈系,钢琴伴奏;弹奏;改编;即兴伴奏;技术能力;,"钢琴伴奏的多样化应用在舞蹈教学中,发挥着重要作用。在具备熟练的技术技能的同时,钢琴伴奏老师在舞蹈教学中要能够运用多种艺术表现形式,结合钢琴弹奏特点为舞蹈教学增添艺术灵感,促进舞蹈教学的有效开展。",北京舞蹈学院学报,2018-04-30,期刊,G642;J624.1;J70-4,95-99,5
125,论格式塔心理学原则对舞蹈钢琴伴奏的启示,何璇,厦门城市职业学院,格式塔心理学;简洁性;相似性;完形;闭合性;,"格式塔心理学是以主体在知觉客观事物时的整体性为出发点的一系列关于知觉的原则,如相似性、简洁性、完形压强、闭合性等。舞蹈与音乐艺术同样涉及知觉领域。钢琴伴奏在舞蹈基本功训练课、舞蹈作品中,都发挥着重要作用。本文尝试以格式塔心理学原则来探讨钢琴伴奏在舞蹈训练及舞蹈作品表现中的作用。",北京舞蹈学院学报,2018-04-30,期刊,J618;J70-05,100-103,4
126,2017年度传统舞蹈类非物质文化遗产保护发展研究综述,廖燕飞,中国艺术研究院舞蹈研究所,传统舞蹈;非物质文化遗产;保护;,"从2004年加入联合国教科文组织《保护非物质文化遗产公约》开始,我国在《公约》框架下开展的""非遗""保护工作已经走过了14个年头。这期间,作为""非遗""重要组成部分的传统舞蹈,其保护实践为""非遗""的分类保护提供了独具特色的""中国经验""。本文从申报与认定、记录与保存、宣传与展示、传承、理论研究和存在的问题六个方面对2017年度传统舞蹈类""非遗""保护实践进行梳理和总结,以期为传统舞蹈保护工作的开展提供经验借鉴。",北京舞蹈学院学报,2018-04-30,期刊,J722.2,104-108,5
127,2017年舞蹈理论研究综述,李念霖,北京舞蹈学院,舞蹈理论;舞蹈研究;综述;,"2017年是舞蹈理论研究持续发展的一年。据中国知网统计,2017年发表舞蹈相关论文为六千篇以上。文章以舞蹈学核心期刊以及2017年正式出版的各类舞蹈学专著、译著和教材为依据,对全年的舞蹈基础理论研究、舞蹈教育研究、舞蹈文化研究、舞蹈史研究、舞蹈评论研究以及舞蹈科学研究的学术成果文章进行评述。文章认为,2017年发表总量较以往有明显增长,大多集中于舞蹈教育和舞蹈文化方面的研究,舞蹈基础理论和舞蹈史以及舞蹈科学领域研究略显不足,舞蹈评论的相关文章数量虽多却也缺乏一定的规范性与学理性。文章旨在通过整理和总结2017年舞蹈理论方面的创新点与局限性,探索舞蹈理论研究下一阶段的动向与趋势。",北京舞蹈学院学报,2018-04-30,期刊,J70,109-115,7
128,2017年度中国舞蹈作品述评,牛萌;孙继黄,中国艺术研究院研究生院,2017年中国舞蹈作品;舞蹈题材;选材方向;,"由于国家艺术基金的鼎力资助,以及""国家舞台艺术精品工程""的层层选拔,2017年度中国舞蹈作品,不仅在数量上有了一定的积累,在质量上相比以往也有所提升。虽则如此,2017年舞蹈作品成绩与问题并存。在题材上,舞蹈编创者更多地倾向于选择历史人物、古代文学作品等作为创作题材,较少现实题材。通过对2017年舞蹈作品的整体梳理,本文力图探究其选材方向趋同化的原因之所在。",北京舞蹈学院学报,2018-04-30,期刊,J705,116-120,5
129,“一带一路”舞蹈文化研究论坛暨2017年民族舞蹈文化研究基地年会综述,杨秀明,北京舞蹈学院民族舞蹈文化研究基地,一带一路;民族舞蹈文化研究基地;文化合作;,"""一带一路""舞蹈文化研究论坛暨2017年民族舞蹈文化研究基地年会于2017年10月27日在北京圆满完成。会议围绕""传统舞蹈概念的界分""""传统舞蹈如何服务当代文化发展""""全球化进程中舞蹈文化生态保护的现状与思考""""‘一带一路’各国传统舞蹈文化的发展与合作""四个议题展开讨论。这次会议由北京舞蹈学院主办,人文学院和民族舞蹈文化研究基地共同承办。会议依托""一带一路""倡议,通过邀请丝路沿线国家和地区知名舞蹈学研究专家展开深入的研讨与交流,旨在助推沿线国家和地区积极参与舞蹈文化交流与合作,提升文化共识,传承丝路精神,促进文明互鉴。",北京舞蹈学院学报,2018-04-30,期刊,J722.22,121-124,4
130,谈中国古典舞作品《纸扇书生》的创作,胡岩,北京舞蹈学院中国古典舞系,《纸扇书生》;中国古典舞;折扇;意境;形象;,"《纸扇书生》是以""折扇""为道具的中国古典舞男子群舞,于2017年在北京舞蹈学院舞蹈艺术""学院奖""和第十一届中国舞蹈""荷花奖""大赛的舞台上亮相。在作品创作的十年历程中,作为编导,笔者不断探索""书生""形象的多元表达,挖掘""折扇""道具的实践运用,力求生动准确地将文人的风趣、雅致和狂放表现出来。本文从作品中书生形象的塑造、视觉处理的方式这两个方面进行阐述,思考中国古典舞男子群舞的创作题材及其表现形式。",北京舞蹈学院学报,2018-04-30,期刊,J722.4,63-66,4
131,从作品《声声诉》谈传统动作素材的重构,白凌,北京舞蹈学院创意学院,袖舞;动作素材;转换;舞蹈语言;,"本文以笔者编创的""学院奖""中国古典舞获奖作品《声声诉》的创作实践为例,探讨如何继承和发展传统动作素材,如何在遵循共性审美意识及其文化特性原则的基础上,融入编导的个性化创作主张,塑造作品人物形象,形成能够充分表达情感的动作语言。",北京舞蹈学院学报,2018-04-30,期刊,J722.4,67-70,4
132,欢乐春节,,北京舞蹈学院中国古典舞系、青年舞团,O,"<正>2018年1月17日,由文化部组派的北京舞蹈学院两个""欢乐春节""演出团正式拉开了在中东欧9个国家巡演的序幕。其中,以青年舞团为主力阵容的演出团携作品《傩·情》及部分中国古典舞和现代舞经典作品先后赴波黑、克罗地亚、波兰、爱沙尼亚和阿尔巴尼亚五国进行9场演出和工作坊交流活动;以中国古典舞系师生为主的演出团携作品《粉·墨》赴塞尔维亚、马其顿、保加利亚、波兰和匈牙",北京舞蹈学院师生赴中东欧多国巡演,牟可;高天,北京舞蹈学院学报,J792.4,2+125-126,3
133,《卖火柴的小女孩》1979年,陈伦,北京舞蹈学院科研处、图书馆,O,O,北京舞蹈学院学报,2018-04-30,期刊,J792.49,129,1
134,叙事学视角下古典舞蹈题材与主题的共认,刘建;李莎莎,北京舞蹈学院,叙事学;古典舞;题材与主题;共认;,"在学科领域,语言学是元学科,符号学、结构主义、叙事学是依据这门元学科而次第展开的。本文以叙事学中的题材与主题为视角对古典舞蹈做出界定和阐释,旨在为中国古典舞蹈的叙事研究提供参照。",北京舞蹈学院学报,2018-04-30,期刊,J722.4,15-20,6
135,宗白华“舞”的阐释与中国舞蹈美学特征,祝凡淇,武汉大学哲学学院,“舞”;宇宙观;艺术境界;美学特征;,"""舞""是宗白华阐释中国艺术的关键词。""舞""的观念基础来自于《周易》的宇宙观。宗白华认为宇宙万物由气的节奏性变化构成,并伴随着一定的条理与秩序。而宇宙空间是由时间统率的,也是节奏化的,并呈现为""时空统一体""。在此基础上,宗白华指出""舞""是艺术本体""生生的节奏""最直接的显现,同时也是艺术境界的典型形态。宗白华对""舞""的阐释暗含着中国舞蹈审美特征的线索。他所阐发的《周易》宇宙观是中国舞蹈""圆""审美特征的根本依据;""无往不复""的观念是中国舞蹈""终点回归起点""运动原则的理论原点;""生生的节奏""是中国舞蹈""线""性特征的本源。",北京舞蹈学院学报,2018-04-30,期刊,J701,21-25,5
136,《中国古典舞美学原理求索》出版,本刊讯,O,O,"<正>2018年1月,吕艺生教授的专著《中国古典舞美学原理求索》由中央民族大学出版社出版。该书立足于中国古典舞和中国美学之间的紧密联系,将传统美学的概念、范畴、思想引入中国古典舞美学的理论研究中,结合中国古典舞的动作规律和身体文化进行了深入分析。该书是中国古典舞学科和舞蹈学学科的一本基础理论著作。该书分为三编。上编""古典舞美学之源"",思考了中国古代舞蹈不同历史阶段的美感体现和学理。中编",北京舞蹈学院学报,2018-04-30,期刊,J722.4-5,31,1
137,舞蹈美育与创新型国家建设——北京舞蹈学院“高参小”项目实践探索,张欣,北京舞蹈学院教育学院,高参小;美育;融合教育;创新型国家;,"长期以来,我国的美育深受实用主义和功利主义影响,表现出技能化、工具化、标准化等""物化""特征。美育是个体成长中的必要环节,它不是锦上添花,而是与智育、德育融为一体、相辅相成的熏陶过程。舞蹈教育,尤其是作为素质教育的舞蹈普及教育,是美育工作的一项重要内容。它的意义不仅在于培养个体感受美、表现美、鉴赏美、创造美的能力,陶冶人的情操,培育健康理想的人格,促进人的全面发展;更重要的是有利于在新时代传承中华优秀传统文化,激发公民的创新思维,提高全民族的文化艺术修养,为创新型国家建设储备人才力量。文章藉由舞蹈层面的""高参小""项目审视新时代的美育,进而放眼我国的创新人才培养工程,探讨其间重要的理论意义和现实价值。",北京舞蹈学院学报,2018-04-30,期刊,G623.71,71-77,7
138,当代青少年舞蹈美育教材(出版物)现状评析,庞小强,中国艺术研究院研究生院,青少年;舞蹈美育;教材;,"舞蹈美育教材作为舞蹈美育教学实践的主要载体,对舞蹈美育教学过程起着组织与规范的作用。当前青少年舞蹈美育教材数量众多、类型多样、内容丰富,同时也存在着编写者缺少对教育规律的深入研究,过于注重教材经济效益,教学评价过于强调量化标准等问题。通过对当前教材进行调查,本文提出只有正确认识舞蹈动作技能在舞蹈美育中的基础性作用,按照舞蹈美育实施的原则和方法要求,才能使青少年体验和认知舞蹈基本技能及知识,提升创造能力和审美水平。",北京舞蹈学院学报,2018-04-30,期刊,G633.951,78-82,5
139,六朝吴歌西曲中舞蹈与舞辞考释,郑永乐,北京舞蹈学院人文学院,吴歌西曲;乐府诗集;乌夜啼;前溪舞;舞辞;,"本文对《乐府诗集》收集的六朝时期吴歌西曲中的前溪舞、石城乐、乌夜啼、莫愁乐、估客乐、襄阳乐、三洲歌、襄阳蹋铜蹄、采桑度、江陵乐、青骢白马、共戏乐、安东平、那呵滩、孟珠、翳乐、寿阳乐以及邯郸、大垂手、小垂手共二十个舞蹈及舞辞做了考释,由此推论六朝民间乐舞的繁盛,及其城市化与世俗化特征,并考察了六朝舞辞对后世独立的同题文学创作的重大与深远影响。",北京舞蹈学院学报,2018-02-28,期刊,I207.22;J709.2,9-17,9
140,基于图像学的中国古代竹马舞流变考源,郭小刚,华南师范大学音乐学院,竹马舞;图像;形态流变;考源;,"本文经由古壁画、古墓砖、古瓷器以及实地考察、拍摄等多种途径收集中国古代竹马舞的图片,通过对这些图片的考源、分析,结合历史文献的记载,从图像学的视角考察中国古代竹马舞的流变。其形态变化主要分为三个阶段:第一阶段从汉代至唐代,那时候的竹马舞是儿童游戏,竹马的形制是""竹竿为马、以梢为鞭"";第二阶段为宋金时期,竹马舞从儿童游戏演变为民俗社火;第三阶段为元明清时期,竹马于元代作为一种道具进入戏剧表演中。",北京舞蹈学院学报,2018-02-28,期刊,J722.21,23-30,8
141,符号互动论视野下舞台民间舞的文化本质探析,喻洁,广州市艺术学校,符号互动论;舞台民间舞;文化探析;,"作为很多领域的民族志基础,美国社会学主要流派之一的符号互动论,以社会现实为研究对象,通过主张""客体的意义是社会建构""和微观社会互动多样性的前提研究艺术发展的路径。本文以赫伯特·布卢默和霍华德·贝克尔为代表的艺术社会学符号互动论的基本观点为研究视角,从舞台民间舞的概念观、创作观以及互动机制等方面尝试探究舞台民间舞的文化本质。",北京舞蹈学院学报,2018-02-28,期刊,J722.21,36-40,5
142,从德里达的“解构”视角看传统舞蹈“虚象”之驳杂与后现代舞蹈之“身体存现”,张大策,台湾艺术大学表演艺术学院,解构;传统舞蹈;虚象;驳杂;后现代舞蹈;身体存现;,"在传统舞蹈艺术中,只有通过符号与符号之间的相互作用,""虚象""才能被精确生成。虽然观众在审美过程中能够体会其升华,但""虚象""的建构却具有非常繁杂与模糊之特性。20世纪50年代以来,西方后现代舞蹈与传统舞蹈的表现发生了本质变化:空洞的舞台符号(灯光、服装、音乐、道具),以及乏味、晦涩、难懂的身体语言,都促使观众对其敬而远之,不闻不问。那么在这种情况下,后现代舞蹈的产生以及其审美的意义何在?本文从法国解构主义大师雅克·德里达的""解构""视角出发,探索传统舞蹈艺术""虚象""生成之驳与后现代舞蹈舞者""在场""之意义,并从中挖掘其""身体存现""美学之精华。",北京舞蹈学院学报,2018-02-28,期刊,J705,41-45,5
143,技术美学视域下的舞蹈舞台空间研究,王蕾,太原师范学院舞蹈系,技术美学;舞台空间;审美范畴;,"伴随21世纪现代科学技术的迅猛发展,现代技术媒介的多元化态势呈现,技术美学作为研究技术产品的美学问题之应用学学科继而诞生,它的研究领域涉及工业、劳动、商品、艺术产品等多个范畴,是现代科技与商品经济高度发展的时代产物,体现了物质与精神、技术与艺术的结合等特征。本文以舞蹈舞台空间为研究对象,结合技术美学的理论方法,从技术美学研究舞蹈舞台空间的必要性、审美范畴、象征意义三个方面,运用舞蹈舞台实例分析,围绕舞台空间创作的形式美、技术美、功能美,为舞蹈作品的审美创作以及利用现代媒介提升作品的美学水准提供借鉴与思考。",北京舞蹈学院学报,2018-02-28,期刊,J705,46-50,5
144,以勒巴-塔城热巴舞为案例的族群艺术边界研究,和璇,云南艺术学院云南大学,少数民族艺术;勒巴舞;热巴舞;,"流传于滇西北多个民族的勒巴-塔城热巴舞是边疆多民族地域艺术传播与进化的典型形式,论文基于以勒巴-塔城热巴舞的相对边界的维持、内外边界的多重性表达,在此基础上探讨族群艺术交流及相对边界的形成机制,族群艺术存在边缘地对古老文化特质的保留,而文化模式建构并保存了艺术形式,艺术边界呈现动态化的重构特征。",北京舞蹈学院学报,2018-02-28,期刊,J722.2,74-79,6
145,简析鄂温克族的舞蹈类型及形态,阿斯茹,呼和浩特职业学院,鄂温克;舞蹈;民族特点;表现形式;,"鄂温克族是一个能歌善舞的民族,它的独特生态环境和生产生活方式,孕育出别具一格的民族文化。作为民族文化重要载体的鄂温克民族舞蹈,不仅反映了鄂温克族人民的生产生活方式、生态环境,也间接反映出他们的宗教信仰、民风、民俗等诸多内容以及那种独特的民族个性。",北京舞蹈学院学报,2018-02-28,期刊,J722.22,87-89,3
146,玛莎·格莱姆的运动哲学和创作理念,李文祺,北京舞蹈学院创意学院,玛莎·格莱姆;现代舞技术;舞蹈创作;,"玛莎·格莱姆是美国现代舞发展史上的拓荒者和奠基人,她创建了以收缩与放松为核心的经典现代舞训练技术,创作有180多部传世舞作。时至今日,玛莎的训练体系及其创作手法依然影响着当下现代舞技术的发展和新生代舞蹈编导的艺术创作。本文将重点阐述玛莎·格莱姆技术体系及其作品,分析其独特的动作语汇和创作风格,旨在为当下现代舞技术与创作的发展提供有价值的参照。",北京舞蹈学院学报,2018-02-28,期刊,J732.6,90-96,7
147,莱斯特·霍顿现代舞技术体系课堂训练初探,李珊珊,北京舞蹈学院创意学院,莱斯特·霍顿;现代舞训练体系;课堂教学;,"莱斯特·霍顿是美国著名现代舞蹈家。1934年,他创建了自己的舞蹈团开始从事专业创作,代表作有《莎乐美》《春之祭》等。霍顿强调要发挥舞蹈的可交流性,重视姿态的准确性和动作的特性。他不仅发展出了影响深远的""霍顿技术"",还培养出了以阿尔文·艾利为首的大批现代舞中坚力量,为现代舞的发展贡献了不容小觑的力量。目前,国内对""霍顿现代舞技术体系""的了解,大多停留在文字记载和理论阐述上,还没有运用到实际的课堂教学,属于教学实践研究的空白地带。此次,将""霍顿现代舞技术体系""在北京舞蹈学院现代舞课堂教学中完整呈现,旨在寻求自我突破的同时,进一步了解西方现代舞技术体现的文化背景及其技术系统,填补国内现代舞技术训练体系的缺失。从国内现代舞专业教学现状来看,""霍顿现代舞技术体系""的推广及运用,将使现代舞专业教学内容的组成更加丰富完善。",北京舞蹈学院学报,2018-02-28,期刊,J732.6-4,97-100,4
148,何塞·林蒙现代舞技术训练的风格特点,张锐,星海音乐学院舞蹈学院,何塞·林蒙;重力;呼吸;复原;流畅性;,"何塞·林蒙现代舞技术是美国现代舞流派之一,它自成体系,被广泛运用于美国各大舞蹈院团和舞蹈专业院校的现代舞训练课程中。它的动作原理是基于何塞·林蒙建立的重力原则、倒地和复原,以及流畅性、发力等。本文主要探讨该技术的风格——集中于身体的呼吸;由身体某一部分引发的失重;动作之间的连接和流畅;以及人体动作和身体在运动中的感觉体验;并由此追溯林蒙与韩芙丽之间的师承关系,以美国纽约林蒙舞蹈团作品为例展开分析,最终管窥国内高等舞蹈教育中对林蒙技术的学习与发展。",北京舞蹈学院学报,2018-02-28,期刊,J732.6,101-103,3
149,贾德逊舞蹈剧场:20世纪60年代美国先锋派的编舞方法,萨莉·贝恩斯;刘晓真,中国艺术研究院舞蹈研究所,贾德逊舞蹈剧场;编舞方法;,"20世纪60年代,纽约北部的格林威治村聚集了许多先锋艺术家。其中,贾德逊剧场作为展示舞蹈的平台,见证了美国先锋舞蹈家们在那一时期的历程,包括教学、创作、演出。本文深入历史第一现场,结合当事人回忆和历史分析,通过对创作者和作品的细致展现,深入肌理地分析和总结舞蹈编导的实验和方法,提出贾德逊舞蹈剧场是美国舞蹈史转折点的重要论断。",北京舞蹈学院学报,2018-02-28,期刊,J711.3,104-112,9
150,舞蹈是一种语言吗?动作、意义与交流(上),汉丽埃塔·班纳曼;朱嫣然;郑舒匀,伦敦现代舞蹈学院理论研究和学术实践部浙江师范大学外国语学院,舞蹈;语言;动作;意义;言语行为;,"本文探讨西方剧场舞蹈的意义表达。作者认为,舞蹈区别于语言或话语,尽管舞蹈和语言都通过文化符号实现交流,但是舞蹈并不传达文字信息,也不受现实状况束缚。然而,舞蹈又和语言有相似之处,两者均具有结构。文章通过分析语言日常运作的方式,回顾词汇、句法、话语以及言语行为等语言范畴,同时论证这些语言范畴在舞蹈中的对应体现。言语行为是语言运用的一个重要例证,它同样适用于舞蹈,这为舞蹈的表现力作出新的阐述。本文选用当代舞、后现代舞和古典芭蕾作为例子论证文中提及的各种理论。",北京舞蹈学院学报,2018-02-28,期刊,J705,113-117,5
151,基于幻想的编舞法,依诺·马克瓦特;谭洪涛,星海音乐学院舞蹈学院,幻想;编排;风格;抽象化/抽象概念;,"《幻想》这部理论专著是由德国德累斯顿市PALUCCA舞蹈学院前院长依诺·马克瓦特,于2004年撰写的一本硕士研究生编导专业创作理论必修课的教材。这本编导教材共分三个章节:绪论、即兴创作和编排(komposition)。在编排中,又分别描述了编排、舞蹈艺术的编排手法、风格等。文中对什么是""幻想""以及""幻想""如何被付诸应用进行了探讨,作为舞蹈创作来说,""幻想""是将现实转换再现的过程。本文节选的是与编排相关的章节。",北京舞蹈学院学报,2018-02-28,期刊,J711.3,118-121,4
152,中国—中东欧国家舞蹈文化艺术联盟首个联合创演作品《摇篮》在我校成功上演,牟可,北京舞蹈学院研究生部,O,"<正>2017年9月17日晚,中国-中东欧国家舞蹈文化艺术联盟第一个联合创演的作品《摇篮》在北京舞蹈学院演出。《摇篮》是在国家""一带一路""倡议下,北京舞蹈学院与阿尔巴尼亚、保加利亚、克罗地亚、捷克、爱沙尼亚、匈牙利、拉脱维亚、立陶",北京舞蹈学院学报,2018-02-28,期刊,J792.6,128-129,2
153,中国民族民间舞系建系三十周年系列活动,高天;韦星仰;赵丹,中国民族民间舞系,O,"<正>2017年9月30日,北京舞蹈学院中国民族民间舞系回顾学科发展历程,举办了建系三十周年系列活动。学院领导、嘉宾、校友们欢聚校园,观看了《赵士英——中国民族民间舞主题画展》。届时,《大",北京舞蹈学院学报,2018-02-28,期刊,J722.2-2,2+126-127,3
154,以习近平文化自信理论指导中国舞蹈学科理论建设的思考,邓佑玲,北京舞蹈学院,“文化自信”;舞蹈学科建设;中国民族舞蹈文化;,"文章以习近平新时代中国特色社会主义思想为指导,探讨了如何在""文化自信""理论关照下,实现学科自信与学科自觉,完成中国特色舞蹈学科的全面构建。""文化自信""思想富含深刻的马克思主义哲学思维,是符合唯物辩证法的文化理论,是对马克思主义理论的深化、提升和发展。从""文化自觉""到""文化自信""并实现""文化创新""理想是践行文化自信理论的关键。分析当前和今后相当长时期内存在的文化上的矛盾和冲突,以高扬优秀传统文化为基础,以创新文化理念为核心,实现创造性转化,创新性发展,是从现实过渡到中华民族伟大复兴蓝图的文化路径。舞蹈高等艺术院校要通过履行自身职能,践行习近平""文化自信""理论,指导中国特色舞蹈学学科建设。工作重点一是着力研究习近平新时代中国特色社会主义思想给舞蹈高等教育事业提出的新命题。二是研究中国舞蹈学的学科定位问题。三是系统研究中国特色舞蹈文化的科学内涵,即中国特色舞蹈文化的内涵、层次、构成、框架和体系;中国特色舞蹈文化的来源、历史和脉络;中国特色舞蹈文化在人类舞蹈文化中的地位、作用和前景。四是分析中国舞蹈文化的传承现状及其面临的主要问题。五是科学研究中国民族舞蹈文化的理想和前景问题。",北京舞蹈学院学报,2018-02-28,期刊,G642;J70-4,1-5,5
155,“节八音而行八风”——佾舞探微,袁禾,北京舞蹈学院人文学院,佾舞;雅乐舞;八音;八风;文化内涵;承传;,"本文对中国古代佾舞的概念和文化内涵进行了梳理、论证,并对包括佾舞在内的传统舞蹈的承传提出了建设性的意见。",北京舞蹈学院学报,2018-02-28,期刊,J709.2,6-8,3
156,论唐代狮子舞的地域文化差异,于海博,沧州师范学院文学院,唐代;西河狮子;太平乐;西凉伎;地域差异;,"唐代狮子舞有《西河狮子》《太平乐》《西凉伎》等多种形式,并因地域差异而呈现不同面貌。《西河狮子》配乐曲调是太簇角,演出形态呈现西河地域文化色彩,是魏晋以来中原狮舞传统的延续。《太平乐》属于宫廷御用,仅存在于长安。其配乐是龟兹乐,歌辞内容是歌颂祖国和宣扬帝德,舞蹈编排以四方狮子代表四夷诸国,黄狮子居中代表唐王朝,体现出唐王朝的非凡自信和对域外文化兼容并包的开明态度。《西凉伎》则展现凉州的兴衰变化,以舞人致辞为转折,致辞前以胡人舞狮取悦观众象征盛唐的四夷臣服,致辞后凸显国土沦丧后的伤感之情。",北京舞蹈学院学报,2018-02-28,期刊,J722.215,18-22,5
157,中国舞剧青年女编导四题,于平,文化部,舞剧创作;佟睿睿;王亚彬;孔德辛;周莉亚;,"文章以中国舞剧创作的四位青年女编导佟睿睿、王亚彬、孔德辛、周莉亚及其代表作品为研究对象,剖析他们别具一格的创作思路及作品特点,为中国舞蹈和舞剧的创作提供有益参考。",北京舞蹈学院学报,2018-02-28,期刊,J723,51-61,11
158,"“慢下来,对抗这个时代”——谈泰国舞蹈家皮切的现代舞剧《黑与白》",马骏强,福建师范大学音乐学院,《黑与白》;皮切;“慢”艺术;孔剧;现代舞;古琴;,"本文以泰国舞蹈大师皮切的现代舞剧《黑与白》的中国巡演版本为例,从艺术创作中的时间、空间、动作等方面,审视其艺术创作中的""慢""经验,并探讨了中国与泰国、传统舞种与现当代舞种、舞蹈与古琴之间多重跨界的艺术形式。",北京舞蹈学院学报,2018-02-28,期刊,J733.9,62-65,4
159,敦煌舞表演风格及其呈现,金亮,兰州文理学院艺术中专部,敦煌舞;应物象形;模仿再现;风格构建;,"敦煌舞是当代舞蹈家依据敦煌莫高窟的壁画舞姿、历史文献创造的,是中国古代舞蹈的原生态性记录和生动再现。敦煌舞表演既注重体验,更注重体现;既讲究对传统艺术的传承,也追求自身表演风格的构建;既体现出气韵的统一性,也呈现出形式的多样化。本文从应物象形的舞姿再现、乐舞的神韵展现、舞台元素的风格强化这几个方面来谈敦煌舞的舞台表演特点。",北京舞蹈学院学报,2018-02-28,期刊,J722.4,66-73,8
160,西藏地区鼓舞蹈文化研究,强巴曲杰;才旦卓玛,西藏大学艺术学院,鼓舞蹈;情感需求;仪式歌舞;文化内涵;,"本文探讨西藏传统鼓舞蹈形成、发展的文化特征及它所反映出来的民族美学思想和心理追求,进一步认识藏族以鼓为道具的传统舞蹈在西藏各历史阶段作为一种文化现象所展现出来的独具特色的艺术功能,进一步了解民族传统歌舞所具有的文化价值。从而能比较准确地把握藏族舞蹈的本质特征,使我们在继承、发展、创新中自觉掌握运用它所反映出来的民族舞蹈的美学属性和情感表达方式,在保护、传承、创新中更加突出众多风格各异的藏族舞蹈的民族精神、民族特色和审美特征。",北京舞蹈学院学报,2018-02-28,期刊,J722.22,80-86,7
161,《文成公主》1979年,陈伦,北京舞蹈学院图书馆北京舞蹈学院科研处学术委员会办公室,O,O,北京舞蹈学院学报,2018-02-28,期刊,J792.4,130,1
162,超越本体论的舞蹈实践观——从权力关系、身份政治和能动者的实践谈起,刘柳,中央民族大学舞蹈学院,舞动文化;权力关系;身份政治;行动者实践;,"从20世纪60年代的结构主义,到80年代的社会建构论（1）[1]和文化实践观（2）[2],广义上的人文学术界已成功地将""名词""意义上的文化观,转型为动词领域的文化实践论。该理论的发展趋势离不开全球化的技术语境,以及以""行动者""为中心,博弈论为指向的网络生态。不容忽视的是,此种理论范式的转换却未能在中国舞蹈理论界呈现。许多研究、创作与表述,仍局限在本质主义和实证论的框架内,反复纠缠于""是什么""的传统问题和认知困局。如何走出舞蹈本体论的迷雾,尝试从舞蹈""外部""与""行动者""的角度,在动态的文化关系中,重新理解作为文化实践的舞蹈行为呢?本文从权力关系、身份政治的角度切入全球化语境中的不同舞蹈实践,借鉴西方舞蹈人类学研究中若干经典个案,以及笔者近年在舞蹈人类学研究中的民族志个案,试图呈现""舞蹈""如何是一种混同着行动者、话语、权力关系、意识形态和资本技术的实践行为,及其通过身体的在场参与和不同主体间的社会互动所共构的文化实践的必经历程。",北京舞蹈学院学报,2018-02-28,期刊,J705,31-35,5
