1,第十九届新福州人歌手大赛,,O,O,"<正>由福州市文化广电新闻出版局、福州广播电视台主办的新福州人歌手大赛,原名""福州市外来工作者歌手大赛"",自2000年起已连续成功举办19届。活动旨在搭建心灵与艺术的桥梁,用歌声表达心声,引导人们唱出心中的中国梦以及对福州的热爱与期盼。新福州人歌手大赛曾荣获文化部""全国农民工文化服务示范项目""、第十届中国艺术节项目类""群星奖"",是福州市三大群众文化品牌活动之一。为适应人民群众日益提高的精神文化需求,促进公共",唱响新时代,,筑梦新福州,J692,113,1
2,第一人称纪录片的传播价值,苏静,首都师范大学科德学院,O,"<正>由于人类的自我意识正在发生某种根本性的变化,针对纪录片的传播价值亦产生了新的解读。第一人称纪录片借助电影、电视、手机等影视设备,真实记录个人、家庭、社会等客观世界的发展变化,生动地反映出生活的真实,是一种独具魅力的影视艺术呈现形式。该类型纪录片把镜头直接对准作者自身或者其家人,通过自我讲述,表现私人记忆、家庭故事以及对社会的思考。作为纪录片的一种独立的存在形式,第一人称纪录片的传播者追求",当代电视,2018-12-01,期刊,J952,70-71,2
3,《风味人间》:中国美食纪录片新范式,肖清,湖南广播电视台,O,"<正>2018年10月28日,美食纪录片《风味人间》在浙江卫视和腾讯视频同步上线播出。一经播出,该纪录片在豆瓣的评分就高达9.3分,更有72.8%的观众给出了满分五星的评价。与陈晓卿团队前两部美食纪录片相比,《风味人间》算是一种回调,回归到更纯粹的美食演绎和流变,把人和食物的关系故事讲得更精妙,把人和人通过食物串联起的情感表现得更深邃和隐蔽,站在全球视野来观照美食人文故事,以中国美食为基点,探索更广阔领域的美",当代电视,2018-12-01,期刊,J952,72-73,2
4,《岁岁年年柿柿红》的家庭观念与乡土情怀,窦金启;穆秀丙,山西师范大学,O,"<正>《岁岁年年柿柿红》以跨越三代人的宏观视角,叙说了平凡农家历经四十载的沧桑变化,以最为质朴平实的语调,道尽了陕北这片古老土地的春华秋实。该剧旨在为农村立根、为农民立传,用大拙大巧的艺术风格展现了当代乡村的变迁。本文将围绕""去与留""这一主题,以人物的家园坚守为中心,分析《岁岁年年柿柿红》所传递的家庭观念与乡土情怀。一、家庭坚守:平凡岁月里的情感史诗《岁岁年年柿柿红》在央视综合频道播出后,连续",当代电视,2018-12-01,期刊,J905,35-36,2
5,从《灵与肉》看经典文学改编剧的时代价值,岳大为,哈尔滨师范大学传媒学院,O,"<正>电视剧《灵与肉》改编自张贤亮同名短篇小说,叙说了贺兰山下""牧马人""的命运变迁,是一部时代赠予知识青年的心灵成长史。该剧拓展了原著的土地依恋主题,将古道西风瘦马的苍劲融入人物的生命轨迹与情感历程中,进而摹写知识分子在特殊时代环境中的复杂心境。从经典文学改编的角度而言,该剧大胆加工、谨慎还原,建构出镇北堡七队的人物群像,妙趣横生的情节冲淡了文学的原色,最终交托于观众的是岁月洗礼后的灵魂颂",当代电视,2018-12-01,期刊,J905,37-38,2
6,浅析《和平饭店》的时空建构与人物塑造,陈露,福建江夏学院设计与创意学院,O,"<正>由李骏执导,陈数、雷佳音、李光洁领衔主演的悬疑谍战剧《和平饭店》,以轻松幽默的基调,讲述了抗战时期,在伪满洲国一家名为""和平饭店""的奢华酒店中,一群神秘的客人在看似闭合的空间内合纵连横,展开长达240小时生死博弈的故事。本文拟从时空建构和典型人物塑造两个方面,浅析《和平饭店》在谍战剧中的创新之处。一、既定时空结构的剧作功能在规定的时空环境中建构起激烈的戏剧冲突并做到严谨而巧妙的叙事,是对导演宏观调度能力的考验。笔",当代电视,2018-12-01,期刊,J905,44-45,2
7,试论纪录片话语的神话性,吴雨蓉,鞍山师范学院,O,"<正>纪录片是社会历史现实的影像书写,意义性是纪录片作为一种""高级艺术形式""的必然属性,传递""嗓音""、表达意义是纪录片通过真实影像手段试图达到的最终目的。除了通过特定的叙事形式得以生成与表达之外,纪录片还通过构建神话的方式来发挥着意指作用,形成独特的话语意义。罗兰·巴特在符号学的基础上创建了神话学。本文将以符号学和神话学为理论工具,从内涵层面阐释纪录片是如何通过构建神话的方式来发挥意指作用,形成独特的话语意义。",当代电视,2018-12-01,期刊,J952,67-68+63,3
8,《最后的棒棒》:平凡中的伟大,许爱珠;李杰,南昌大学新闻与传播学院,O,"<正>纪录片《最后的棒棒》着力关注""山城棒棒军""这一特殊群体的生存境遇。本文从""个体境遇与国家发展""、""改变与改革""、""情怀与坚守""三个维度,探讨改革开放与《最后的棒棒》的关联性。一、个体境遇与国家发展:休戚相关的命运共同体伴随着改革开放的东风,山城重庆由于典型的地理环境孕育出了一个特殊的职业—""棒棒军"",这是一群每天爬坡上坎,负重前行,游走于城市的大街小巷,从事搬运工作的人。他们与改革开放同生,如今四十年过去,",当代电视,2018-12-01,期刊,J952,78-79,2
9,清醒的审视,,河北传媒学院,O,"<正>文献纪录片不是事件发生的实时记录,而是利用历史资料作为素材进行创作,来展示完整的历史场景和事件细节。《揭秘731部队》作为一部文献纪录片,通过把历史文献转换成视听语言的形式,向观众讲述侵华日军731部队的恶行,在独特的叙事中呈现历史真实。一、叙事元素激活了历史事实《揭秘731部队》通过罗列具有不同价值功能的叙事元素,来唤起活生生的历史记忆。这些叙事元素包括静态的档案资料、老照片、环境场景,以及动态的日军老兵、",深沉的思考——文献纪录片《揭秘731部队》叙事分析,马明杰;宋秉霖,当代电视,J952,83-84,2
10,"《邪不压正》:北平往事,家国情仇",赵德旺,南京大学淮阴师范学院,O,"<正>姜文导演的电影《邪不压正》改编自张北海小说《侠隐》,将背景设定在民国年间的北平,讲述了在七七事变前夕,身负师门深仇的李天然回国复仇的故事。李天然的一生有""三个爸爸""和改变他的两个女人,师父、亨得勒、蓝老爷,唐凤仪、关巧红,还有两个发誓手刃的仇人,背叛师门的朱潜龙与日本侵略者根本一郎,这些人在动荡年代的北平亦正亦邪,有人为了治家国、平天下,有人为了找寻自我内心的空缺,在欲望与命运的交织下,共同抒写",当代电视,2018-12-01,期刊,J905,110-111,2
11,宫斗剧的社会心理投射,黄橙,中央广播电视总台电视剧频道,O,"<正>2004年,宫斗剧《金枝欲孽》获得较好的收视成绩,此后产生了一批有一定影响的宫斗剧,如《大清后宫》(2006年)、《美人心计》(2010年)、《宫》(2011年)、《步步惊心》(2011年)、《甄传》(2011年)、《陆贞传奇》(2013年)、《芈月传》(2015年)、《楚乔传》(2017年)等。其中《甄传》将宫斗剧推向了高潮。今年《延禧攻略》在爱奇艺独播,引发媒体对网络独播剧的现象级",当代电视,2018-12-01,期刊,J905,16-17,2
12,浅议国产电视动画精品创作策略,张娟,成都大学影视与动画学院,O,"<正>国产电视动画制作完成总分钟数自2010年突破22万分钟后,中国正式步入动画大国之列。然而在看似高歌猛进的态势之下,却无法回避每年大批制作质量粗糙、艺术价值低劣、社会效益缺失,甚至""垃圾""动画充斥其中的尴尬,社会效益与经济价值""双优""的精品力作依然稀缺。尤其在""动画电影票房持续走高""和""新媒体视频网站发展迅猛""的形势下,一些制作机构在多次突围未遂的局面中逐渐焦躁、彷徨,甚至迷失,加快国产动画电视",当代电视,2018-12-01,期刊,J954,18-19,2
13,新世纪以来中国台湾偶像剧发展初探,张帆,厦门理工学院,O,"<正>21世纪以来,以卫星电视、开放频道、制作公司的大量出现为标志,中国台湾电视行业呈现出更加开放的态势。而在这一过程中,外来电视文化对台湾电视产业造成了很大冲击,也使得观众对于台湾电视节目的关注大大缩减。而随着""年轻一族""的逐渐成熟并展现出了强大的消费能力,台湾地区电视从业人员开始通过对外来电视节目进行模仿与翻拍来吸引年轻观众的注意,从而间接地为偶像剧这一电视剧类型的制作和播出提供了契机。",当代电视,2018-12-01,期刊,J905,22-23,2
14,书法题材纪录片中的意境营造,范宇光,河北大学艺术学院,O,"<正>意境是中国美学的重要范畴,最早是由""意象""演化而来,中国书法在千年发展历程中,通过线条、结构、章法和墨法表现出了极具中国美学特质的意境之美。纪录片《千年书法》和《中国书法五千年》,以深邃的文化内涵、唯美的具象画面、淡雅的音乐声响、饱含深情的旁白解说,再现了中国书法的文化魅力,通过虚实相生、情景交融、音画结合等表现方法,营造了书法美学的至美意境。一、虚实相生:画面意境虚实相生是《千年书法》和《中国书法五千年》两部",当代电视,2018-12-01,期刊,J952;J292.1,69-70,2
15,聆听心灵与历史的对话,,浙江农林大学风景园林学院,O,"<正>2018年1月1日,中央电视台纪录频道(CCTV-9)晚间黄金档开始播出百集国产纪录片《如果国宝会说话》,纪录片既没有采用如《长平之战》般震撼人心的画面作为片首,也没有采用如《河西走廊》般意境幽远的音乐展开,而是伴随着""叮,你有一条来自国宝的留言,请注意查收""的清脆提示音,将""如果国宝会说话""标题几个大字逐渐显现出来,简单却又不失精致。节目以其独特的文化底蕴、纪录气质迅速走红,并引发强烈的社会反响,连",感悟守成与创新的传承——纪录片《如果国宝会说话》创作特色解读,梁伟,当代电视,J952,85-86,2
16,从根茎理论看居伊·德波的景观电影,李静,中国传媒大学,O,"<正>20世纪的欧洲,资本主义的扩张,致使文化、艺术领域也充斥着商品性、工业性。随着图像时代的到来,视觉文化在艺术生产中的地位不断上升。电影作为一种视觉艺术,视觉化效果被不断加强,景观已经成为电影的一种特性。法兰克福学派的阿多诺曾针对电影这种艺术形式进行过一系列的批判。在他看来,电影是一种会致使人迷幻的麻醉剂。可以说,电影成为一种实现文化工业过滤的工具。居伊·德波将其称之为景观社会。在他看来,景观",当代电视,2018-12-01,期刊,J905,95-96,2
17,刍议香港和台湾地区喜剧电影之异同,于丽金;易旭丹,中国传媒大学南广学院,O,"<正>近年来,香港和台湾的喜剧电影因其各自的特色对整个华语喜剧电影的发展有着重要而深刻的影响。但从创作团队的喜剧观念、喜剧风格的表现、喜剧元素的运用等方面研判,两地的喜剧电影具有颇多的不同之处。因此,笔者尝试对香港和台湾喜剧电影之异同进行分析,以期为华语喜剧电影未来的发展做理论铺垫。一、港台喜剧电影起步的历史背景不同香港的喜剧电影历史比较悠久。早在1909年由美国人布拉斯基在香港投资拍摄第一部影片《偷烧鸭》时,喜",当代电视,2018-12-01,期刊,J905,97-98,2
18,传统民族文化的电影化叙事策略探析,杨雪团,广西艺术学院人文学院,O,"<正>在一个文化成为衡量国家软实力最重要标准的时代,传承和传播文化成为展示一个国家综合实力的显著目标。电影作为一种集光、影、声、色于一体的大众传播媒介,可以很好地成为民族文化的传播渠道;而电影艺术也需要丰富多彩的文化资源的滋养。文化与电影的结合是这个时代的势在必行。学者陈阳在《全球化时代电影民族文化符号的审美转换》一文中指出,民族文化如何更具表现力地进入到影像作品中,并成为作品的想象力源头,在民间日常文化生活中产生出更加强烈的互文效",当代电视,2018-12-01,期刊,J905,99-101,3
19,中国内地与香港合拍电影思考,汤旭梅,北京联合大学艺术学院,O,"<正>在改革开放40周年之际,中国电影合拍片立项数量和过审数量增至新高,其中,中国内地与香港合拍片数量占较大比重,促进了中国电影技术和电影叙事手法的进步,繁荣了电影资本市场,深化了中国内地与香港在电影产业方面的合作。一、中国内地与香港合拍历程概览1. 20世纪60年代合作初探到改革开放后""北上""活跃早在20世纪50、60年代,中国内地的北影、上影和长影曾与香港的""长城""、""凤凰""、""新联""等电影公司进行",当代电视,2018-12-01,期刊,J943,102-103,2
20,《红海行动》的思想内涵探析,梁慧亭,山西传媒学院,O,"<正>一部电影所传达的价值观是其能否触动观众的重要因素,特别是针对当下观众审美的日益提高,这种价值观的感染力显得尤为重要。《红海行动》就是这样一部电影,它塑造了一批个性鲜明的人物形象,通过超越集体主义,努力实现世界范围的人道主义,获得了观众的广泛认同和高票房。一、电影《红海行动》价值观的世界化格局电影《红海行动》主要表现中国海军蛟龙突击队前往非洲北部伊维亚共和国解救同胞的艰辛过程。这一行",当代电视,2018-12-01,期刊,J905,104-105,2
21,中国视协在京召开电视剧《右玉和她的县委书记们》专家研讨会,阿啸,本刊,O,"<正>10月24日,中国视协主办的电视剧《右玉和她的县委书记们》专家研讨会在中国文联文艺家之家召开。与会专家表示,电视剧《右玉和她的县委书记们》视野宏阔,以独特的历史叙事方式,将新中国成立后,右玉县迎难而上、艰苦奋斗、持之以恒改善生态的奋斗史与共和国的成长史巧妙地融合,成功地塑造了右玉县数任县委书记的群像,充分弘扬了右玉精神。大家一致认为,该剧充分借鉴情景剧的拍摄手法,深入生活汲取创作营养,塑",当代电视,2018-12-01,期刊,J905-2,105,1
22,国产动画电影中的现实主义——以《大护法》与《大世界》为例,张梦雨,中国传媒大学,O,"<正>《大护法》和《大世界》这两部接连上映的极具话题性的国产动画电影,在鲜明的个人风格基础上反映出创作者们对现实生活的感受和思考。这两部国产动画电影中现实主义的出发点是对生活本身的解析和对社会现象的探讨,反映出的是创作者们对多层次现实主题和荒诞黑色美学的探索。一、动画与现实主义莱纳德·马尔丁曾描述动画大师特克斯·艾弗里:""他对复制或模仿现实没有任何兴趣,在他看来,越广,越不真实,越好。""(1)那么,这是否就意味着在动画作品",当代电视,2018-12-01,期刊,J954,108-109,2
23,评电视剧《爱情的边疆》的时代底色与浪漫叙事,赵红玲,中原工学院新闻与传播学院,O,"<正>《爱情的边疆》是编剧高满堂的最新力作,以两位播音员跨越半个世纪的爱情为线索,演绎出一部时代洪流下的平民史诗。对年代特征的匠心还原、对历史节点的精准把握,是该剧成功的重要原因,中国东北、苏联的双时空叙事,横贯在山海间的电波联结起红色年代的乐观情怀与浪漫想象,共同铺就了该剧昂扬的精神底色。笔者将从场景构建、人物情感等角度来分析《爱情的边疆》在不曾被历史割断的个体记忆中的现实意义。一、以匠心营造真实时空",当代电视,2018-12-01,期刊,J905,33-34,2
24,《归去来》:以青春找寻现实主义的远方,张海清,徐州幼儿师范高等专科学校,O,"<正>电视剧《归去来》在北京卫视、东方卫视首播后,点燃了又一轮现实题材的收视热潮,该剧以当代留学生的奋斗生涯为叙事线索,勾勒出全球化视角下国人思想变迁的轨迹,用都市情感剧的唯美包装紧紧裹挟着一个关于成长的思想内核。与同类作品相比,《归去来》胜在其价值观的包容性,以海纳百川的博大襟怀建构起一个横跨东西半球、穿梭于中青两代的叙事时空,为观众奉献了更具人生启示的青春叙事。本文将从该剧所传达的反思入手,来揭示现实题材剧应有的价值担当。",当代电视,2018-12-01,期刊,J905,39-40,2
25,一茶一世界,,武汉大学新闻与传播学院,O,"<正>由江苏卫视、北京天润农影视文化传播有限公司、央视纪录国际传媒有限公司以及北京中投视讯文化传媒股份有限公司联合制作、出品的10集大型人文纪录片《茶界中国》,2017年8月在江苏卫视黄金时段播出。该纪录片由10个摄制组、历时3年跨国拍摄,志在通过近百位茶人的故事,追寻中华茶脉,追求匠心之道。《茶界中国》用细腻的画面深入接触世界各地的茶场,精致地描绘了制茶人的忙碌生活,全面展示了茶界和古老的中国文化。该片是对",一叶一人文——评纪录片《茶界中国》,王飞,当代电视,J952,74-75,2
26,从《舌尖上的中国》看新媒体环境下电视纪录片的发展,林卫军,福州广播电视台,O,"<正>新媒体的崛起,使媒体市场的竞争变得更加激烈,然而在这样的环境中,电视纪录片《舌尖上的中国》(以下简称为《舌尖》)自播出便引起了人们的广泛关注,产生了不同凡响的市场效果,它的成功不仅进一步地增强了央视纪录片频道的品牌影响力,而且也让电视媒体人以及业界人士看到了纪录片未来的发展趋势和市场前景。《舌尖》为什么能异军突起?它与其他电视纪录片有何不同?我们又能从其中获得哪些启示,从而看清当前纪",当代电视,2018-12-01,期刊,J952,76-77,2
27,瓷器背后的中国图像与审美——评纪录片《景德镇》,朱郁闻,南京师范大学,O,"<正>在人类历史长河中,有四大古文明闪耀其间,即古巴比伦、古埃及、古印度和中国。中国文明迈着历久弥新的步伐,一直延续到今天。中国瓷器是中国人民在长期的生产生活实践中,发挥聪明才智结出的文明之花,中国的陶瓷技术和艺术鲜明地体现了中华文化精神。央视推出的4集文化类纪录片《景德镇》由CCTV-9播出于2018年8月,作为最新制作的文化类纪录片,它的出品在业内引发了较大的反响。《景德镇》在有限的时长中,通过中国",当代电视,2018-12-01,期刊,J952,80-81,2
28,"拍一片时光,诉一段衷肠——评《无问西东》",郝静静,山西大学,O,"<正>《无问西东》在上映之初就自带众多话题,也备受业界和学界的广泛关注。它将过去时空与现实存在以诗意的方式呈现和表达,将人性拷问和本心回归糅合到光影交织的跨时空维度,在历史真实、艺术想象和情感共鸣中找到了相对统一的平衡点,实现了生活层面、情感层面、价值层面的""最大公约数""。影片的本意是一部庆祝清华大学百年校庆的定制影片,剧情从上世纪20年代一直推演至今,用恢弘的视角和全景式的历史视野将百年来中国的兴起和自强化为温暖",当代电视,2018-12-01,期刊,J905,106-107,2
29,多元话语中的少数民族形象——基于新中国少数民族题材纪录片的分析,许光,长沙大学影视艺术与文化传播学院,O,"<正>中国是一个多民族国度,在数千年历史演进和变迁中,各民族共同创造了灿烂的历史与文化。少数民族地区的历史事件、风土民俗、宗教信仰、文化遗存、名胜古迹等,既是中华民族共享的""文化图腾"",也是人类文明璀璨夺目的文化瑰宝。少数民族题材纪录片(以下简称""民纪片"")承担着在国内外传播少数民族形象和国家形象的职责,在增进民族了解、加强民族团结和促进国家稳定方面发挥积极作用。由于社会主义制度优越性宣传需",当代电视,2018-12-01,期刊,J952,64-66,3
30,纪录片《传承》第二季中少数民族的文化记忆与意境营造,朱旭辉;王淑贤,天津工业大学,O,"<正>纪录片扮演着文化记录者的角色,利用影像的力量将非物质文化遗产以视觉化的形式呈现出来,使其成为文化记忆的重要文本。纪录片《传承》第二季共记录了35位非遗传承人的故事,其中,分布在黑龙江、贵州、新疆、内蒙古、西藏等地的少数民族非遗传承人共有14位,充分展示了少数民族地区非物质文化遗产所具有的文化底蕴与传承魅力。一、文化记忆的维度从文化传承的角度来说,文化记忆不单是对经典文化的符号化表征,还代表着人们对特定族群文化的集体",当代电视,2018-12-01,期刊,J952,82-83,2
31,人民的法槌——谈电视剧《阳光下的法庭》的法治传播意义,周洁琼,西京学院,O,"<正>电视剧《阳光下的法庭》以全面推进法治建设为背景,紧跟司法改革的时代浪潮,将法庭、法官、法治置于第一视角,通过全局化的宏大叙事,实现了公检法机关与社会热点的联动。该剧在人物塑造上深刻反映了法、理、情的融会贯通,既有证据支撑下环环相扣的司法逻辑,亦有影视加工下丝丝入扣的情感逻辑,使法理诠释与法治情怀相互统一。本文根据法治类型剧的艺术特征,结合该题材的创作内需,全方位地分析《阳光下的法庭》的法治传",当代电视,2018-12-01,期刊,J905,29-30,2
32,电视剧《远方的家》:“家”的新时代诠释,丁磊,本刊,O,"<正>34集电视剧《远方的家》播出后,获得社会好评,引发关于""中国式亲情""的讨论。作为""老漂三部曲""之一的北京篇,《远方的家》紧扣时代脉搏,极富生活气息,从日常生活传递温情,弘扬中华优秀美德,赋予了""家文化""在新时代所具有的特殊含义。《远方的家》讲述了来自四川的""老漂""宋明媚(刘佳饰)在知天命之年为了儿子而背井离乡,来到北京艰苦创业,在和""北京大爷""富伯恒(梁冠华饰)经历了一系列啼笑皆非的误会后,从相识到相知,最终收获美好爱情",当代电视,2018-12-01,期刊,J905,31-32,2
33,《你迟到的许多年》:历史嬗变中的人性本真,吴洋月,湖南师范大学湖南文理学院,O,"<正>年代情感电视剧《你迟到的许多年》讲述了改革开放时期主人公沐建峰历经商海沉浮、人情冷暖,不忘初心的故事。该剧分为事业与爱情两条线,在事业上,沐建峰不畏艰难、屡败屡战,成功创业,充分体现了改革时代弄潮儿的优秀品格;在爱情上,着重叙述了沐建峰与茉莉、赵益勤间的爱情纠葛,体现了社会变动中的悲欢离合。作为纪念改革开放四十周年的献礼剧,《你迟到的许多年》由严歌苓担任编剧,林柯、黄加力执导,是一部诚意之作。",当代电视,2018-12-01,期刊,J905,41-42,2
34,从《延禧攻略》看古装剧美学追求的嬗变,龚正,福建江夏学院设计与创意学院,O,"<正>2018年,大批古装题材电视剧投入市场,为观众提供了多样的选择。其中,《延禧攻略》自暑期播出后,持续引发观众热议,成为2018年影视作品中不可忽视的重要研究文本。该剧与我国长期形成的古装剧叙事风格、人物性格构造等固定模式不同,女主人公魏璎珞在后宫的生存方法与晋升之路在一定程度上颇有现实指导意义,因此被人称为是一部另类的""职场剧""。《延禧攻略》在人物关系上与1998年播出的《还珠格格》、2011年的《甄",当代电视,2018-12-01,期刊,J905,43-44,2
35,“温州模式”的一面镜子——以“温州人”电视系列剧为例,傅守祥;郑露娜,温州大学,O,"<正>文艺是时代前进的号角,最能代表一个时代的风貌,最能引领一个时代的风气。电视剧《温州一家人》《温州两家人》和正在拍摄中的《温州三家人》全面呈现了温州40年走过的不平凡道路,以艺术的方式总结改革开放中的经验,坚定新时代进一步改革开放""永不停步""的勇气,加快实现温州在新时代的再次飞跃。一、书写时代的温州故事当今中国,正处在坚定汇入现代化潮流并站在世界发展前列、为人类文明进步做出重要贡献的伟大时代。",当代电视,2018-12-01,期刊,J905,4-6,3
36,在中国梦语境下的反腐题材电视剧,倪学礼;赵璐浩,中国传媒大学动画与数字艺术学院,O,"<正>党的十八大以来,以习近平同志为核心的党中央从关系党和国家生死存亡的高度,作出打铁还需自身硬的庄严承诺,以猛药去疴、重典治乱的决心勇气,推动全面从严治党向纵深发展,打虎拍蝇雷霆万钧,正风肃纪驰而不息,形成了反腐败斗争压倒性态势。时代需要反腐题材电视剧对此及时做出审美表现。一、反腐题材电视剧回溯反腐题材影视剧最初是以""反腐小说""为创作蓝本而形成新的影视类型。我国反腐题材电视剧大致经历了",当代电视,2018-12-01,期刊,J905,7-8,2
37,近年来仙侠玄幻剧的文化价值思辨,霍美辰;王方兵,东北师范大学传媒科学学院,O,"<正>回顾近几年,《三生三世十里桃花》《择天记》《青云志》《九州·天空城》《醉玲珑》等仙侠玄幻古装剧先后播出,此类以传统神话、寓言传记为缘起,杂糅了言情、武侠、科幻、魔幻、历史等元素的古装剧成为了影视产品市场热衷的电视剧类型。放眼国际影视市场,""虚幻、架空""类古装剧也具有一定市场,如美剧《权利的游戏》《西部世界》,韩剧《扑通扑通love》《夜行书生》《仁显王后的男人》《千年之爱》,日剧《猫侍》《宫本武",当代电视,2018-12-01,期刊,J905,9-10,2
38,“消费经典”要警惕“亵渎经典”,杜鹃,中国传媒大学,O,"<正>在文本研究中,""经典""的概念存在已久。这一概念也是文化研究中非常重要的研究范畴,常常被用来解释和维护艺术性,或者是一种公认的艺术范式。经典之所以可以经得起时间和历史的洗练,正是因为其将思想、审美、形式融为一体,表达着历史的、文化的、人性的深刻内涵。经典的构筑应该说是政治、经济、文化和社会综合作用的结果。一种文化的经典就代表着有关那种文化的某些深刻的理念。因此,在当下中国社会文化中,强调经",当代电视,2018-12-01,期刊,J905,11-12,2
39,《山城棒棒军》的创作追求,杨洁;路建宁,重庆城市管理职业学院重庆重视传媒有限责任公司,O,"<正>作为改革开放四十周年的展播剧目,电视剧《棒棒的幸福生活》2018年10月在重庆卫视一经播出,就受到了广大观众的青睐。1997年,方言电视剧《山城棒棒军》让""棒棒""这一道山城重庆独特的风景在全国家喻户晓,同类题材电视剧《棒棒的幸福生活》通过表现棒棒们生活的变化,让观众感受到了重庆日新月异的发展。一、""棒棒""语义的形象化阐释""嗨、棒棒!""""来啰、来啰""。方言电视剧《山城棒棒军》中的这句精彩对白,曾经真实地回荡在重庆的大街",当代电视,2018-12-01,期刊,J905,25-26,2
40,担当诠释使命,,沈阳音乐学院戏剧影视学院,O,"<正>摄影语言,作为多结构层的艺术符号,以独特的视觉形式传达给观众摄影者所要表达的特性与元素。它与传统的文学、文字相比,能够原汁原味地还原真实的影像实录,打破了文学交流中出现的语言隔阂,能够给观众带来视觉上的冲击。众多艺术元素以多样的形式融入在摄影中,不仅丰富了摄影语言,也给了观众更多想象的空间。本文以宋业明执导、吴京安、丁柳元领衔主演的人物传记剧《初心》为例,详细论述摄影语言在电视剧文本",忠诚书写奉献——电视剧《初心》摄影语言的艺术表达,李江涛,当代电视,J931,27-28,2
41,“朗诵+”:实现古典优雅与时尚清新的融合,金晶,绍兴广播电视台,O,"<正>朗诵是一门用声音表达作品和朗读者思想感情的艺术。近年来,肇始于央视《朗读者》,朗诵类节目以优质的人文内核、时尚的节目形态,激起一股文艺清流,成为一种文化现象。一、诵读:丰富节目内容、独具艺术魅力朗诵以其口耳相传、绘声绘色的艺术特性,展现了它们的音韵美、节奏美和旋律美。朗诵因其大众性、艺术性、创造性,一直受到大众的喜爱,无论是在专场的朗诵晚会,还是在大型文艺晚会上,朗诵常常与音乐、歌唱、",当代电视,2018-12-01,期刊,G222,53,1
42,文化类节目《经典咏流传》创新路径,贾若;刘芳烨,东北师范大学传媒科学学院,O,"<正>《经典咏流传》是中央电视台综合频道和央视创造传媒联合制作推出的大型音乐文化类节目,节目响应落实十九大报告""推动中华优秀传统文化创造性转化、创新性发展""的精神,用""和诗以歌""的形式将传统诗词经典与现代流行相融合,让经典具有新时代属性,让传统迸发出先锋精神,开创文化节目2.0时代。《经典咏流传》意在唤起大众对于经典文化的关注。为了体现节目受众的大众性,嘉宾阵容全面,除了带有流量性的人气明星王俊凯、王力宏等,还涵盖了主持",当代电视,2018-12-01,期刊,G222,56-57,2
43,浅析电视媒体的美育功能与文化职责,饶建华,成都大学中国-东盟艺术学院美术与设计学院,O,"<正>电视媒体传播范围广、速度快、信息量大,在传达时事政策、引导社会舆论、传播知识、提供娱乐等方面起着重要的作用。电视媒体作为传承文化、传递社会正能量和教育人才的综合视听平台,应积极探索传播内容和传播形式的创新。一、以美育人:坚持电视媒体的正确审美导向2018年8月30日,习近平总书记给中央美术学院8位",当代电视,2018-12-01,期刊,G222,23-24,2
44,电视公开课节目《中国正在说》的文化价值,王嵋,重庆工商职业学院,O,"<正>《中国正在说》是东南卫视推出的一档电视公开课节目,它通过TED演讲与观众互动相结合的方式,客观地分析世界形势、讲述中国故事。该节目延续了时政访谈一贯的严肃风格,由张维为、金灿荣、韩毓海等各界专家担任主讲人,对我国的历史发展与社会风貌做出了全面评述,在践行文化强国方针的同时,也不忘以批判的眼光反思当下。其中,脚底板走出的学问、老百姓眼中的问题以及中国形象的真实呈现,可以说是《中国正在说》的几大",当代电视,2018-12-01,期刊,G222,58-59,2
45,《声临其境》:中国原创综艺节目的“声”机盎然,刘洋,北京师范大学珠海分校艺术与传播学院,O,"<正>目前电视媒体行业中,随着亲子、旅游、音乐、婚姻等类型节目的播出,综艺节目同质化的倾向日渐突出。缺乏原创力、缺少发掘力成为了当前众多综艺节目的束缚,可以说,原创精神成为了综艺节目突破生存瓶颈的关键。《声临其境》作为一档全新的原创声音竞技类节目登陆湖南卫视,并在芒果TV、爱奇艺等多家网络媒体同时上线,一时间吸引了大众眼球,受到了广泛好评和热议。一、新颖独特的主题1.题材新颖,文化氛围浓厚",当代电视,2018-12-01,期刊,G222,60-61,2
46,"《一路书香》:创新读书节目形态,延伸文化空间",戈双峰,呼和浩特职业学院,O,"<正>我国电视读书节目起步于上世纪90年代,为丰富大众精神生活发挥了重要作用,也是大众阅读推广的主要形式之一。随着娱乐时代和消费时代的到来,读书类节目的生存空间被迅速挤占,大批节目纷纷停办。对停办节目进行分析会发现,这些节目形式单一,多由主持人或嘉宾单向性地向观众介绍或评论书目,缺乏互动,因此很难适应当今读者的多元收视需求。在这种情况下,一些读书类节目开始突破旧有的窠臼,不断探索新的展现形式。比如",当代电视,2018-12-01,期刊,G222,62-63,2
47,体育电视节目与新媒体的多维互动——以2018年世界杯为背景,赵楠;杨承智,中国传媒大学,O,"<正>2018年俄罗斯世界杯已经落下帷幕。四年一度的世界杯作为全球顶级流量IP,其关注和参与程度都是其他大赛无可比拟的。以往几届世界杯,央视已经逐渐将国内的转播权垄断。然而,今年央视选择将线上的转播权授权给了优酷、咪咕两家互联网平台。作为拥有几十年大赛转播经验的国家级电视媒体,在政策和技术的推动下,央视早已开始布局新媒体矩阵,采用台网融合的方式应对全媒体时代的挑战和冲击。根据优酷、咪咕、央视网报道的相关数据显示,在世界杯揭幕",当代电视,2018-12-01,期刊,G222;G206,13-15,3
48,我国音乐电视节目类型的发展与创新,商文娇,青海师范大学音乐学院,O,"<正>从最初的单一形态到近年来的丰富多彩,我国音乐电视节目类型得到了长足的发展。一、我国音乐电视节目的主要类型我国音乐类电视节目经过多年发展,呈现出内容丰富、播出形式多样、结构形态复杂、节目功能全面等特点。笔者将我国音乐电视节目的主要类型归纳如下:第一类,以介绍国内外音乐发展趋势、动态为主要内容的资讯类电视音乐节目。介绍最新的乐坛发展动态,如歌曲排行榜、新曲推介、音乐人近况等。因其信息功能",当代电视,2018-12-01,期刊,G222,20-21,2
49,“读秒时代”下电视民生新闻的应对策略,王昕璨;高永利,太原理工大学艺术学院,O,"<正>在2018年6月举行的全国党媒视听内容融合发展论坛上,北京大学新闻与传播学院教授陆地在作题为""短视频为什么这么火?""的主题演讲时,针对当前短视频流行趋势作出了自己的论述:新闻已进入了读秒时代。""读秒时代""这一术语是对新闻传播方式和受众信息接受习惯变迁的一种概括,而从""读图时代""到""读秒时代""的转变也必将对传统新闻媒体尤其是电视民生新闻产生深远影响。一、""读秒时代""新闻传播特征""读秒时代""的新闻传播是以移动通讯工具的广泛",当代电视,2018-12-01,期刊,G222,89-90,2
50,媒介融合视域下扬州广电的转型发展,周隽,南京艺术学院电影电视学院,O,"<正>新媒体的快速发展对传统电视媒体的观众群体、内容与形式都产生了影响。在全国城市台收视下滑的形势下,扬州广播电视传媒集团(总台)(以下简称扬州广电)近年来的收视份额却一直保持稳定并有所增长,研究扬州广电现象对全国城市台的发展具有借鉴意义。一、危机与压力:地方电视台的生存困境在新媒体冲击下,中小地方电视台生存环境尤为严峻。截止2017年年底,网络大数据显示,视频网络用户为5.80亿,网络视频用户使用率为75%,手机视频用户5.48",当代电视,2018-12-01,期刊,G229.27,93-94,2
51,《理响新时代》:理论宣传的综艺化创新探索,邵晓晖;许建华,安徽广播电视台,O,"<正>习近平总书记在党的十九大上向世界郑重宣示,中国特色社会主义进入新时代,这是我国发展新的历史方位。新时代,我们如何准确把握理论宣传的新趋势,充分展现科学理论的独特魅力和强大说服力,中共安徽省委宣传部和安徽广播电视台联合制作的《理响新时代》节目,在不断总结和深化认识的基础上,探索新途径、运用新方法,以新策划、新视角、新表达、新传播,开拓了学习",当代电视,2018-12-01,期刊,G222,46-47,2
52,《脱贫致富电视夜校》节目运作方式分析,王坤,海南广播电视总台党委,O,"<正>《脱贫致富电视夜校》是由海南省脱贫致富电视夜校工作推进小组主办,海南省委组织部、海南省委宣传部、海南省扶贫办等多部门协办,海南广播电视大学、海南广播电视总台具体承办的海南首档脱贫致富类大型公益节目。节目以生动活泼的形式,为电视观众尤其是贫困户讲政策、举实例、解难题,提升贫困户脱贫致富的意愿和能力,激发其脱贫的内生动力。节目一周一课,一课一主题,每周一晚20点在海南广播电视总台综合频道、每周",当代电视,2018-12-01,期刊,G222,48-49,2
53,《经典咏流传》曲目传播中的社会文化需求探析,石莉,山西传媒学院,O,"<正>《经典咏流传》是中央电视台综合频道和央视创造传媒有限公司联合制作推出的文化节目。节目以中华经典的诗词文化为表现内容,通过对于包括艺术名家、后起之秀以及普通的社会成员的传唱人的选择,借助电视媒介、网络平台的传播优势,以新颖而又多样化手法和表现形式,对于经典诗词进行了通俗易懂的音乐演绎,有效地凸显了中华诗词文化的悠远意境和家国情怀,为中华优秀传统文化创造性转化和创新性发展提供了可资借鉴的范例。",当代电视,2018-12-01,期刊,G222,54-55,2
54,全媒体时代电视深度报道如何“快人一步”,陈晓凤,泉州广播电视台,O,"<正>全媒体时代互联网新闻凭借随时推送、即时更新优势,让受众能迅速获取资讯。电视新闻受制播流程限制,无法与其竞争速度。但新闻之""快""不应仅停留在推出报道的速度这一浅层概念,如今的受众对传统媒体的需求已悄然改变,不仅要""知其然""、""知其所以然"",更希望""知其未然"",为受众深层次分析事件内涵,预测事件发展方向,方为更有价值之""快""。2018年5月9日,全国很多媒体发布了一则重磅新闻:广州警方成功摧毁""云联惠""特大网络传销犯罪团伙。早",当代电视,2018-12-01,期刊,G222,87-88,2
55,江西卫视探索推进立体化媒体品牌建设,季文,江西广播电视台,O,"<正>随着电视媒体传播的双受众市场格局的形成,融合让电视的内容与新传播技术互动更紧密。有些电视媒体已经开始从受众经济转向用户经济,努力寻求在互联网上形成巨大的再传播和延伸传播价值。电视荧屏热播、网络平台热议、产品商场热卖成为互联网时代传媒经济的突出特征。电视与网络的融合对电视整合营销创新能力提出了新要求。省级卫视的发展面临新挑战,如何成为一个更富经营能力,更受观众欢迎,拥有更多用户和粉丝,具有广泛",当代电视,2018-12-01,期刊,G229.27,91-92,2
56,2018年10月在播综艺栏目网络传播监测数据TOP20,,美兰德公司,O,O,当代电视,2018-12-01,期刊,G229.2,112,1
57,中国传统经典戏曲文化的传承与创新——浅析湖北卫视戏曲文化栏目《戏码头》,卢纲,湖北广播电视台,O,"<正>《戏码头》是湖北广播电视台湖北卫视经过半年精心酝酿和筹划,重磅推出的一档大型戏曲文化栏目。每周日晚间21:20到22点40首播,截止目前为止,共播出""戏码头""""东方之恋""""戏曲的传承""""历史的天空""等四集。《戏码头》紧扣""传承文化品味经典""的主题,完成了中国经典戏曲对电视娱乐综艺的一次成功的逆袭,取得了业内人士和电视观众肯定。笔者拟对《戏码头》的传承与创新进行初步的分析梳理,探寻其成功的原因。",当代电视,2018-12-01,期刊,G222,50-51,2
58,《明星大侦探》:在网络综艺中传播正能量,刘漱羽,湖南广播电视台宣传管理部,O,"<正>明星角色扮演推理综艺节目《明星大侦探》自2016年3月推出以来,已在芒果TV网站连续播出了三季,不仅网络播放总次数实现了跨越式的增长,而且三季的豆瓣评分始终保持在9分左右,深受观众的喜爱。在综艺节目花样繁多、竞争激烈的背景下,《明星大侦探》能在不到两年的时间内接连推出三季,除了明星效应和宣传推广外,节目本身的内涵与社会效益更值得探讨。一、紧扣社会热点一档节目的意义,不仅在于娱乐本身,还在于节目",当代电视,2018-12-01,期刊,G222,52,1
59,河南卫视重磅推出大型文化纪实节目《全家福来了》,,O,O,"<正>一张全家福,定格时代记忆;一张全家福,见证历史变迁。为庆祝改革开放40周年,河南卫视重磅推出的大型文化纪实节目《全家福来了》自2018年10月2日起,每周二晚在河南卫视黄金时段播出,每期50分钟。节目将播至12月25日。13期节目,40组人物,节目通过全家福照片的形式,把镜头对准普通百姓,跟踪记录他们的真实生活,从小家变化看国家发展,让观众真切感受我国改革开放所取得的辉煌成就。",当代电视,2018-12-01,期刊,G222,2,1
60,电视不老,,中国视协艺术评论专业委员会湖南省政府湖南省电视艺术家协会,O,"<正>记得在十多年前的一个业内研讨会上,一位学者煞有介事地预言,电视马上要灭亡!让一些电视媒体的同事着实紧张了一把。但是这么多年过去了,电视仍在我们生活中存在,而且还是那么有滋有味地引领着我们的文化消费。仅以某上星频道为例,从最初单频道几个亿或十几个亿的广告收入,至2015年就已达到年度广告创收100个亿的好成绩,且近几年还是保持着这个水平。还是在几年之前,我每打开某视频平台出产的智能电视机,屏幕上就会",融合更新,盛伯骥,当代电视,G229.2,1,1
61,用文艺力量,,O,O,"<正>10月7日,绍兴市举行了""激荡四十年绍兴再出发""全国诗歌征集颁奖暨名家朗诵晚会,以全国征集诗作、全国朗诵名家、上海爱乐交响乐团的组合,奏响改革开放40周年颂歌。活动由中共绍兴市委宣传部、绍兴广播电视总台联合中国作协《诗刊》社主办,全国作协副主席、著名作家叶辛出席。这次活动共征集全国各地来稿作品近四千件,不乏诗坛名家之作,经中国作协《诗刊》社组织国内权威诗人、诗评家评",为时代放歌,,当代电视,G229.2;I206.7;J124,113,1
62,《小萝莉的猴神大叔》的记者形象分析,马燕;黄鸿业,广西财经学院百色学院,O,"<正>艺术形象建构的基础是创作者对于人物的时代理解和刻意设计,在一部优秀的电影中,某个人物之所以让观众印象深刻,就在于这种理解和设计符合观众的认知和审美取向,以及对这一角色的社会期盼。对于特定职业的人物而言,其角色的成功塑造来源于职业刻画的突破和内含的情感张力,这与作品中的社会背景和意识形态息息相关。而记者职业形象的塑造不仅体现在对电影情节的推动作用,更是对社会现象的见证和记录,并且在一定程度上反映了社会意识的主流和传媒行业的理念。许",当代电视,2018-11-01,期刊,J905,106-107,2
63,电影《寻梦环游记》的爱与亲情,崔含,安阳师范学院文学院,O,"<正>《寻梦环游记》是由迪士尼电影工作室和皮克斯动画工作室联袂打造的一部温馨、奇幻的动画电影,2017年11月上映后,它以温情的风格获得了票房与口碑的双丰收,并夺得第90届奥斯卡金像奖最佳动画长片奖。影片讲述的是小男孩米格尔误入亡灵世界的奇妙故事,其最感人之处在于所展现的爱与亲情。一、动人的爱影片围绕墨西哥亡灵节展开,热爱音乐的小男孩米格尔出生于一个普通的家庭,自从他的高祖父为了追求音乐",当代电视,2018-11-01,期刊,J905,108-109,2
64,融媒体背景下纪实频道的现状及出路,黄彩良,湖南广播电视台金鹰纪实频道,O,"<正>近十年来,中国纪录片取得了长足的进步。《大国崛起》《东方主战场》《舌尖上的中国》《我在故宫修文物》《辉煌中国》《航拍中国》《人间世》《本草中华》等一大批优秀国产纪录片得到观众认可,出现央视纪录、上海纪实、湖南金鹰纪实、北京纪实等多个以播出纪录片为主的专业卫星频道。然而在以明星为看点的娱乐化市场环境下,国内纪实类专业频道还是显得比较冷清和边缘化。和国外成熟的纪录片频道(探索频道、美国国家地理频道)",当代电视,2018-11-01,期刊,J952,86-88,3
65,剪辑在现代传播中要不断提升,张迪,中国戏曲学院,O,"<正>当下,我国影视艺术和影视产业发展迅猛,剧集生产数量与日俱增,新的传播平台和传播方式不断涌现,视频的表现形式繁多,视频功能覆盖广泛;各大出品方、制片方、平台运营商及广告主更是厉兵秣马,抢占先机。人们已经开始打破传统影视专业与非专业的界限,观众摇身一变成为视频制作人,""网红""亦依托多元化的自媒体各显其能。而造成这种现象的两个关键环节便是拍摄剪辑与制作传播的多元化。本文就此试谈数字技术条件下剪辑",当代电视,2018-11-01,期刊,J932,47,1
