1,二语写作中思辨能力的教学与评估:融合式教学法（英文）,董焱宁,外语教学与研究出版社,思辨能力;二语写作;融合式教学法;混合式研究方法;思辨能力评估;,"本研究探索了在二语写作课程中有效进行思辨能力教学以提升学生的思辨能力和二语写作能力的融合式教学法,并在实际教学中进行了实施。通过采用混合式研究方法,本研究侧重于回答三个问题:(1)所采用的融合式教学法对于提升学生思辨和写作成绩的有效性;(2)学生的思辨和写作分数之间的关系;(3)该教学法对于学生的思辨和写作学习所产生的具体效果。研究结果表明,该教学法有效地提高了学生的思辨和写作成绩,且两个成绩之间呈现显著正相关(r=0.893,p<0.01)。此外,研究访谈结果表明,该教学法有效地将抽象的思辨理论与交互式的写作活动贯穿起来,实现了思辨和写作的教学与训练的紧密融合,从而对学生的思辨和写作学习产生了积极的效果。",ChineseJournalofAppliedLinguistics,2017-10-20,期刊,H09,431-451+471,22
2,中国大学英语教师的研究者身份认同研究（英文）,龙娜娜;黄景,德州学院香港浸会大学,研究者身份认同;教师身份认同;大学英语教师;叙事;社会-机构环境;,"基于四名中国大学英语专业教师对自身科研经历的叙述,本文探讨他们的研究者身份认同的动态建构以及促进和阻碍其身份认同建构的主要社会、学校和个人因素。研究发现这些英语教师职业生涯中研究经历可以划分为""起始""、""停滞/发展""和""挣扎""三个主要阶段,他们的研究者身份建构也呈现出不同的发展路径。从环境因素来看,硕士和博士等课程学习环境充满了促进研究者身份建构的因素,而大学工作环境和中国的社会环境则对研究者身份建构起到了阻碍作用。就个人因素而言,动机、学术发表、学术资历和与研究者的社会网络(交流)对研究者身份建构具有重要影响。本研究建议中国大学的英语教师应该提高研究者身份认同意识、不断进行批判性反思、发挥主观能动性以寻求发展机会,而政府和高校则应该通过改革现行的教育和晋升体制为教师的科研投入提供支持。",ChineseJournalofAppliedLinguistics,2017-10-20,期刊,H319.3,371-391+470,22
3,“我终究不能够踮着脚尖跳舞”——英语教学比赛中教师学习的个案研究（英文）,许悦婷,广东外语外贸大学,教师学习;持续性专业发展;实践社群;教师身份;大学英语教师;,"由于大学英语教师肩负着培养具有合格英语水平大学生的重任,近年来其专业发展日益受到各方的重视。有关各方近年来举办了不少持续性专业发展活动如教学比赛等,旨在提高大学英语教师的教学水平并促进教师学习。这些专业活动本意虽好,但业界对此类活动对教师专业发展的影响却所知甚少,如教师学习是怎样在此类活动中产生,有什么重要因素影响了教师学习的产生等。基于此问题,本个案研究基于教师反思日志、访谈、观察小组讨论以及课例与说课视频等数据,报告了一个大学英语教师杰娜(化名)准备与参与英语教学竞赛的过程。本研究结果显示,教师通过合格边缘化参与社群活动产生了浅层次的学习,通过身份危机产生了深层次的学习。本研究还发现,持续性专业发展中的教师学习十分脆弱,其不同的深度和可能性取决于社群中资源及权力关系与教师教学观之间的冲突与融合。本文结论部分揭示了本研究对教师学习理论与教师专业发展实践的相关启示。",ChineseJournalofAppliedLinguistics,2017-10-20,期刊,H319.3,353-370+470,19
4,管理者自主下的学生自主培养——夹层中的教师自主（英文）,王毅,怀卡托理工学院山东理工大学,学生自主;教师自主;管理者自主;控制权转移;课程改革;教师信念与实践;,"培养学生自主能力需要教师对""自主""这一概念的正确理解及对学生减控赋权的行动;同理,教师自主性的提高意味着教育管理者对""自主""的认知及对教师减控赋权的行动。本文探索了在现实等级教育体系下这三种自主的动态交汇碰撞,以期寻求三者之间和谐共存并各自繁荣的最优平衡。本研究立足于一所中国新建私立中学,通过研读校内文件、访谈、课堂观察及课后讨论等多种方法,深度调研了学校一项致力于学生全人发展的综合改革项目,研究对象涵盖了学校校长、教学主管及英语教研组全体九位老师。本文具体探讨了三个问题:1)校长的自主观;2)教学主管设计的旨在培养学生自主能力的课堂教学模式;3)教学主管建立的旨在增强教师自身自主能力的教师培训体系。研究结果发现教育管理者、教师、学生这三者的自主性互相干预,有促进,有制约,关系错综复杂。因此,真正有效的改革必须关注教育等级体系中各层次主体对""自主""这一核心概念属性的真正理解和统一认识,并最大限度地追求这种等级现实下的最优权力分配和转移。该问题值得更多深入细致的实证研究。",ChineseJournalofAppliedLinguistics,2017-10-20,期刊,H319.3,392-409+470-471,20
5,高校外语课堂师生协商意义时支架式学习中自主性研究（英文）,李丹丽,武汉大学,自主性;支架;师生互动;调控;意义协商;,"本研究基于社会文化理论,探讨外语课堂教师搭建支架时的角色变化和学习者自主性的动态发展。通过跟踪考察25名大学生与其英语教师协商意义时的互动话语以及教师访谈话语,发现师生话语成为调节语言学习中构建意义协商的核心机制,教师运用支架作为系统教学工具在互动中扮演不同角色。研究揭示了当学习者从他人调控阶段向自我调控阶段发展时,教师利用课堂教学机会协商自主空间以推动学习者自主性的发展。本文还探究了教师如何有效控制支架的能力,对教师教育和学习者培训具有启示意义。",ChineseJournalofAppliedLinguistics,2017-10-20,期刊,H319.3,410-430+471,22
6,产出导向法评价:引言（英文）,濮实,Beijing Foreign Studies University,O,"<正>The production-oriented approach(POA)has been developed over a decade.It is driven by the need to improve English classroom instruction for university students in China(Wen,2016).It is also motivated by the aspiration to enhance the quality of foreign language education in other similar pedagogical contexts outside China.A volume of research has been done by Wen Qiufang and her research team,to formulate the theory",ChineseJournalofAppliedLinguistics,2017-10-20,期刊,H319.3,452-453,2
7,产出导向法:迈向前方（英文）,Rod,Curtin University,O,<正>In this extremely well-organized seminar various aspects of the POA were presented in the morning while in the afternoon a group of invited evaluators discussed the approach.I would like to thank the organizers of the seminar for inviting me to join the panel of evaluators and to congratulate them on what proved an enlightening and rewarding,Ellis,ChineseJournalofAppliedLinguistics,2017-10-20,H319.3,454-458,5
8,产出导向法研究设计与方向（英文）,Alister,University of TorontoBeijing Foreign Studies University,O,"<正>The development of the Production-Oriented Approach(POA,Wen,2016)has impressed me as an exemplary application of design-based research.The unique ways in which research has shaped this innovative approach to language teaching are worth my elaborating on here because the principles and applications of design-based research are not well",Cumming,ChineseJournalofAppliedLinguistics,2017-10-20,H319.3,459-463,5
9,从职前教师视角反思产出导向法（英文）,Charlene,Michigan State University,O,"<正>In today’s post-method climate,it is unlikely that any named approach or method will be adopted as a whole in a large variety of contexts.While the Production-Oriented Approach(POA)is no exception,it is based on sound principles,and the activities in i English,a tangible implementation of POA,provide excellent models for pre-service teachers.I",Polio,ChineseJournalofAppliedLinguistics,2017-10-20,H319.3,464-467,4
10,对产出导向法的几点思考（英文）,Paul,Arizona State UniversityNanjing University,O,"<正>It was a pleasure being part of the Production Oriented Approach(POA)Symposium at Beijing Foreign Studies University.As a teacher and researcher of writing,I am particularly happy to see an attempt to integrate language production throughout the instructional routine.As a former language learner,it resonates with my own experience of language",Kei,Matsuda,ChineseJournalofAppliedLinguistics,H319.3,468-469,2
11,CELEA新会长就职演说（英文）,孙有中,Beijing Foreign Studies University,O,"<正>Dear colleagues,Good morning.I still want to say good morning although it’s very very late morning.One of the best sentences that have been said about morning in English might be this,a quote from the American author Debasish Mridha,""I drink cup of sunlight every morning to brighten myself.""So have you drunk your cup of sunlight this morning to brighten",ChineseJournalofAppliedLinguistics,2017-10-20,期刊,H319.3,472-474,3
12,第八届中国英语教学国际研讨会成功举行,,O,O,"<正>2017年10月20-22日,由中国英汉语比较研究会英语教学研究分会主办、西安外国语大学承办、外语教学与研究出版社协办的""第八届中国英语教学国际研讨会""在陕西西安举行。来自全球各地的六百余名英语教育与研究专家、学者齐聚古城西安,围绕""国际化环境下的英语教学:新视角、新方法""主题进行深入交流与探讨。本届大会研讨形式丰富多样,共设主旨发言5场、国际应用语言学学会东亚论坛1场、专题研讨12场、工作坊",ChineseJournalofAppliedLinguistics,2017-10-20,期刊,H319.3,475-478+480,5
13,第二语言学习者自我调节学习能力培训的实证研究（英文）,于璐;罗文倬;Felicia,天津医科大学医学英语与健康传媒学院阿肯色大学教育统计与研究方法系阿肯色大学课程与教学系,自我调节学习能力;第二语言学习;学习策略;第二语言能力;,"本研究调查了在常规课堂对第二语言学习者进行自我调节学习能力培训的效果。培训历时九周,培训内容基于齐默曼自我调节学习的三阶段过程框架,包括学习动机(自我效能,目标导向,归因),语言学习策略以及资源管理策略。通过分析多个自我调节学习能力变量和第二语言能力,该研究证实了将自我调节学习能力的培训结合到二语课堂的有效性,同时探讨了该研究部分实验结果与国外同类研究存在差异的原因(如语言学习情景和任务的特点;文化价值差异等)。本研究是将自我调节学习能力这一教育心理学领域的理论引入第二语言教学研究的有意义的尝试。",Lincoln,ChineseJournalofAppliedLinguistics,2017-07-20,H09,233-260+349,29
14,读后续写对汉语二语学习者空间短语结构习得的影响研究（英文）,曾莉云;毛志成;姜琳,天府路小学广东外语外贸大学,读后续写;汉语空间短语;协同;,"读后续写任务是一种将语言输出与输入紧密结合的题型,旨在加速提高学生语言运用能力。在该任务中,学生阅读文章,在理解的基础上通过模仿的方式进行续写。本研究通过考察和对比读后续写与另外一种传统的学习任务——阅读理解对于二语学习者在汉语空间短语结构习得上的作用,探讨读后续写任务的促学作用。本研究将两个自然班的汉语二语学习者随机分为两组:读后续写组和阅读理解组。研究采用""前测—干预—后测1—后测2""的设计模式。在干预过程中,读后续写组完成读后续写任务,即使用中文续写一篇含有目标结构的文章;与此同时,阅读理解组完成阅读理解任务,即阅读同一篇文章后回答问题。由于汉语空间短语包括三个方面特征:框式结构、介词用法和方位词用法,因此两项任务对于汉语空间短语结构习得的作用将通过学习者在三次测试中目标结构的三个方面的正确率来测量。研究结果表明:1)从前测到两次后测,读后续写组的目标结构正确率取得了显著提高,而阅读理解组则无此表现;2)在后测中,读后续写组的目标结构正确率显著高于阅读理解组。",ChineseJournalofAppliedLinguistics,2017-07-20,期刊,H195,298-315+350,19
15,应用语言学40年:内容领域、研究方法和统计技术（英文）,Reza,伊拉姆大学英语系,应用语言学;内容区域;研究方法;统计技术;,"本研究旨在通过对过去40年(1976年至2015年)应用语言学领域的1,366篇研究性文章进行密集文本分析,绘制出研究趋势。这些文章由四位分析师进行编码和分析,以确定其研究内容,研究方法和统计程序。本研究发现文章的平均长度有所增加。平均长度由1976-1985年期间的8.09页上升到2006-2015年期间的14.38页。对RA的详尽检阅还揭示了应用语言学研究研究主题广泛,涵盖了34个研究领域。二语习得、技术与语言学习、语言教学方法、语言测试和心理语言学是研究最集中的领域。定性方法(占33.97%)的是期刊发文的主导性研究方法。在统计技术方面,描述性统计学、皮尔逊相关、ANOVA和t检验是应用语言学研究性文章中最常用的统计方法。",KHANY;Khalil,TAZIK,ChineseJournalofAppliedLinguistics,H08,316-332+350,18
16,投入量假设、词汇学习及元认知控制相关性研究（英文）,覃成海;滕锋,海南大学外国语学院香港浸会大学教育系,元认知知识;控制能力;投入;词汇学习;,"本研究使用了定量和定性的研究方法,旨在描述元认知知识和元认知控制之间的相关性,以及学习者元认知控制能力对投入量假设下词汇学习的影响。60名把英语作为外语学习的大学生参加了本研究。这些受试者首先完成一份元认知调查,随后他们参加了一项词汇测试,在词汇测试后受试者被要求完成三项投入量不一的任务。研究人员对其中的12名受试者进行了访谈调查。研究的结果表明元认知的两个重要组成部分,即元认知知识和元认知控制高度相关。依据元认知知识和元认知控制能力水平,学习者被分为四个组别。研究发现,尽管所有组别都从投入量最高的任务中受益最多,他们的元认知控制能力对投入量假设下的词汇学习效果具有一定的影响,这一点也在访谈结果中得到验证。最后,研究对通过投入量假设任务进行词汇教与学进行了进一步的探讨。",ChineseJournalofAppliedLinguistics,2017-07-20,期刊,H319.3,261-280+349,21
17,英语在中国:实用工具还是文化帝国主义传播媒介?（英文）,威廉·辛普森,伦敦大学学院教育研究院明海大学,语言意识形态;中国英语教学;语言帝国主义;文化帝国主义;外语教育政策;,"在中国,无论是个人还是国家都把英语看作具有巨大实用价值的工具。无论是历史上还是在现实中,中国国内对英语教育的讨论主要聚焦在英语具有的巨大实用价值与担忧英语侵蚀本国文化和语言这一对矛盾上。有人担忧英语可能对中文,进而对中国文化,造成破坏性的影响;有人把英语视作现代化和经济发展的关键。过去和现在,很多人发出声音,表达了保护中国文化身份和精华的愿望。但是,影响文化和语言的力量不仅仅来自外部,也来自内部的主动引进吸收。这些内部力量包括符合全球化市场经济需求的外语教育政策、市场对电视、电影和文学等媒体的英文节目或内容的需求。最终,这些内部力量的存在及其显著意义破解了那些把英语视作文化帝国主义传播媒介的看法。",ChineseJournalofAppliedLinguistics,2017-07-20,期刊,H319,333-348+350,17
18,情境制约性话语与熟语能力:以中国的英语学习者为例（英文）,宫志起;姜晖,纽约州立大学奥尔巴尼分校辽宁师范大学外国语学院,情境制约性话语;文化镶嵌度;语义透明度;熟语能力;阙限;,"针对情境制约性话语与熟语能力的关系,本文重点研究了准中、高级以英语作为外语学习者的情境制约性话语的习得情况。操英语母语者也参与了此次研究,以提供基线数据。单因素方差测试(one-way ANOVA)以及事后比较检定测试(post hoc tests)证实了英语学习者的熟语能力(formulaic competence)的发展明显滞后于语言能力(linguistic competence)的发展。定量分析结果还显示三组受试者对第一类情境制约性话语即plain SBU的习得没有实质区别,这部分归因于plain SBU特定的低文化镶嵌度和高语义透明度。本文还认为英语学习者的外语学习要经历一个阈限才能从以规则为导向的学习转变为以整体为导向的学习。",ChineseJournalofAppliedLinguistics,2017-07-20,期刊,H319,281-297+349,18
19,幽默加工研究的科学知识图谱分析——基于科学计量学的综述(2000-2016)（英文）,郭涵宁;王慧莉,大连理工大学国际教育学院大连理工大学外国语学院,幽默加工;社会认知;脑机制;CiteSpace;科学计量学;,"本研究对2000年至2016年间发表的幽默加工领域的文献进行了科学计量学综述,研究通过对文献共被引网络的聚类和可视化分析,识别出幽默加工领域的研究主题,并通过对突现文献的分析识别出该领域的新兴发展趋势。研究为了更全面的搜集与幽默加工研究相关的文献,运用了主题词检索和拓展引文检索的方式,共得到816条文献记录和42,687条引文以供本研究分析。研究发现幽默加工领域的文献共被引网络中共有10个聚类。社会认知和功能性核磁共振研究是该知识领域中两大重要的基础性研究。幽默加工的性格研究和右脑在加工过程中的作用研究同样受到了学者们更多的关注。另外六个研究聚类包括幽默加工领域中的两性选择、比喻性语言、偏见、面部表情、睡眠剥夺和婴儿的幽默感知研究。本研究还对该领域的引文进行了突现检测以分析幽默加工领域未来的研究趋势。",ChineseJournalofAppliedLinguistics,2017-04-20,期刊,H0-05,192-207+230,17
20,GLoCALL2018学术年会暨2018(第15届)计算机辅助外语教学国际会议,,GLoCALL2018学术年会暨2018(第15届)计算机辅助外语教学国际会议组织委员会,O,"<正>(2018年8月中国·苏州)第一号通知由中国英语教学研究会计算机辅助外语教学专业委员会(ChinaCALL)、亚太计算机辅助外语教学协会(APACALL)和环太平洋地区计算机辅助外语教学协会(PacCALL)联合发起,北京外国语大学网络与继续教育学院与西交利物浦大学语言中心联合主办的""GLoCALL2018学术年会暨2018(第15届)计算机辅助外语教学国际会议""将于2018年8月在苏州举办。会议内容包括会前工作",ChineseJournalofAppliedLinguistics,2017-04-20,期刊,G434;H09,231,1
21,显性元语用教学对中国外语学习者习得恭维语回应的影响（英文）,周文;邓军,湖北文理学院理工学院外语系中南大学外国语学院,恭维语回应;显性元语用教学;书面语篇补全测试;,"本研究探讨了显性元语用教学对中国的外语学习者习得恭维语回应的影响。82名非英语专业的学生参加了这次研究。实验组除常规英语教学外,接受恭维语回应的显性教学,控制组为常规教学。研究采取的是前测/后测实验设计,并通过书面语篇补全测试来收集数据。该测试设计了六个情境,涵盖三个恭维话题(外貌、能力、品格)。研究结果表明:就宏观回应策略而言,实验组大幅度降低了接受策略,增加了混合策略的使用;就微观策略而言,实验组大幅度减少了感激策略的使用,增加了双重接受策略的使用。控制组学生在后测中没有表现出明显的变化。本研究对外语环境下的语用学习和教学提供了教学参考和启示。",ChineseJournalofAppliedLinguistics,2017-04-20,期刊,H09,167-178+229+179-180,15
22,高风险英语考试作文评分员影响因素研究（英文）,陈建林,兰州大学外国语学院,评分员;TEM-8考试;作文评分过程;评分员影响因素;,"该研究包括两个阶段的问卷,旨在调查高风险英语考试作文评分员影响因素,所有调查者均为大学英语专业老师。第一阶段有73名受试,第二阶段有75名受试,两个阶段相隔一年,采用同样的调查问卷。数据分析将探索性因素分析和验证性因素分析相结合。结果显示有6个主要因素影响到评分过程:评分量表,评分员培训,评分监督,评分员特征,易识别文本特征,评分环境。这些因素之间的相互影响反映了来自考试机构的约束和评分员自身对作文评分的知识和理解之间的冲突。该研究将为考试机构采取措施提高作文评分质量提供参考。",ChineseJournalofAppliedLinguistics,2017-04-20,期刊,H315,208-228+230,22
23,二语对一语在写作表达中词汇运用能力以及语法特性的影响（英文）,蔡春鹏;安熙燉,渤海大学(韩国)建国大学,词汇多元化;词汇多样性;词汇丰富性;语法特性;,"本文针对韩语语言习得条件下,中国双语话者在对韩语的习得过程中,其韩语对汉语在单词运用能力以及语法特性的逆向迁移作用进行了研究。统计分析结果表明,二语对一语在词汇多样性运用和语法特性的影响呈现双向显著影响作用。双语话者的二语习得对一语词汇多样性的应用起到了积极的正向迁移作用。在写作任务中,二语话者没有体现词汇丰富性下降现象,反而呈现出显著的词汇多样性运用能力的提升。但是,双语话者在写作中呈现了更多的语法错误和更长的词汇回忆时间,显著体现出二语对一语的负向迁移作用。该研究结果充分验证了二语导出模式没有取代或恶化一语的词汇应用能力,反而对他们的一语表达起到了促进增强作用。该现象可以被特定为对已存在的一语语言的概念系统和语言选择的增强作用。即,二语话者的一语语言应用能力会因二语语言的习得而有所提高。本研究对多重语言研究中二语不仅对一语有负向干预作用(负向迁移),同时对一语也有正向促进作用(正向迁移)的理论起到了积极的实证检验作用。",ChineseJournalofAppliedLinguistics,2017-04-20,期刊,H55,181-191+230,12
24,英语语言课程:中国一省高校英语系的比较研究（英文）,赵雯;David,东北大学外国语学院香港教育大学,英语课程;院校评估;英语专业;课程设置;,"世界各地很多的高等教育机构都建立了质量监控体系,以保持标准。本研究报告了2012年在中国东北某省所进行的英语专业评估中对院校间课程所进行的比较研究。该研究主要是质性的探究,其所收集的数据主要是通过各高校在网上所提交的文件以及后续的半结构化访谈所获取的。来自12所高校37名参与者参加了此项研究。研究结果表明,课程取向因高校的不同而不同,其取向的不同也反映在他们的课程设计之中。本研究将有助于了解目前中国正在进行的课程改革,了解其国际化和本地化的课程需求,同时也有助于了解各种不同类型高校的课程设置。",CONIAM;肖扬羽,ChineseJournalofAppliedLinguistics,2017-04-20,H319.3,125-144+229,21
25,中国中学英语大班教学——英语教师们如何说如何做（英文）,古明;王蔷,中国矿业大学(北京)外语系北京师范大学外国语言文学学院,中学英语;大班教学;问题;策略;,"英语大班教学这一现象是发展中国家的一个常见的现象,中国作为最大的发展中国家,大班教学非常普遍。在过去的二十年中,英语大班教学引起全世界范围内的研究者的持续关注。但是,在中国有关英语大班教学的实证研究相对较少。因此,本研究将采用定量和定性研究相结合的方法调查中国中学英语教师对大班教学的看法以及他们在教学实践中应对大班教学的策略。450多名中学教师参与了本调查,其中的6名教师参与了本研究的半结构化访谈。研究表明:绝大多数(92.6%)的中国中学英语教师对英语大班教学持消极态度,认为在大班教授英语的过程中存在教学问题、教学管理问题以及心理负担沉重等问题。尽管大班教学面临着众多的问题,但是,教师们还是在自己日常教学中探索出一些解决这些问题的策略,并取得一些成功。",ChineseJournalofAppliedLinguistics,2017-04-20,期刊,G633.41,145-166+229,23
26,祝贺《中国应用语言学》期刊被Web,of,O,O,"<正>《中国应用语言学》(Chinese Journal of Applied Linguistics,以下简称CJAL),2016年起被Clarivate Analytics(原汤森路透知识产权与科技事业部,以下简称Clarivate)的Emerging Sources Citation Index(ESCI)数据库收录,这是对CJAL办刊成绩的一种极大认可,也标志着期刊在国际化发展道路上实现了重大突破。ESCI(新兴资源引文检索)是Clarivate公司旗下Web of Science数据库平台于2015年11月最新发布的数据库,与SCI Expanded(SCIE)、Social Sciences Citation Index(SSCI)、Arts&",Science的ESCI(新兴资源引文索引)收录,,ChineseJournalofAppliedLinguistics,+,123,1
27,跨文化交际能力发展视角下的语言态度教学探索（英文）,郑萱;高一虹,北京大学外国语学院,语言态度教育;跨文化交际能力;刻板印象;世界英语;,"本文报告一项行动研究,即某门跨文化交际课程部分活动的设计、实施和效果,活动的目的是考察学生对世界英语不同变体的态度,进行温和的干预,促进学生通过反思变得态度更加开放并具有批判性。研究将语言态度视为跨文化交际能力的一部分,将教育视为促进跨文化交际能力的手段。课程活动包括四个步骤:引发、解构、重构、对交际困境的创意处理。研究发现大多数学生最初的语言态度相当保守;四个步骤的干预取得了一些成效。四成多学生的语言态度变得更为开放;部分学生对语言变体多样性的包容具有矛盾态度,少数维持了之前的保守态度。文章讨论了语言态度转变及相关教育的挑战性。",ChineseJournalofAppliedLinguistics,2017-01-20,期刊,H319.3,3-20+120,19
28,文化因缘与教学困境:大学英语教学中的协作学习研究（英文）,林琳,西安外国语大学英文学院北京外国语大学中国外语教育与研究中心,中国文化;协作学习;教学困境;质性研究;,"本研究探究了协作学习教学模式在高校英语课堂实施中所遇到的困境,试图从文化的视角解释出现这些困境的成因。文章以60名英语专业学生为研究对象,采用质性研究的方法,通过学习日志、事后访谈、观察笔记获取研究数据。研究主要有以下发现:1)学生的学习习惯和以语法为主要内容的考试压力与协作学习的本质相冲突;2)中国式""关系""作为一种交际纽带,在英语课堂上促进生生互动,提高了协作学习效果;3)""权利差异""的存在阻碍了学生互动,造成了同伴之间的交际""鸿沟""。尽管协作学习与我国英语教学存在上述不兼容性,本研究认为,协作学习的本质与中国传统的教学文化和谐统一,它们都强调互动在学习中的重要作用。在文章末尾之处,本研究为教师应对这些困境提出了建议。",ChineseJournalofAppliedLinguistics,2017-01-20,期刊,H319.3,21-41+120,22
29,熟悉度在英汉习语理解中的作用:对英语专业学生的ERP研究（英文）,沈海波;王艳;刘文宇,西悉尼大学教育学院东北财经大学社会与行为跨学科研究中心大连理工大学外国语学院,习语加工;母语及外语习语;ERP;熟悉度;,"习语作为一种典型的隐喻语言,是研究人类语言加工机制的重要切入点,越来越受到国内外学者的关注;然而对习语的理解认知机制仍存在诸多争议,尤其是非印欧语言及二语的习语加工。本研究借助事件相关脑电位(ERP)技术,观察并记录了母语为汉语的英语专业学生在加工理解汉语习语和作为外语的英语习语时的行为数据(正确率和反应时)和ERP数据(主要为N400),通过数据分析发现习语熟悉度对理解母语和外语习语均有显著作用;同时,在同等熟悉度水平上,母语习语比外语习语更容易理解。",ChineseJournalofAppliedLinguistics,2017-01-20,期刊,H319.3,74-92+121,20
30,二语为英语学习者的多面词素意识和词汇知识:多变量分析研究（英文）,张浩敏;庄碧绿,卡内基梅隆大学南京工业大学,衍生词素意识;复合词素意识;词汇知识;英语作为第二语言;,"本研究旨在调查词素意识在英语为二语(ESL)词汇习得中所起的作用。受试者为198位中英联合培养项目的中国大学生,他们在中国完成两年的学习并在英国取得学位。受试者完成了一份总共4个任务的纸笔测试,包括了词素区分、词素认别、词汇量测试和词汇关联测试。研究者采用了路径分析来探索自变量(词素意识的两方面)与应变量(词汇知识的两方面)的交错关系。结果表示英语衍生词素意识预测了英语词汇广度和词汇深度。同时,现有的词汇广度可以促进衍生词素意识与词汇深度之间的关系。综上所述,本研究结果表明:提高的英语衍生词意识不仅能拓展词汇量,并且可以巩固深层理解词汇的属性,最终帮助学习者建立相关词或者短语之间的联系。",ChineseJournalofAppliedLinguistics,2017-01-20,期刊,H319.3,42-55+120,15
31,词汇出现频率对阅读与听力过程中词汇附带习得的影响研究（英文）,陈晓宁;滕锋,海南大学外国语学院香港浸会大学教育系,附带词汇习得;词汇出现频率;阅读;听力;,"本研究探讨词汇出现频率对阅读与听力过程中词汇附带习得的影响。参与者为以英语为外语学习的中国学生。本次实验涉及3个词汇出现频率,共15个新词,参与学生为60人。为了检验学生对新词的形式与含义的掌握程度,一共设计了四个测试,分别为词形回想、词形辨别、含义回想、含义辨别。实验结束后共进行两次测试。第一次于实验后,主要用于测试词汇掌握程度。第二次为实验结束两周后,主要用于测试词汇的短期记忆能力。实验结果显示:阅读与听力这两种模式均能促进新词的掌握,但是阅读更具优越性。词汇出现频率对两种模式的词汇附带习得都具有极大影响。由于结果只显示了部分词汇的习得,意味着如要发挥这两种模式的作用,不仅要考虑词汇出现频率,同时仍需考虑学生对词汇的处理能力。本研究最后对词汇的教与学提出了新见解。",ChineseJournalofAppliedLinguistics,2017-01-20,期刊,H319.3,56-73+121,19
32,英语通用语和英语本族语中so的功能研究:基于语料库（英文）,陈伟容,广西大学外国语学院,英语为通用语;话语标记语;so;亚洲英语语料库;英国国家语料库;,"基于亚洲英语语料库和英国国家语料库,本文比较研究话语标记词so在英语通用语和英语本族语的特征。文章首先研究so在两个语料库中的分布频率,接着以Buysse的三大话语标记语元功能为框架,分析so在英语通用语语篇和本族语语篇中功能的异同。研究表明:1.亚洲英语通用语者使用so的频率较本族语者高;2.英语通用语者使用so的功能范围和本族语者相同;3.英语通用语者和本族语者在so的""充当提示词""""开启新话语序列""和""自我修正""功能上没有明显的区别,但是前者更多使用so的""标记结果""""标记结论""""占据话语权""""总结""""开启新话题""""回到未完成话题""和""修饰解释""等功能。本研究启示在教学中不应该把英语通用语视为是发展不完善的语言,再者,在学习话语标记语时除了关注狭义上的语义含义,还需要更关注其语用功能。",ChineseJournalofAppliedLinguistics,2017-01-20,期刊,H313,93-111+121-122,21
33,伊朗的英语教学:传统与现代（英文）,Jane,奥斯福大学学院维也纳大学,传统;现代;改变;伊朗;英语教学;互动;文化;,"本文讨论了伊朗英语教学领域内传统与现代之间的紧张关系。本文指出本世纪第二个十年标志着以下2个方面开始发生改变:1)伊朗教师和官员对英语教学的内容和方法(特别是课堂需要更多互动方面)的态度;2)提高了对文化在语言教学中的重要性的认识。我们提出了一个问题:伊朗如何继续在基础教育和高等教育方面继续树立英语教学新思维,以期不仅改善学生的表现,而且还能在全球化的世界拥抱现代化?本讨论基于对有关伊朗英语教育现状的文献的调查。",M.EKSTAM;Elham,SARVANDY,ChineseJournalofAppliedLinguistics,H319.3,112-119+122,9
1,拓宽二语教师教育议程:教师情绪的国际视角（英文）,Peter,Michigan State University,O,"<正>Good teaching is an emotionally charged event where teachers connect with each student as they passionately deliver their lesson in a pleasurable environment. Such classrooms reflect an environment where both students and teacher are enthusiastic and excited as they discover learning and risk-taking in a safe environment(Farrell, 2018, p. vii).",I.DE,COSTA;Hima,RAWAL;李文景,H09,401-409,9
2,美国、日本和奥地利三国大学二语/外语教师情绪健康与情绪调节研究（英文）,Kyle,格拉茨大学,语言教师心理学;教师幸福感;情绪健康;情绪调节;英语教学;ESL;EFL;高等教育;教师教育;,"教师的情绪健康已被证明在教学质量和学生成绩中发挥着核心作用。然而,教师职业目前处于危机之中。特别是二语/外语教学性质的改变和高等教育的变迁等因素所造成的压力,使教师职业面临着史无前例的倦怠和人员流失。本研究旨在了解语言教师对情绪健康的认知和感受,以及所采取的情绪管理策略。通过对美国、日本和奥地利三国高校二语/外语教育教师进行的一系列共12次的深入以及半结构式访谈,我们通过研究大量的事例来探索参与者如何看待增加或减损他们情绪健康的因素,他们在职业和个人生活中面临的挑战和乐趣,以及他们用来管理情绪的最显著的情绪调节策略。",TALBOT;Sarah,MERCER,ChineseJournalofAppliedLinguistics,H09;G645.1,410-432+551,24
3,大学语言教学中教师的挫折感与情绪调节（英文）,Sam,日本神田外国语大学莱斯特大学,教师情绪;情绪调节;挫折;日本;倦怠;压力;,"很少有工作没有烦恼,外语教学也会有其自身特点的挫折感,这些挫折感累积起来后会让教师压力倍增,并最终感到疲惫不堪(倦怠)。减少这种挫折感的一种机制是情绪调节,这是个体对所经历或展示的情绪采取的认知和行为管理策略。到目前为止,还没有任何已知的研究专门报告语言教师所经历的课堂挫折,或教师如调节他们的挫折感。本文中,作者通过一系列半结构化访谈、课堂观察和相应的刺激回忆法活动,讨论了日本一所大学的七名EFL教师的经历。作者讨论了四个典型的易使教师感到挫败的情况:学生冷漠、课堂沉默、关系紧张背景下的不当行为和工作条件。结果显示,参与者应用依赖于情境的情绪调节行为,其成功往往取决于参与者对压力源的信心和控制水平。因此,参与者在管理常见的低级压力因素(如冷漠和沉默)方面取得了更大的成功,并且希望获得更多的支持来帮助他们管理更让人身心疲惫的压力因素,如学生的不良行为。作者为教师、培训师和教育机构提供了减少挫折感的建议。",MORRIS;Jim,KING,ChineseJournalofAppliedLinguistics,H09;G645.1,433-452+551,21
6,语言教学中的情绪:巴西教师情绪研究述评（英文）,Ana,维索萨联邦大学圣克鲁斯州立大学,情绪;信念;语言教师教育;巴西;,"本文中,我们希望对增进理解教师信念的呼声(Kubanyiova&Feryok, 2015)作出回应并探讨对巴西在职和职前英语教师的情绪行为所进行的研究中的发现。具体来说,我们关注于:1)这些教师所报告的情绪的种类,以及2)信念和情绪之间的关系。研究结果显示:1)教师在其教师教育中所经历的情绪的多样性;以及2)这些情绪如何以动态和复杂的方式与他们对巴西英语教学的信念相互作用。研究结果表明,探究情绪与信念之间的相互关系有助于我们了解教师在他们各自情境中的思考与实践。研究综述中也将探讨进一步研究的意义和问题。",Maria,F.BARCELOS;Rodrigo,Camargo,H319.3;G645.1,506-531+552,27
1,拓宽二语教师教育议程:教师情绪的国际视角（英文）,Peter,Michigan State University,O,"<正>Good teaching is an emotionally charged event where teachers connect with each student as they passionately deliver their lesson in a pleasurable environment. Such classrooms reflect an environment where both students and teacher are enthusiastic and excited as they discover learning and risk-taking in a safe environment(Farrell, 2018, p. vii).",I.DE,COSTA;Hima,RAWAL;李文景,H09,401-409,9
2,美国、日本和奥地利三国大学二语/外语教师情绪健康与情绪调节研究（英文）,Kyle,格拉茨大学,语言教师心理学;教师幸福感;情绪健康;情绪调节;英语教学;ESL;EFL;高等教育;教师教育;,"教师的情绪健康已被证明在教学质量和学生成绩中发挥着核心作用。然而,教师职业目前处于危机之中。特别是二语/外语教学性质的改变和高等教育的变迁等因素所造成的压力,使教师职业面临着史无前例的倦怠和人员流失。本研究旨在了解语言教师对情绪健康的认知和感受,以及所采取的情绪管理策略。通过对美国、日本和奥地利三国高校二语/外语教育教师进行的一系列共12次的深入以及半结构式访谈,我们通过研究大量的事例来探索参与者如何看待增加或减损他们情绪健康的因素,他们在职业和个人生活中面临的挑战和乐趣,以及他们用来管理情绪的最显著的情绪调节策略。",TALBOT;Sarah,MERCER,ChineseJournalofAppliedLinguistics,H09;G645.1,410-432+551,24
3,大学语言教学中教师的挫折感与情绪调节（英文）,Sam,日本神田外国语大学莱斯特大学,教师情绪;情绪调节;挫折;日本;倦怠;压力;,"很少有工作没有烦恼,外语教学也会有其自身特点的挫折感,这些挫折感累积起来后会让教师压力倍增,并最终感到疲惫不堪(倦怠)。减少这种挫折感的一种机制是情绪调节,这是个体对所经历或展示的情绪采取的认知和行为管理策略。到目前为止,还没有任何已知的研究专门报告语言教师所经历的课堂挫折,或教师如调节他们的挫折感。本文中,作者通过一系列半结构化访谈、课堂观察和相应的刺激回忆法活动,讨论了日本一所大学的七名EFL教师的经历。作者讨论了四个典型的易使教师感到挫败的情况:学生冷漠、课堂沉默、关系紧张背景下的不当行为和工作条件。结果显示,参与者应用依赖于情境的情绪调节行为,其成功往往取决于参与者对压力源的信心和控制水平。因此,参与者在管理常见的低级压力因素(如冷漠和沉默)方面取得了更大的成功,并且希望获得更多的支持来帮助他们管理更让人身心疲惫的压力因素,如学生的不良行为。作者为教师、培训师和教育机构提供了减少挫折感的建议。",MORRIS;Jim,KING,ChineseJournalofAppliedLinguistics,H09;G645.1,433-452+551,21
4,对非母语英语教师情绪的思辨性探索（英文）,Juyoung,莫瑞州立大学,情绪;非母语英语教师;焦虑;不平等;批判性;英语教学;,"最近应用语言学领域有越来越多的研究开始关注教师情绪,这呼应了该领域内的几个重大转变:研究范围不断扩大,现已包括第二语言教育的社会和情绪维度。本文旨在通过从社会政治和社会经济理论的角度对非母语英语教师(NNESTs)的焦虑感加以审视,从而扩展对其情绪的讨论。通过介绍Raymond Williams(1977),Pierre Bourdieu(1986)和Sara Ahmed(2015)开发的三种情绪理论,我展示了他们对社会建构和情绪疏通的见解如何应用于NNESTs由于结构性不平等引起的情绪挣扎。然后,我将讨论这一视角对语言教学和教师教育在理论和实践上的意义,呼吁用评判性方式来研究教师情绪。",SONG,ChineseJournalofAppliedLinguistics,2018-10-20,H319.3;G645.1,453-467+551-552,17
5,特质情绪智力与经验丰富的ESL/EFL教师对英语的热爱、对学生和学校的态度、自我报告的课堂实践、课堂愉悦感和创造力之间的关系（英文）,Jean-Marc,伦敦大学伯贝克学院,教师;特质情绪智力;享受;创造力;态度;,"本文报告了对全局性特质情绪智力及其四要素(幸福感,情绪性,自我情绪管理和社交性)与来自世界各地的513位经验丰富的ESL/EFL老师的定量数据之间的关系,这些定量数据包括他们对英语的热爱、他们对学生和学校的态度、他们自我报告的课堂实践、他们愉悦感受、不可预测性和创造力。结果显示出显著的正相关。分析显示,全局性特质情绪智力、幸福感和社交性与大多数因变量呈现显著正相关,而情绪性和自我情绪管理与多个因变量显著相关。全局性特质情绪智力和情绪波动与英语作为外语的使用者的英语水平呈现显著正相关,但与英语作为母语的使用者的英语水平没有呈现出显著正相关关系。本研究在教学上的意义在于,拥有足够水平的特质情绪智力可以帮助教师有效地处理自己和学生的情绪。",DEWAELE,ChineseJournalofAppliedLinguistics,2018-10-20,H319.3;G645.1,468-487+552,21
6,语言教学中的情绪:巴西教师情绪研究述评（英文）,Ana,维索萨联邦大学圣克鲁斯州立大学,情绪;信念;语言教师教育;巴西;,"本文中,我们希望对增进理解教师信念的呼声(Kubanyiova&Feryok, 2015)作出回应并探讨对巴西在职和职前英语教师的情绪行为所进行的研究中的发现。具体来说,我们关注于:1)这些教师所报告的情绪的种类,以及2)信念和情绪之间的关系。研究结果显示:1)教师在其教师教育中所经历的情绪的多样性;以及2)这些情绪如何以动态和复杂的方式与他们对巴西英语教学的信念相互作用。研究结果表明,探究情绪与信念之间的相互关系有助于我们了解教师在他们各自情境中的思考与实践。研究综述中也将探讨进一步研究的意义和问题。",Maria,F.BARCELOS;Rodrigo,Camargo,H319.3;G645.1,506-531+552,27
7,Chinese,Journal,O,O,"<正>The journal Chinese Journal of Applied Linguistics (CJAL) is the official journal of China English Language Education Association (CELEA), the Chinese affiliate of AILA (International Association of Applied Linguistics). It’s the only English language journal in China in the area of applied linguistics. It was initiated in 1978 by British Council (China) as ELT Newsletter. Later, it has been known as Teaching English",of,Applied,Linguistics,+,554,1
8,关怀教学:探索新加坡英语教师的情感经济（英文）,Andrew,南洋理工大学国家教育学院,新自由主义;治理行为;关怀;情绪;情感;文化政治;,"教育伦理项目的关键在于师生之间的关怀关系这一理想。在这一理想下教师需要做出深刻的情绪承诺。基于对新加坡中学教师亲身经验进行的一项大型研究中获取的访谈数据,本文把关怀中的文化政治看作一种在教学中的情绪实践,并对此进行了考察。关怀伦理可以用来建构基于""感情规范""的良好教学的规范描述,成为了评价教师专业水平、社会能力和情绪能力的学科规范。因此这个项目也意味着通过意识形态来调动教师对这种伦理道德理想的情绪依赖。这种关怀的伦理塑造了英语教师的主体性、信念和实践,尤其是当其通过教育问责制这种新自由主义的命令传播时尤为如此。",J.PEREIRA,ChineseJournalofAppliedLinguistics,2018-10-20,G635.1,488-505+552,19
9,爱的消磨与增长:解析教师情绪的层次（英文）,李文景;Hima,密歇根州立大学,爱;语言教师情绪;热情;积极共鸣;,"在本研究中,我们调查了一位以英语为教学媒介的中国数学教师和一位尼泊尔的英语教师对教师这个职业的爱是如何开始,以及消退的。我们使用了Barcelos and Coelho (2016) and Lanas and Zembylas (2015)中阐述的爱的理论框架作为理解核心概念和阐释数据的指引。在这个框架中,爱被定义为:教师关照学生,并与之建立起一个相互支持的学习环境的沟通交流过程。此外,爱也被视为由社会和历史因素参与的建构。我们的数据包括访谈、教学材料和其他课程相关物件。研究结果显示,教师对职业的热爱支持了他们对教学的投入,教师对学生的爱使得他们接受学生,不做判断也不带任何成见。此外,在课堂互动中,师生之间相互理解、相互支持,也体现了一种有爱的师生关系。最后,我们还展示了我们研究聚焦的两位教师对职业的热爱是如何随着与工作相关的社会政治因素而增强或减弱的。",RAWAL,ChineseJournalofAppliedLinguistics,2018-10-20,G451,532-550+553,20
10,汉语作为第二语言课堂中教师实施任务型语言教学的信念与实践（英文）,张玉美;罗少茜,北京师范大学外国语言文学学院,任务型语言教学;汉语作为第二语言;教师信念;教师实践;,"汉语作为二语教育领域的政策制定者及学者约十多年前开始引介任务型语言教学。然而,政策或理论革新未必在教师课堂实践中得以体现。通常而言,如果新的教学理念与教师所持有信念相符,则更易于被教师接受和实施。为了进一步了解任务型语言教学在汉语作为二语教学中的应用前景,本研究从教师角度探究了任务型语言教学在多大程度上符合教师现有的教学信念。同时,研究还分析了教师课堂实践在多大程度上践行了其教学信念。通过问卷、课堂观察和访谈发现汉语教师对任务型语言教学的有效性持有积极信念,但对于其在当下教学情境中的可行性存有质疑。此外,教师表明在信念转化实践过程中面临着各种困难和疑虑,这反过来导致其对任务型语言教学的信念倾向尚处在其信念系统的外围。这一发现证实了教师信念和实践之间的双向影响关系。所归纳的影响因素从社会文化、教学机构及教师自身等角度为未来提供了具体改进方向,对于如何促进教学革新的实施落实亦具有一定的启示意义。",ChineseJournalofAppliedLinguistics,2018-07-20,期刊,H195.3,264-287+396,25
11,汉语作为第二语言中级学习者阅读情境中词汇识别过程及策略个案研究（英文）,罗少茜;孙晓慧,北京师范大学外国语言文学学院,汉语作为第二语言中级学习者词汇识别;过程;策略;阅读情境;,"本研究探究汉语作为第二语言中级学习者在阅读情境中词汇识别的过程及其策略。研究以两名汉语作为第二语言中级学习者为研究参与者,采用有声思维报告和反省报告的方式收集数据,参照Moustakas现象学研究方法中的数据分析步骤、Creswell数据分析三步骤及Bogdon和Biklen发现和编码法分析数据。研究发现,汉语作为第二语言中级学习者在阅读情境中词汇识别的过程包括自动识别词汇,基于上下文、汉字发音、学习者已有知识及单一汉字词义识别词汇,在无法识别词汇时进行回避或再读;汉语作为第二语言中级学习者在阅读情境中词汇识别策略主要包括认知策略和自我调节策略,其中认知策略包括直接转换、翻译、解释、猜测、推断及寻找关键词,自我调节策略包括元认知策略、调节行为策略、调节情感策略及调节动机策略。基于研究结果,本研究建构了汉语作为第二语言中级学习者阅读情境词汇识别策略模型。本研究为汉语作为第二语言词汇习得和教学领域提供了一定的理论与教育启示。",ChineseJournalofAppliedLinguistics,2018-07-20,期刊,H195.3,288-305+396,19
12,汉语作为第二语言初级学习者阅读焦虑个案研究（英文）,孙晓慧;罗少茜,北京师范大学外国语言文学学院,汉语作为第二语言初级学习者阅读焦虑;减少焦虑的方法;阅读习得和教学;,"本研究是一项关于汉语作为第二语言初级学习者阅读焦虑的个案研究。研究以两名汉语作为第二语言初级学习者为研究参与者,采用阅读体验描述、有声思维报告、反省报告、实地观察和研究者日志等方式收集数据,探究汉语作为第二语言初级学习者阅读焦虑的来源以及降低阅读焦虑的方法,同时参照Moustakas现象学研究方法中的数据分析步骤、Creswell数据分析三步骤及Bogdon和Biklen发现和编码法分析数据。研究发现,汉语作为第二语言初级学习者在阅读过程中的确会产生阅读焦虑,其阅读焦虑的来源主要有英汉语言表述间的差异、缺少已有知识、困难和复杂的词汇、错误的猜测、阅读理解存在困难。汉语作为第二语言初级学习者采用猜测、查字典、基于单一汉字理解两个汉字组合的意义、回避和继续阅读以及运用学习者已有知识预测文章内容等方法来减少阅读焦虑。本研究为汉语作为第二语言阅读习得和教学领域提供了一定的理论与教育启示。",ChineseJournalofAppliedLinguistics,2018-07-20,期刊,H195.3,306-320+396-397,17
13,“汉语作为第二语言习得及教学研究”专栏引言（英文）,罗少茜,Beijing Normal University,O,"<正>With its increasing role in the world, China’s position in the global competitiveness ranking has attracted widespread attention; Chinese as a second language (CSL) teaching and learning has also grown into a research interest of many in the past decade.In this special column, there are three papers with the first one focusing on the teachers and the latter two on learners:""Teachers’ Beliefs and Practices of Task-Based Language",ChineseJournalofAppliedLinguistics,2018-07-20,期刊,H195.3,261-263,3
14,用语料库方法澄清英语写作教学中连接词术语使用的混淆问题（英文）,Mehrdad,沙希德贝海西地大学奥克兰大学,连接词;语法术语;外语写作;自建语料库;,"好作文的特征之一就是作者能准确贴切地使用连接词来表达思想。然而,不少外语学习者会觉得真正恰当地使用连接词并不容易。尽管有关连接词本身的研究文献已经非常丰富,但是,对如何在英语写作中行之有效地给学生教授连接词的使用鲜有研究。本研究用术语学的方法就这一研究问题做一次探讨。笔者认为,现存的对连接词术语各种各样的称谓对英语学习尤其是写作教学极其不利。为了梳理澄清‘连接词’的核心内核,我们把已经出版并广泛使用的14本不同的语法书里所提到的16个和连贯相关的术语通过自建的语料库就其使用的质和量进行分析。我们也就学生对这些术语的熟练程度及使用情况通过查阅和核实他们的作文其进行了测评。基于对每个术语使用的情况的研究发现,我们勾勒出有视觉清晰感的术语网络图,以便说明不同术语的使用频率,也为课堂教师如何更加有效地教授连接词的使用提供了可供参考的教学资源。",YOUSEFPOORI-NAEIM;张军;Sasan,BALEGHIZADEH,ChineseJournalofAppliedLinguistics,H319.3,321-337+397,18
16,在高校英语阅读教学中培养中国学生的跨文化意识（英文）,于群;Jan,南京大学金陵学院外国语学院比利时鲁汶大学工程技术学院,跨文化意识;跨文化学习;英语教学(ELT);中国学生;阅读;,"二十一世纪以来,中国高等教育政策更加强调培养学生的跨文化能力,尤其是在英语教学领域。但研究显示,迄今中国高校英语教学能将两者结合的并不多见。本文展示了一个独立学院的跨文化教学行动研究。两位作者设计了一个融合跨文化学习和英语阅读为一体的""教学流"",用它去引导学生筛选、分析一些关于中国文化现象的英文阅读材料,并针对材料开展一系列练习。然后他们用贝克跨文化意识模表(2012;2015)对77位英语专业本科二年级学生的相关数据进行了对照和评估。分析结果显示,大多数同学都超越了""基本文化意识""层面。本文试图说明,英语阅读课程可以用来促进对中国学生跨文化意识的培养,同时也给出了一些建议。",VANMAELE,ChineseJournalofAppliedLinguistics,2018-07-20,H319.3,357-375+398,20
17,母语为中文的英语使用者在英语主谓一致生成过程中的三个影响因素（英文）,马翊;邹一戈,佛山科学技术学院,二语生成;语言生成模型;英语主谓一致;就近依附效应;,"本文的语言学实验以Levelt (1989)和Bock and Levelt (1994)提出的语言生成模型中的""定位阶段""为基础,来探讨二语使用者的二语生成的问题。实验结果显示母语为中文的英语使用者跟母语为英语的人在此阶段的表现有差异。这个结果可以解读为英语为母语和英语为非母语的英语使用者的整个目标语言(英语)生成过程是不一样的。但我们认为并不是整个语言生成过程完全不同,而是目标语言的语言形态在母语为中文的英语使用者的""定位阶段""的不同的生成特点导致了相应的结果。此实验的结果证明了母语为中文的英语使用者在英语主谓一致生成过程中的三个影响因素:主动词、系动词be和就近依附效应,对于定位母语为中文的英语学习者发生主谓一致错误的语言生成阶段有一定指引作用。",ChineseJournalofAppliedLinguistics,2018-07-20,期刊,H314,376-395+398,21
18,二语学习者在两种任务预备条件下行为的探索性研究（英文）,贝晓越;滕锋,恒生管理学院香港浸会大学,任务前准备;主题熟悉度;任务预备;流利度;准确度;复杂度;,"任务型语言教学中的任务前预备研究,通常以量化而非质化方式进行。然而,量化研究较多注重任务预备的结果而非过程,从而导致学生在学习进程中的预备行为容易被忽视。本研究尝试填补此方面空白,以访谈研究方法探索具体任务前预备行为,以及先前研究较少触及的主题熟悉度问题。这两个因素构成了Bui(2014)所提出的任务外和任务内预备理论。八位香港本科学生完成了一项熟悉以及一项不熟悉的口语任务,并在任务后接受访谈。尽管此前研究的部分结果得到证实,本研究还是发现了三项较新成果:第一,先前相关研究都集中在任务预备的心理语言学过程,但我们发现,大部分学生报告任务预备可减少焦虑并增强自信,显示任务预备在情感层面的影响。其次,即使先前研究显示,任务前预备提高了流利度和复杂度而非准确度,学生的自我报告却反映了他们对准确度的重视。再次,主题熟悉度可以在无任务前准备的情况下,部分填补任务前准备所起的作用。基于研究结果,本文还讨论了相关教学启示。",ChineseJournalofAppliedLinguistics,2018-04-20,期刊,H09,129-149+256,22
19,英语学习的内外部动机——自我效能感的中介作用（英文）,马利红;杜宵丰;刘坚,北京师范大学中国基础教育质量监测协同创新中心天津职业技术师范大学外国语学院,内部动机;外部动机;自我效能感;中介效应;自我决定理论;,"以往研究关注动机信念对外语能力的独立影响,很少有实证研究探索动机信念对外语能力的共同影响。本研究通过自我效能感的中介作用探讨学生的内外部动机对外语能力的影响机制。1036名八年级学生参加英语学业水平测试和动机信念调查。结构方程模型结果显示,内部动机可以直接影响外语水平,也可通过自我效能感的部分中介作用影响外语水平,而外部动机对外语水平只有小幅直接影响,性别在中介模型中并无调节作用。研究结果表明内部动机可以通过提高自我效能感进而提高学生的外语水平。研究发现对自我决定理论的发展有理论贡献,对外语教师也有一定的启示意义。",ChineseJournalofAppliedLinguistics,2018-04-20,期刊,H319,150-168+256,20
20,听力输入与阅读输入中的英语附带词汇习得对比研究（英文）,常乐;马军财,沈阳理工大学外国语学院渤海大学外国语学院,附带词汇习得;听力;阅读;输入;,"本研究对比了听力与阅读两种不同输入条件下88名非英语专业的中国大学新生在英语词汇的词形、词义和应用方面的附带习得效果。实验中的所有听力或阅读文本均包含5个通过词汇知识前测显示学生基本陌生的低频词汇。在听力组(47人)和阅读组(41人)分别完成听力任务(对话收听+信息转移练习)或阅读任务(文章阅读+多项选择题)之后,实验后测显示阅读组在词形、词义和应用等三个词汇知识侧面的附带习得效果均优于听力组,但是听力组在重复收听和丰富语境线索的条件下,可以习得几乎与阅读组相同的词义知识。研究从整体上证实了在附带词汇习得方面,阅读输入相对听力输入存在显著优势;同时从促进听力中词汇习得的角度考虑,指出了借助重复和丰富语境为学生增加处理听力输入机会的重要性。",ChineseJournalofAppliedLinguistics,2018-04-20,期刊,H319.3,169-181+256-257,15
21,量入为出——基于需求分析的本科阶段学术用途英语课程设计（英文）,都建颖;Jie,华中科技大学外国语学院电气通信大学英语系,学习者需求综合分析;学术用途英语;课程设计;本科生;中国;,"需求分析是学术用途英语(EAP)的核心主张,然而在教学实践中却未得到充分实施,从而使教学效果不尽人意。本研究提出了EAP需求分析综合框架(CEAPNA),阐释了如何以该框架为依托,设计以学习为中心的EAP课程。华中地区某高校工程专业的452名本科生和82名教师参与了CEAPN需求问卷调查,所得数据与笔者的七年教学反思进行三方验证。结果表明,全面准确地进行学习者需求分析必须依靠多个信息渠道。同时,学习者需求的独特性要求EAP教师从多个维度进行需求分析,从而保证语言、认知和情感因素在EAP课程中的合理权重。笔者希望通过对需求分析进行理论阐释和实际操作,为识别和满足学习者需求提供理论框架和参考数据。",SHI,ChineseJournalofAppliedLinguistics,2018-04-20,H319.3,182-203+257,23
22,汉语施用结构加工的ERP研究（英文）,周长银;张玉欢,北京第二外国语学院英语学院,持续脑前部正波;汉语施用结构;ERP;动词-论元关系;N400;,"动词-论元关系是句子加工中句法-语义互动关系的重要方面。该领域现有的研究主要关注句子中动词同其核心论元之间的关系。但是汉语中却存在一种动词非核心论元提升到核心论元位置的施用结构。本文运用事件相关电位技术研究汉语中的施用结构与典型的受事宾语结构在句子加工方面的差异。实验要求被试对汉语中的词组(含干扰性的假词组)进行判断。实验结果显示,本实验在施用结构中发现了分布于双侧脑区的N400效应,与现有研究中论元类型和论元数目违反所导致的N400效应相类似。但与现有的动词-论元关系的ERP研究所不同的是:与典型的受事宾语结构相比,汉语施用结构呈现出一种持续的脑前部正波。这一波形在动词-论元关系加工研究中较为罕见,反映的是新提升论元与动词整合的困难以及汉语施用结构合格性检查的进行性特点,与汉语非受事论元认知研究中发现的转喻机制一致,反映了在汉语这种意合语言中语义(题元角色)在句法-语义界面中会发挥了更大的作用。",ChineseJournalofAppliedLinguistics,2018-04-20,期刊,H314.3,204-217+257,15
23,重音作为超音段音位在翻译中的转换——一种新的语言转换类型（英文）,Amin,伊斯兰阿扎德大学法萨分校英语系蒙特利尔大学语言学与翻译系,转换;重音;超音段语言元素;音段语言元素;子系统;,"本研究通过对比分析强调了重音在翻译中的转换功能,尤其是当音位规则可能对翻译产生影响时。卡特福德提出的翻译转换原始模型只考虑了音段语言元素,而忽略了作为超音段语言元素的重音。这意味着必须对卡特福德的翻译转换分类加以发展,以提高其适用性,特别是当源语文本中的音位元素可能对目标文本中的语法和词汇项目产生影响时。本研究认为应该通过加入重音元素对卡特福德原始翻译转换模型加以修订。本研究进一步强调了重音的各个维度及其在口语性文本和戏剧的翻译中所起的作用。",KARIMNIA;Esmaeil,KALANTARI,ChineseJournalofAppliedLinguistics,H315.9,218-235+258,19
24,不同文化背景下的产出导向法——理论与实践（英文）,濮实,Beijing Foreign Studies University,O,"<正>Following the first successful forum to appraise the theory and practice of POA(production-oriented approach) held in Beijing in May 2017, the second international forum on innovative foreign language education in China was held at the University",ChineseJournalofAppliedLinguistics,2018-04-20,期刊,H319,236-237,2
25,产出导向法中的教学法原则问题（英文）,Henry,"University of London, UKUniversity of Vienna",O,"<正>POA is designed to remedy what is seen as a flawed approach to English teaching,described as a top-down approach, whereby the focus is on development of reading without a concomitant concern with what is seen as Chinese students’ predominant need for English, namely the ability to put the language to productive use, particularly in writing.",WIDDOWSON;Barbara,SEIDLHOFER,ChineseJournalofAppliedLinguistics,H319,238-240,3
26,产出导向法中的语言使用和语言学习（英文）,va,Ev Loránd University,O,<正>One of the outcomes of the thought provoking and stimulating conference for me was the realisation that some of the problems experienced in the Chinese context are similar to the ones Hungarian foreign language education faces. The first such issue is the efficiency,ILLS,ChineseJournalofAppliedLinguistics,2018-04-20,H319,241-243,3
27,跨文化远程合作语境下的产出导向法与英语作为国际通用语（英文）,Kurt,University of Tübingen,O,"<正>In my viewpoint comment, I will touch on issues concerning language learning as individual and social construction, the relationship between English as a lingua franca(ELF) and English language teaching (ELT), and pedagogical affordances of online ELF communication. The views discussed are intended to provide a conceptual framework",KOHN,ChineseJournalofAppliedLinguistics,2018-04-20,H319,244-248,5
28,对产出导向法(POA)的反思——新名称与新缩写（英文）,Iris,University of Fribourg,O,"<正>When there is a new name and a new acronym in academia in general, this is often intended as indicating a departure from what is unsatisfactory. It is seen as creating and enhancing a new reality, and as the signal of a paradigm change. The evidence of the",SCHALLER-SCHWANER,ChineseJournalofAppliedLinguistics,2018-04-20,H319,249-252,4
29,产出导向法——与语言的互动（英文）,Paola,University of Verona,O,"<正>The POA approach has been developed and implemented over the last ten years within a specific context, that of China, where language planning policies for the teaching and learning of English have seen substantial development particularly since the early 2000s",VETTOREL,ChineseJournalofAppliedLinguistics,2018-04-20,H319,253-255,3
30,外语学习焦虑的预测因子分析——一项关于汉语学习者的研究（英文）,骆涵,拉法耶特学院,外语学习焦虑;汉语学习焦虑;汉语;汉语二语学习者;预测因子;,"本研究考查了与汉语学习焦虑相关的七大变量,它们分别是年龄、学习动机、学习者所认知的汉语难度、自我认知的学习成果、自我认知的语言学习能力、汉语学习的自我期望以及学习者所认知的汉语的重要性。相关分析的结果表明这七大变量都与汉语学习焦虑显著相关,其中学习者所认知的汉语难度和年龄与汉语学习焦虑正相关,其它五个变量都与汉语学习焦虑反相关。当这七个变量同时出现在多元回归分析时,结果表明除汉语学习的自我期望以及学习者所认知的汉语的重要性以外其它五个变量都是汉语学习焦虑的显著预测因子,共能解释34.7%的汉语学习焦虑差异。结果还显示学习者所认知的汉语难度为最佳预测因子,自我认知的学习成果位居第二,自我认知的语言学习能力、年龄和学习动机依次紧随其后。",ChineseJournalofAppliedLinguistics,2018-01-20,期刊,H195,3-24+120,23
31,语篇差异及个人意图——书评与序言的多视角研究（英文）,肖亮;邓鹂鸣,武汉大学,文本内因素;文本外因素;个人意图;篇际互文;语体价值;多视角分析;,"基于Bhatia的多视角语篇分析框架,我们针对体裁构建关键问题诸如作者个人意图、体裁价值的操控、篇际互文策略进行探析,通过对所收集的知名语言学家撰写的两篇序言和两篇书评文本进行体裁结构、语言特征、篇际互文策略分析及专家访谈分析发现:1)专家通过操控体裁价值使得序言与书评文本内部及相互之间产生差异;2)专家通过利用""体裁嵌入""""体裁迁移""""体裁混搭""篇际互文策略实现其个人意图。具体而言,序言某种程度上表现出了学术论文体裁和促销体裁的特性,书评则凸显了简介体裁以及促销体裁的混合特征。3)体裁价值、写作者个人意图、行业操守及学科文化最终影响语篇的具体表现形式,譬如,语言特征、体裁交际语步结构、篇际互文。本研究结果可为ESP/EAP写作从业人员及学习者提供重要启示。",ChineseJournalofAppliedLinguistics,2018-01-20,期刊,H05,47-66+120,21
32,不同二语水平双语者对英汉隐喻认知加工的神经机制及表征——来自ERP的证据（英文）,王倩,西北工业大学,双语隐喻表征;脑机制;二语水平;事件相关电位;N400;,"隐喻认知加工的脑机制研究一直是神经语言学研究的焦点。使用事件相关电位方法,以不同二语水平双语者为被试,考察其加工英汉隐喻时脑机制的语义表征情况,结果表明:1)隐喻加工涉及全脑:左脑主导语义加工识别,右脑辅助参与隐喻理解。左脑对一语语料敏感,右脑对二语语料相对活跃。2)与高水平二语学习者相比,低水平二语学习者对二语语料进行语义提取和整合时,倾向于借助更多的汉语神经通路。3)从对两类语料加工的神经机制差异看,高水平二语学习者较低水平二语学习者小。二语水平越高,一语和二语隐喻语义共同表征的程度也就越高。",ChineseJournalofAppliedLinguistics,2018-01-20,期刊,H15;H315,67-83+121,18
33,GLoCALL2018学术年会暨2018(第15届)计算机辅助外语教学国际会议,,GLoCALL2018学术年会暨2018(第15届)计算机辅助外语教学国际会议大会组织委员会,O,"<正>(2018年8月16—18日中国·苏州)www.chinacall.org.cn/conference2018第二号通知由中国英语教学研究会计算机辅助外语教学专业委员会(ChinaCALL)和环太平洋地区计算机辅助外语教学协会(PacCALL)发起,北京外国语大学和西交利物浦大学联合主办,北京外国语大学网络与继续教育学院和西交利物浦大学语言中心联合承办的""GLoCALL2018学术年会暨2018(第15届)计算机辅助外语教学国际会议""将于2018年8月16—18日在苏州举办。会议内容",ChineseJournalofAppliedLinguistics,2018-01-20,期刊,H09-2,122-124,3
34,中学英语教师语言测试素养研究——以一次期末测试分析为例（英文）,张聪;闫逊,山东大学外国语学院伊利诺伊大学香槟分校语言学系,题项分析;测试素养;中学英语教师;,"本研究通过分析中国8年级市级英语考试的测试项目的质量,调查了中学英语教师的语言测试能力。数据包括学生对测试项目以及测试后问卷的回答和教师对半结构化访谈的回答。研究发现总体上测试令人满意,其中大多数测试项目是中低难度但有区分度的,试卷也展现了高内部一致性和子项目得分之间的强相关性。然而,题项分析和内容审查识别了一些具有错误答案或者多答案的题项,这可能是由于以英语为外语的教师的语言能力不足以及他们尝试写出吸引人的干扰项的结果。",ChineseJournalofAppliedLinguistics,2018-01-20,期刊,G633.41,25-46+120,23
35,中国高职院校EGP教师工作倦怠的情境因素——基于日记的个案研究（英文）,龚彦知;何周春,成都航空职业技术学院基础部成都中医药大学外语学院,EGP教师;职业倦怠;情境性;日记案例;叙事分析;,"职业倦怠是情绪耗竭、人格解体化和个人成就感降低的综合症状,随着环境因素的变化逐渐发展和波动,具有时间性和情境性。本项研究基于对一名高职院校EGP教师一学期的四个相关日记的叙事性分析,探讨在中国语境下导致EGP教师工作倦怠的可能性工作情境因素。结果显示,10个工作情景相关因素导致倦怠,包括超负荷工作量、严重的学生管理问题、匮乏的上级支持、有限的工作自主权、严格的等级组织制度、不透明的操作规则等。最后,从教师专业发展的角度加以阐释,并提出加强EGP教师的专业认同和重新评估高职院校的EGP课程,是减轻倦怠和促进英语教师专业发展的必由之路。",ChineseJournalofAppliedLinguistics,2018-01-20,期刊,H319.3,84-100+121,18
36,学习者自主选择教材对伊朗中级英语学习者口语能力的影响（英文）,Parisa,伊斯兰阿扎德大学拉希炎分校英文翻译系,O,"使用语言作为交流工具的能力常常用来衡量一个人在语言学习课堂上的口语成绩。本研究旨在探讨学习者自主选择教材对伊朗中级英语学习者口语能力的影响。此外,寻找和分析学习者在选择教材时考虑的因素是本研究的另一个目标。根据他们在牛津入学英语测试(OPT)上的分数,本文选择了来自伊朗马赞达兰拉姆萨尔西敏语言学院的60名伊朗中级EFL学习者作为研究对象。OPT测试确定了学生的英语水平。这些研究对象被随机分配到对照组和实验组中。研究的前测为研究者对研究对象的访谈。除了研究者在课堂上的教学之外,实验小组将他们选定的教材用于学习。16次课后,研究者进行了与前测相同的后测。量化结果显示实验组的表现优于对照组。此外,对Litz(2000)问卷的分析表明,学习者选择教材是运用的标准包括:实用性、编排和设计、活动、技能、语言类型、主题和内容等。",Farrokh,ChineseJournalofAppliedLinguistics,2018-01-20,H319.3,101-119+121,20
