1,论专业类艺术院校“艺术学理论”学科建设的优势与问题,张晓慧,北京电影学院研究生院,艺术学理论;艺术学;学科建设;学科内涵;,"艺术学理论在2011年成为艺术学门类下的一个一级学科,其学科内涵从诞生之初就备受争议。门类艺术研究的基础使得专业类艺术院校在艺术学理论学科建设中具有自己先天的优势,同时专业类艺术院校在艺术学理论学科的研究内容、方法论、成果产出等方面也存在改进和继续建设的空间。针对目前普遍存在的问题,专业类艺术院校可以从加强学科特性研究、强化基础理论研究、积累门类艺术实践经验、建构中国特色艺术学理论体系等方面着手加强艺术学理论学科的内涵建设。",北京电影学院学报,2017-11-05,期刊,G642;J0-4,146-151,6
2,被塑造与被排除的:当代都市电影中的身体改造逻辑,陈琰娇,北京师范大学文学院,身体叙事;身体改造;景观社会;瘦身男女;整容日记;,"在过去的一个世纪里,中国人的身体叙事较大程度地受国家话语的影响,身体呈现为一种意识形态的外部表征。改革开放以来,国家话语在身体修辞学里逐渐让步,到了新世纪,身体在新审美机制下日渐成为景观社会的重要组成部分。以此为背景,本文以《瘦身男女》和《整容日记》为例,通过对比""训练式改造""和""修正式改造""的变化来展现当代都市电影中的身体改造逻辑。",北京电影学院学报,2017-11-05,期刊,J905,5-10,6
3,关于原则的声明,玛雅·德伦;魏楚迪,北京大学法学院,实验性电影;创作原则;形而上学;,"本宣言写于玛雅·德伦几十年的创作实践之后,可当作她电影作品的一个全面总结。在宣言中,德伦展现了一幅复杂而全面的心灵图景,并通过其电影提出,电影能够捕捉并反映心灵中的内部矛盾。她阐释了她的电影创作特点,比如对形而上学的运用、对诗歌与意义的解剖、对舞蹈元素的设计,以及对媒介的创新。在人性与艺术的关系中,她持有古典主义的立场,认为人之所以为人,是由一些本质性的伦理要素构成的,而""诗意""是她理论的落脚点。",北京电影学院学报,2017-11-05,期刊,J905,53-54,2
4,饥饿美学,格劳贝尔·罗沙;洪知永,北京大学艺术学院,巴西新电影;饥饿;暴力;帝国主义;,"罗沙认为,巴西依然处在殖民地状态,""饥饿""作为这种状态的产物及落后国家的身份标识,不仅意味着贫苦人民的物质饥饿,也指代着他们无法认识到自己所处境地的精神饥饿。因此,拍摄出真正反映巴西悲惨状况的影片,使巴西人民意识到自己的真实处境,便成为了巴西新电影的首要目标。巴西新电影在风格上的粗糙作为巴西新电影暴力美学特征,摆脱深受好莱坞影响的旧电影对现实的虚伪,推动人民对现实的批判性认识并引导他们参与反帝斗争。",北京电影学院学报,2017-11-05,期刊,J905,73-74,2
5,自动化美学:人工智能和图像文化,曼诺维奇;黄隽华,北京电影学院中国电影文化研究院,O,"<正>20世纪50年代,原始版本的人工智能(Artificial Intelligence)的开发目标是教会电脑完成一系列的认知任务。包括下棋、解决数学问题、理解书面语和口语、辨认图片内容,等等。今天,人工智能,尤其是以监督式机器学习模式存在的人工智能,已经成为了现代经济的关键工具,使其变得更加安全且有效率:其功能包括对客户贷款进行决策、筛选工作申请、监测欺诈,等等。",北京电影学院学报,2017-11-05,期刊,J905,75-79,5
6,VR影像的叙事美学:视点、引导及身体界面,施畅,暨南大学新闻与传播学院,虚拟现实;叙事;视点;引导;身体界面;,"较传统影像而言,VR影像的核心特征在于沉浸和互动。在VR环境中,传统影像的叙事法则正遭遇挑战。VR影像取消了传统意义上的框取""镜头"",只有""视点""或者说""全景镜头"",由此带来的是基于""场景""的长镜头美学的复兴。VR叙事美学可分为""主观视点""、""引导叙事""、""身体界面""三个方面:主观视点能够带来丰富的临场感以及同理心;VR叙事的关键在于对观者注意力的有效引导;身体界面是用户在虚拟世界中实现""遥在""的技术支撑。",北京电影学院学报,2017-11-05,期刊,J905,80-87,8
9,《父亲那样的人》:一次现代性语言的电影互文编码,王淞可,北京电影学院中国电影文化研究院,叙事策略;时间;空间;互文性;,"本文主要从短片《父亲那样的人》的叙事结构和时空构建两方面,分析短片中关于现代性电影语言的尝试。同时,通过对短片中的歌曲文本及电影化符号的阐释,来解释电影中的互文关系,从而达到对""新学院派""电影作品的审美目的。",北京电影学院学报,2017-11-05,期刊,J905,100-103,4
10,毕业短片:创作与实践,黄丹,北京电影学院文学系,O,"<正>自从指导第一部毕业联合作业《家·人》至今已进入第四个年头,虽为""指导"",作为一项教学实践活动,我本人实则也在过程中所得颇多。为人师者的本分是在平日的身教言传中将自己的所思所得倾囊相授,而鉴于教师本人与学生在人生体悟及创作阅历上的悬殊,在有限的学制之内,学生未必能够将被传授的知识与经验悉数吸收体认,教师唯有将自己的学识与技能调和转化为一套套的招式和理路——用当今的热词即为""套路""——在学生或未全然消化理解之前,将之预置入学生的认知",北京电影学院学报,2017-11-05,期刊,J905,127-132,6
11,类型磨砺与文化缝合:《英伦对决》的泛文本策略,康宁,北京电影学院中国电影教育研究中心,电影类型;缝合;泛文本;文化符码;凝视;,"全球政治、经济、文化力量的重组以可见或不可见的方式不断形塑着既存的电影类型与叙事模式。《英伦对决》采用""面向国际市场""的制作策略,借由电影类型的磨砺、缝合,文化符码的调用、转喻,泛/跨文化的修辞手段,尝试突破中西合拍片的藩篱。然而,中西文化的融合努力,将不可避免地遭遇""凝视""的游移、追随。但无论如何,任何跨国传播新文本的生成都是值得鼓励的尝试。",北京电影学院学报,2017-11-05,期刊,J905,17-21,5
13,日本导演周防正行大师讲座,周防正行;桝井省志,O,O,"<正>很高兴有机会在北京电影学院的同学面前讲电影,我个人从来没有接受过专业的电影教育,是通过反反复复地观看自己喜欢的电影来学习的。后来,好不容易在电影界找到工作,长期从事副导演的工作,直到终于抓住了当导演的机会。从这方面来看,我的成长环境和各位稍有不同。今天我想先谈一谈自己以前制作电影的心得,然后听听各位的提问,希望可以进一步了解各位的想法,也希望这样的交流对我的电影工作能有所帮助。",北京电影学院学报,2017-11-05,期刊,J911,27-33,7
14,《羞羞的铁拳》:商业喜剧模式下的性别征用,鲜佳,重庆大学美视电影学院文学系,开心麻花;两性喜剧;类型杂糅;商业操作;,"本文以电影《羞羞的铁拳》为例,从其叙事层面充满悖反性的两性喜剧主线与类型杂糅的喜剧风格;情感层面对性别刻板印象的商业化征用和主流意识形态的运作策略;商业层面依靠原创话剧IP的戏影联动与强化本土喜剧品牌效应等多重维度,深入探寻""开心麻花""系列电影创作的创新之路及其得失。",北京电影学院学报,2017-11-05,期刊,J905,11-16,6
15,导演情感的表达,,北京电影学院电影学系,O,"<正>我知道的80年代日本电影吴冠平(以下简称""吴""):对日本电影史的介绍,20世纪60年代的新浪潮介绍得非常多,但立教派新浪潮的历史,在中国被介绍得不多。20世纪80年代,在立教大学有一批独立电影人,他们成立了所谓的""模仿会"",模仿一些大师的作品,能不能谈谈当时您了解的一些情况?周防正行(以下简称""周""):我是在大学时产生当导演的想法的,20世纪70年代末,我进入立教大学文学",日本导演周防正行访谈,周防正行;吴冠平,北京电影学院学报,J911,34-37,4
17,美国新电影小组关于荒诞电影的发明与基金的声明,朗·莱斯;涂俊仪,北京大学新闻与传播学院,《花贼》;地下电影;荒诞电影;,"在这份宣言中,作者朗·莱斯回顾了其电影《花贼》[2]的创作过程及其中所涉及的创作理念。这份宣言不无幽默地触及了朗·莱斯与泰勒·米德[3]所秉承并发展的美学核心,尤其是朗·莱斯所坚持的""完全抛弃内容,仅专注于形式""的创作理念。宣言中也提及了朗·莱斯与泰勒·米德在电影理念上的相契和分歧。此外,美国地下电影的创作受到当时的垮掉派(the Beats)[4]较大影响[5]。《花贼》的创作和思考,初步奠定了朗·莱斯的电影理念和风格。",北京电影学院学报,2017-11-05,期刊,J905,47-48,2
18,唯一的动态艺术,吉姆·戴维斯;唐柔桑,北京大学艺术学院,抽象;电影视觉艺术;动态媒介;,"在该宣言中,吉姆·戴维斯认识到电影是唯一可以适应20世纪要求的媒介。与玛丽·艾伦·布特[2]一样,戴维斯执导了一系列抽象电影,比如《光之映像》(Light Reflections,1952)《能量》(Energy,1957)与《冲动》(Impulses,1959)。他运用抽象电影创造出视觉的动态体验,使动态事物成为视觉艺术的主题。戴维斯带来的视觉盛宴极大地影响了如斯坦·布拉哈格[3]般的后人。",北京电影学院学报,2017-11-05,期刊,J905,49-52,4
19,迈向第三电影:关于第三世界电影解放的发展经历与感悟,费南多·索拉纳斯;奥克塔维·赫蒂诺;王伟,北京大学艺术学院,第三电影;第三世界电影;新殖民主义;,"这篇宣言为世界电影史创造了一个新名词""第三电影""(Third Cinema)。费南多·索拉纳斯和奥克塔维·赫蒂诺将""第三电影""定义为传统电影的对立面,在二人的语境里,传统电影既囊括了以好莱坞电影为代表的""第一电影"",也涵盖了欧洲电影""新浪潮""、巴西电影""新浪潮""等为典型的""第二电影""。他们的目的不仅要革新电影本身,更要改革拉丁美洲的电影发行和放映模式,力求为主流资本主义观影模式之外的放映活动争取一席之地。",北京电影学院学报,2017-11-05,期刊,J905,55-66,12
20,致敬不完美的电影,胡里奥·加西亚·埃斯皮诺萨;刘思宇,北京大学艺术学院,拉美新电影;大众艺术;革命;,"本文是拉美新电影的主要理论文本之一。同格劳贝尔·罗恰(Glauber Rocha)、费尔南多·比瑞(Fernando Birri)、豪尔赫·桑赫内斯(Jorge Sanjinés)等拉美新电影导演一样,埃斯皮诺萨批判当时主导拉美电影市场的美国好莱坞电影所代表的""完美电影""的美学观念,反对这类电影所引导的观众被动而消极的接受方式,并提出以低成本的制作方式,与观众建立起对话关系的""不完美的电影""。",北京电影学院学报,2017-11-05,期刊,J905,67-72,6
21,拥抱被规训的孤儿,,北京电影学院中国电影文化研究院,现代社会;改编;规训惩罚;,"本文从""杨永信事件""这一社会现象入手,结合北京电影学院毕业联合短片作业《拥抱常江》,试分析现代社会建制的运作方式及它对人的管制方法。通过对影片文本的解读,辅以创作者在主题上的态度体现,探讨人与社会的一种关系。同时,针对此番改编,挖掘片中隐喻的集体无意识的社会心理,从而引起更多的思考。",从现代社会建制浅析短片《拥抱常江》,伍清璇,北京电影学院学报,J905,104-107,4
22,《大雨时行》人物关系及主题分析,姜琪,北京电影学院中国电影文化研究院,恋父情结;规训;反励志;后现代;,"在后现代语境下,越来越多的电影作品放弃自己单纯的""造梦""功能,反而以对秩序和宏大理论的消解树立自己的价值。这种特征在东西方青年创作者的电影作品中形成高度的互文性,但又因文化差异而存在着某种偏离。本文通过对短片《大雨时行》的特殊意象分析,以及与影片《爆裂鼓手》的人物关系和主题做比较,揭露影片中隐藏的权力与规训关系,以及恋父情结对此的缝合和消解,最终聚焦于两部电影中对""反励志""主旨的锚定与偏离,为中西方同中有异的后现代观念如何影响电影创作提供一个例证。",北京电影学院学报,2017-11-05,期刊,J905,108-112,5
23,"心之所及,肉眼无能",,北京电影学院中国电影文化研究院,《看不见的王国》;叙事;神话;,"影片《看不见的王国》借助一个古老神话故事的外壳,讲述了一个当代维吾尔族少年的故事,通过现实和神话两条线索推动故事的发展。本文从剧作结构和人物设置的角度分析影片的叙事,并通过对影片中的隐喻和象征关系的分析,神性表达的阐释,解读影片的主题。",评《看不见的王国》,钱晴怡,北京电影学院学报,J905,113-115,3
24,《天坑人家》:麻风病村的封闭与开放,郑男,北京电影学院中国电影文化研究所,麻风病村;封闭;开放;身份恢复;,"本文通过对纪录片《天坑人家》的历史和背景梳理得出两条脉络。一条脉络是大锅圈的封闭是麻风病的历史和社会原因造成的,另一条脉络是经济发展带来的开放是和巨大矛盾相伴随的。本文以影片中母子关系为论述着力点,强调在经济利益和移民搬迁的裹挟下,封闭和开放形成对抗的原因,以及人们情感在金钱面前的脆弱,进而得出在人在与自然的对抗和妥协中,所处的原生状态及人和人的关系。",北京电影学院学报,2017-11-05,期刊,J905,116-119,4
25,《歌唱人生》:口述电影“在场”与“旁观”的美学,陈丽君,北京电影学院中国电影文化研究院,口述电影;在场;旁观;,"《歌唱人生》作为一部口述电影,深受真实电影和直接电影的综合影响,具有在场和旁观的双重美学特征,本文从采访、摄影机、记录空间、影片编辑四个方面,深入分析《歌唱人生》在场与旁观的美学特质——口述电影的在场与旁观往往并行。",北京电影学院学报,2017-11-05,期刊,J905,120-124,5
26,解析《N先生与S小姐》中男女差异的创新视觉表达,陈勉君,北京电影学院中国电影文化研究院,视觉;性别差异;动画;,"北京电影学院2017届毕业联合动画短片《N先生与S小姐》在极短的时长内,塑造了N先生和S小姐两位高度概念化的人物角色。短片通过性别的可视化表达和漫画式的画幅应用。表现了男女思维的差异,实现了视觉上的创新。本片着重分析动画本体的创新,这一做法体现了作者对于当下国产动画电影创作的思考,切合当下国产动画电影革新的趋势。",北京电影学院学报,2017-11-05,期刊,J954,125-126,2
27,“内容多元”与“思想深入”的ISFVF国际学生短片,,北京电影学院国际交流学院电影节办公室北京电影学院电影学系,国际学生短片;价值观;影视教育;,"学生短片的创作是影视行业的未来,学生作品所折射出的价值观,体现了作品的意义和作者的思想,学生作品价值观的形成与培养依赖于影视教育对个人知识结构的建构与累积。本文通过北京电影学院国际学生影视作品展中具体的学生作品案例,分析和归纳国内外学生创作者的价值观特点与差异,进而探析影视教育对于学生创作的影响,以期反馈、启发、优化当下的电影教学。",从国际学生影视作品展作品探析影视教育,王碧鹤;朱君,北京电影学院学报,G642;J90-4,133-139,7
28,引言:电影的四个半谬误,里克·阿尔特曼;张晋辉,美国爱荷华大学西安文理学院艺术学院北京电影学院,历史性;本体论;唯名论;再生产;指代性;,"理论上说,电影所有的理论都应该面对声音问题。而实际情况是,这样的局面从未有所出现。相反,数量众多的理论研究者们竟然轻率地从运动画面凸显的特征断言电影的性质。如果这仅是一时的疏忽,错误很快就会得到纠正。而实际上,那些忽视声音的理论研究者们通常都有很强的自我意识,提出他们认为强有力的理由,来确立以视觉作为基础的电影理论。的确,许多这方面的辩论是老生常谈,并非对电影的根本问题进行探讨。在本文接下来的内容中,我提议重新开启这一讨论,来检视这一引领电影理论多年的假说。",北京电影学院学报,2017-11-05,期刊,J905,140-145,6
29,时代语境·观众和粉丝,,北京电影学院导演系,O,"<正>2017年11月8日至9日,由北京电影学院研究生院主办的第四届全国电影学青年学者论坛,在北京电影学院中等放映厅举行。本届论坛包含两个主题:一、时代语境下的新生代导演研究;二、观众研究与粉丝文化这两个主题将电影理论研究和当下热点相结合,在推动电影学术思考和交流的同时,展开构建认同的对话,架接起电影与批评的桥梁。",“第四届全国电影学青年学者论坛”综述,闫怀康,北京电影学院学报,J90-2,152-154+161,4
30,迎向中国电影新时代:产业升级和工业美学建构,,北京大学艺术学院,O,"<正>未到年底,中国电影票房已经冲破500亿元大关,骄人成绩令人欣喜。但在票房增长的繁华表象背后也不无隐忧。2017年下半年来,""质量提升""、""产业升级""、""工业品质""、""机制保障""等话题成为业界关注热议的焦点。值此中国电影迎向新时代的重要关口,如何提升作为生命线的电影质量?如何强化质量提升的保障机制?如何规范电影的全产业链机制?如何建构一种兼顾电影的技术/艺术、工业/美学、技/道特质的""工业美学""",北京大学第十五期人文论坛在京举办,张立娜,北京电影学院学报,J943,155-156,2
31,给父亲的礼物,,北京电影学院导演系北京电影学院电影学系,O,"<正>创作背景赵斌(以下简称""赵""):关于这部片子的创作背景,大家可能都了解了,这基本上可以看作是带有自传性质的作品。那么,这部作品在制作方面大概是什么样的过程,顺利吗?德格娜(以下简称""德""):一开始我的导师建议我拍长片,当时有一些意向为导演系学生投资的渠道,我就写了大纲。后来,学校正好有了支持研究生创作长片的计划,就促成了我有可能拍长片毕业这件事。",与青年导演德格娜谈《告别》,德格娜;赵斌,北京电影学院学报,J904,38-42,5
32,编者按,,O,O,"<正>这本期选译的文章来自于拉美新电影(20世纪60年代)和美国地下电影运动(20世纪50年代至60年代),这些公开发表的电影宣言、电影声明文章,既是这两场电影运动的发声之作,表述了电影人们的基本立场、创作方法,同时也折射出""二战""后电影与战争、政治、文化的复杂关系。《新美国电影小组的第一篇声明》是由""新美国电影小组""(New American Cinema Group)发表,彰显新美国电影期望与法国电影新浪潮、英国自由电影运动、波兰青年电影等电",北京电影学院学报,2017-11-05,期刊,+,43,1
33,以社交媒体为接合点:人物是如何进入日常现实的,菲利普·高蒂尔,加拿大皇后大学电影与传媒系,《大理石黄蜂》;社交媒体;虚拟人物;浸没式;魔法圈;,"本文旨在讨论社交媒体是怎样通过为虚构人物建立""官方""账号参与到跨媒体叙事之中的。作者以跨媒体故事《大理石黄蜂》(Marble Hornets,创作于2009年6月至2014年6月)作为案例,研究虚构人物出现在社交媒体上会如何在虚构世界和互动者的现实间构筑新关系。这些新关系在手机技术的使用中变得更加明显。此外,为了更好地把握虚构和更为传统的媒体(如小说、漫画小说、电视、电影和电子游戏等)中的现实间的关系,而发展出来的""浸没""和""魔法圈""这两个概念,也因这些新关系而必须重新评估。本文的主要观点之一在于,这些新关系强调了一种作者称之为""包含式""接受的新型接受模式。""包含式""接受模式的主要目的在于使两个世界(即互动者所处的日常现实和他们所消费的虚构世界)的同时共存可能化,并以社交媒体为接合点将两个世界连接起来。最后,作者进一步假设,社交媒体作为接合点,会使虚构元素得以在互动者的日常现实中呈现,从而为互动者与虚构世界的人物沟通创造了新途径。",北京电影学院学报,2017-09-05,期刊,J05,35-40,6
34,演员创造力在戏剧表演中的呈现与规约,刘中哲,北京电影学院表演学院,演员创造力;艺术形象;观众审美;艺术启示;创作观;,"当下国内戏剧表演可谓乱象丛生,积弊原因在于错误的表演创作观引发了演员创造力的缺失。本文以演员创造力的视角,探讨戏剧表演的本质,从真伪艺术形象的呈现中,解析二度创作的制约因素以及演员在创作时需要面对和解决的矛盾,从而阐明演员只有创作出对观众能产生艺术启示的人物形象,才能称得上是表演创作。从创造力的角度分析戏剧表演,我们可以获得关于表演创作与人性表达的新理解。",北京电影学院学报,2017-09-05,期刊,J812,129-133,5
35,当代影视表演教学的戏剧化探究,张宏;滴妮,中国传媒大学戏剧影视学院北京电影学院表演学院,影视表演教学;去戏剧化;细节意识;画面感的想象;激情;,"本文以影视表演教学创作为实例,就如何在舞台训练中汲取营养,将影视表演的美学追求渗透到戏剧表演教学中,形成独有的创作观念与手段进行研究论述。为影视表演创作、教学从舞台走向镜头,提供有力的理论支撑。",北京电影学院学报,2017-09-05,期刊,J912-4,134-140,7
36,声之自然,,上海戏剧学院表演系,林克莱特;声音;身心;表演教学;,"二十世纪中叶以来,随着西方现代心理学、脑科学和表演教学的细化、深入,对于演员的身心关系的新的认识与研究推动演员的声音训练逐渐区别于传统声乐训练的歌唱练习和技巧练习,而是将注意力放到了生理放松和能量疏导上。其中,尤以林克莱特声音训练方法的实践性和成效性最为突出。林克莱特声音训练法作为一种建立在大量戏剧实践和对演员的身心研究之上构筑起来的科学的训练法,在西方的演员训练中广为受用,具有其独特的学术与实践价值。",心之解放,,林克莱特声音训练方法研究,J812-4,148-154,7
37,电影表演与模仿的艺术,詹姆斯·纳雷摩尔;谢小红,武汉大学外国语言文学学院,电影表演;模仿;技艺;,"现代表演理论遵循斯坦尼斯拉夫斯基的理念,强调通过自我表达获得情感的真实,而另一种更为古老的传统却强调技艺和模仿,这一传统同样有益于电影表演。",北京电影学院学报,2017-09-05,期刊,J912,141-147,7
38,浅析电影表演形体教学,,北京电影学院表演学院,电影表演教育;教学现状;形体教学;音乐音响;基础元素;,"本文旨在结合笔者多年的实践教学经验,针对当前电影表演本科教学中形体教学第二阶段──""形体技巧与能力塑形阶段""的教学方法,提出了新的梳理与思考。在论述与探讨此阶段存在价值的同时,结合电影表演教学中本学科独有的特点,将该阶段所运用的教学方法予以创新与推进。意在将形体教学的整体构架进一步地加以丰满,从而使得电影表演教学中的形体教学更具可行性、实效性与科学性。",“形体技巧与能力塑形阶段”的实践意义,汤旭丽,北京电影学院学报,J912-4,155-158,4
39,"开放包容,合作共赢",,O,O,"<正>2017年6月23日,""享电影精彩,创合作共赢"",由国家新闻出版广电总局、四川省政府主办,成都市政府、国家新闻出版广电总局电影局、国家新闻出版广电总局国际合作司、四川省新闻出版广电局承办的""2017中国成都金砖国家电影节""成功举办,北京电影学院党委书记侯光明,北京电影学院副院长俞剑红应邀出席,国际交流学院外事办刘北北陪同。24日举办的""金砖国家电影合作之路论坛""作为金",“金砖国家电影合作之路论坛”综述,董馨蔚,北京电影学院学报,J991,159-160,2
40,反“对白片”宣言,查理·卓别林;张仪姝,北京大学艺术学院,有声电影;对白片;默片;哑剧;,"1931年,有声电影取代默片已是大势所趋,而卓别林所塑造的经典的流浪汉形象,深深地根植在哑剧传统之中,因而与有声电影抵牾。查理·卓别林对有声电影做出的声明,是对作为一种世界性语言的默片的捍卫。卓别林认为简单地为""移动影像""(Motion Pictures)加上声音会夺走其独特性,也会夺走其跨语言、跨国别的传播能力。另一方面,这种捍卫也是对其无声电影《城市之光》的宣传,使其在有声电影的大势中顽强生存。",北京电影学院学报,2017-09-05,期刊,J905,72-73,2
41,阿玛菲宣言,米开朗基罗·安东尼奥尼;贝纳尔多·贝托鲁奇;皮埃尔·保罗·帕索里尼;吉洛·彭特克沃;马可·贝罗奇奥;维托里奥·科塔法维;维托里奥·德·西卡;阿伯特·拉图尔达;阿尔弗雷多·莱奥纳蒂;瓦伦蒂诺·奥尔西尼;布鲁诺·龙迪;弗朗西斯科·罗西;保罗·塔维亚尼;维托里奥·塔维亚尼;谷壮,北京大学艺术学院,电影的意识形态;后期同步配音;译制片;,"意大利电影中演员的配音问题,可回溯到有声电影的诞生之初。这篇宣言发布在阿玛菲(Amalfi)的一次电影声音研讨会上,许多20世纪60年代重要的意大利电影人均表明立场反对配音,认为这项实践可能会毁掉意大利电影创作中艺术所做出的全部努力,致使电影为制作人和发行商打开通往意识形态操控的大门。",北京电影学院学报,2017-09-05,期刊,J912,76,1
42,超现实主义者关于《黄金时代》的宣言,超现实主义团体;吴倩如,北京大学艺术学院,《黄金时代》;超现实主义;性本能;死本能;道德神话;暴力;爱;,"布努埃尔(Bu?uel)的电影《黄金时代》和此前的《一条安达鲁狗》一样,公映之后场场爆满,但很快受到右翼的强烈攻击,一些人袭击影院,向银幕扔炸弹,捣毁座椅,不久便被禁映。作为电影界最大规模的超现实主义宣言之一,该宣言阐述了《黄金时代》的创作目的,也可以说是超现实主义团体针对当时遭受的抵制做出的反击,不过布努埃尔本人并不在作者群体之中。超现实主义团体认为,这部电影具有精神分析取向,明确探讨了弗洛伊德(Ferud)提出的性与死之间的联系。该宣言还呼应了1927年超现实主义团体对丽塔·格雷(Lita Grey)与查理·卓别林(Charlie Chaplin)的离婚所提出的""请勿干涉爱""(Hands Off Love)的观点。",北京电影学院学报,2017-09-05,期刊,J905,78-83,6
43,《墨西哥万岁》宣言,《实验电影》杂志编辑;王伟,北京大学艺术学院东北师范大学,爱森斯坦;电影剪辑;电影版权;《墨西哥万岁》;,"这篇宣言是关于苏联导演谢尔盖·爱森斯坦(Sergei Eisenstein,1898-1948)的《墨西哥万岁》(Que Viva Mexico!)的多种制作版本而展开的一场论战。这部影片是20世纪30年代初,爱森斯坦在为派拉蒙(Paramount)工作室的杰西·拉斯基(Jesse L.Lasky)工作失败以后制作的,也是爱森斯坦旅居好莱坞的尾声之作。影片的投资方剥夺了爱森斯坦的电影剪辑权,由好莱坞专业剪辑师重新剪辑为影片《墨西哥的惊雷》(Thunder Over Mexico,1933),并以爱森斯坦为影片导演的名义发行。很多左翼电影制作人认为,爱森斯坦的影片之所以允许由他人剪辑以偿还影片的制作成本,是被作家、政治活动家厄普顿·辛克莱(Upton Sinclair)[2]出卖。在诸多版本中,1979年格里高利·亚历山德罗夫(Grigori Alexandrov)根据爱森斯坦的剪辑说明剪辑的版本《墨西哥万岁》(i Quéviva México!,1979)是最接近爱森斯坦最初的设想的。",北京电影学院学报,2017-09-05,期刊,J905,83-86,4
44,序言:一条安达鲁狗,路易斯·布努埃尔;吴倩如,北京大学艺术学院,《一条安达鲁狗》;超现实主义;《超现实主义革命》;,"本文可能是世界电影史上最短的宣言,也是最声名狼籍的宣言。《一条安达鲁狗》公映后获得巨大成功,布努埃尔应邀在《电影杂志》发表该电影的剧本,然而这一决定遭到布努埃尔所在的超现实主义团体的强烈反对,他们希望该剧本由《超现实主义革命》杂志发表。布努埃尔遵从了团体成员的意愿,然而为时已晚,最终两本杂志都发表了该剧本,因此布努埃尔通过给《超现实主义革命》写序言,来宣示了该版授权的正统地位。在宣言里,布努埃尔谴责了对于《一条安达鲁狗》热情观影的观众和积极的舆论报道,谴责了他们对他的电影所作的客套、庸俗、唯美主义的评价,而他把这部电影看作是对叛乱的强烈呼唤。",北京电影学院学报,2017-09-05,期刊,J905,77,1
45,《电影杂志》与都市文化,游晓光,北京电影学院电影学系,《电影杂志》;国族意识;成功学;生活方式;,"《电影杂志》是1920年代中国一份重要的电影刊物。本文通过对其中电影理论文章、影人传记和广告的考察,认为《电影杂志》在传播电影知识的同时,还扮演着都市文化生产者和宣传者的角色,如表达国族意识、宣扬都市成功学、推广新兴中产阶级生活方式等。",北京电影学院学报,2017-09-05,期刊,J909.2,103-108,6
46,战后好莱坞电影与上海的影迷文化,王玉良,南阳理工学院文法学院,战后;好莱坞电影;上海;影迷文化;,"抗战结束后,好莱坞电影再次垄断了上海市场,它的大规模放映,培育了一大批忠实的好莱坞影迷。这个特殊的观众群体,在电影的文化消费中起到了不可低估的作用。无论从生成历史或文化交互方面看,战后上海的好莱坞影迷都有其明显的在地化特征。本文从生产语境和文化诉求角度切入,对好莱坞影迷做了社会学和心理学方面的详细分析,并结合影片《影迷传》的创作背景和接受状况,对好莱坞影迷的命运变迁也做出了相应的文化关照。",北京电影学院学报,2017-09-05,期刊,J909.1,109-117,9
47,侠客的踪迹,,中国传媒大学戏剧影视学院,武侠电影;人物塑造;文化内涵;行为动机;人物类型;,"武侠电影中的人物是武侠文化的传承者。武侠人物的处事方式、生存逻辑和行为动机具有鲜明的武侠风格和秉性。武侠人物承载着观众的情感投射、身份隐喻和生活理想,给平庸的日子涂抹上诗意和浪漫。武侠电影的人物塑造,类型丰富且具有独特的审美价值,在世界电影史上独树一帜,成为最具民族文化底色的银幕形象。",论武侠电影的人物塑造,杨洪涛,北京电影学院学报,J905,118-123,6
48,《战狼2》的非洲叙事分析,张勇;陈远,浙江师范大学非洲研究院非洲影视研究中心,《战狼2》;中国电影;好莱坞;非洲叙事;非洲认知;,"《战狼2》作为我国电影聚焦非洲的先锋之作,对于突破欧美国家垄断的非洲影像叙事具有开拓意义,反映出中非关系的日益密切和我国电影实力的整体提升。但受制于资本和市场考量,影片在场面营造、情节设计、人物塑造上没有突破好莱坞的叙事套路。未来有关非洲的影像表述有赖于中国电影创作者和观众的非洲认知水平的整体提升。",北京电影学院学报,2017-09-05,期刊,J905,5-8,4
49,致电影业和所有关注优秀电影革命的人的公开信,拉兹洛·莫霍利·纳吉;柯云风,北京大学建筑学研究中心,先锋派;电影革命;行业机制;,"曾任包豪斯教员的拉兹洛·莫霍利·纳吉(László Moholy-Nagy)对电影有着长期的兴趣,在这篇宣言中,他批评了电影的商业化,并呼吁国家和教育机构去支持鼓励新一代的电影制作人。",北京电影学院学报,2017-09-05,期刊,J943,89-92,4
50,《敦刻尔克》大画幅胶片叙事影像制作的更高境界,迈克尔·戈德曼;高杨,北京电影学院摄影系,O,"<正>在拍摄的讨论会中,关于如何用完全大画幅的胶片来制作一部史诗级二战电影中《敦刻尔克》的空中双机对战的段落,导演克里斯托弗·诺兰和摄影师霍伊特·范·霍伊特玛玛很快意识到解决一个问题会潜在地产生另一个问题。在导演诺兰看来,这些战斗段落的拍摄应该用15齿孔的65毫米IMAXMSM制式摄影机,将其放在一个演习用的机舱内,让机器寄托在仿古的喷火战斗机上进行拍摄,使其符合真实的空中机动。而这样想法的实现",北京电影学院学报,2017-09-05,期刊,J93,124-128,5
51,第四届亚洲大学生电影展,,O,O,O,北京电影学院学报,2017-09-05,期刊,J991,2+161,2
52,寄生性、伪网感与点击欲,,上海大学上海电影学院,网络大电影;电影营销;产业与文化;,"近年来,网络大电影在中国电影市场上大放异彩,低投资、高回报使其成为各影视公司的投资热点。它的出现丰富了""互联网+""语境下的电影形态与样式,但是""低俗、粗制滥造、软色情""也成为现阶段网络大电影无法抹去的标签。整体来看,目前网络大电影呈现出""低质量、蹭IP、缺乏精品""特征,但我们相信随着更多电影专业人才的介入、市场的不断细分及产业模式的健全,网络大电影终将走向精品化的道路。本文以网络大电影的营销手段为切入点,从电影制作、文本、观众等角度探析其产业发展现状与文化特征,以期更好地认识网络大电影的产业与文化的运作机制。",当前网络大电影的产业与文化探析,齐伟;王笑,北京电影学院学报,J943,9-14,6
54,从Cinema,3.0到VR时代的影像叙事理论,中国传媒大学艺术研究院华盛顿大学,Cinema 3.0;修复;交互式洋葱;叙事智能;完整艺术;,"数字技术的飞速发展使电影叙事发生了各方面的质变,不仅体现在电影的实践生产各领域,同时也为电影叙事学的理论研究提出了众多亟待解决的新鲜课题。本文通过系统梳理近十年来美国电影叙事学的最新研究成果,认为从Cinema 3.0到VR时代影像叙事理论的新探索主要体现在对电影叙事""修复""功能的挖掘、对互动叙事的及时总结和对参与性观众""Viewser""的系统分析三个方面。",徐立虹,北京电影学院学报,2017-09-05,J905;TP391.9,41-48,8
55,跨媒体实验中的库布里克幽灵以《与库布里克同做白日梦》展览为例,朱晔祺,南京大学文学院,库布里克;实验音乐;解域;前台化;后人类;,"由当代多领域、多媒介艺术家参与创作的联展——《与库布里克同做白日梦》——于2016年在伦敦举行,其中展示了一系列受库布里克电影作品启发和影响的艺术创作。而库布里克电影配乐、视听美学在晚近音乐思潮与实践中的介入踪迹,也成为该展览中音乐作品、音轨设计中得到突出呈现的关键方面。受此启发,本文尝试参照德勒兹的解域音乐观及其后人类哲学等理论话语,以理解当代实验影像与音乐对""库布里克式表达""的感知、借鉴和续写。",北京电影学院学报,2017-09-05,期刊,J933,49-54,6
56,在限制性中寻找自己的艺术风格,,北京电影学院导演系北京电影学院电影学系,O,"<正>王垚(以下简称""王""):首先祝贺您的《塬上》获得莫斯科国际电影节的圣乔治金奖,这也是迄今为止,中国电影在莫斯科电影节取得的最好成绩了。乔梁(以下简称""乔""):谢谢!王:我注意到您的作品年表里面,电视剧和电视电影比较多,这部影片是第三部电影。您是如何选择面向大银幕的电影项目的?乔:其实我拍戏的时候并没有想过要这么分类,选择项目的时候我只有一个标准,就是我喜欢或者不喜欢。如果我喜欢的话,无论是电视电影还是影院电影我都是",访《塬上》导演乔梁,乔梁;王垚,北京电影学院学报,J911,60-65,6
57,为了彩色的黑白,,北京电影学院摄影系,O,"<正>用黑白突出彩色问:为什么《村戏》选择了黑白的影像风格?答:影片选景在北方农村,我们放弃了秋季色彩斑斓的拍摄时段,最后决定在冬季拍摄,这样冬季的服装可以把人物塑造得更加立体厚重,严寒气候下的冰雪以及演员表演时呼出的大量哈气,都会为影片带来一种不需要用语言文字所描述的严酷和冰冷感。导演和我沟通后觉得冬日的北方农村其实没有太多色彩,又是近代历史题材,很容易和以往大量的农村片在色彩风格上重复混淆,这是我们最不想得到的结果,所以在色彩上不如舍弃掉那些不明确的颜色因素,把全",对话《村戏》摄影师邵丹,邵丹;桂皓璇;伍嘉成,北京电影学院学报,J931,66-71,6
58,"光,形式,运动,声音",玛丽·艾伦·布特;宋伊人,北京大学艺术学院,绝对电影;联觉电影;视觉;听觉;,"实验动画导演玛丽·艾伦·布特(Mary Ellen Bute)在宣言中陈述了""绝对电影""(Absolute Film)中的几个重要元素。这种电影主要是依赖于抽象的视觉和听觉。布特认同""联觉电影""(Synesthetic Cinema),以此否定现实主义,探索视听领域的本质。",北京电影学院学报,2017-09-05,期刊,J905,92-93,2
63,认同的幻觉与隐匿的压抑:“偶像物恋”背后的资本逻辑,,南开大学文学院,粉丝文化;微博粉丝;消费;拜物教;,"当今时代,明星粉丝从以往对偶像的单向度迷恋,发展为现今借助微博等自媒体平台进行更丰富的受众体验,并催生了大量粉丝消费行为,成为当下粉丝研究中值得关注的现象。本文即以演员王凯的微博粉丝消费行为作为研究对象,利用文化研究与案例分析方法,结合大众文化中的消费理论,探究文化资本生产逻辑下,""偶像物恋""如何进行粉丝群体的自我身份建构,探究最终达成的消费主体产生的身份认同幻觉及其所遭受的隐匿的""解放性压抑""。",以演员王凯的微博粉丝为中心,魏建宇,北京电影学院学报,F713.55,15-22,8
64,被引爆的网红,,北京电影学院视听传媒学院,网红;KOL;直播平台;消费变体;粉丝文化;,"媒介、消费、文化,业已成为当今时代变革的关键词。本文以流行性作为介质,借助近年来逐渐常态化的新兴媒介(直播平台)、新型消费(网红经济)及新式文化(粉丝文化)为案例,阐释新现象背后以观念延伸和消费变体为主的背景要素,透过现象与文化、经济之间越来越复杂的交叉性,提出可衍生的KOL(关键意见领袖)品牌化发展策略,最终为新媒介时代粉丝文化、传播营销及可辐射的影视行业提供借鉴。",互联网直播平台粉丝文化构建与KOL传播营销策略,谢辛,北京电影学院学报,G206-F,23-30,8
1,我国院线电影供给抑制问题与对策研究,黄立玮;吴曼芳,北京电影学院管理学院,院线电影;电影产业;供给抑制;供给侧改革;,"院线电影供给是我国电影产业最核心的供给环节。当前我国院线电影供给过程中,存在上映影片数量不多、电影质量不高、创作类型单一等问题,其问题背后的症结正是因为""供给抑制""问题的存在。本文通过当前我国院线电影的供给现状,从机制、技术、资本与人才四个方面分析我国院线电影面临的主要供给抑制问题,并提出解除供给抑制的相关对策。",北京电影学院学报,2018-11-05,期刊,J943,66-72,7
2,“新兴电影运动”与现实主义美学的电影想象,马丽琳,中国电影艺术研究中心,现实主义;马克思主义;新兴电影运动;电影想象;,"本文从影像本体和影像修辞层面廓清了""新兴电影运动""中""现实主义""的边界和哲学基础问题。在20世纪30年代复杂的政治历史语境中,""新兴电影运动""被投射了""现实主义""美学的想象,而时间社会化、阶级对比化、虚实结合化正是建构这一想象的重要美学方式。",北京电影学院学报,2018-11-05,期刊,J909.2,73-81,9
3,寻找另一个“娜拉”,,中国人民大学文学院,《玉梨魂》;新加坡华人;女性认同;,"中国电影《玉梨魂》在新加坡上映之后引发当地华人的热烈反响。本文结合当时的新加坡《叻报》和《新国民日报》等材料,以《玉梨魂》在新加坡的宣传、放映和接受情况为中心,借由新加坡华人的视角探讨早期中国电影的跨国传播问题。不同于20世纪20年代亚洲诸国对自由独立的新女性""娜拉""之追求,在《玉梨魂》的接受与讨论中,新加坡华人眼中理想的女性形象最终以一个传统的慈母形象出现。这一方面是新加坡华人构建自我的文化认同,弥合华人社群的现实分裂,寄托对祖国的思念之情的体现;另一方面也承载了新加坡华人在欧占殖民地维护自身地位和尊严的渴望。",《玉梨魂》与20世纪20年代新加坡华人的文化认同,李逸,北京电影学院学报,J909.1,82-89,8
4,新中国第一部故事片《桥》的诞生及其在朝鲜的上映,刘宇,O,新中国电影;朝鲜电影;中朝电影交流;《桥》;《熔矿炉》;,"1949年5月,新中国第一部故事片《桥》诞生。这部第一次以工人阶级为主人公形象的电影作品,作为苏联社会主义现实主义文艺理论基础上""工农兵""文艺思想的结晶,为日后""十七年""中国电影文艺创作与批评确立了基本准则,起到了极为重要的典范作用。同年9月,《桥》在朝鲜上映,受到朝鲜人民的热烈欢迎,并引起了同样受苏联社会主义现实主义理论影响的朝鲜电影人关注,直接影响了朝鲜第一部描写工人阶级电影《熔矿炉》的创作。1950年6月初《熔矿炉》在朝鲜上映仅仅两个月后便在中国东北沈阳、长春等地与中国观众见面,为新中国成立初期中朝两国间密切的电影交流写下浓重的一笔。",北京电影学院学报,2018-11-05,期刊,J909.1,90-97,8
1,我国院线电影供给抑制问题与对策研究,黄立玮;吴曼芳,北京电影学院管理学院,院线电影;电影产业;供给抑制;供给侧改革;,"院线电影供给是我国电影产业最核心的供给环节。当前我国院线电影供给过程中,存在上映影片数量不多、电影质量不高、创作类型单一等问题,其问题背后的症结正是因为""供给抑制""问题的存在。本文通过当前我国院线电影的供给现状,从机制、技术、资本与人才四个方面分析我国院线电影面临的主要供给抑制问题,并提出解除供给抑制的相关对策。",北京电影学院学报,2018-11-05,期刊,J943,66-72,7
2,“新兴电影运动”与现实主义美学的电影想象,马丽琳,中国电影艺术研究中心,现实主义;马克思主义;新兴电影运动;电影想象;,"本文从影像本体和影像修辞层面廓清了""新兴电影运动""中""现实主义""的边界和哲学基础问题。在20世纪30年代复杂的政治历史语境中,""新兴电影运动""被投射了""现实主义""美学的想象,而时间社会化、阶级对比化、虚实结合化正是建构这一想象的重要美学方式。",北京电影学院学报,2018-11-05,期刊,J909.2,73-81,9
3,寻找另一个“娜拉”,,中国人民大学文学院,《玉梨魂》;新加坡华人;女性认同;,"中国电影《玉梨魂》在新加坡上映之后引发当地华人的热烈反响。本文结合当时的新加坡《叻报》和《新国民日报》等材料,以《玉梨魂》在新加坡的宣传、放映和接受情况为中心,借由新加坡华人的视角探讨早期中国电影的跨国传播问题。不同于20世纪20年代亚洲诸国对自由独立的新女性""娜拉""之追求,在《玉梨魂》的接受与讨论中,新加坡华人眼中理想的女性形象最终以一个传统的慈母形象出现。这一方面是新加坡华人构建自我的文化认同,弥合华人社群的现实分裂,寄托对祖国的思念之情的体现;另一方面也承载了新加坡华人在欧占殖民地维护自身地位和尊严的渴望。",《玉梨魂》与20世纪20年代新加坡华人的文化认同,李逸,北京电影学院学报,J909.1,82-89,8
4,新中国第一部故事片《桥》的诞生及其在朝鲜的上映,刘宇,O,新中国电影;朝鲜电影;中朝电影交流;《桥》;《熔矿炉》;,"1949年5月,新中国第一部故事片《桥》诞生。这部第一次以工人阶级为主人公形象的电影作品,作为苏联社会主义现实主义文艺理论基础上""工农兵""文艺思想的结晶,为日后""十七年""中国电影文艺创作与批评确立了基本准则,起到了极为重要的典范作用。同年9月,《桥》在朝鲜上映,受到朝鲜人民的热烈欢迎,并引起了同样受苏联社会主义现实主义理论影响的朝鲜电影人关注,直接影响了朝鲜第一部描写工人阶级电影《熔矿炉》的创作。1950年6月初《熔矿炉》在朝鲜上映仅仅两个月后便在中国东北沈阳、长春等地与中国观众见面,为新中国成立初期中朝两国间密切的电影交流写下浓重的一笔。",北京电影学院学报,2018-11-05,期刊,J909.1,90-97,8
5,“战斗电影”概念辨析,张艾弓,厦门大学人文学院,人民电影;平行电影;战斗电影;战斗性;,"""战斗电影""(Cinéma militant)作为一个自足的类型,应该居于""前卫电影""与""政治电影""之间,前者更侧重于美学与形式上的创新,而后者因需要征调政治的商业属性和娱乐价值,主要是在商业电影范畴内运作。作为居于二者之间的一种电影形态,""战斗电影""一方面与商业电影划清,在正常发行、放映渠道之外运作和流转,而在另一方面,它特别强调其影片服务某一社会阶层、某一政治信念的使用价值和面对外部现实的反应效率。",北京电影学院学报,2018-11-05,期刊,J909.1,98-105,8
7,“表演生命学”首发推广高峰论坛在京召开,董馨蔚,O,O,"<正>2018年9月16日下午,由北京电影学院和中广联合会电视剧导演委员会共同主办,北京达美艺术中心承办,北京电影学院表演学院等单位协办的""《表演生命学》首发推广高峰论坛"",经过一年的筹备,在北京达美艺术中心魔方剧场隆重举行。主办方北京电影学院党委书记侯光明在致辞中,对林洪桐教授在几十年的教学、创作与理论实践中为学院所做出的贡献,以及对""表演生命学""的研究与",北京电影学院学报,2018-11-05,期刊,J912-2,168-169+177,3
8,国际标准、本土关照与迷影精神,,北京电影学院摄影系,电影节研究;电影节策展;平遥国际电影展;贾樟柯;,"平遥电影展作为中国内地第五个获国家批准的国际电影展,开办仅仅两年,就以其堪称豪华的影片阵容吸引了来自全国、甚至全球各地的影迷、媒体,迅速成为了国内外电影圈的焦点。本文以平遥的国际声望体系策略为核心,分析平遥电影展崛起的原因。此外,本文也会以其特色项目阐述其在中国乃至全球电影界的意义。",平遥国际电影展策展研究,魏琮霖,北京电影学院学报,J991.7,122-127,6
10,戛纳上的日本电影:从《地狱门》到《小偷家族》,张愉;陈卓轩,北京电影学院电影学系,戛纳电影节;日本电影;衣笠贞之助;是枝裕和;,"迄今为止,戛纳影史上一共有五部日本电影斩获金棕榈奖。从1954年衣笠贞之助的《地狱门》到2018年是枝裕和的《小偷家族》,其夺奖年代横跨64年。日本电影作为最早进入西方主流电影节的亚洲电影,它独特的美学风格吸引了众多西方电影人的目光。从衣笠贞之助到是枝裕和,如果将这些在戛纳电影节上获得瞩目的日本导演及其作品连在一起,我们会发现,西方主流电影节对于东方电影的审美历经了一次转变。而这种转变也代表着西方主流电影节对东方视角的转变。",北京电影学院学报,2018-11-05,期刊,J991.7,134-138,5
11,中国电影走向世界,,北京电影学院导演系,中国电影;柏林电影节;国际电影节;电影史;西方视野下的中国电影;,"中国电影在柏林电影节上的发展,是西方对中国电影认知过程的一种缩写。在中国电影被世界认识和承认的过程中,柏林电影节扮演了至关重要的角色。该文主要研究了从1974-1996年期间的柏林电影节和中国电影的关系。作者通过四个阶段的分析和比较,以丰富的历史资料和全面的数据,呈现了这一过程中各个方面的原因、元素和细节。",柏林电影节扮演的角色,维多利亚,北京电影学院学报,J991.7,139-151,13
12,英国高等影视教育现状研究,蔡碧湾,北京电影学院声音学院,英国;影视教育;人才培养;,"20世纪末以来,英国高等影视教育顺应市场规律,发展出以学生和产业需求为本的多元化、专业化教育模式。在多所院校中,英国国立电影电视学院、伦敦电影学院和伦敦传媒学院在培养层次、培养目标、培养方式等方面都最具代表性,三者之间的差异性构成了英国高等影视教育百花齐放的全貌,而其共性则代表着英国高等影视教育本科阶段与研究生阶段区别清晰、专业特征及培养目标明确、高等教育与产业紧密相连、人才培养多样化、推崇个性化教育的整体特色。",北京电影学院学报,2018-11-05,期刊,J90-4;G642,152-158,7
13,“国际视野下的中国电影与中国电影研究学术论坛”综述,黄今,O,O,"<正>一、中国电影的国际传播电影是文化的重要载体与组成部分,加强中国电影的国际传播能力是中华文化走向世界、树立文化自信的必要途径。因此,如何在国际视野下塑造中国电影的文化价值观与表达方式、如何有效地推动中国电影走向世界成为本次会议的重要议题。北京电影学院党委书记侯光明教授在开幕式上致辞。侯光明书记立足当前中国电影市场与世界电影发展的潮流,指出在国际视野下推动中国电影学派的建构,能够彰显中国民族电影的开放自信,为""中",北京电影学院学报,2018-11-05,期刊,J905,165-168,4
15,光影与科技融合共建“中国电影学派”,,O,O,"<正>2018年10月11日下午,由北京电影学院科研处、未来影像高精尖创新中心主办的""改革开放40周年北京电影学院科研成果展""在北京电影学院正式开展,这是北京电影学院纪念改革开放40周年校友返校日的首个活动。北京电影学院党委书记侯光明、副校长孙立军、科研处处长刘军等相关领导出席了开展仪式。本次展览,是北京电影学院在国家和学校改革开放40年建设发展的框架下,梳理,学校科研工作从",改革开放40周年北京电影学院科研成就展,,北京电影学院学报,J992,170-172,3
16,“中国学派”动画电影中的东方神韵及其现实意义,高超;孙立军,北京电影学院动画学院北京电影学院中国动画研究院,中国学派;动画电影;东方神韵;美学特征;创作启示;,"""神韵""是中国古典美学的核心范畴。""中国学派""从诞生之初就具有自身独特的审美取向,并形成特有的东方神韵——它是民族化特征与民族风格之精髓,体现在作品中的诸多方面及其""和合""之中,具有整体的动态生成性。它所蕴涵的传统美学特质,对新的""中国学派""的主体性建构与生成具有重要的理论和实践价值,对于当下中国动画电影创作也具有重要的启示意义。",北京电影学院学报,2018-11-05,期刊,J954,5-10,6
17,试论中国艺术精神的现代影像转化,陈旭光,北京大学艺术学院,中国艺术精神;中华美学精神;现代转化;写意美学;意境;乐舞;,"中华美学精神和中国艺术精神都是在当下文化艺术领域极为重要的范畴,汇聚了一代代学人、智者、领袖对中华文化命运和现代文化建设、艺术发展等的战略性思考,也凝结着20世纪以来特有的文化语境和文化冲撞现实所催生的焦点性、症结性的文化艺术问题。中华美学、艺术精神都需要在我们当下生生不息的艺术创造中实施""现代转化""。中国艺术精神在电影中的现代影像转化,主要体现在写意精神、意境美学、乐舞精神、民间艺术精神、""边缘文化""等艺术精神、美学情调或风格在当下电影中的影像表达与传承再现。",北京电影学院学报,2018-11-05,期刊,J905,11-18,8
18,中国传统美学传神论对电影创作鉴赏的潜在影响,胡克,中国传媒大学,传神论;以形写神;性格;典型;准艺术理论;,"中国传统美学的传神论对于中国的艺术、文学、戏剧、电影都存在潜在影响。传神论出自古代画论,在文学、戏剧等领域得到传承和丰富,与中国小说理论的人物性格理论合流,并得到中国戏曲艺术的继承和发扬。近代以来,西方艺术和理论的人物性格塑造及欣赏理论在中国占据重要地位,对于电影创作与欣赏影响举足轻重,传神论影响较小,但是却仍然发挥着潜在作用,这是因为其有着符合中国文化和艺术规律的特点。",北京电影学院学报,2018-11-05,期刊,J904,19-24,6
20,不想走那些走过的路,,北京电影学院,O,"<正>影片《影》是""水墨画""的影像风格受万众瞩目,令人期待。作为国际一线的摄影师,作为张艺谋导演的亲密合作者,赵小丁老师不仅拥有着高超的摄影技术与技巧,丰富的实战经验,更拥有着一颗年轻而充满活力的心,他不断尝试新技术、新器材,不断探索电影美学的新境界,他的每一次创作都是对上一次的超越与革命。我们希望通过此次采访,不仅能了解到影片《影》的相关创作情况,更能了解到赵小丁老师对于电影的认识与理念。",电影《影》摄影指导赵小丁访谈,赵小丁;曹颋;吉亚太,北京电影学院学报,J931,35-40,6
21,利器?凶器?,,清华大学新闻与传播学院,当代艺术;类型电影;“二次元”;“伪巴洛克”;,"在媒介深度融合的此刻,本土当代艺术在形式语言上的实验和探索经常成为类型片形式""陌生化""的灵感库和工具箱,例如""政治波普""和""(新)卡通一代""对当下类型片中的平浅的、装饰的""二次元""趋势的助推;另一方面,通过不加甄别、无暇斟酌地挪用过激的当代艺术语言,不仅令其本身的批判内涵尽失,并且促成了某些类型电影创作""话语游戏""的合法,加深了大众文化的适应性和沉沦性,如挪用""艳俗艺术""表达中的夸张策略炮制出的""伪巴洛克"",以及打着""现成品拼贴""的旗号混淆""概念化""和""类型化""的边界等现象。",论本土类型电影对当代艺术语言的运用,庞博,北京电影学院学报,J905,41-49,9
22,从文本阐释走向话语消费,,四川外国语大学新闻传播学院,媒介资本;电影批评;粉丝文化;话语生产;话语消费;,"数字媒介这把""利器""不但改变了电影艺术的制作、传播和观赏方式,也为电影批评搭建了一个崭新的话语平台。在数字媒介场域里,媒介资本、批评主体、批评功能等各种力量重新占位,致使大众化、娱乐化取得了空前的合法性,并且,这种大众化、娱乐化的批评话语势必因进入市场流通而成为重要的电影营销手段。当然,在整个电影批评话语的生产、流通过程中,粉丝群体也获得了更多的参与性和自主性,成为电影批评话语的生产者和消费者。概言之,媒介环境、媒介资本、粉丝群体、电影营销等都是促使电影批评话语功能转变的关键因素。",数字媒介时代电影批评功能的转变,周旭,北京电影学院学报,J905,50-57,8
23,互嵌式结构视阈中的“1997”电影现象,,武汉大学艺术学院,电影社会学;互嵌式结构;“1997”电影现象;中国当代电影;,"电影社会学将电影视作""现实与想象的中转器"",据此本文提出电影与社会之间存在一种互嵌式结构,这一结构包括选择取向、加工取向和影响取向三个嵌入向度。""1997""是象征性的社会时间,也是显著性的电影时间,持续且普遍地出现在中国电影中,成为一个值得深度解读的电影现象。本文运用互嵌式结构来分析""1997""电影现象,试图廓清电影与社会之间的""复杂的统一性和互补性""。",一个电影社会学的考察,孟君,北京电影学院学报,J909.2,58-65,8
24,以色列电影及其国家认同建构,罗军;阿萨夫·西泊,北京师范大学中国文化国际传播研究院以色列特拉维夫大学影视系编剧科,以色列电影;国家认同;犹太认同;,"以色列是犹太民族为主体的民族国家,因独特的建国过程,其国家认同远比犹太认同要复杂。以色列电影通过拓荒电影、国家英雄主义电影、布维卡斯电影以及新情感电影等几个独特的本土类型,从一开始就参与了国家认同的记录、书写和反思,并进而推进了国家认同的演变。其中,非营利基金在此过程中起到决定性保障作用。",北京电影学院学报,2018-11-05,期刊,J909.382,106-115,10
25,抒情传统与现代性,,广州大学新闻与传播学院,中国电影学派;抒情传统;第四代导演;诗电影;《城南旧事》;电影叙事伦理;,"作为20世纪80年代中国电影中坚力量的中国第四代导演,他们对中国""抒情传统""和现代性伦理均进行了重要的传承。把特定语境下的诗电影《城南旧事》作为其创作的范本进行审美批评,将在肯定第四代电影人重要作品的电影史学意义的同时,更加明晰对""中国电影学派""的认识。",重读第四代诗电影《城南旧事》,刘晓希,北京电影学院学报,J905,23-28,6
26,中国电影的繁荣发展与电影公共服务体系建设,肖庆,中国艺术研究院文化发展战略研究中心,公共文化服务;电影供给机制;,"中国电影的繁荣发展是建立在满足人民多样化、层次化、个性化、精准化、智慧化的精神需求基础之上的。在国家公共文化服务体系的总体框架之下讨论电影公共文化服务供给过程中的难点与挑战,以及如何有效实现供给机制的创新,既关系到民生福祉,也与推动电影事业的繁荣发展息息相关。",北京电影学院学报,2018-09-05,期刊,J992,29-34,6
27,改革开放四十年中国电影理论批评:回顾、反思与前瞻,饶曙光;李国聪,中国电影家协会中国文联电影艺术中心上海大学上海电影学院,改革开放;四十年;理论批评;评价体系;回顾反思;,"面对中国电影的生态革新与语境变迁,只有及时更新电影观念,培育电影理论批评新力量,确立差异化、科学化的电影评价体系,与时俱进地推动电影创作生产,彰显中国电影的理论自信和道路自信,才能在世界影坛上发出响亮的""中国声音""。由此,对中国电影理论资源的挖掘整理、重新阐释,以及对中国电影批评方法的爬梳钩沉、整合创新,是当前构建中国电影学派的题中之义。",北京电影学院学报,2018-09-05,期刊,J909.2,35-44,10
28,从“媒介化”到“再媒介化”,,福建师范大学传播学院,媒介化;再媒介化;电子媒介;装置艺术;转型;,"随着数媒技术的发展及媒介融合的情势,电影的创作语境发生了根本性变化,出现了一系列新形态、新类型和新问题,它们与电影快速膨胀的媒介性有关,是电影跨媒介互动的结果。这些新的电影现象,导致电影的边界在渐趋模糊,传统的电影理论和研究范式已经无法对此做出明朗的解释。本文以媒介研究的新视角出发,将电影作为一种媒介,通过对电影跨媒介现象的研究(尤其是以往较少涉及的电影与电子媒介、装置艺术的互动性研究),指出电影在进行从""媒介化""到""再媒介化""的结构转型。面对这种态势,广泛采用跨学科、跨媒介的研究方法,挖掘电影作为一种媒介不断展现出来的新特性,就成为当下电影研究中一个急需得到关注和解决的问题。",电影作为媒介研究的一次转型,高淑敏,北京电影学院学报,J905,45-53,9
29,声音的视觉化,,北京电影学院视听传媒学院,声音;视觉化;抽象动画电影;景观声场;BGM;,"在20世纪初先锋派电影时期,德国诞生一批深受表现主义影响的抽象动画创作者,对声音功能着力探索。在确立声音观念和表现力重要性的同时,声音的视觉化逐渐溢现。与之同构,当下""互联网+""勃发,为视听内容的新发展提供媒介技术和创作环境,延续声音视觉化观念的数字音乐、短视频、直播、综艺等新视听形态引发热议,尤以背景音乐(BGM,Background Music)为核,视觉呈现出逐渐依附于声音的逆视觉主控趋势,带来从影像景观到媒介景观的想象力。",从抽象动画电影到“互联网+声音BGM”观念延伸,谢辛,北京电影学院学报,J933,54-62,9
30,剧本中的人物设计,林黎胜,北京电影学院电影学系,剧本;故事;人物设计;,"本文从七个方面来论述剧本中的人物设计。剧本设计者永远是在充满冲突的故事中设计人物的。剧本设计者要从自我内心出发,去寻找人物的状态、选择、欲望、变化及缺点等。剧本设计者要脱下自己的人格面具,到潜意识的层面中探寻我们真正恐惧的故事及人物。故事中的人物会带领我们去体验隐蔽的情感,了解真正的自我。",北京电影学院学报,2018-09-05,期刊,J904,63-70,8
31,北京电影学院2018届,,O,O,O,本科毕业联合作业,,北京电影学院学报,J992,2,1
32,中国电影学派“在地性”文化符号的价值认定,左亚男,辽宁师范大学影视艺术学院,中国电影学派;“在地性”;文化符号;价值认定;,"当前,以电影产业发展的大繁荣为背景,我国已进入从电影大国向电影强国迈进的新常态,构建中国电影学派恰当其时。作为一种理论派别的建构,中国电影学派不仅需要设定自身的学术格局,也必然需要彰显清晰的现实意义。从""在地性""文化符号这一契合民族标识的""意义结构""出发,基于差异性及异质性的存在,探讨中国电影学派中""在地性""文化符号的范畴界定及价值判断,不仅可以以此为视角认定一种界定价值的判断体系,更可以此发现一种延续发展的可行性实践途径。",北京电影学院学报,2018-09-05,期刊,J905,5-9,5
33,跨文化交流与史境溯源,,东南大学艺术学院中国传媒大学南广学院,中国动画;跨文化交流;他者;,"20世纪80年代鼎盛期的中国动画喻示后人的,向来是""民族化""之特征与遗产。然而拨开历史的幔幕可以发现,中国动画史从来就没有缺席过海外动画的塑造和影响。围绕这些域外动画在中国动画建构进程中起到的作用,梳理分析其细节和重要性便尤为重要。中华人民共和国建立之前,中国动画界向海外动画片的模仿和学习是空前的,而日本等部分国外专家在中国直接参与的工作延伸到了建国之后;整个20世纪50年代,与苏联及东欧动画的交流,让中国动画人逐步建立起自己的产业架构和风貌;80年代之后,无论是艺术家的创作还是其个人的海外关系网,让中国与世界动画的交流更加紧密,同时,全球动画产业的同质化和艺术动画的退潮,使得中国动画也受到了巨大的冲击。在历史发展轨迹中总结得失,是中国动画融入世界动画版图的必经之路。",中国动画发展史中的“他者”,韩鹏,北京电影学院学报,J954,10-15,6
34,重返中国新电影运动,,厦门大学人文学院,中国新电影;第五代;中国电影学派;,"20世纪80年代提出的""中国新电影""的概念,相比长期以来使用的""第五代"",更能准确地指代同一时期的电影艺术运动。重拾并反思""中国新电影""的命名方式与历史价值,不仅可以有效解决当下对这一运动的批评话语缺失的问题,同时也是一个对电影本体的再认识、对自我主体性的再审视过程,进而能够有效地将""中国新电影""的艺术实践纳入到中国电影学派的历史建构之中。",建构中国电影学派的一次历史性考察,周传艺,北京电影学院学报,J909.2,16-22,7
35,摇身何变:《卖花女》和《窈窕淑女》从形象到意象的递进演变,李二仕;欧阳霁筱,北京电影学院文学系,改编电影;性别研究;明星建构;角色扮演;,"由萧伯纳戏剧文本《皮格马利翁》所改编的电影《卖花女》可谓是英国改编电影的典型,而数十年后好莱坞在此基础上再改编的歌舞片《窈窕淑女》也获得了极大的成功。本文将关注点落在电影本身,从电影理论出发,希望能从《卖花女》和《窈窕淑女》中发掘、读解出现代电影的神话寓意。意义是生产出来的,如何理解也有不同的途径,而在背后的不外乎是在时代话语下制作承担的导演、编剧和演员,以及变动的社会话语之后的观众基于性别、欲望和明星的不同理解,也可以看到这个来源古典文本的现代神话意味。",北京电影学院学报,2018-09-05,期刊,J905,71-76,6
36,从绘本小说到3D电影,,北京电影学院基础部,绘本小说;对白;动作;道具;,"《雨果》是著名导演马丁·斯科塞斯拍摄的第一个3D电影,改编自获奖绘本小说《雨果·卡布里特的创造》。《雨果》中主要的人物形象是真实的历史人物梅里爱和虚构的男孩雨果,电影在人物对白上既保留了绘本小说中核心的人物语言,也错失了一些深入人物内心世界的语言。在对人物行动和心路历程的表现上,电影没有采纳绘本小说中更有助于表现人物的行动。在大钟、蓝色发条鼠、笔记本三个道具的运用上,马丁·斯科塞斯做得比较成功,但对机器人这个重要的道具,没有做到充分地""外化""人物。不过他利用电影手段探索机器与人们之间的关联,是很有意义的思考。",论电影《雨果》的人物塑造,陈文颖,北京电影学院学报,J905,77-82,6
37,追求权力话语的“合法性”,,上海政法学院上海纪录片学院,民族主义;三民主义;左翼影评;早期电影;,"20世纪30年代国内广泛多样的社会力量表达了对民族主义的理解,参与了民族电影身份的理论建构。制片公司主张电影商业本位的民族主义,三民主义主张""三位一体""的民族主义,民族主义文艺理论主张""统制""与""中心""意识的民族主义,左翼文艺阵营强调阶级意识和群众路线的民族主义。可以说,民族主义成为了各派政治力量建构权力话语合法性的武器,它们都希冀按照自身的政治立场来建设民族化的电影文艺。多重声部的民族主义话语现象反映了该时期社会意识形态的复杂性,也促使商业电影承担起更多的社会责任。",论20世纪30年代电影理论与批评中的民族主义话语,徐红,北京电影学院学报,J909.2,83-90,8
38,从诺莱坞到新诺莱坞,,浙江师范大学非洲研究院,尼日利亚;殖民影像;刻板印象;诺莱坞;新诺莱坞;,"欧美国家从殖民时期开始建构尼日利亚和非洲其他国家的刻板印象,诺莱坞的崛起则为非洲形象和非洲叙事的重构带来了希望。作为非洲大陆方兴未艾的电影模式,诺莱坞讲述非洲本土真实经验,传达非洲人民审美倾向和情感诉求,受到非洲大陆观众和欧美国家非洲离散人群普遍欢迎,同时也由于受制于技术和资金,诺莱坞电影的品质一直被诟病。近年来,随着资本、技术、人才和经验的积累,诺莱坞正在逐步回归银幕美学,朝向新诺莱坞转型。",尼日利亚电影业的新近观察,张勇,北京电影学院学报,J909.1,91-97,7
39,悲痛的“奇观”:历史描述性、介入视点与意义绵延,,浙江师范大学文化创意与传播学院,卢旺达种族大屠杀;族群偏见;群体罪恶;,"本文以卢旺达种族大屠杀题材电影为文本细读对象,从""族群偏见、指涉性悲剧、互文叙事""的历史描述性、""本土记忆、群体罪恶、异质凝视""的介入视点、""沉默者的责任、无力的精神身份、同构的隐喻""的意义的绵延等三个视角,分析电影对于""卢旺达种族灭绝""历史再现和理性思考的重大意义。",“卢旺达种族大屠杀”叙事影像的人类意义,毛益贝;黄宝富,北京电影学院学报,J905,98-106,9
40,银幕上的埃塞俄比亚:埃塞俄比亚电影制作史及其当代电影发展初探,亚历山德罗·耶德罗斯基;朱嫣然;陆梦君,比利时列日大学比利时科学研究基金会浙江师范大学外国语学院,埃塞俄比亚;埃塞俄比亚电影;阿姆哈拉电影;录像电影;电影审查;,"迄今为止,国外学术界很少关注埃塞俄比亚电影。然而,它的历史丰富而复杂。由于数字技术的引入,电影制作如今蓬勃发展。过去的十年中已经发行了近六百部电影,仅2013年发行的电影就占了总数的五分之一。影迷们纷纷前往亚的斯亚贝巴的剧院购买本地最新上映的电影入场券,而雄心勃勃的年轻艺术家们则试图一举成为本地的明日之星。本文展示了一项关于埃塞俄比亚录像电影业研究的初步成果,以便为进一步的研究做铺垫。本文分为四个部分,分别介绍了埃塞俄比亚的电影制作历史、当代录像电影产业的经济以及对新一波电影制作浪潮下出现的主要叙事和美学趋势的概述。",北京电影学院学报,2018-09-05,期刊,J909.421,107-117,11
41,从物的工具回到人的本身:安娜·格里姆肖的人类学“观看”,罗易扉,浙江财经大学艺术学院,安娜·格里姆肖;观看思想;人类学电影;,"人类学对于电影具有其独有的影响轨迹,无论从观察、参与到分享式的拍摄手法,亦或从电影观念乃至电影美学方面,均发生其特殊影响。今日人类学电影研究文本思想丰富,美国人类学者安娜·格里姆肖的读本便呈现其闪亮的观看与思想。她采用批评视角审视传统人类学,对人类学电影、纪录片及摄影民族志重新观看与解读。格里姆肖对视觉人类学理论贡献了新锐细腻思想,她肯定戴维斯的人类学电影叙事性,分析麦克杜格的人类学电影学说,认同弗拉哈迪的朴素美学、让·鲁什的生活艺术学以及戈迭尔的诗意化美学。她提醒公众重新认识里弗斯的温和性现代主义,捕捉格里菲斯电影中的现代性,并积极认同人类学家马林诺夫斯基""本土视角""。",北京电影学院学报,2018-09-05,期刊,J905,118-126,9
42,虚拟现实对人类学纪录片及影视人类学的影响,赵华森,同济大学上海国际设计创新研究院同济大学设计创意学院,虚拟现实;影视人类学;纪录片;,"虚拟现实技术的进步为影视拍摄和传播拓展了新的发展空间。在影视人类学研究中,已经尝试运用虚拟现实技术进行人类学纪录片的拍摄和传播,但对虚拟现实技术在影视人类学及人类学纪录片中的运用和影响上仍缺乏系统分析和梳理。本文试从拍摄、传播、体验等角度对虚拟现实的在场、移情等要素对影视人类学和人类学纪录片影响展开论述。",北京电影学院学报,2018-09-05,期刊,J952,127-131,5
43,边界问题抑或边界不是问题,,中国传媒大学戏剧影视学院北京电影学院,真实电影;纪录电影;边界;,"纪录片市场化浪潮下,纪录电影成为文化商品的""新宠""。经济效益的助力让纪录片摇身一变以""纪录电影""的形态活跃于大众视野。对纪录片而言,以电影的商业化方式进行运作固然能够带来极大利好,但也因此会使自身的艺术创作受到限制。本文分析了2015至2017年间具有影响力的中国纪录电影的形式特征,总结出中国纪录电影存在边界模糊、创作手法各行其道等问题,从而引发出对纪录片本源的追溯和对纪录片的叙事创作的探讨。",再谈真实电影创作手法及其对当下中国纪录电影创作的现实意义,李勇;臧元春子,北京电影学院学报,J952,132-138,7
44,年轻一代对于逝去“故乡”的追寻,,北京电影学院中国电影文化研究院北京电影学院导演系,O,"<正>影片《奥克里堆》获得北京电影学院2018届本科毕业联合作业最佳影片、最佳导演、最佳摄影、最佳录音等奖项,很好地展现了北京电影学院本科毕业生在电影方面的创作探索。本文中导演就影片本身的创作谈了自己的心得体会,并结合自己在电影学院的学习谈了目前中国青年导演的创作状况。故事发生在奥克里堆——一个没有四季循环的地方,父亲贾二的生活就像笼罩着镇子的永恒寒冬一样毫无变化的重复着。直到有一天,因为停伐的禁令,",《奥克里堆》导演王润泽访谈,滕腾;王润泽,北京电影学院学报,J905,139-142,4
45,一种尝试,,北京电影学院中国电影文化研究院北京电影学院导演系,O,"<正>《大千世界》是一部多线叙事的短片。短片通过四个在时空上相互交织的不同章节,围绕无可挽回的宿命这一核心,表现了一个有悬念、犯罪元素的强情节故事。导演受电子游戏《塞尔达》的影响试图在短片中设置一个""幽灵视角"",给观众以""自由探索""的漂浮感。针对这一构想,导演大胆地采用了大量航拍的方式,使摄影机有意识地不再围绕人物为轴心拍摄,此外在其他视听语言的把握上也有许多打破常规的设计。剧情片《大千世界》是北京电影学院2018届导演",《大千世界》导演宋新棋访谈,李楚翘;宋新棋,北京电影学院学报,J905,143-147,5
46,《当骑向路的尽头》创作报告,,北京电影学院,纪录片;川藏骑行;参与性;,"北纬30度线上的""川藏南线""318国道每年都会吸引络绎不绝的游客前来,其中包括自驾者、骑行者、徒步者等。他们将翻越10余座海拔超过4000米的大山,跨过金沙江、怒江、澜沧江这三条大江,最终到达拉萨。纪录片《当骑向路的尽头》正是希望通过记录一趟骑行之旅,让观众们真正感受和了解这条经典骑行线路,并对多年来络绎不绝的骑行者们有更深的认识。而本文也将回述纪录片的制作过程,同时围绕纪录片的真实观、拍摄者的参与性和主观性,以及对拍摄对象的处理等问题展开讨论。",论纪录片导演的参与性,殷骆骏楠,北京电影学院学报,J952,148-157,10
47,评《当骑向路的尽头》,,北京电影学院中国电影文化研究院,在场;旁观;主观性;媒介;时空观念;,"《当骑向路的尽头》是一部通过骑行""长征""活动来传达人生时刻""在路上""主题的纪录片。本文主要从导演的""在场""与""旁观""、跨媒介组合,以及多重时空的并置三个角度对叙事进行细致分析,以期能对影片形成全面的认知。最后,文章认为创作者在该片中的建构无疑是一次纪录电影观念的解放,中国纪录片需要一种开放的、自由的创作理念。",叙事中的主观性、媒介性及时空观念,张伟,北京电影学院学报,J952,158-162,5
48,少年壮志不言愁,,北京电影学院,九零后;成长主题;道路叙事;插曲式访谈;,"纪录片《当骑向路的尽头》通过呈现五位青年骑行川藏线的壮游纪实,表达了九零后历经伤痛的青春成长主题。影片采用道路叙事和插曲式访谈的结构,巧妙组合成一部内容生动、形式活泼的作品。新锐导演大量采用航拍和跳切的表现方式,代表了九零后导演的创作风格,某种程度也透露出九零后观众的审美取向。",评纪录片《当骑向路的尽头》,柳宏宇,北京电影学院学报,J952,163-166,4
49,父与子的和解,,北京电影学院电影学系,父子关系;家庭叙事;学院派;,"电影《奥克里堆》以父子关系为叙事轴线,二人之间的起伏关系承载着大兴安岭林区社会变迁,父亲遭遇突发凶杀,儿子处理后事之时得以机会重新审视父亲的一生,最终在情感上理解了父亲。因""停伐""而引发的庞杂的社会关系被浓缩、编织、改写为父与子之间的聚散离合。",评电影《奥克里堆》,黄欣,北京电影学院学报,J905,167-170,4
50,《二毛情史》:集体焦虑下小镇青年无处安放的青春,周强,山西传媒学院动画学院北京电影学院电影学系,集体焦虑;小镇青年;丧文化;,"短片《二毛情史》用现实主义创作手法,讲述了小镇青年二毛的一段青春故事,塑造了二毛、大头、翠翠、母亲、李老师等人物形象,而这些人物的行为动作无不透露着无处安身的集体焦虑,而二毛又表现出不同于其他人的迷惘。本文从主题呈现、""丧文化""的表达、视听与意象等几个方面分析影片,探讨影片得失之处。",北京电影学院学报,2018-09-05,期刊,J905,171-174,4
51,中国电影学派研究部2018年学术年会暨“中国艺术传统与当代中国电影的创新发展”学术论坛综述,黄今,O,O,"<正>为推进中国电影学派的建构,促进中国电影的创新发展和传统文化在中国电影创作中的转化,由北京电影学院未来影像高精尖创新中心主办,中国电影学派研究部、中国电影文化研究院、中国文艺评论基地(北京电影学院)承办的中国电影学派研究部2018年学术年会暨""中国艺术传统与当代中国电影的创新发展""学术论坛于2018年6月9日、10日在北京电影学院举行,会议开幕式由王海洲教授主持,随后,与会专家学者围绕""中",北京电影学院学报,2018-09-05,期刊,J905,175-177,3
52,电影中的CG毛发技术进步史,许乐;孟子凡,山东大学机电与信息工程学院计算机系,电影特效;CG技术;CG毛发技术;,"毛发(包括人的头发、动物身上的绒毛、皮毛等)因其多而复杂的特性、庞大的计算量以及高昂的渲染成本等因素,在CG技术发展的各个阶段一直都是CG创作最为棘手的部分。本文梳理了CG毛发技术在电影和动画领域的发展和进步历史,其中包括《玩具总动员》(1995)、《精灵鼠小弟》(1999)的初步探索,《最终幻想》、《怪兽电力公司》(2001)的各显其长,《魔发奇缘》(2010)、《勇敢传说》(2012)中的多样尝试,《少年派的奇幻漂流》(2012)、《奇幻森林》(2016)的超级仿真等。",北京电影学院学报,2018-07-05,期刊,J91;TS959.1,155-163,9
53,2018届硕士研究生毕业联合作业,,O,O,O,北京电影学院学报,2018-07-05,期刊,J943.12,2+177,2
54,戏曲角色的影像化呈现与重塑,朱怡淼,南京师范大学文学院,戏曲角色;行当;程式化;影像化;重塑;,"在包含戏曲元素的电影中,戏曲角色作为重要的戏曲元素之一,参与电影的叙事与表意。在影像空间里,戏曲角色呈现舞台表演与非舞台表演两大类形态,凸显其对推动电影叙事与塑造电影人物的辅助功能。在镜头、蒙太奇、影像与声音的关系等电影音画特性的影响下,戏曲角色也展现出与传统戏曲""行当""不同的新特征。",北京电影学院学报,2018-07-05,期刊,J951.2,5-10,6
55,传统戏曲美学的电影化实践,龚艳,浙江传媒学院电影学院,戏曲电影;戏曲美学;传统文化;现代性;本土化;,"戏曲表演中的假定性常被认为是中华传统文化所特有的审美趣味,电影则代表了现代摄影技术的全球急速扩张和流行。在某种程度上,戏曲电影体现了民族化语境下的现代化进程,代表了多元现代性所阐述的、发端于西方的现代性在具体区域和文化语境的遭遇和实践。电影用影像和日常叙事的方式建构一种现代化、图像化的语言,""这种现代主义将电影概念化为通用语言""。戏曲电影正是融会全球现代话语方式和本土文化的一个最佳例证。",北京电影学院学报,2018-07-05,期刊,J951.2,11-17,7
56,荏苒时光,,中国电影家协会,O,"<正>1978到2018年,是改变中国命运的改革开放40年,作为一个学院发展的见证者、经历者、参与者和写作者,与北京电影学院一起成长的学生、教师、管理者,随着时间的推移和不同身份的转换,使我真正感受到北京电影学院在不同时期与共和国一起走过的发展历程。过去40年,北京电影学院历经1978-2018改革开放的40年,将一个百废待兴的学校建设成为世界著名、一流的电影专业院校。今天,北京电影学院已经名副其实地成为了中国电影专业教育的中心,成为",四十蓬勃,,1978-2018年北京电影学院改革历程40年,J992,18-34,17
57,香港地区类型电影的时代挑战与转型重构,王海洲,北京电影学院,香港电影;类型片;时代;转型;,"在中国改革开放大格局下,内地电影产业的发展,使香港电影面临着和中国内地电影产业如何融合的问题,也使香港电影的内容生产、类型片创作面临着抉择。反映香港本土生活、本土意识和香港本土审美趣味的类型片可以立足香港,存在、发展、传承,对于建构香港的多元文化,有一定的宣示价值;而香港类型电影创作的经验融入中国内地市场,对于提升中国电影的质量,更有意义。",北京电影学院学报,2018-07-05,期刊,J909.2,35-41,7
58,近年来神经电影学发展新探,,北京师范大学艺术与传媒学院,神经电影学;认知主义;认知神经科学;,"神经电影学是神经科学与电影学的交叉方向,旨在利用认知神经科学的方法探究观影机制及观众与电影之间的关系。神经电影学的发展可以追溯至电影研究中的认知主义取向。基于认知神经科学技术的特点,国内外神经电影学学者利用功能陛核磁共振(fMRI)等技术对电影理论中情绪、视听、镜像机制等方面进行研究并取得一定成果。神经电影学亦在观影评价等方面有较大的现实意义和社会商业价值。",基于认知神经科学的电影理论创新,杨歆迪;王宜文,北京电影学院学报,J905,42-51,10
59,形象、符码与潜移置,,北京电影学院视听传媒学院,电影人设;形象塑造;符码;潜移置;,"电影的人物角色设定(简称电影人设),对于电影的类型化与形象性塑造具有不可小觑的作用,一部电影作品的成功并非完全取决于演员知名度,而更趋于人设形象符码。随着时代的不断发展变化,外在世界和自我需求都在发生相对应的转变,内外因素的共同作用赋予电影人设更多延展的可能。本文将针对这一现象,以形象、符码与潜移置的视角进行阐释,理清其形塑维度,对从传统电影人设到新视听内容人设的发展提供借鉴。",电影人设的形象塑造发展研究,程樯,北京电影学院学报,J905,59-64,6
60,当下剧集字体设计的美学原理与技法刍议,敖蕾,北京师范大学艺术与传媒学院,剧集字体设计;视觉质感;第一眼吸引力;字体设计美学;字体设计技法;,"如今,传统电视剧与视听新媒体网络剧组成剧集形态的两大类型,对于剧集片头、宣传图、剧中字幕等与字体息息相关的环节,其设计理念发生与时代发展、观众需求和流行文化相对应的转变,进而影响整体设计美学的发展趋势与具体技法运用的更迭,甚至成为剧集视觉营销的某种重要手段。因此,本文从作为平面设计三要素之一的字体入手,结合电视剧/网络剧具体案例探讨二者之间的关联,为今后更深入、更广泛的剧集字体设计提供参考借鉴。",北京电影学院学报,2018-07-05,期刊,J906,65-71,7
61,华语电影中的书法元素,秦昕;袁智忠,西南大学新闻传媒学院重庆理工大学管理学院西南大学影视传播与道德教育研究所,书法;电影元素;审美内涵;,"书法艺术对于形式美的规律呈现与抽象美的意境表达,对电影影像的捕捉与情节的编排有着重要的美学启示。电影中书法元素与书法美学思想的融入,不仅可以增添影片的造型美感与人文内涵,让其在当代得以保留民族艺术原有的文化品味与传统特色,亦使电影与书法在相得益彰的蒙太奇关系中产生更为丰富的艺术魅力与审美内涵。",北京电影学院学报,2018-07-05,期刊,J905,72-76,5
62,"有雨靴的童年,下雨才是晴天",,北京电影学院北京电影学院教务处,儿童电影;纪实风格;电影语言;叙事结构;,"中国儿童影片《旺扎的雨靴》改编自才朗东主的同名短篇小说,以描绘儿童生活和与之密切相关的社会现象,引起成年人和整个社会的关注,在细节处理、剧情设置、人物形象塑造和音乐创作上都有其独特的风格,无论是在叙事结构还是情感共鸣上都让人回味无穷。从中不仅可以看到《小鞋子》的童趣,还可以看到阿巴斯电影《生生长流》的细节与温暖,更重要的是让我们了解到孩子们纯真的世界。",析《旺扎的雨靴》,倪洁,北京电影学院学报,J905,77-80,4
63,3D作为一种新的“视觉标准”使舞蹈电影回归身体表达,余志为;王彤,重庆大学美视电影学院,3D电影;舞蹈电影;身体表达;视觉标准;,"3D电影《皮娜》探索了新技术在拓展电影视觉表达方面的新空间,影片正负视差的设计引导观众的视觉和身体感知经验。《皮娜》在表现舞台空间散点布局上对动态视点的调动,也让观众能够参与其中,影片用特写镜头聚焦于舞者静默的身体,突出了时间和空间的此在性。本文分析了3D不仅是一种特别的视觉效果,而且是一种""视觉标准""。3D电影对舞者身体表达的调动,对身体感知的发掘,使电影重新找到属于它的视觉标准,这对从技术发展角度促进电影视觉空间的开拓起到了积极的探索意义。",北京电影学院学报,2018-07-05,期刊,J951.2,81-87,7
64,与摄影机共舞,,北京大学艺术学院北京舞蹈学院芭蕾舞系,舞蹈影像;摄影机编舞学;动知觉;影像化身体;,"19世纪末,与现代舞同时代诞生的电影技术,因其对运动的捕捉和记录功能,为进一步理解和分析人体运动提供了条件。西方现代化进程中,舞蹈的身体运动和情感表达在被机械技术复制、放大和改编之后,影像元素得以实现舞蹈在电影发明之前不存在的身体,而形成独特的摄影机编舞学。在定义自身的过程中,它产生了一种新的具有挑战性的语言系统,由此而产生的一系列作品,正在推动着传统识别的学科定义和历史边界。本文尝试从舞蹈影像的概念形成与创作理念出发,通过历史背景、创作特点和具有代表性的艺术家及其作品,探讨科技变革和文化思潮下人们对于舞蹈影像本质及意义的不同解读。",舞蹈影像的形成与发展(20世纪80年代之前),程思,北京电影学院学报,J951.2,88-96,9
65,先锋舞蹈影像中的动知觉:德伦与哈里斯,艾米·格林菲尔德;程思,北京大学艺术学院北京舞蹈学院芭蕾舞系,动知觉;银幕舞蹈;影像化身体;,"玛雅·德伦的《一项为镜头编舞的研究》和希拉里·哈里斯的《舞蹈主题九变奏》重新定义了舞蹈在先锋派电影中创造变革的可能性,《一项为镜头编舞的研究》更是成为舞蹈影像创作最初的教科书。两人分别以自己独特的创作理念将舞蹈融入到舞蹈影像的实践中,在作品中重新设置镜头与舞蹈之间的关系,表现的是舞蹈和电影彼此相互作用的关键方式,以及由此产生的电影或视频如何在观众身上起到动知觉的作用。使得舞蹈影像的定义超出了记录舞蹈的界定,而成为了一种参与到某种编创行为和影像角度的创作性独特观察。",北京电影学院学报,2018-07-05,期刊,J951.2,97-101,5
66,从梅里爱到流媒体视频:动态舞蹈影像的一个世纪,弗吉尼亚·布鲁克斯;张仪姝,北京大学艺术学院,舞蹈影像;舞蹈电影;舞蹈纪录片;,"电影发展的一个世纪,同样也是舞蹈进入影像的一个世纪。作为运动的艺术,影像追逐着舞动的身体,而舞蹈艺术也成为电影的素材,为影像作品锦上添花。本文着眼于舞蹈与影像的关系,以历时的线索整理影像技术发展过程中的舞蹈影像,结合丰富的影像作品史料,探讨舞蹈影像的发展、分类、特征及其未来旨趣,集中讨论了舞蹈记录片(Dance Record Notation Film)、舞蹈纪录片(Dance Documentary)、舞蹈电影(Choreocinema,)等一系列概念,澄清其边界,展现出动态舞蹈影像发展史的清晰脉络。",北京电影学院学报,2018-07-05,期刊,J951.2,102-108,7
67,物表演,,浙江传媒学院,物表演;身体剧场;声音剧场;,"物成为表演的主体,与表演美学从角色到自我的演进有关,也与哲学、美学发展的脉络都有着关联,在近代的哲学中,有一条关于""主体的退隐""的命题。如现象学家梅洛·庞蒂提出了现象身体和模糊主体。德国行为表演美学家艾利卡·费舍尔·李希提出了当代剧场的身体、空间性和声响组合了构成表演行为或者表演过程物质性的三大要素,德国剧场理论家汉斯-蒂斯·雷曼借助后戏剧剧场作品,来论述这些作品在于强调演员作为自己的""文本""的趋势。笔者通过理论梳理和案例分析,旨在证实物表演的演进路线之合法性。",从身体剧场到声音剧场,濮波,北京电影学院学报,J905,109-119,11
68,电影改编的古典魅力与乡野活力:以“盘丝洞”故事为中心,薛峰,武汉大学艺术学院,电影改编;西游记;文化传统;诗歌修辞;,"电影改编研究(Film Adaptation Studies)不应总是周旋于""互文性""(Intertextualitv)、""跨文本性""(TranstextualiW)等词汇,从根本上说,回到研究对象自身的历史文化语境,或许更能触动理论思维的想象力与批判性。中国古典小说的电影改编,如果不想停留在自娱自乐的孩提阶段,就需开启通观的整体性思维,传承古典中国文艺的歌诗魅力,推进文学生命体的现代转型。近百年来,《西游记》""盘丝洞""故事的电影改编,就像一面多棱镜,既映照出改编者的思维局限和艺术缺憾,也折射出中国文化结构的差序格局。然而,""盘丝洞""的电影改编亦构筑了一个想象古典中国的艺术园林,其中的某些花草是灵动的、风趣的,它们承传着民间文艺的乡野活力,正可以消解现代社会的震撼与刺激。",北京电影学院学报,2018-07-05,期刊,J909.2,120-130,11
69,美丽失败者:孙瑜默片中的女性与现代性,孙萌,中国艺术研究院电影电视艺术研究所,孙瑜默片;女性;失败者;现代性;城乡视阈;,"孙瑜默片中的女性,处于传统与现代、东方与西方、农业文明与工业文明、空间归属与文化身份相互碾压的缝隙之中,成为""美丽失败者""。这些女性促发了城乡两大文化空间的视阈性比较。现代性作为现代人的心性及其结构,要在人的生存遭际或生活方式的转型上显示,它作用于人的心灵领域,以关照人的生命价值为旨归。孙瑜沉潜于20世纪中国历史的境遇中,他的""浪漫""与""诗性""源自对现实的反抗,对底层女性命运的关爱。",北京电影学院学报,2018-07-05,期刊,J905,131-138,8
70,民国时期电影对成都女性都市文化的构建,郑格,四川大学文学与新闻学院,电影;女性都市文化;身体解放;外观;自主意识;,"近代以来,中国女性的思想观念与生活方式发生了根本性的变化。妇女解放初期,外来文化与新潮思想的传播对于女性的自我认知与社会认知起到举足轻重的作用。成都地处西南内陆地区,政治文化的发展与沿海各地相比大有不同。成都女性现代都市文化具有鲜明的独特性与地域性,电影艺术从中推波助澜,对当时当地女性都市文化构建有着重要作用。",北京电影学院学报,2018-07-05,期刊,J909.2,139-146,8
71,萨尔地对中国早期教育电影发展的推动与影响,,陕西师范大学教育学院内蒙古师范大学科学技术史研究院,萨尔地;国联教育考察团;教育电影;国际交流;,"作为国际联盟中国教育考察团的主要代表,萨尔地在应邀来华考察教育电影期间,不仅与中国政界、教育界、、新闻界、、宗教界、商业界等人士取得广泛会晤与交流,阐述了电影与教育之间的关系,宣讲了有关教育电影的实际效用与推广方法,驱散了当时笼罩在广大知识阶层思想上空的一片乌云,而且为中国教育电影协会组织的成立提供了切实的参考建议,有力地推动了中国早期教育电影的发展进程,主要贡献有三个方面,即摄制了《大上海》教育影片,发布了《电影与中国》考察报告,为中国教育电影组织的成立建言献策。这一历史事件对当下发展我国的电影教育事业具有重要的启示意义:一是以政府推动为导向,鼓励多方参与;二是以国际交流为平台,寻求多元合作;三是以繁荣文化为路径,强化成果共享;四是以媒介技术为支撑,助推影教融合。",以1931年国联中国教育考察团为案例的考察,卜学海;栗洪武;李龙,北京电影学院学报,J909.2,147-154,8
72,勇士之王,,北京电影学院中国电影文化研究院北京电影学院摄影系,O,"<正>在非洲的某个地方,隐藏着一个神秘的瓦坎达(Wakanda)王国,据传它是地球上最富有、技术最先进的国家,这一切皆源于王国内蕴藏有大量的振金(vibranium),而振金作为一种稀有的陨石具有操纵能量的特性。另有传言,在古老的黑豹崇拜下,瓦坎达的酋长——黑豹本人,在几个世纪以来一直不遗余力地保护着王国的文化和资源。漫威影业(Marvel Studios)出品的电影《黑豹》(Black Panther)由瑞恩·库格勒(Ryan Coogler)执导,",电影《黑豹》摄影分析,伊恩·马尔克斯;程珊珊;樊华,北京电影学院学报,J931,164-169,6
73,韩国电影学院的教学经验与启示,孙晴,山东大学文艺美学研究中心,韩国电影学院;电影教育;电影人才;,"韩国电影学院作为韩国政府培养电影专业人才的教育机关,自1984年成立以来为韩国电影产业输送了大量人才,被称为韩国电影发展贡献最大的教育机关。其教学模式坚持以现场制作为中心、以培养高端创作型人才为目标、以电影产业化为教学方向,施行专业化、精英化教育,凭借其教学特色与优势成为韩国电影教育体系中不可或缺的一项。总结韩国电影学院的教学经验对我国电影人才的培养,特别是专业电影人才的培养能带来许多有益的启示。",北京电影学院学报,2018-07-05,期刊,J993.12,170-176,7
74,竖式观赏的勃兴,,北京电影学院视听传媒学院,“互联网+”;短视频竖屏;中国画竖轴;观赏习惯;文化复兴;,"""互联网+""时代来临,为大众开辟具有创意的短视频、直播等视听新媒体领域。以APP为载体的短视频为例,无论内容与流行文化、社会变革、时代发展之间的关联是否紧密,竖屏都以其符合人眼观看手机屏幕习惯的特质成为短视频行业视听内容制作的主流。然而,竖屏的观赏习惯并非互联网时代出现,我国传统竖轴中国画所承载的文化鉴赏习惯深度影响国人观赏心理,可以说当下短视频竖屏的勃兴是对传统观赏习惯的一次文化复兴。",短视频竖屏与中国画竖轴共向心理与视听制作研究,宿志刚,北京电影学院学报,TP393.09;G206,52-58,7
75,《家庭》:浓缩社会大问题的小场域,阿斯加尔·尤塞菲内贾德;黄欣,北京电影学院电影学系,O,"<正>黄欣(以下简称""黄""):《家庭》(The Home)是您作为导演的首部长片,首先请您就以往的创作经历以及与电影相关的背景做一个简单的介绍。阿斯加尔·尤塞菲内贾德(以下简称""阿""):我来自位于伊朗西北部的大不里士,是伊朗最大的城市之一,1969年我出生于此,毕业于伊朗电视广播大学,导演专业。至今大概20多年一直在大不里士广播、电视台从事电视、电影相关的工作,主要包括纪录片、电视节目、电视连续剧以及电视电影拍摄。对于院",北京电影学院学报,2018-05-05,期刊,J905,129-133,5
76,历史轮回中的传承与坚守,,北京电影学院党委,O,"<正>一、背景近年来,我国电影市场快速崛起,成为世界电影业发展的瞩目焦点。目前全国共有影院9914家、银幕5.4万块,已经赶超世界最大的北美电影市场的影院与银幕规模。近五年来,我国国产电影的年市场占有率均超过50%,我国已经成为民族电影文化占据主导地位的世界第二大电影市场。2017年,中国电影总票房达到559.11亿元(人民币,下同)。在刚刚过去的2018年春节长假期间,中国内地电影市场2月票房突破100亿元大关,不仅刷",建构中国电影学派,侯光明,北京电影学院学报,J909.8,5-10,6
77,国家的创痛记忆与电影的伦理叙述,贾磊磊,中国艺术研究院,影像叙述;历史记忆;电影艺术;伦理叙述;,"电影,作为一种社会公器、一种大众传播媒介,对于民族创痛的真实呈现与历史传播,是一种不可推卸的文化责任。在某种意义上讲,对于这种民族创痛的历史性再现,比表述那种民族的辉煌胜利更具有借鉴、警示的心理作用。人们修建了烈士纪念碑、历史纪念馆,设立了国家公祭日和罹难日来铭记国家的历史创痛。同时,人们在浓重灰暗的画布上、在沉郁低回的音乐里、在悲凄惨烈的镜头中表达着他们虽未经历但却不能忘却的集体苦痛。尽管铭记这些创痛的历史会给我们带来难以忍受的心灵苦痛,我们依然不能不将它记述。",北京电影学院学报,2018-05-05,期刊,J905,11-15,5
78,国家文化安全的建构与电影观众心理的消费导向,彭流萤,中国文联电影艺术中心电影理论研究部,文化安全;电影观众;消费心理;传统文化;中国电影学派;,"电影作为传播文化价值观和展现文化多样性最有影响力的媒介载体之一,也是国家文化软实力的重要标志。选择具体电影作品的消费行为是观众相应消费心理的外在表现,也体现出观众对电影的文化认同,后者正是国家文化安全体系的重要组成部分。从观众的消费心理入手,剖析其消费认知和消费体验及其消费动机的建构与强化等问题,有助于通过强化中国特色传统文化在电影中的意象沉潜和精神感染,发挥电影文化传播在引领受众实现国家文化认同方面的主导作用。",北京电影学院学报,2018-05-05,期刊,J943.13,16-24,9
79,中国传统文化的资源转换与电影叙事主题的演变,,中国艺术研究院电影电视系,中国电影;民族性;传统文化;叙事主题;中国电影学派;,"20世纪中国社会经历了剧烈的振荡转型,这一过程始终伴随着外来文化的影响。在此背景下,作为舶来品的电影对传统文化的吸收、转换,成为一种内向化的民族追求,涵括了对传统艺术题材与形式、传统伦理道德以及传统文化思维的继承、发展与反思。20世纪中国电影的叙事主题演变突出地受到革命与现代化逻辑的影响,但传统文化一直是电影主题演变中不变的潜流,并逐步从自发、自觉走向反思,成为建构中国电影民族主体性的重要资源。",20世纪中国电影民族主体性的历史建构及其现实意义,黄今,北京电影学院学报,J909.2,25-32,8
80,革命与乡愁:文化记忆与中国审美现代性的情感结构,王杰;何艳珊,浙江大学传媒与国际文化学院,乡愁乌托邦;红色乌托邦;文化记忆;情感结构史;,"自新文化运动以来,中国艺术的审美现代性就开始逐渐形成自己独特的情感结构和表达逻辑,即:一种带有两个内核驱动的动态双螺旋结构。这两个内核分别是""红色乌托邦""和""乡愁乌托邦"",它们在中国现代化进程中几乎同时产生,但在文化性质和情感导向上则存在巨大差别。红色乌托邦和乡愁乌托邦组成的双螺旋结构,形成了一个巨大的、充满张力的情感空间,成为中国社会现代化进程中的精神依托。本文结合冯小刚的《芳华》、周晓文的《百合》等作品对此展开具体分析。",北京电影学院学报,2018-05-05,期刊,J905,33-42,10
81,由斯里兰卡电影产业现状探索“一带一路”人文交往新空间,王珊,西安工程大学新媒体艺术学院,斯里兰卡电影产业;一带一路人文交往;,"斯里兰卡是我国面向南亚地区拓展""一带一路""人文交往新空间的良好突破口,该国与中国没有地缘冲突,且有着较长的友好往来历史。与斯里兰卡加强人文交往,对两国的经贸与安全都将产生正向作用,同时随着西方影响力在该地区的式微,也应抓住这一相对真空时期在该地区传播中国文化。本文从其电影产业的历史与现状,所面临的政治、经济、社会与法律环境等六个方面分析该产业所处宏观环境中的机遇和挑战,为我国进一步拓展与斯里兰卡的人文交往梳理出切实可行的方向。",北京电影学院学报,2018-05-05,期刊,J943,51-58,8
82,在新形势下探索尼泊尔电影的历史和现状,马冬;王珊,西安工程大学新媒体艺术学院,尼泊尔电影;考莱坞;新锐导演;,"尼泊尔是我国的邻邦,2006年以来废除了王权,成为一个世俗化的国家,信奉马列主义及毛泽东思想的尼泊尔共产党开始参与国家管理。2017年12月,尼泊尔共产党在该国有史以来规模最大的选举中获胜。尼泊尔电影从诞生之初至20世纪80年代深受印度宝莱坞的影响,在经历了90年代的冲突动荡时期后,尼泊尔电影开始恢复元气并出现了一批新锐导演,为尼泊尔电影增添了活力。本文通过梳理尼泊尔电影的历史和现状,以期对我国在该地区文化政策的制定以及影视产品的输出提供决策基础,从而加强两国影视界的交流,扩大中国在该地区的文化影响力。",北京电影学院学报,2018-05-05,期刊,J909.355,59-63,5
83,寻找与摸索,,浙江理工大学科技与艺术学院,孟加拉国电影;孟加拉;达莱坞;,"孟加拉国作为一个和印度、巴基斯坦有着复杂关联的国家,其电影历史脉络的梳理涉及到地缘上、语言上和国别上的不同主体。同时,这也注定了这个国家电影发展的复杂性和受印度电影的影响之深。但在近70年发展的起起落落中,孟加拉国逐渐形成了商业电影创作的中心——""达莱坞"",借鉴印度""宝莱坞""的模式拍摄商业电影,同时坚持其具备传统的现实主义题材创作。",孟加拉国电影的70年起落,屠玥,北京电影学院学报,J909.354,64-70,7
84,改革开放后中国谍战电影政治修辞的位移,陈彦均,上海大学上海电影学院,改革开放;谍战电影;意识形态表征;,"改革开放后,就间谍题材的剧情电影而言,逐渐成熟的""谍战片""相比""反特片""有着更强的概括性与包容性。在这四十年间,中国的谍战电影从原有的古典模式逐渐发展出两种崭新的形式,这两种形式对传统的意识形态表述进行了改写,从而使谍战电影进入到类型的改良阶段。随着新世纪的到来,新型的谍战叙事继续着超越政治修辞表述定式的步伐,最终却止步于号称要颠覆古典传统的巴洛克宫殿的门前。",北京电影学院学报,2018-05-05,期刊,J909.2,43-50,8
85,在场的缺席,,西南交通大学人文学院,少数民族电影;神话;匮乏;原因;,"作为少数民族文化最具""形式精神""的核心构成,神话在少数民族电影创作中的长期缺席令人深思。考察其原因,首先,知识分子对少数民族的疏远与偏见,导致少数民族电影创作被""括出""主流视野;其次,自""五四""前后传入中国的马克思主义唯物史观和现实主义观念长期主导创作界,中国近现代以来的历史缺乏产生神话视野的时代契机;再次,中国电影创作界对神话形上认知呈现出一种总体性的匮乏。",少数民族电影为何匮乏神话,安燕,北京电影学院学报,J905,82-89,8
86,与他者相逢:2016-2017年中国纪录电影伦理分析,饶曙光;刘晓希,中国电影家协会广州大学新闻传播学院,纪录电影;电影叙事伦理;技术伦理;传播伦理;批评伦理;,"2016年,因为多部纪录电影的院线放映,而被誉为""中国纪录电影元年""。2017年,中国纪录电影更是得到了近年来少有的突破性发展,除了在国际上收获了巨大关注,在国内也同样获得了口碑和票房的双赢。这些纪录电影在为我们呈现一个不常见的""他者中国""、为世界带去一个现实版的""他者中国""的同时,也将与其紧密相关的伦理价值传递给一个个""他者""。因此,""伦理""问题不仅应当重新回归到纪录电影研究者的视野,更应当成为纪录电影研究的重要课题,因为与""伦理""相关的问题本就是电影研究的一个重大课题,它已经引起了部分电影研究学者的足够重视,自然也应成为""纪录电影""研究的聚焦所在。",北京电影学院学报,2018-05-05,期刊,J952,90-97,8
87,成长不是一种“完成时”,,北京电影学院电影学系北京电影学院中国电影文化研究院,O,"<正>AFI的""Cycle Films""教学模式叶航(以下简称""叶""):想请导演先谈一下你是怎样走上电影这条路的?周全(以下简称""周""):我在绍兴一中念到高二的时候,学校跟墨尔本一所公立的博文中学有一个类似交换生的项目,我是借这个机会去到国外。澳大利亚高中的课程设置是由学生自己选课,不做硬性规定。我从小对电视这类媒介比较感兴趣,所以当时选了一门媒体课,代课老师是一个狂热的电影迷,给我们看",访《西小河的夏天》导演周全,周全;叶航;杨佳梦,北京电影学院学报,J911,116-121,6
88,黑色幽默与社会关照:马其顿导演焦尔采·斯塔夫雷斯基访谈,焦尔采·斯塔夫雷斯基;王垚,北京电影学院电影学系,O,"<正>王垚(以下简称""王""):首先想问一下,您的名字""焦尔采""在斯拉夫人里不太常见,是个阿尔巴尼亚名字吗?焦尔采·斯塔夫雷斯基(以下简称""焦""):不是阿尔巴尼亚名字,不过你说的对,这个名字确实很稀少,很多斯拉夫人都不知道怎么读,甚至在马其顿好像就没有别人叫这个名字。我都不知道我妈给我取这个名字的时候在想什么(笑)。不过说到这个名字其实还有故事,因为跟很多巴尔干地区的人一样,我们的家族血统都是乱七八糟的,我爸那边其实是改过姓的,",北京电影学院学报,2018-05-05,期刊,J911,145-152,8
89,电影教育化改造的华南困境:论战前香港电影清洁运动,李九如,北京电影学院中国电影教育研究中心,香港电影清洁运动;电影教育;政府管制;社会自治;,"战前的香港电影清洁运动,源于内地电影文化和教育运动的影响以及对美国电影清洁运动的模仿,影响及模仿的源头也预示了该运动的运作机制:一方面它试图引入内地的政府管制机制,另一方面它又不得不采取美国式的社会自治模式。由此,这场试图将电影导入教育之途的运动陷入权威缺失和协商乏力的困境。",北京电影学院学报,2018-05-05,期刊,J909.2,153-160,8
90,20世纪30年代上海电影院的放映轮次分级制再探,,华侨大学马克思主义学院,20世纪30年代;上海;国片影院;放映轮次分级制;区域;,"20世纪30年代上海市以放映国产影片为主的电影院,总共有20多座。它们分布在上海市公共租界中区、法租界、老城地区等八大区域。这些国片影院的放映轮次,将因应影片的卖座程度和影院自身的排片策略而前后波动。其波动范围小则1至2轮,大则11至12轮。我们难以据此发现国产影片在上海各大国片影院轮映的基本规律。这时便需进一步探讨上海国片影院分布区域和各大区域内部国片影院的放映轮次。上海市国片影院分布的八大区域,被区分为首轮、次轮、后轮区域;上海市各大区域内部的国片影院,也被区分为区域首轮、次轮、后轮影院。据此我们可以更好地把握国产影片在上海各大国片影院的轮映规律。",以国片影院为例,松丹铃,北京电影学院学报,J909.2,161-170,10
91,少年心事藏区雨,,北京电影学院电影学系北京电影学院中国电影文化研究院,O,"<正>跨越地界的小雨靴叶航(以下简称""叶""):你是这届""注目未来""影展中年龄最小的导演,1989年生人。这也是你的第一部长片作品,能不能先请您简单介绍下自己的成长背景,以及电影方面的学习经历。拉华加(以下简称""拉""):我是青海海南藏族自治州的,青海分两拨,一拨牧区,一拨农区,我在牧区,上学一直是上民族学校。高中的时候有了学习电影的想法,当时万玛才旦老师刚刚开始拍摄藏族题材的电影,身边就有很多人开始疯狂地喜欢电影。",访《旺扎的雨靴》导演拉华加,拉华加;叶航;董璐瑶,北京电影学院学报,J911,122-128,7
92,电影感知研究的历史发展及未来,栾凌菲,美国博林格林州立大学心理系,电影感知;量化研究;电影心理学;观众研究;电影市场;,"电影感知研究,是欧美近20年来兴起的跨学科实证研究。电影感知研究主要以心理学的感知科学为基础,并且结合电影学、传播学、计算机科学、统计学等学科,以实证的方法探讨电影的构建与观众解读机制之间的联系。文章通过对电影感知研究历史的梳理和总结,探讨了传统电影研究中忽略的问题,讨论了电影感知研究的学科性质和应用前景。",北京电影学院学报,2018-05-05,期刊,J909.1,98-104,7
93,作为“电影节电影”的取与舍,,北京电影学院中国电影文化研究院,电影节电影;艺术体制;First青年影展;电影节观众;主动放映;,"""电影节电影""是电影节所代表的""艺术体制"",通过其评价体系生产出来的一个流动性的概念,强调电影节赋予一部电影""合法身份""的重要性。《老兽》作为艺术气质鲜明的""电影节电影"",在主流商业电影体系之外的电影节市场获得了生存的机会。但是影片在电影节体制的良好开局并没有为主流商业市场的认可提供跳板,它们之间似乎还存在着难以逾越的隔阂。本文通过对""电影节电影""的概念辨析,探讨《老兽》如何在跨地跨区域的电影节互动中成为一部""电影节电影"",并对影片从电影节市场流动到商业院线市场所面临的困局做出反思。",以电影《老兽》为例,孙长江,北京电影学院学报,J905,105-111,7
94,由“博纳式主旋律影片”谈中国电影人的时代责任与担当,于冬;翁旸,博纳影业集团北京电影学院管理学院,O,"为积极传播正能量,激发师生爱国情怀,倡导新学年良好学习工作氛围,提升师生向心力、凝聚力、战斗力,北京电影学院开展了新学期师生思想政治教育""开学第一课""和""学习宣传贯彻习近平新时代中国特色社会主义思想及党的十九大精神""系列活动,邀请校友携片返校交流,活动已陆续展映了《厉害了,我的国!》、《红海行动》等主旋律影片。《红海行动》是中国建军90周年及党的""十九大""献礼重点影片,由博纳影业集团股份有限公司、中国人民解放军海政电视艺术中心等出品,故事以真实的海外撤侨事件为背景,讲述了中国海军""蛟龙突击队""临危受命,执行撤侨任务的惊险过程。影片从头至尾贯穿着爱国情怀、民族精神,以及中国军人百折不挠、不畏强暴、尽忠职守、捍卫国家尊严的崇高品质和人道主义精神。",北京电影学院学报,2018-05-05,期刊,J905,112-115,4
95,从日占时期的新加坡电影放映看日本对东亚共同体的想象与构建,庞艳芳,武汉大学艺术学院,日治时期;新加坡电影;东亚共同体;,"太平洋战争时期,日本将侵略步伐扩张至东南亚,为了服务于地理上的扩张,日本提出了""大东亚共荣圈""的宣传口号。在这种背景下,日本的""大东亚映画圈""也随之建立。""大东亚映画圈""不仅是高度一元化的电影管理系统,同时也是日本利用电影宣传让占领地人们形成对""大东亚共荣圈""的想象,最终为日本的战时建设服务。日治时期的新加坡是日本南方放映系统的中心,因此新加坡电影的放映情况反映了日本构建大东亚的野心和策略。",北京电影学院学报,2018-05-05,期刊,J909.339,71-81,11
96,疾病的隐喻,,北京电影学院电影学系,O,"<正>赵斌(以下简称""赵""):这部电影我已经看了三遍,就在刚刚看完之后,仍然还有那种透不过气来的压迫感。对于那些平庸日常生活中的突发性灾难,好像现代人特别缺乏应对能力。生活突然被击穿的震惊情绪很容易引起当代观众的同感。克里斯汀·丽邦德(以下简称""克""):艾滋病导致了生活的垮塌,这其实这不是什么新鲜事,但是对电影中的这个家庭,或者说,对于生活在瑞士的富裕阶层,的确是晴天霹雳。赵:关于疾病的隐喻,的确是当代艺术作品非常",瑞士影片《真空》创作谈,克里斯汀·丽邦德;赵斌,北京电影学院学报,J905,134-139,6
97,叛逆是我的天性:丹麦导演安妮卡·贝尔格访谈,安妮卡·贝尔格;王垚,北京电影学院电影学系,O,"<正>王垚(以下简称""王""):昨晚《飓风小队》的放映非常成功,我看到一些评论,有人说这部电影就应该站着看。这部电影2017年在威尼斯电影节就非常成功,还获了奖。之后你还去了什么电影节吗?安妮卡·贝尔格(以下简称""安""):谢谢!我去了鹿特丹、西南偏南(SWXW)……还有好几个电影节。我也很高兴能来北京,接下来我还要去韩国的全州电影节。王:首先还是想请你谈谈你所受到的电影教育,丹麦电影学院(National Film School of Denmark)是一",北京电影学院学报,2018-05-05,期刊,J911,140-144,5
98,可视的学术研究,,北京电影学院摄影学院北京电影学院中国电影文化研究院,学术型艺术展;策展艺术创作;展览视觉艺术表达;,"学术型艺术展,即将学术研究后得到的观点、见解、理念,用艺术展览的形式视觉化表达出来,让受众可以在一个特定的空间内,通过以展品观看为主的方式来体会并理解学术观点和理念。因此,学术型艺术展是学术研究和艺术展览的跨界与合作,策展人或策展团队一方面是学术研究者或研究团队,另一方面也是艺术展览的创作者或创作团队。艺术策展工作就如同将一篇学术论文用展览的视觉语言或视、听语言进行艺术化表达与传播。以《中国摄影书展》为例,分析它在中国北京和在法国阿尔勒采用了明与暗两种完全不同的展览视觉艺术表达,体现了学术研究中两个既对立又统一的维度上对影像和历史的认知态度。这样的展览艺术创作具有创新性和探索性,它不仅是学术研究的表达,也是学术研究本身,并为该研究增加了深度与广度。",关于学术型艺术展的探究,朱炯;崔延敏,北京电影学院学报,J4-28,171-176,6
99,艺术类高校教师评价指标构建研究,,北京电影学院人事处首都经济贸易大学,艺术类高校;教师评价;指标体系;,"研究主要集中于解决艺术类高校教师评价指标体系构建中存在的两个问题,即缺乏对于艺术创作的评价指标,以及缺乏定量的评价体系。研究以教师角色定位为起点,探讨了将艺术创作纳入艺术类教师评价指标体系的必要性。通过选取美国艺术类高校及国内一流高校的教师评价指标,并结合德尔菲法确立了教学、科研、创作、服务四个层面指标。随后通过层次分析法对评价体系的各项指标进行赋权,得到艺术类教师评价的一般标准。最后对于各院系的评价指标权重结果进行聚类分析,得到符合学校教师特点的分类别评价标准。",以北京电影学院为例,潘卓超,北京电影学院学报,G645.1;J0-4,165-175,11
100,关乎人文,,清华大学,改革开放;新时期中国电影;思想解放;中国电影史;,"改革开放40年,与中国历史进程息息相关,中国电影走过了一条马鞍型发展道路,经历了从高峰到低谷再到复兴的发展历程,体现了中国电影与时俱进的巨大生命力。电影成为时代进程的一面镜子,时代成为电影发展的重要动力。电影对于满足大众日益增长的文化需求、对于现代文化的继承创新、对于中华文化的国际传播和国际影响、对于文化产业的发展,都产生了重要影响。",化成天下,,改革开放40年的中国电影,J992,5-10,6
101,2017年国产电影表演美学述评,厉震林;罗馨儿,上海戏剧学院上海大学上海电影学院,国产电影;表演美学;深度表演;非颜值化表演;,"2017年是表演作为国产电影的美学和产业要素而备受关注的一年,社会对电影表演的认识度加重和加厚,在某种层面上触发了对表演艺术的再定义、对表演美学的再认识以及对演员市场价值的再评估。从动作片、喜剧片、神怪魔幻片、轻电影、新主流电影等类型的年度表演美学状态中,呈现出深度表演、外国题材改编翻拍的影片表演、非颜值化表演等表演美学现象。对这些年度主要影片的表演美学分析,基本上可视作本年度电影表演美学的学术综述。",北京电影学院学报,2018-03-05,期刊,J912,11-18,8
102,“中国故事”的原力觉醒,,上海大学上海电影学院,奇幻电影;传统文化;文化原型;中国故事;在地性;,"奇幻电影作为外来电影类型,其""在地性""虽还处于探索阶段,但奇幻元素参与到中国故事中呈现出的样态、传达的观念往往都是东方式的。如何在继承传统文化的基础上,以中国式风格打造具有中国特色的奇幻电影,既是一个有吸引力的愿景,也是一个现实的探索方向。中国传统文化原型的呈现既是一种现实,也应该是一种策略。立足当代文化语境,探讨奇幻电影中的""中国故事""及其呈现出的视觉化、当代化以及消费主义的文化特征,是电影创作给理论界提出的新命题。通过描述中国奇幻电影在类型化的发展中承载的文化内涵和民族特色,可以由文化到工业,讨论其带动重工业电影发展和中国电影的产业升级的可能性。",新世纪中国奇幻电影中传统文化原型的呈现,程波,北京电影学院学报,J905,19-27,9
103,关于类型电影与艺术电影的对话,周学麟;陈旭光,新西兰奥克兰大学影视传媒系北京大学艺术学院,O,"<正>陈旭光:关于类型电影或电影类型的研究,可以说是中国电影这几年的""显学"",电影导演们在全面实践,评论家们在理论解析和大力呼吁。而从类型的视野、角度探讨中国电影或者说当下中国电影中的类型批评,我认为意义是很大的。这种批评切近了电影作为大众文化、文化工业等的品性,以及艺术性与商业性的折中结合问题,涉及到中国电影从创意、叙事、形态到生产、宣发、市场接受的全过程、全方位的众多问题,是一个相当务实有效的视角。",北京电影学院学报,2018-03-05,期刊,J905,28-35,8
104,华语电影海外互联网传播的“网络榜单社群主义”,,北京大学艺术学院东北师范大学,华语电影的海外传播;电影传播学;网络传播电影观众趣味;电影榜单;,"本文以英语电影网站IMDb Top 250电影榜单为考察对象,通过对该榜单历年上榜影片和曾上榜影片在国别(地区)和语言上的统计,分析华语电影的海外互联网观众趣味,并通过将网络电影榜单与好莱坞和奥斯卡相并置,得出网络电影榜单作为华语电影海外传播的新方式,及其所存在的问题,希冀为当前在""重写电影史""史学研究背景下的""走出去""研究提供一个华语电影互联网传播的视角和方向。",以英语电影网站IMDb,Top,250电影榜单为中心,J943,36-42,7
105,弹幕电影:媒介与艺术的博弈与融合,,北京师范大学艺术与传媒学院,弹幕电影;弹幕观影;网页弹幕;影院弹幕;屏媒弹幕;,"弹幕是媒介之维,电影是第七艺术,弹幕电影的发展和转变,本质上是媒介属性和艺术属性之间的博弈和制衡。回顾弹幕电影在当前中国的发展和演变,大致可分为网页弹幕场景、影院弹幕场景以及屏媒弹幕场景三个阶段,这三种媒介生态下弹幕场景的生成,体现了媒介与艺术之间""结合—博弈—融合""的转变路径。具体厘清这三个阶段电影弹幕场景的形态和特征,对判断弹幕电影的未来趋势,具有重要的意义。",论媒介语境下电影弹幕的三次生成,李侃,北京电影学院学报,J943,43-48,6
106,政治谱系与生态的迁变,,北京电视台北京国际电影节运行中心中国传媒大学动画与数字艺术学院,柏林国际电影节;艺术性;文化性;,"相对于戛纳与威尼斯国际电影节的艺术标举,柏林国际电影节以""政治性""闻名于世。本文梳理柏林电影节1951年至2016年的历史可知,其""政治性""的衍生、样态、演变枝蔓繁杂。""政治性""是柏林电影节诞生以来的基因,尽管在全球化浪潮中,柏林国际电影节不断调整""政治性""的疆域与谱系,以适应电影文化产业的需要,形成了政治、市场、文化共生的生态,但是""政治性""依然是其标立于世、蕴含商机和民主号召力的品牌性符号。",柏林国际电影节“政治性”的历史纵观,崔岩;张启忠,北京电影学院学报,J991.7,49-57,9
107,电影局专资办数据在票房营销策划与决策模式中的应用,郁笑丰,北京电影学院管理学院,精准营销;潜在观众;观众购票数据;,"中国电影产业的飞速发展令人欣喜,然而辉煌的宏观数据背后却有近八成影片没有盈利甚至难以收回成本。电影票房营销费用的逐年增高和营销模式的传统落后,已成为当下中国电影产业发展的其中一个瓶颈问题。电影票房营销在电影自身营销效果需要和观众消费需求的双向驱动下,改变传统模式走向精准化将是大势所趋。本文试图以精准营销理论为指导,以观众需求为导向,基于电影局专资办数据库的数据分析和研究,试图实现形成基于观众购票数据为驱动的电影票房精准营销模式的决策解决方案,并在本人的实际电影项目工作中进行运用,并根据实施效果进行修正、调整和优化,以期为中国电影业界的票房营销""破局""提供实际的借鉴意义。",北京电影学院学报,2018-03-05,期刊,J943,58-66,9
108,离心电影导论,珍妮特·哈伯德;丁艺淳,伦敦玛丽皇后大学北京大学艺术学院,O,"<正>一、导论在《离心电影》这本书中,表现出的是一种试图抓住那些可能被称为""电影中缺席的历史""的冲动。这种电影,直至其消极形式被视作一组对象、网络、实践和迭代,都并不可见。这正是我所要谈及的离心电影,一种不仅仅是存在于电影边缘的、瞬息的电影,而是以其消极形式展现日常生活中直接光影的电影,而这种电影至今仍未能选定。这本书采用了一种哲学上驱动的考古学方法,引出了在我们所拥有的电影周围和内部的电影,它的形",北京电影学院学报,2018-03-05,期刊,J90,67-76,10
109,现实的退场与“实在界”的回归:齐泽克的电影哲学,戴宇辰,华东师范大学政治学系,齐泽克;电影哲学;形式分析;想象—象征—实在;,"齐泽克认为,现实并不一定比电影""更真"";相反,现实是由不同的象征性网络交织而成的""虚构"",而电影才是能够穿透这些虚构达到""真实""的一条通道。为此,齐泽克提出了一种关于电影文本的""形式分析""模式,借助拉康的想象—象征—实在三元组,齐泽克描述了实在界在电影文本中的返回,从而开创了一种穿越幻象、直面实在界的电影哲学。",北京电影学院学报,2018-03-05,期刊,J90,77-86,10
110,论戈达尔电影中的静态画面,陈奇佳;钟美婷,中国人民大学文学院,静态画面;姿态;面容;噪音;史诗剧;,"基于传承与创新的需求,同时也基于美学趣味与艺术形式的考量,戈达尔的创作凸显了对""静态画面""的重视。借助姿态、面容与声音连续体,他转换了行动、性格和补充性声音的概念,拓展了电影的视听及叙事可能性。他的这种努力,有力地推动了布莱希特史诗剧理论在电影艺术领域的实践。",北京电影学院学报,2018-03-05,期刊,J904,87-95,9
111,诗意地凝视,,北京电影学院电影学系中国政法大学,O,"<正>沃纳·赫尔措格(Werner Herzog)从20世纪60年代作为""新德国电影""最重要的导演之一而载入电影史册。这位来自德国巴伐利亚的曾被称为""电影狂人""的导演,从胶片到数字电影时代依然保持着旺盛的创作热情和丰富的产量。到2016年他执导了19部长片虚构片,7部短虚构片,28部长片纪录片,8部纪录短片,两部系列电视纪录片以及18部舞台歌剧。他从第一部纪录片《东非飞行的医生们》(The Flying Doctors of East Africa,",沃纳·赫尔措格访谈,沃纳·赫尔措格;孙红云;徐亚萍,北京电影学院学报,J911,96-105,10
112,由电影《芳华》的摄影创作谈起,,北京电影学院摄影系,O,"<正>问:对于《芳华》这部影片摄影方面的创作思路是怎样形成的?答:一开始冯小刚导演(以下简称冯导)说要拍这部影片的时候,我看完小说以后也有点不知道该怎么拍。最大的问题就是在于担心会不会跟别人拍的一样。因为张艺谋拍过《山楂树之恋》,后来还拍过《归来》。此外还有一些电影,也拍过类似的一段历史,这其中也包括电影《孔雀》。于是我把就这些影片都一一看了,但是之后的直觉告诉我,不能拍成以前影片的那个基调。然后我",对话摄影师罗攀,罗攀;高杨;聂国群;茹纪晓,北京电影学院学报,J904,106-111,6
113,媒介考源学:退化的诗学,托马斯·埃尔泽塞尔;竺萃,阿姆斯特丹大学电影电视学系浙江科技学院艺术学院北京大学心理与认知科学学院,O,"<正>""在某个精确的瞬间,剧变令电影退却,终成艺术。""这种富含感染力的幻想暗示着电影元历史学者的一次特殊任务。[1]一、序言如标题所述,笔者的论述带有些许回顾性。不仅仅因为它们来自于过去二三十年我们对电影史和媒介考源学研究中所做的自我拷问和反思,就作品而言,意大利北部的三角地带,波代诺内—博洛尼亚—乌迪",北京电影学院学报,2018-03-05,期刊,J905,112-123,12
114,艺术与媒介的类考古学和变体学与电影,齐格弗里德·齐林斯基;李诗语,柏林艺术大学时基媒体研究所(Time Based Media)媒介理论研究系北京大学艺术学院,O,"<正>一、可利用的媒介是充裕的/过剩的通过互联网的建立,一种基于远程单一媒介条件下的个体化大众媒介于当下在世界范围内得以实现,因此,也就没有理由继续假设当下最先进的通信技术同时也能代表最先进的文明发展。从20世纪90年代早期开始,我就力图阐明这一观点,这也驱使我开始研究一系列当下的过往(the Past in the Present),那些比现实存在更令人兴奋,也许也更适用于未来的",北京电影学院学报,2018-03-05,期刊,J905,124-133,10
115,铜钿问题,,中国电影艺术研究中心,经济生活;电影人;电影史;日常生活;收入;消费;福利;,"本文以战前20世纪30年代上海电影人的日常经济生活为研究对象,讨论了收入、消费、福利等个人经济生活与电影行业生存状态、社会想象、电影创作的关系。本文特别分析了在20世纪30年代社会分配制度不成熟、福利制度不完善、现金短缺、国民政府对进步电影进行文化围剿等复杂社会环境中,进步电影人借助个人经济的能动性得以创作的过程。",上海电影人的经济生活与电影生产(1930-1937),李镇,北京电影学院学报,J909.2,134-146,13
116,不计代价,,北京电影学院影视技术系北京电影学院影视实验中心,O,"<正>《至暗时刻》(Darkest Hour)主要为实景拍摄,摄影指导布鲁诺·德尔邦内尔(Bruno Delbonnel)为美国摄影师协会会员和法国摄影师协会会员,在他的帮助下重现了战时伦敦和温斯顿·邱吉尔(Winston Churchill)如何阻止了德国对于英国的瓦解。《至暗时刻》时间被设定在第二次世界大战刚刚爆发不久后的1940年,围绕着丘吉尔的权力崛起之路,以不屈不挠的精神不惜一切代价打击敌人、粉",电影《至暗时刻》摄影创作分析,菲尔·罗德;曾志刚;罗梦舟,北京电影学院学报,J931,147-151,5
117,虚拟拍摄中总体视觉造型观念的应用研究,陈汝洪,北京电影学院美术学院,虚拟拍摄;特效合成;数字技术;视觉效果;造型观念;,"当代电影创作中,数字虚拟拍摄所占比重越来越大。然而,虚拟拍摄不能成为独立于影片风格之外炫耀技术的噱头,它的存在是为了叙事更加顺畅、视听更具张力。通过虚拟拍摄与数字合成的段落应当在造型风格上与全片浑然一体、协调一致。创作者自始至终地把握整体造型观念,电影虚拟拍摄才更具可信性和生命力。摄影师必须谙熟未来背景合成影像的光影结构、透视角度、景深层次等造型关系,最终使影像与合成的背景实现无缝衔接,达到以假乱真的视觉效果。",北京电影学院学报,2018-03-05,期刊,J931,152-156,5
118,"科技冬奥,北京8分钟",,O,O,"<正>2018年2月25日,在韩国平昌冬奥会闭幕式上,由中国著名导演张艺谋执导的《2022相约北京》文艺表演(以下简称""北京8分钟"")作为北京冬奥会面向全世界的首次亮相,奉献了一台蕴含丰富中国文化、结合创新影像科技、展现新时代中国形象的文艺精品。北京电影学院未来影像高精尖创新中心受北京冬奥组委会的委托,组建了""北京8分钟""虚拟视觉团队,全面负责平昌冬奥会和冬残奥会闭幕式演出的虚",北京电影学院未来影像高精尖创新中心圆满完成相关技术支持,,北京电影学院学报,J905,176-177,2
119,略论艺术类高校招生与教学管理的关系,,北京电影学院摄影系北京市黑芝麻胡同小学北京电影学院中国电影文化研究院,艺考招生;教学管理;案例分析;,"面对时代的飞速发展,艺术类高校传统的教学与招生模式正在暴露出各种问题。通过对艺考招生、教学管理的细致分析,笔者发现问题解决的关键是将艺考招生纳入大学教学体系的全流程管理之中,使用教学管理的现有框架和科学方法,提升招生的效率和效果;同时又注意艺考招生的特殊性,促进其引导作用和对教学体系的直接影响。摄影系的实践案例验证了上述分析框架的可行性与科学性,为后续工作的深入展开提供了参考和示例。",以北京电影学院摄影系为例,樊华;刘姌;程珊珊,北京电影学院学报,G647.3;J40-4,157-164,8
120,校友于冬携片回母校放映&座谈,,O,O,O,北京电影学院学报,2018-03-05,期刊,G649.28,2,1
121,刷脸时代的艺术边界重塑,黄鸣奋,厦门大学人文学院中文系,位置;刷脸;艺术边界;人工智能;融媒;娱乐经济;,"艺术边界问题是从对艺术位置的考察引发出来的。这种考察受研究者自身所处的位置的影响。处在面部识别技术大行其道的""刷脸时代"",分析艺术所处的自然位置、心理位置与社会位置,我们发现:当下对艺术边界的重塑主要是由人工智能通过人机互动、信息革命通过媒体融合、娱乐经济通过""互联网+""进行的。",北京电影学院学报,2018-01-05,期刊,J05;TP391.41,33-42,10
122,电影是属于一个人的作品,,北京电影学院美术系,O,"<正>霍廷霄:蔡明亮导演出生于马来西亚,毕业于台湾""中国文化大学"",专修电影与戏剧,台湾影视导演编剧。1984年,蔡明亮担任编剧的电影《小逃犯》获得21届台湾金马奖最佳剧情片,1992年导演电影处女作《青少年哪吒》获得第6届东京国际电影青年电影樱花铜奖,1994年执导第二部电影《爱情万岁》获得第51届威尼斯国际电影节金狮奖,1997年执导第三部电影《河流》",对话导演蔡明亮,蔡明亮;霍廷霄,北京电影学院学报,J911,28-32,5
123,运动的油画,,北京电影学院动画学院,O,"<正>《至爱梵高·星空之谜》(图1)是一种新的电影创作类型的尝试。随着影片的上映,呈现给中国观众一个不同于其他主流商业电影的题材和故事表达的作品。这部电影2017年在安纳西国际动画电影节荣获了观众选择奖,在第20届上海国际电影节金爵奖获得最佳动画片奖,2018年又被提名美国""金球奖""最佳动画长片。一、传记类动画电影《至爱梵高·星空之谜》是一部关于画家梵高的传记",《至爱梵高·星空之谜》的表达与呈现,李剑平,北京电影学院学报,J954,10-14,5
124,“十七年”越剧电影与沪港两地电影交流,,上海外国语大学贤达经济人文学院上海大学上海电影学院,十七年;越剧电影;《梁山伯与祝英台》;沪港交流;,"戏曲电影是世界电影史上极为独特的电影类型之一,而越剧电影又是戏曲电影的重要分支,也是中国电影的有机组成部分。""十七年""时期的越剧电影在中国电影史上具有无法取代的特殊意义。在越剧电影代表作品《梁山伯与祝英台》出现之前,戏曲片还停留在对舞台的记录上,没有完全脱离舞台。直到它的出现,戏曲电影才开始突破舞台的限制,从戏曲纪录片向戏曲电影发展。作为第一部在香港发行的新中国越剧电影,为沪港两地电影的交流与合作做出了突出的贡献,也在不同程度上引发了粤剧戏曲片的创作热潮和黄梅调电影的诞生。本文试图将历史与文化和电影分析研究相结合,从多元角度勾勒出一部伟大电影的史学脉络和艺术价值。",兼论《梁山伯与祝英台》的戏曲银幕化改编,许元,北京电影学院学报,J909.2,88-94,7
125,论民国时期德国乌发公司电影在上海的传播与接受,熊鹰,武汉大学艺术学院,民国时期;乌发公司;商业制片路线;传播与接受;,"在早期中国电影的发展历程中,欧洲各国于""一战""后开始重拾电影创作,企图挑战好莱坞的世界霸权。乌发电影公司(Ufa)作为德国电影业的执牛耳者,在学习好莱坞电影叙事、美学风格的基础上,创作了迎合民众欣赏趣味的电影作品。这些电影类型众多,风格不一,受到了中国观众与知识分子的注意。乌发电影的出现打破了好莱坞电影一家独大的垄断地位,丰富了早期中国电影市场的外片类型,是民国时期欧洲电影重入中国的缩影。",北京电影学院学报,2018-01-05,期刊,J909.2,95-102,8
126,玻璃眼,莱奥·隆加内西;崔艺璇;姚远,北京大学艺术学院,意大利;现实主义;社会现实;情感;,"这篇宣言由右翼记者、意大利法西斯支持者莱奥·隆加内西发布,以提出""墨索里尼永远是对的""的口号而闻名,尽管这也许并非出自其本意。隆加内西是最早提出支持意大利现实主义电影的,远早于西柴烈·柴伐梯尼(Cesare Zavattini)和其他新现实主义的导演。隆加内西认为,其他国家的电影涉及到了社会现实,而意大利电影却忽视并否认这些事实。重要的是,这位法西斯批评家看到了现实主义的重要性,因为新现实主义通常被理解为对法西斯时代的回应。他号召意大利电影导演扛着摄像机到大街上去,拍摄一种非好莱坞模式的意大利日常生活的现实主义电影。在这篇宣言的影响下,20世纪30年代末,意大利报刊上出现了许多言辞激烈、慷慨激昂的论战文章,他们抨击昔日的意大利电影和""白色电话片"",同时拥护新现实主义电影,意大利电影也在现实主义的影响下获得了复兴。",北京电影学院学报,2018-01-05,期刊,J909.546,104-107,4
127,遗产电影批评概述,李二仕;杨一红,北京电影学院文学系,遗产电影;英国电影;国族想象;,"本文梳理遗产电影作为英国典型国族身份呈现的电影现象与艺术流派,其源起、概念、代表作品,以及发展演变的过程,补充了安德鲁·希格森和约翰·希尔两位英国学者的个人和相关著述介绍,从而对研究和批评遗产电影最具代表性的学者及论述做了简要概括。",北京电影学院学报,2018-01-05,期刊,J905,128-132,5
128,有关遗产电影的议题和讨论,约翰·希尔;欧阳霁筱;李二仕,北京电影学院文学系,遗产;怀旧;性别;,"本文作者从较为中立的角度,结合众多学者对于遗产电影的评价及大量影片例证,从遗产文化、怀旧之情、性别政治学等多个角度来对遗产电影进行客观分析,并进一步阐释英国电影的""国族特质""。从而使得人们更为全面地了解遗产电影,也为英国电影的学术研究提供更多角度的思考。",北京电影学院学报,2018-01-05,期刊,J905,133-147,15
129,再现英国国族过去:遗产电影中的怀旧和拼贴,安德鲁·希格森;李二仕,北京电影学院文学系,英国遗产电影;再现;怀旧;拼贴;,"20世纪80年代兴起英国遗产电影的概念,传承弘扬了传统的古装片类型,并结合了撒切尔执政时期的社会时代和政治背景因素。本文分析遗产电影以怀旧和拼贴的方式,对过去的英国进行了一次以英格兰的呈现代替并覆盖全英国的国族想象,论文涉及遗产电影中叙事和视觉呈现之间的矛盾,基于文学改编的批判性也因为视觉展览主义而削弱了电影的批判性,此外对真实性和英国演员的表演也有相关的阐述。",北京电影学院学报,2018-01-05,期刊,J905,148-158,11
130,《银翼杀手2049》幕后制作解析,乔·福特汉姆;曾志刚;罗梦舟,北京电影学院影视技术系北京电影学院影视实验中心,O,"<正>1982年夏天,当时影院里满是外星人、鬼屋、爆炸的飞船这类题材的影片,正当观众们涌入影院时,一部汇集情感与科幻的电影横空出世,这便是雷德利·斯科特的《银翼杀手》。这部以2017年的洛杉矶为背景的R级悬疑惊悚片由汉普顿·范彻(Hampton Fancher)和大卫·皮普尔斯(David Peoples)根据菲利普·K·迪克(Philip K.Dick)的小说《仿生人会梦见电子羊吗?》(Do Androids Dream of Electric Sheep?)改编,讲述了一名侦探追踪一群叛逃的连锁6型复制人的故事,这群机器人为了重新生活而逃离他们的",北京电影学院学报,2018-01-05,期刊,J93,159-169,11
131,电影前期制作方略,张会军;吉亚太;张樵,北京电影学院摄影系,O,"<正>今天的中国电影工业已经取消了导演中心制模式,取而代之的是一种出品人、制片人中心制的规范模式,进入了电影出品公司和电影制片人主导的时代。虽然,目前国内的电影制作机构、制片厂、电影人对制片人制度还并不太适应,也没有完善的电影制片人手册和电影制片管理条例。但是,制片人机制的观念开始建立,并逐步深入人心,其运作模式已经开始实践,成功的电影案例越来越多。当下,很多投资公司关注电影投资和电影制片,特",北京电影学院学报,2018-01-05,期刊,J904,170-176,7
132,精致的温情主义,,北京大学艺术学院,两个自相矛盾的“冯小刚”;怀旧歌舞“奇观包”;冷峻;反讽;价值系统;精致的温情主义;,"影片《芳华》中有两个自相矛盾的""冯小刚"":前一个热烈怀旧,后一个冷峻反讽。这两个冯小刚在审美上并非水乳交融而是相互分裂:在过度的怀旧歌舞""奇观包""包装出来的唯美主义式美感与无情的人际戕害导致的丑恶感之间,缺乏来自价值链条的合乎逻辑的勾连,暴露出本不应出现的美学脱节。影片的一个关键缺失集中在:叙述人萧穗子的回忆式叙述中,没有对当年事件的是非善恶的对错价值判断做出理性反思和自我忏悔。这就暴露出《芳华》旨在促进观众消费的精致的温情主义动机。影片有意识地在怀旧影像系统与冷峻反讽影像系统之间维持一种精心设计的美学平衡,导致以显著的缅怀之情暂时遮掩住冷峻反思或批判力度之不足所带来的美学遗憾,试图让观众在投入地消费其怀旧感时,于不知不觉中无限期地推迟对郝淑雯和萧穗子等人物过失的理性反思。",影片《芳华》中的两个“冯小刚”,王一川,北京电影学院学报,J905,5-9,5
133,电影是一个非常自由的世界,,O,O,"<正>园子温:《爱的曝光》(愛のむきだし,2008)这部作品是我和横滨先生一起制作完成的,我和横滨先生还合作了其他几部作品,我们双方的合作都非常愉快。《爱的曝光》是我和横滨所在的Omega公司合作的最后一部电影,这部作品应该说是我们双方的集大成制作。之后跟另一家公司一起创作了《庸才》(ヒミズ,2011),这部作品是在日本""3·11""大地震之后,发生福岛核电站事故的背景下创作的。在日本进行电影创作其实有很多的限制,我每次",鬼才导演园子温访谈,园子温;横滨丰行,北京电影学院学报,J911,24-27,4
134,数码爆破:动力学电影特效的美学特征,陈涛,中国人民大学文学院,数码爆破;动力学特效;长镜头;吸引力;图像化;,"数码电影中由CGI所建构和营造的""爆破""场面,可以从吸引力、长镜头、群体化三个方面思考其""动力学""特效的美学特征。首先,爆破、碎裂、火焰、烟尘等""动力学""特效场面试图将""吸引力""和""叙事性""两种美学与功能熔于一炉,不仅突显了当代影像的""奇观化""特征,而且同早期""戏法片""等光学特效传统一脉相承。其次,""爆破""等特效场面应用虚拟摄影机来进行更为流畅的场面调度,数码长镜头一方面强调了从时间化到空间化的转变,另一方面以一种极度的紧张感代替了传统长镜头的""慢电影""美学。再次,""爆破""等灾难性和浩劫性叙事元素往往指向一种""末世情结"";尤其借由""数码群体""的大量复制和合成,在压缩的空间中表达一种无限性时间的主题。借由对""数码爆破""的探讨,同时也可反思和质疑巴拉兹和麦茨等人对于特效""叙事化""属性的认知以及巴赞和克拉考尔等人对于电影""照相本体论""的强调。",北京电影学院学报,2018-01-05,期刊,J916,65-72,8
135,关于电影的一些想法,西柴烈·柴伐梯尼;崔艺璇,北京大学艺术学院,意大利;新现实主义;真实;日常;,"柴伐梯尼在此篇宣言中认为,新现实主义电影在运动本性和摄影机捕捉""真实""(Real)的可能性方面,具有客观描述性和中立性。这种观点以某种方式回应了安德烈·巴赞(AndréBazin)的《摄影影像的本体论》(Ontologie de L’image Photographique,1945)。柴伐梯尼的宣言在许多方面与莱奥·隆加内西在《玻璃眼》(The Glass Eye)中提到的观点具有类似性;而隆加内西所盛赞的美国电影的某些方面,却受到了柴伐梯尼的谴责。",北京电影学院学报,2018-01-05,期刊,J909.1,108-114,7
136,锡切斯宣言,曼努埃尔·雷维尔塔;安东尼奥·阿尔泰罗;乔辛·乔达;朱利安·马可;王伟,北京大学艺术学院东北师范大学,巴塞罗那学派;实验电影;民主联盟;,"锡切斯会议是自1955年萨拉曼卡会议以来的12年后,首次在西班牙举办的公开电影论坛。""锡切斯宣言""也被称为""巴塞罗那学派宣言""(""Barcelona School Manifesto""),实际上是巴塞罗那学派的一次创作原则声明,该学派自认与西班牙新电影和佛朗哥主义(Francoist)的电影制作模式彻底决裂。这次会议的意见颇为极端,以至于会议结论尚未得出就被国家警察强行终止了。而巴塞罗那学派则成为20世纪60年代末西班牙政治参与中心、左翼思想中心,同时也是实验电影中心。",北京电影学院学报,2018-01-05,期刊,J909.551,118-119,2
137,自由电影宣言,张立娜,自由电影委员会北京大学艺术学院,O,"""自由电影""是由林赛·安德森、卡雷尔·赖兹、托尼·理查德森和沃尔特·拉塞利在伦敦英国国家影剧院组织放映的六组影片。放映会正值1951年的""英国节""(the Festival of Britain)后不久,彼时,""愤怒的青年""代表人物约翰·奥斯本(John Osborne)的戏剧、金斯利·艾米斯(Kingsley Amis)的小说也相继上映、发表。其中三场放映是具有英国特色的,使公众注意到英国工人阶级的文化和英国新形式的纪录片;而另外三场则放映了外国短片,其中包括弗朗索瓦·特吕弗(Fran?ois Truffaut)、诺曼·麦克拉伦(Norman Mc Laren)和罗曼·波兰斯基(Roman Polanski)的作品。自由电影捍卫一种独特的电影美学,其有别于好莱坞、英国传统故事片和格里尔逊式纪录片,而后转向英国纪录片传统的反对者汉弗莱·詹宁斯(Humphrey Jennings)的创作理念。自由电影强调电影工作者要承担社会责任、重视日常生活题材,而不要过分进行个人化的表达,要摆脱电影制片业的商业桎梏,取得创作自由。",北京电影学院学报,2018-01-05,期刊,J909.561,120-122,3
138,因果解释与叙事,,西南大学文学院北京大学美学与美育中心,诺埃尔·卡罗尔;叙事联系理论;叙事;因果关系;,"在当代哲学中,对于叙事区别于其他再现形式的独特之处,有三种不同的看法:1.叙事的独特之处在于其再现的内容,例如各种具体事件及其关系;2.叙事的独特之处也在于其再现的独特方式,因而""叙事""不是一个范畴,而是有程度的或等级性的;3.事件之间的因果关系对于叙事是不必要的,进而,叙事不具有真正的因果解释效力。诺埃尔·卡罗尔(No?l Carroll)的叙事联系理论及其引起的争论揭示出叙事的复杂性。",诺埃尔·卡罗尔的叙事联系理论及其争论,黎萌,北京电影学院学报,J905,50-58,9
139,数字电影技术:走出主体性危机的现代艺术契机,钟锦,华东师范大学哲学系,数字技术;先验的主体性;康德;,"数字技术给我们带来反思古典精神的重要契机,而这种反思恰恰可以更为有效地使我们走出主体性危机。数字技术所提供的便捷的信息获取途径,虽然一方面加重了科学的功效性,一方面也使获取者具有更加便捷地突破狭隘功效性的可能。""先验的主体""于是基本不再具有现实生存境遇的意义,必将被消解。假如现实生活世界的拓展尚需时日,那么数字技术下的电影世界理应为我们提供一个前瞻性的场景。",北京电影学院学报,2018-01-05,期刊,J91,59-64,6
140,袁和平:坚守线性叙事原则的动作设计大师,刘实,南京师范大学文学院,袁和平;动作设计;线性叙事;兼容性;,"袁和平是一位享誉中外的动作设计大师,他以缜密的线性因果链和能够与任何类型片流畅嫁接的强兼容性的动作段落,征服了海内外的合作者与广大受众。本文深度解析了袁和平构建动作段落的具体叙事策略,提炼出袁和平成为""天下第一武指""的两大秘诀:用基于人体常识和力学常识并适度夸张的招式动作连接而成的线性因果链与普适商业故事片叙事模式的高度契合,以及对不同角色、情节和风格的深度把握与""量身定做""。",北京电影学院学报,2018-01-05,期刊,J91,15-23,9
141,时代的背影,,中国人民大学文学院电影学系,《天明》;《忠节难全》;本土化改造;国家话语;“假面”;,"本文通过分析《天明》及其借鉴对象《忠节难全》[1]之间的异同,表明前者在国家话语的建构上是失败的。这种失败一方面是由于《天明》中的菱菱(黎莉莉饰)生活在社会的""假面""之下,无法像《忠节难全》中玛丽·科沃尔(玛琳·黛德丽饰)一样将自己真性情的一面释放出来,因而难以获得观众的认同;并且,菱菱作为窥淫对象的属性也淹没了影片赋予她的革命属性。另一方面,菱菱虽然拥有着一定的行动主权,但其主体视点的缺失则暴露了她的被动地位。同时,在对""本色表演""与""善良女孩""推崇备至的观影环境下,菱菱身上的多重身份根本无法成功融合为一体,只能沦为一种奇观,而建构在这种奇观上的国家话语自然也是难以立住脚跟。",从《天明》的本土化改造看国家话语建构的失败,齐仙姑,北京电影学院学报,J909.2,73-80,8
142,恐怖电影与意识形态:关于《夜半歌声》(1937)的精神分析式解读,周舒燕,中山大学传播与设计学院,夜半歌声(1937);恐怖电影;意识形态;缝合;齐泽克;,"齐泽克的意识形态理论为解读恐怖电影带来了新的理论导向。本文重读1937年的《夜半歌声》,讨论在再现与政治的反映论之外,充满感官刺激的恐怖电影如何从无意识层面与意识形态勾连。通过分析电影的恐怖元素如何充当文本潜在的意识形态缝合节点——包括""双生""主体的替换、无源头的声音以及疯女人的凝视,试图指出《夜半歌声》在生成诡异的同时,亦将文本中的恐惧、焦虑以及欲望转化为一种关于革命的超我指令以及言说历史的责任感。",北京电影学院学报,2018-01-05,期刊,J909.2,81-87,7
143,萨拉曼卡国会的萨拉曼卡宣言暨决议,胡安·安东尼奥·巴尔登;张立娜,北京大学艺术学院,西班牙电影审查;电影批评;纪录电影;,"""萨拉曼卡国会""于1955年召开,这次会议主要讨论西班牙的电影现状,会议概述了西班牙电影的问题以及阻碍电影发展的因素,同时对政府相关部门以及知识分子提出了要求,并努力为在极权政治下工作的电影工作者提供一种前进的方向。",北京电影学院学报,2018-01-05,期刊,J909.551,115-117,3
144,跨媒介性:多重性的描绘,热拉尔·勒布朗;张艾弓;赵越,厦门大学人文学院北京电影学院电影学系,跨媒介性;观赏状况;观赏处境;主体性;,"技术的发展带来了媒介及其应用方式的多样化,跨媒介性也因此应运而生。观众的观赏状况在此背景下日益丰富起来,但这种表面上的丰富是否真的有助于观众处境的多元化?或者说,它是否能够为观众提供一种真正意义上的自由?作者通过对媒介状况的考察、对适用于所有媒介的三种应用类型(亦即创作者/观赏者处境)的归纳,为永恒摇摆于逃离现实和改造现实之间的观众打开一个新的视界。",北京电影学院学报,2018-01-05,期刊,J905,43-49,7
145,电影序言,雷蒙·威廉姆斯;刘思宇,北京大学艺术学院,电影表演;戏剧传统;情感结构;,"作为研究范围涵盖文学批评、社会学、政治学、戏剧学、传播学等多个领域的学者,雷蒙·威廉斯将电影视为分析社会文化的重要媒介,撰写了《电影作为教程》(Filmas as a Tutorial Subject,1993)、《为电影辩护》(In Defence of Movie,1940)等文章,并作为编剧参与电影创作,作品有《观看之舞》(A Dance of Seeing)、《传奇》(Legend)[2]等。本文写作时,他正在向英国电影学院申请拍摄资金。他对电影的""序言""——戏剧的传统进行了回顾,并初次提出了思想体系中最为著名的""情感结构""概念。情感结构作为社会总体生活体验之中不可分离的部分,只能通过艺术被认知,而电影作为戏剧媒介在传达情感体验方面有着独特优势。因此,他呼吁电影超越传统,创造新的表达方式与美学。",北京电影学院学报,2018-01-05,期刊,J909.1,123-127,5
146,中外影史编者按,,O,O,"<正>本期选译的文章来自于二战前后在欧洲开展的意大利现实主义、英国自由电影运动和西班牙新电影的三次电影美学思潮或电影运动,这些带有宣言性质的文章,抑或是该电影美学创作小组对其电影观念、美学、立场的整体概述,抑或是创作者结合自身的创作经验,对其电影创作、市场、社会等方面的延展性思考;既有代表该电影美学思潮或电影运动的发声之作,也有其后对该电影美学和观念的反思性回应。这些文章绝大多数为国内首次翻译。《玻璃眼》和《关于电影的一些想法》分别是",北京电影学院学报,2018-01-05,期刊,+,103,1
