1,气象武器发展的伦理困境及其应对策略,杨琼;施威,南京信息工程大学科学技术史研究院,战争;气象武器;灾难;伦理;,"现代科技的飞速发展深刻改变了战争的形态及作战方式方法。随着气象科学在军事领域的广泛应用,气象与战争的关系逐渐得到关注和重视。气象武器能够激发气候系统中蕴藏的巨大能量,但这种违背自然规律的行为极易导致毁灭性的、难以控制的自然和伦理灾难。本文从科技伦理角度分析气象武器可能造成的危害,探讨如何规范、控制气象武器开发是当前亟待解决的重要课题。",安徽文学(下半月),2017-12-25,期刊,E92,158-160,3
2,“科幻文艺鉴赏”课程改革的探讨,杨凯,南京信息工程大学科学技术史研究院,科幻文艺作品;教学理念;课程改革;,"本文针对现有""科幻文艺鉴赏""课程所面临的教学困境,研究分析:培养计划对于鉴赏类课程本身存在压制、课程与教学的模式陈旧兼不受重视、教学内容不够丰富以及受众自身视野狭窄等四种不利因素,探索解决方法。该类课程的传统教学模式与方法已经无法适应研究生培养的基本需求,失去了对本专业人才培养的支持作用,因此亟待课程改革。基于实际情况并针对相关问题,本文从教学理念、课程结构、教材的选用、模式与方法等四个方面出发,对""科幻文艺鉴赏""课程的改革方案进行了探讨。",安徽文学(下半月),2017-12-25,期刊,G642;I0-4,108-110,3
4,浅析《雪国》翻译中的译者主体性——以叶渭渠版本翻译为例,韩秀宏,南京信息工程大学语言文化学院,译者主体性;翻译;文化;,"译者主体性这一因素在翻译活动中的作用不容忽视,译者往往因为自身因素以及对作品的理解差异而导致译本完美再现原作或与原作有一定的差异。本文以叶渭渠翻译的《雪国》为例分析译者主体性在语言、思想层面的体现。论证译者的创造性、主体性对作品的完美再现起着重要作用。",安徽文学(下半月),2017-12-25,期刊,H36;I046,65-66,2
5,从《无人生还》两译本翻译策略的选择看译者主体性的体现,阮馨蓓,阜阳师范学院,《无人生还》;翻译策略;译者主体性;,"传统翻译观主张译文应完全忠实于原文,译者也一直处于从属于作者的地位,译者的主体性得不到体现,而现代很多译学家开始关注译者在翻译活动中主体性的体现。本文以《无人生还》两译本为例,通过分析两译本在翻译策略选择上的区别来看译者的主体性是如何体现的。",安徽文学(下半月),2017-12-25,期刊,H315.9;I046,72-73,2
6,从翻译目的论的视角比较《哈姆雷特》选段的两个中译本,宋珍珍,郑州大学外语学院,翻译目的论;《哈姆雷特》;目的原则;连贯原则;忠实原则;,"翻译目的论是由德国学者汉斯·维米尔于20世纪70年代提出的。《哈姆雷特》是著名戏剧大师莎士比亚的代表作之一,对其译本的研究也是很有必要的。因此,为了更好地学习西方文化,从翻译目的论这个视角对朱生豪和卞之琳所译的《哈姆雷特》选段进行研究是必不可少的。本文主要从目的论的三个原则对《哈姆雷特》选段的两个中文译本进行对比分析,从而说明翻译目的论在文学翻译中所起到的重要作用。",安徽文学(下半月),2017-12-25,期刊,H315.9;I046,74-75+89,3
7,在不确定中寻求“确定”感——叙事学视角下《终结的感觉》主要人物分析,孙昕昕,南京艺术学院,《终结的感觉》;叙事学;人物分析;,"传统结构主义叙事的""功能型""人物观可与传统批评的""心理型""人物观相结合,相互补充,共同用于叙事学视角下的人物分析。本文以该理论为基础,分析巴恩斯《终结的感觉》中的主要人物,表明作者通过各种叙事和人物塑造技巧,透过层层""不确定""的表象,最终是为了追求终结所暗含的相对""确定性""。",安徽文学(下半月),2017-12-25,期刊,I561.074,29-30+36,3
8,文本情绪初探——以《百年孤独》为例,杨光,西北民族大学文学院,文本结构特征;文本情绪;百年孤独;马尔克斯;,"文本是一个各种语言突出手段所产生的意义的复合体,而文本的情绪正是在这种复合中生成的。这个过程,也就是文本的自律的过程。文本的自律说明文本就是目的本身。《百年孤独》文本中的俄狄浦斯王式的收到预言——逃避预言——预言实现和西绪福斯循环式的荒诞结构,以及通过拉美人的视角来叙述事物而产生的陌生化效果,受拉美土著文化影响而带有原始宗教迷信色彩的时空观,这三者共同构成了《百年孤独》的文本情绪。故而情绪这个概念不单单是有关人的感性方面的一个概念,情绪在文本中还为文本结构所有,不同的文本结构具有其特定的情绪。一个文本中其对不同文本结构的运用或文本结构对自身进行表现就构成了这个文本的文本情绪。",安徽文学(下半月),2017-12-25,期刊,I775.074,22-26,5
9,从人物塑造和主旨表达看小说《复仇女神》在法国的接受,刘晓旭,浙江大学外国语言文化与国际交流学院,乔纳森·利特尔;人物;主旨;复仇女神;纳粹;,法语小说《复仇女神》以德国党卫军军官的视角描写了二战时期纳粹对犹太人等的屠杀和德国的最终陷落。本文将从小说的人物塑造和主旨表达两个方面分析这部小说在法国知识界的接受。,安徽文学(下半月),2017-12-25,期刊,I712.074,27-28,2
10,论《人性的污秽》中的不可靠叙述,周曦,南昌大学外国语学院,《人性的污秽》;不可靠叙述;道德立场;,"《人性的污秽》中的内森即是剧中的人物,也是主要叙述者,同时也是""作者"",但这并不意味着""我""就是隐含作者。""我""的道德偏差及所站立场会对整个故事的叙述会产生主观影响,导致""我"",也就是第一人称叙述者的不可靠。本文通过分析隐含作者与叙述者之间在叙事上的不吻合,结合多次叙述人称转换之间对事件真实的多角度叙述,揭示作者正是利用不可靠叙述深化了文章的主题,""人性的污秽""。",安徽文学(下半月),2017-12-25,期刊,I712.074,31-32,2
11,无奈的亲情——卡夫卡小说《变形记》中“妹妹”形象的分析,曾悦,北京大学外国语学院,《变形记》;妹妹形象;情感;俄狄浦斯情结;,"卡夫卡的代表作《变形记》中的妹妹葛蕾特的形象十分引人注目,在格里高尔变形的过程中,妹妹的形象也经历了一次变化,她对哥哥的态度在变形前后也显示出了由热到冷的转向。格里高尔对妹妹一直有着特殊的感情,在他心目中妹妹有着非同寻常的地位。正是由于妹妹的抛弃,格里高尔最终走向死亡。但从细节人们可以发现,根本上妹妹对哥哥还是充满爱意的,她对哥哥的感情十分复杂,是一种无奈的亲情。",安徽文学(下半月),2017-12-25,期刊,I521.074,33-36,4
12,浅看日本儿童文学杂志《赤い鳥》中地藏形象的变迁,林子愉,华中师范大学,《赤い鳥》;说话文学;地藏;地藏信仰;机能改变;,"本文旨在通过分析日本儿童文学杂志集《赤い鳥》中地藏这一形象,从日本地藏信仰的角度出发,同时对比日本传统说话文学,探究地藏的形象变迁和机能改变。",安徽文学(下半月),2017-12-25,期刊,I313.078,45-46,2
13,《土生子》中的空间政治,楼育萍,浙江师范大学外国语学院,赖特;《土生子》;空间政治;,"理查德·赖特是20世纪极具先驱性的非裔美国作家。他不仅塑造了""新黑人""形象,开创了""抗议小说""的形式,而且他还敏锐地意识到了社会空间对黑人的压迫。在《土生子》中,他从空间维度细致描绘并深刻剖析了种族隔离给黑人精神和行为带来的影响,揭示了种族主义的空间政治。",安徽文学(下半月),2017-12-25,期刊,I712.074,37-38,2
14,从《红字》女主角解析作者的女性思想,张益民,盐城工学院外国语学院,《红字》;海丝特;女性思想;,"《红字》是美国著名作家霍桑的重要代表作之一,对确立其在世界文坛的地位功不可没。从小说主人公海丝特的主角地位的确立、人物形象的描写以及背叛精神的评价等方面综合分析霍桑的女性思想——同情女性并支持女性解放。",安徽文学(下半月),2017-12-25,期刊,I712.074,54-55+64,3
15,人性的复杂与光辉:《基列家书》埃姆斯的心理解读,胡碧媛;何成风,河海大学外国语学院,玛丽莲·罗宾逊;《基列家书》;阴影原型;救赎;,"美国当代知名女作家玛丽莲·罗宾逊的第二部小说《基列家书》以一位年逾古稀的老牧师约翰·埃姆斯写给幼子的书信撰写家族的发展历史以及个人的感悟冥思。作品中埃姆斯牧师与其教子杰克·鲍顿的交往进程与思想碰撞呈现牧师个人的心理活动和自身的精神境界,由阴影转向救赎,重构心理层面的身份对话,再现人性的复杂与光辉,表达玛丽莲·罗宾逊对人性的深邃剖析与哲学思考。",安徽文学(下半月),2017-12-25,期刊,I712.074,56-57,2
16,多丽丝·莱辛的非女权主义思想研究,许丽芹;凌辰,南昌航空大学,多丽丝·莱辛;《金色笔记》;非女权主义;两性和谐;,"英国文坛老祖母多丽丝·莱辛,2007年诺贝尔文学奖获得者,一直被认为是女权主义的先锋战士和偶像人物,但莱辛本人却多次对女权主义进行反驳和批评,拒绝承认自己是女权主义运动的代表,并认为女权主义运动纯属浪费精力。本文结合女权主义理论研究,深入细读莱辛的杰作《金色笔记》,从莱辛讽刺政治狂热的女性解放,否认崇尚性自由的女性解放,提倡男女两性之间的相互依存和谐共处等三个方面探究莱辛作品中的非女权主义思想。研究表明,莱辛是一位书写男女两性和谐相处、合作互补的非女权主义者。",安徽文学(下半月),2017-12-25,期刊,I561.074,60-61,2
17,论左思、鲍照对门阀制度的批判,陶冬,贵州大学文学与传媒学院,左思;鲍照;门阀制度;批判;,"门阀制度在魏晋南北朝一度占据主流地位。这种畸形的政治制度既孕育了王谢等世家大族的几世辉煌,也催生了寒素阶层的凄苦呐喊。左思、鲍照,一个出生于门阀制度刚刚形成的西晋,一个生活在门阀制度逐渐衰落的南朝,门阀制度影响了两人的一生。他二人在经历过门阀社会的黑暗之后,发出了自己的呐喊之音,左思直击现实,指出门阀制度由来已久。鲍照委婉含蓄,借自己的怀才不遇表达对现实的不满。本文通过分析作为寒士代表的左思与鲍照对门阀制度的批判,探寻其原因,对比其异同,试图阐述这种批判对文学的影响。",安徽文学(下半月),2017-12-25,期刊,I207.22,155-157,3
19,钟求是长篇小说《零年代》人物刻画刍议,吴延生,淮阴工学院人文学院,当代小说;《零年代》;人物形象分析;,"城乡二元结构小说始于""五四""时期,兴盛于当代,因为农耕文化遭遇到前所未有的城市文明的冲击。很多作家关注这一时代背景下的社会凸显的矛盾,已不是新鲜的话题。但温州作家钟求是创作的长篇小说《零年代》,却以特殊的视角反映这一社会现实,给人耳目一新之感,在社会上引起强烈的反响。通过刻画生动的精准的形象加以研究,在挖掘文本价值的同时以彰显其社会价值。",安徽文学(下半月),2017-12-25,期刊,I207.425,7-8,2
20,桃源之死——论废名《桃园》中理想世界的幻灭,赫佳红,西南大学文学院,理想世界;矛盾设置;交叉结构;生死意象;幻灭;,"废名的短篇小说《桃园》保持着和现实的疏离,塑造出了一个幻美的桃花源世界,但却并非避世之作。小说叙事中设置的多重矛盾与结构上呈现的梦幻与现实、生与死交叉叙述特征,直接指向了现实世界的悲苦和无奈,表达出桃源之死的一种怅惋之情与理想世界幻灭的悲剧意蕴。",安徽文学(下半月),2017-12-25,期刊,I207.427,9-11,3
21,论平路小说《东方之东》的性别书写,于迪,江苏师范大学文学院,性别;书写;平路;《东方之东》;,"九〇年代以来,平路的小说创作,不断涉及性别书写,在《行道天涯》《百龄笺》《何日君再来》《婆娑之岛》等小说中不断实现从私领域到公领域的跨越。《东方之东》通过故事、信件、简报、小说等不同形式的叙事话语,众声喧哗,细腻挖掘女性空间、呈现女性不断书写的意义及描摹复杂的两性关系。",安徽文学(下半月),2017-12-25,期刊,I207.42,12-14,3
22,"哥写的不是作,是寂寞——对小说《沉沦》的当下性解读",王东旭,昆明理工大学津桥学院,寂寞;《沉沦》;当下性;解读;,"小说《沉沦》的当下性解读主要从写作主体作者、写作的文本内容、接受者读者三个方面来分析。寂寞是作者创作的来源,写作是为了排遣寂寞,写作的内容是寂寞之心的反映。作品完成后,其解说权就不再属于作者,而是属于读者。不同的时代不同的人对其有不同的解读。而生活在把消费寂寞作为时尚的今天,不妨在此大胆地套用一句流行语:""哥写的不是作,是寂寞。""",安徽文学(下半月),2017-12-25,期刊,I207.42,15-16,2
23,这正是说的阁下的事情——评海波的《民办教师》,徐长玉,延安大学经济管理学院,《民办教师》;制度;权力拜物教;三观;人味;,"海波长篇小说《民办教师》叙述的故事发生在20世纪70年代末期,但故事折射出的问题,迄今仍然存在着,如:制度二重化、设租与寻租、权力拜物教和""三观""扭曲等。因此,该小说仍然有着较强的现实意义。小说表明:不合理的制度必然会导致寻租。为了寻租,人们必然会拜倒在权力的""石榴裙""下,导致人的""三观""扭曲、""人味""尽失。其结果,整个社会必然会上演出越来越多的闹剧、丑剧和悲剧来。小说说明,只有通过全面改革,才能把权力关在制度的笼子里,才能重塑人的""三观"",让人们通过正当努力,实现""往高处走""的人生目的,过上富有""人味""的生活。",安徽文学(下半月),2017-12-25,期刊,I207.425,19-21,3
24,三毛的单纯和成熟,营计德,山东科技大学,三毛;单纯;成熟;流浪;,"总观三毛的作品,孤独与寂寞始终贯穿着她短暂的一生,似乎在她的读者看来,每一件发生在她身上的事,就自然地带着一份不寻常的感觉,""散落于人间的一粒沙""是对三毛超乎一般人的生活以及思维方式极好的总结,很多时候,三毛对于人生的理解,透彻而又深刻,这是她思想成熟的标志。然而,三毛对于自己的人生追求确实极其的单纯与天真,循心而为一直是她的人生态度。那么为什么这看似完全不相容的两种性格特征能同时在一个女子身上发生?",安徽文学(下半月),2017-12-25,期刊,I206.7,52-53,2
25,试论李清照诗词中女性意识的表现及其成因,刘景辉,新疆师范大学,李清照;女性意识;表现;成因;,"李清照是我国文学史上最重要的女性作家之一,其作品带有强烈的女性意识,本文分析了女性意识在其作品中的表现,并从性格、良好的教育和外部环境几个方面,分析了女性意识能够产生在其作品中的原因。",安徽文学(下半月),2017-12-25,期刊,I207.2,58-59,2
26,郭久麟的传记文学创作——一个中国新时期传记文学创作的案例分析,刘佩伟,重庆人文科技学院,郭久麟;传记文学;新时期;,"该文将郭久麟的传记文学创作作为中国新时期文学创作的一个个案进行分析。郭久麟从20世纪70年代末开始创作传记,一直延续到现在。这中间他撰写的对象发生着变化,他对创作方式也努力地进行着开拓。可以说,在郭久麟的传记文学创作中体现了中国新时期传记文学创作的变迁。",安徽文学(下半月),2017-12-25,期刊,I207.5,3-4,2
27,德福教学中的专用语内容及专业交际能力,叶苏,上海理工大学外语学院,德福;专用语;专业交际能力;,"为了使学习德福、参加德福考试的学生适应德国高校的专业学习,德福教学中必须加入专用语知识元素,培养学生的专业交际能力。本文从德福考试的目标入手,总结了德语语言教学中应该结合的专用语知识及专业交际能力。",安徽文学(下半月),2017-12-25,期刊,H09,126-128,3
28,广义语言能力与狭义语言能力二者的对比分析,徐丰,安徽大学国际商学院,广义语言能力;狭义语言能力;组成成分;差异;,"Hauser,Chomsky与Fitch三人在2002年与2005年发表了两篇文章提出了广义语言能力以及狭义语言能力这两种能力,并详细阐释了两种能力的理论背景和发展过程。本文将以这两篇文章为分析对象,更详细地论述这两种语言能力的构成与二者差异。",安徽文学(下半月),2017-12-25,期刊,H08,69-71,3
29,曲沃方言中的重叠式名词,焦康宁,贵州大学文学与传媒学院,曲沃方言;名词;重叠式;,"曲沃方言中存在大量的名词重叠式,但是在此方面的研究是少之又少。文章主要通过对曲沃方言名词重叠式的构词形式进行了研究,显示了曲沃方言在此方面的特点。",安徽文学(下半月),2017-12-25,期刊,H172.2,76-77,2
30,独立学院大学英语分级教学模式的探究——以宁夏大学新华学院为例,龚娜,宁夏大学新华学院,分级教学;大学英语;独立学院;教学模式;,"本文主要以宁夏大学新华学院为例,通过分析大学英语分级教学改革的必要性及其可行性,进而探索大学英语分级教学改革的新模式,并且从分级标准、教材使用和考核方式三个方面提出具体的实施方案。",安徽文学(下半月),2017-12-25,期刊,H319.3,102-103,2
31,雅思教材的编写实践——以《雅思口语教程》的编写为例,李勃,盐城工学院外国语学院,口语教材;《雅思口语教程》;大学英语;,"教材建设是决定课程质量的关键环节,而教材编写作为教材建设的核心组成部分多年来却没有得到足够的重视。本文以《雅思口语教程》为例,按照需求分析、确立教材编写目标、选择教学内容、章节编排和全书设计几个步骤来梳理自编雅思教材的具体操作并指出教材编写实践中需要注意的要点。",安徽文学(下半月),2017-12-25,期刊,H319.3,141-143,3
32,商务英语写作教材的现状和问题研究,陶瑀,上海理工大学外语学院,商务英语写作;教材建设;现状研究;,"商务写作是商务沟通的重要方式之一,它在帮助商务事务的沟通、建立正常的商务关系等方面作用极大。但是,目前我国的商务英语写作教材的建设还存在着很多影响教学的既有以及潜在的问题。本文回顾我国商务英语写作教材建设的历史演变,分析其在教材建设中存在的主要问题,探讨问题的解决方案。",安徽文学(下半月),2017-12-25,期刊,F710-4;H319.3,136-137,2
33,林戊荪《〈论语〉新译》注释策略研究,马燕蕾;王金安,江南大学外国语学院,视域融合;林戊荪;《论语》英译;注释;,"《论语》是拥有最多译本的典籍,因年代久远且言简意深,译为白话文尚需要大量注疏,更不用说译为其他语言。林戊荪《<论语>新译》是较新的英译版本,其研究甚少。本文将系统分类分析林译《论语》中的注释,辨其得失,总结其注释策略,以期为古典原著的翻译加注提供经验和示范。",安徽文学(下半月),2017-12-25,期刊,H315.9,17-18+26,3
34,大国语言关系,施屹立;唐宇萌,上海理工大学外语学院上海理工大学出版印刷与艺术设计学院,全球化;跨文化现象;语言间的吸收/借用;文化自信;,"纵观当今全球化浪潮下的跨文化现象,尤其不可忽视的是中文(汉语)和英语这两大语言以及彼此间的关系。前者是母语人数最多的语言(使用人数约14亿,占世界总人口的近1/5[6]),后者是目前使用人数最多的跨国通用语言(约13亿-15亿[7])。当这两种伟大的语言走到一起,注定应该要发生些什么?是一个同化、吞没另一个?是彼此""井水不犯河水""?还是彼此接纳,相互促进,共同发展?",安徽文学(下半月),2017-12-25,期刊,H314.3,62-64,3
35,认知语言学关照下的英语构词法,秦婷婷,安徽大学国际商学院,构词法;认知;原型范畴;概念整合;,"词汇是语言的重要组成部分。构词法则是词汇研究中不可忽视的重要一环。通过认知语言学中原型范畴理论和概念合成理论两个方面对英语构词法进行分析,以此加深对语言本质的认识。",安徽文学(下半月),2017-12-25,期刊,H314.1,67-68+71,3
36,浅析「かわいい」的词义变迁,林明月,南京信息工程大学滨江学院,かわいい;消极意义;积极意义;,"「かわいい」已成为世界通用语,「かわいい文化」也正风靡全球。本文从时间维度的角度,分析探讨了「かわいい」一词的词义变迁。借助数本权威辞典中对「かわいい」一词的解释说明,明确其语源为「かほはゆし」,并通过比对辞典中的词义,指出「かわいい」的词义变迁趋势,即消极意义弱化,积极意义增强。",安徽文学(下半月),2017-12-25,期刊,H36,78-81,4
37,英汉一词多义互译的范畴语义理据,赵娜,辽宁师范大学,英汉互译;一词多义;范畴;语义理据;,"""一词多义""又可以称同词异义词,是指同一个词语在不同的语篇或语境中具有不同的意义。我们在进行英汉互译的时候,词义的选择对译文很重要。而词语语义理据是指人们对词的形式和意义之间的联想,包括词义扩展、引申和隐喻等。本文大量引用英汉两种语言中一词多义的例子,来探究影响英汉两种语言中一词多义的范畴语义理据的具体表征。",安徽文学(下半月),2017-12-25,期刊,H315.9,82-83,2
38,现代日本语副词的感叹词用法的派生——以「もう」「ちょっと」「まったく」为中心,潘琦,辽宁师范大学外国语学院,「もう」;「ちょっと」;「まったく」;感叹词用法;,"在语言的发展变化中,有很多词汇的机能和意义,伴随着词性的转用而变得更加丰富和饱满。所以了解词汇在语言使用中,词性产生变化后而增添的扩张意义是极其重要的。本文以副词「もう」「ちょっと」「まったく」为研究对象,利用语料库数据,通过对大量例句的分析,更加详尽的解读三个词语的感动词用法的派生意义,以期对中国日语学习者在日语的语言运用上产生指导意义。",安徽文学(下半月),2017-12-25,期刊,H36,84-85,2
39,初中生跨文化交际能力测试与分析,朱蕾,南京晓庄学院外国语学院,跨文化交际能力;初中生;能力测试;,"研究者最近对103名初中生进行了跨文化交际能力测试,结果显示初中生虽在某些方面的能力有明显进步,但仍缺乏一定的跨文化交际意识及文化差异敏感度。研究旨在通过调查探索影响初中生跨文化交际的因素,为中学英语教学改革提供新思路,切实提高初中生的跨文化交际能力。",安徽文学(下半月),2017-12-25,期刊,G633.41,92-93,2
40,基于智能终端的应用型本科院校学生英语语音自主学习模式探究,陶嘉菁;袁兰,盐城工学院外国语学院,智能终端;应用型本科院校学生;语音自主学习;,"语音在英语学习中起着举足轻重的作用。不断发展的智能终端为信息化时代的语音自主学习开辟了新的路径。本文在分析了应用型本科院校语音教学现状和智能终端应用于语音学习的优势基础上,探讨了智能设备在英语语音自主学习学习内容以及课后监管互动等方面的应用。",安徽文学(下半月),2017-12-25,期刊,G434;H319.3,111-112+121,3
41,古之遗风当何归——浅析新媒体时代古风歌词创作的发展与未来,殷桂娴,安徽农业大学人文社会科学学院,古风歌词;古代歌词;本土化;媒介;青年亚文化;反思;,"古风音乐是新媒体时代下伴随网络媒体技术发展应运而生的新的音乐风格。古风歌词与古代歌词有着密切的同源关系,它借助现代媒体的力量在文学创作领域刮起一股强烈的风。本文拟从古风歌词与古代歌词的关系、古风歌词兴起的发展与缘由以及古风歌词创作窘境与未来展望三方面具体阐释古风歌词创作的发展与未来。",安徽文学(下半月),2017-12-25,期刊,J614.9,5-6+14,3
42,浪漫音诗《最后四首歌》——聆听理查·施特劳斯离别的歌谣,张远帆,南通大学外国语学院,最后四首歌;音诗;理查·施特劳斯;赫尔曼·黑塞;死亡;,"晚期浪漫主义大师理查·施特劳斯在他生命的暮年创作了""天鹅之作""《最后四首歌》,创作灵感主要来自于诗人赫尔曼·黑塞的几首同名诗。这首音诗是文学与音乐的完美综合体,是""诗""化美的艺术性再现。音乐阐释了诗词,述说人世间普遍的死亡主题,在对诗词的理解中找到人的存在和意义。作曲家以诗作为音乐的基础,从诗歌的情感表达出发,将音乐用诗歌的哲理性思维创作出来,乐思充满了诗化的哲学,使作品具备诗的品味,诗性的美和诗的境界。主观抒情的音乐配以符合情绪的诗词,音乐与诗歌合二为一。",安徽文学(下半月),2017-12-25,期刊,J614,42-44,3
43,摭谈中国写意花鸟的笔墨情趣,王晖,滁州市美协定远中学,国画;写意花鸟;笔墨情趣;,"写意花鸟是我国特有的国画艺术形式,""笔墨情趣""是写意花鸟画法的重要研究内容。研究这门独特的艺术形式首先需要对写意花鸟画的起源和发展进行概括,然后通过国画理论与实际创作相结合,从笔墨特点、笔墨关系和笔墨情趣三个方面出发,分别针对写意花鸟画具有的特征展开分析和讨论。最后以写意花鸟画未来的主要发展方向作为总结。希望文章中讨论的内容可以在某些方面给绘画爱好者以启发,为国画艺术事业的发展提供帮助。",安徽文学(下半月),2017-12-25,期刊,J212,50-51,2
44,谢宗君作品,谢宗君,中国工笔画学会中国画学会安徽省美术家协会安徽省美术家协会艺委会办公室安徽省美术家协会中国画艺委会,O,O,安徽文学(下半月),2017-12-25,期刊,J222,162,1
45,提升文化战略定力——从文化自信出发,丁生良;戴宇樵,昆明理工大学云南农业大学,文化战略定力;文化自信;,"在""两个一百年""奋斗目标和实现中华民族伟大复兴的中国梦的时代背景下,增强国家软实力、提升文化战略定力显得尤为重要。""文化自信""为实现中华民族伟大复兴提供文化力量、为实现全面小康社会提供精神力量、为提升国家综合实力提供定力支撑,通过弘扬以社会主义核心价值体系为核心的社会主义文化、将发展马克思主义文化与弘扬优秀传统文化相结合的同时,将文化自信融入到提升国家发展的软实力中去,进而从文化自信出发提升文化战略定力。",安徽文学(下半月),2017-12-25,期刊,G122,90-91,2
46,黄海兮,,O,O,"<正>黄海兮,诗人、作家。现居西安。著有长诗《余哀》,短诗集《穿花裙子的小佳》《乘火车》和散文集《秋天里的日常生活》《黄石手稿》等。另有作品在《作家》《人民文学》《清明》《天涯》《小说界》《十月》等文学期刊发表。曾获《诗选刊》2015年度优秀诗人奖,第四届陕西青年诗人奖等。",安徽文学(下半月),2017-12-25,期刊,K825.6,2,1
48,哈贝马斯行为主义理论21世纪国内研究总揽,周志浩;张军,南京信息工程大学语言文化学院,哈贝马斯;交往行为;法兰克福学派;商谈论理;,"哈贝马斯是当代最重要的哲学家、思想家、社会学家之一,他与中国国内的公共知识分子关系良好,以行为主义理论为代表的哈贝马斯的思想体系在国内备受推崇,国内学术界对哈贝马斯的思想及著作有着相当浓厚的兴趣,但是他的思想体系宏大而精细,卷帙浩繁而庞杂,国内对哈贝马斯的研究始终处在不断发展和进步的过程中,本文梳理了21世纪以来国内研究哈贝马斯行为主义理论的现状,勾勒出国内哈氏研究的全貌,为哈贝马斯及行为主义理论提供了历史方向的参考。",安徽文学(下半月),2017-12-25,期刊,B516.59,39-41+44,4
49,浅析社会学视阈下的西方建构主义发展研究,石萍萍,淮阴工学院,西方建构主义;社会学;基本脉络;,"西方建构主义研究经历了对早期主题视角的倾向阶段、后结构主义的阶段和主客体的二元论反对阶段等三个阶段,表现出了西方建构主义的社会学在主客体的二元论上产生了严重分歧。虽然在此基础上产生了分歧,但是它们仍然受到了相对主义不同程度的影响,以致达成了反对绝对主义的共同意见。因此,可以看出西方建构主义社会学是一种复杂的思潮现象,是由各种或差异或相似的主义构成。本文将围绕西方建构主义在社会学的基本脉络与问题方面进行阐述。",安徽文学(下半月),2017-12-25,期刊,C91-06,94-95,2
50,浅谈中华优秀传统文化融入大学生思想政治教育的途径和思考,郭春阳,重庆能源职业学院,传统文化;思政教育;融合;,"《关于实施中华优秀传统文化传承发展工程的意见》下发后,高校在大学生思想政治工作中,应该融入优秀传统文化,增强思想政治教育工作的实效性、科学性和针对性。本文结合作者工作实际,就传统文化融入大学生思想政治教育的重要意义、主要内容、主要途径进行了探讨。",安徽文学(下半月),2017-12-25,期刊,G641,96-97+101,3
53,传统文化融入高校思想政治教育教学路径研究,胡凌霞;包雅玮,盐城工学院,高校思想政治教育;中华传统文化;融入;路径;,"中国传统文化在漫长的历史进程中,成为中华民族宝贵的精神财富和凝聚人心的价值力量。传统文化中蕴含着丰富的思想教育资源,是我国高校思想政治教育教学借鉴的重要内容。从传统文化的视角研究高校思想政治教育教学的路径,不仅成为当前思想政治教育工作的重要目标,而且顺应具有中国特色高校价值观教育的新形势,将中国传统文化融入到高校思想政治教育的现实语境中,既可以实现思想政治理论课教学改革,又可以提升思想政治教育的实际效果。",安徽文学(下半月),2017-12-25,期刊,G641,118-121,4
54,“互联网+”时代大学生创业的SWOT分析,葛平,盐城工学院马克思主义学院,“互联网+”;SWOT;大学生创业;,"随着互联网技术的不断普及,当下已成为""互联网+""的时代,原先固有的思维深受互联网革命的影响,已经颠覆了传统的想象。大学生作为现在创新创业的主潮流群体,更需要重视""互联网+""的时代到来。大学生对于""互联网+""时代的相应特点和自身创业的特征一定要有清楚的认识,能够利用各方的优势和机会,认清存在的劣势和威胁。本文结合SWOT分析综合性的分析了互联网+时代大学生创业面临的各种机遇和挑战,帮助大学生正确做好创业前的综合性分析,使其创业目标更准备、更具体。",安徽文学(下半月),2017-12-25,期刊,G647.38,122-123,2
55,苏北应用型本科人才培养与地方产业转型升级协同发展探析,胡智惠;张海军,淮阴工学院江苏财经职业技术学院继续教育学院,应用型本科;人才培养;转型升级;协同发展;,"区域高校与地方经济发展之间存在着互动效应,苏北地区经济水平较苏南相对落后,本文总结了苏北应用型本科人才培养与地方产业转型升级协同过程中存在的问题,并给出苏北应用型本科人才培养与地方产业转型升级协同发展的路径建议。",安徽文学(下半月),2017-12-25,期刊,G642,124-125+128,3
58,以社会主义核心价值观引领农村未成年人价值观教育,沈妉,盐城工学院马克思主义学院,社会主义核心价值观;农村未成年人;价值观教育;,"坚持以社会主义核心价值观引领农村未成年人价值观教育,不仅为塑造农村精神家园提供价值支柱,同时也是农村未成年人人格健全和全面发展的本质需要。我们可以通过加强宣传教育,注重解决""内化""问题;实行分层教育;将理论教育融入乡土生活,从而探索社会主义核心价值观教育的有效途径。",安徽文学(下半月),2017-12-25,期刊,G631,131-133,3
60,高校贫困大学生获得感现状及影响因素研究,颜彩媛,淮阴工学院,贫困大学生;获得感;影响因素;,"近年来,高校贫困大学生群体受到社会广泛关注,政府采取了诸多措施帮助贫困学子完成学业,然而这些资助对高校贫困大学生起到多大的帮助,他们从这些资助中获得了什么,他们的感受如何?本文从探讨贫困大学生获得感现状及影响因素着手,考察各个因素与贫困大学生获得感之间的相互关系。经调查分析认为,大学生的家庭经济状况、社会支持、社交回避、学习力、能力发展都会影响他们的获得感水平。",安徽文学(下半月),2017-12-25,期刊,G645.5,144-145+150,3
61,新媒体时代下高校经管类课程考核方式创新研究,喻淑兰,盐城工学院经济学院,新媒体时代;考核方式;实践能力;创新;,"进入21世纪,网络信息技术日新月异,新媒体的产生和应用深刻改变着人们的工作、生活、学习、交际习性。高校经管类专业在新经济、新媒体的时代背景下,如何与时俱进,塑造全新的教育教学环境,改变传统的教学方式,改革传统考核模式,培养符合时代要求的卓越人才是高等教育面临的重要课题。本文基于高校传统考核方式存在的主要弊端,分析了新媒体对高校经管类课程考核方式产生的深刻影响,并对新媒体时代下高校经管类课程考核方式创新进行了思考。",安徽文学(下半月),2017-12-25,期刊,F20-4;G642.3,146-147,2
62,研究生教学管理精细化的路径探索,张虹;王亚敏,南京邮电大学管理学院,研究生;教学管理;精细化管理;,"近年来,各大高校的研究生招生规模不断扩大,教学管理难度加大,研究生人才培养难以符合社会需求。精细化管理作为一种先进的管理理念,具有规范化、高效性等特点,对教学管理改革具有重要的探索价值。本文从研究生教学管理的目标、过程、组织与评价四个方面分析目前研究生教学管理的现状以及存在的问题,并在此基础上重点阐述了高校研究生教学管理精细化的实现路径。",安徽文学(下半月),2017-12-25,期刊,G643,148-150,3
1,何德兰《孺子歌图》的副文本研究,孙丽,徐州幼儿师范高等专科学校,孺子歌图;副文本;翻译;,"以何德兰《孺子歌图》编译本的副文本为研究对象,其封面、标题、序言、插画和字体设计排版等凸显主题、彰显中国特色,传递中国文化和北京童谣的童真童趣,以期为中国典籍童谣的副文本翻译提供有益参考与借鉴。",安徽文学(下半月),2018-12-25,期刊,H315.9;I046,107-108+110,3
1,何德兰《孺子歌图》的副文本研究,孙丽,徐州幼儿师范高等专科学校,孺子歌图;副文本;翻译;,"以何德兰《孺子歌图》编译本的副文本为研究对象,其封面、标题、序言、插画和字体设计排版等凸显主题、彰显中国特色,传递中国文化和北京童谣的童真童趣,以期为中国典籍童谣的副文本翻译提供有益参考与借鉴。",安徽文学(下半月),2018-12-25,期刊,H315.9;I046,107-108+110,3
2,布迪厄社会学视角下的林语堂翻译惯习研究,郑玮,杭州电子科技大学外国语学院,布迪厄;社会学;林语堂;翻译惯习;,"与同时代的其他作家和翻译家相比,林语堂不仅在翻译选材方面与当时的外译汉主流翻译活动背道而驰,而且其英文作品往往译创融合,难分彼此。以布迪厄社会学为研究视角,试图通过阐述林语堂的社会轨迹来分析其翻译惯习的特点及其惯习与社会相关场域的互动关系,进而阐明林语堂翻译现象特殊性背后的原因。",安徽文学(下半月),2018-12-25,期刊,H315.9;I046,131-134+140,5
4,坪内逍遥与莎翁翻译,林弋岚,南京信息工程大学文学院,坪内逍遥;莎翁;翻译;,"日本江户时代末期到明治时期,是日本翻译史上的一次翻译高潮。这一时期日本大量翻译了西方的书籍,所涉领域包括科技、哲学等等。在此次翻译大潮中涌现出了许多优秀的翻译家,坪内逍遥就是其中之一。坪内逍遥致力于翻译欧美文学作品,其中最为人称道的成就是翻译了全部的莎翁作品。他是日本国内翻译完莎翁全集的第一人。本文通过简短回顾坪内逍遥的生平、坪内逍遥与莎翁翻译缘起、坪内逍遥翻译莎翁作品的翻译原则等三部分,为读者解读坪内逍遥翻译莎翁作品的传奇经历。",安徽文学(下半月),2018-12-25,期刊,H059;I046,126-128,3
5,“微笑”符号的美学解读——从印刷时代、图像时代到互动时代,王晨晨,南京林业大学人文社会科学学院,微笑;符号;审美;,"虽然表情符号的产生时间并不长,但已经有很多人关注其解读、影响。解读也并非从单一角度,而是可以从符号学、艺术学、图像学、美术学多种角度进行解读。""微笑""无论是作为词语、图像还是表情都可以让人浮想联翩。美学之父鲍姆嘉通最初是用""感性认识""来定义这个学科,他发现人们在审美活动中总是倾向于使用感性认识,此美学研究的方向得到了美学集大成者康德的继承与发展。因此可知,美感并非只有理性可描绘出的意义,它还具有一些无法描绘出的言外之意,一些感性的模糊地带。本文将从印刷时代到图像时代再到互动时代,微笑作为文字符号、图像符号与表情符号的不同美学解读。",安徽文学(下半月),2018-12-25,期刊,I01,155-156,2
6,社会记忆与国族认同——以白先勇《台北人》为考察中心,汪睿,安徽师范大学文学院,白先勇;台北人;社会记忆;国族认同;,"《台北人》具有丰富的内涵,其中不仅展示了与历史文化有关的社会记忆,同时用不同类型的人物象征不同形式的国族认同。白先勇特殊的出身和漂泊的经历,加上近代中国的沧桑巨变,这些因素同时影响着作家创作。本文试从小说题材与主题、人物形象和作家自身三方面入手,分析《台北人》中社会记忆与国族认同的表现、原因和意义。",安徽文学(下半月),2018-12-25,期刊,I712.074,53-55,3
7,精神分析视野下李尔王的疯癫心态,李雨薇,中国石油大学(华东)文学院,李尔王;疯癫原因;俄狄浦斯情;自恋;,"李尔王的悲剧意蕴与其体现的疯癫主题密不可分,作为主人公的李尔从清醒到疯癫的过程在剧本情节中占据了重要地位。李尔的这一心路历程体现了其内在精神的变化,具有深层的心理因素。运用弗洛伊德精神分析法中的泛性欲理论对李尔的内在精神进行分析,这其中涉及李尔潜意识中力比多的存在状态。在精神分析的视野下,李尔疯癫的原因应当归源为其内在的俄狄浦斯情结与自恋情结得不到合理解决从而引起潜意识中力比多的倒流与固着最终导致的精神失常。",安徽文学(下半月),2018-12-25,期刊,I561.073,64-65,2
1,何德兰《孺子歌图》的副文本研究,孙丽,徐州幼儿师范高等专科学校,孺子歌图;副文本;翻译;,"以何德兰《孺子歌图》编译本的副文本为研究对象,其封面、标题、序言、插画和字体设计排版等凸显主题、彰显中国特色,传递中国文化和北京童谣的童真童趣,以期为中国典籍童谣的副文本翻译提供有益参考与借鉴。",安徽文学(下半月),2018-12-25,期刊,H315.9;I046,107-108+110,3
2,布迪厄社会学视角下的林语堂翻译惯习研究,郑玮,杭州电子科技大学外国语学院,布迪厄;社会学;林语堂;翻译惯习;,"与同时代的其他作家和翻译家相比,林语堂不仅在翻译选材方面与当时的外译汉主流翻译活动背道而驰,而且其英文作品往往译创融合,难分彼此。以布迪厄社会学为研究视角,试图通过阐述林语堂的社会轨迹来分析其翻译惯习的特点及其惯习与社会相关场域的互动关系,进而阐明林语堂翻译现象特殊性背后的原因。",安徽文学(下半月),2018-12-25,期刊,H315.9;I046,131-134+140,5
3,我国生态文学翻译现况初探,刘畅;韩启群,南京林业大学外国语学院,生态文学;翻译现况;,"本文旨在研究我国生态文学翻译工作进展、存在的问题和对译者的借鉴意义,以期对生态文学翻译工作提供参考。本文使用循证学方法,对生态文学翻译相关研究进行检索和归纳,对生态文学翻译工作存在的不足进行总结,并结合实际讨论了生态文学翻译工作中可借鉴的策略。",安徽文学(下半月),2018-12-25,期刊,H059;I046,111-113,3
4,坪内逍遥与莎翁翻译,林弋岚,南京信息工程大学文学院,坪内逍遥;莎翁;翻译;,"日本江户时代末期到明治时期,是日本翻译史上的一次翻译高潮。这一时期日本大量翻译了西方的书籍,所涉领域包括科技、哲学等等。在此次翻译大潮中涌现出了许多优秀的翻译家,坪内逍遥就是其中之一。坪内逍遥致力于翻译欧美文学作品,其中最为人称道的成就是翻译了全部的莎翁作品。他是日本国内翻译完莎翁全集的第一人。本文通过简短回顾坪内逍遥的生平、坪内逍遥与莎翁翻译缘起、坪内逍遥翻译莎翁作品的翻译原则等三部分,为读者解读坪内逍遥翻译莎翁作品的传奇经历。",安徽文学(下半月),2018-12-25,期刊,H059;I046,126-128,3
5,“微笑”符号的美学解读——从印刷时代、图像时代到互动时代,王晨晨,南京林业大学人文社会科学学院,微笑;符号;审美;,"虽然表情符号的产生时间并不长,但已经有很多人关注其解读、影响。解读也并非从单一角度,而是可以从符号学、艺术学、图像学、美术学多种角度进行解读。""微笑""无论是作为词语、图像还是表情都可以让人浮想联翩。美学之父鲍姆嘉通最初是用""感性认识""来定义这个学科,他发现人们在审美活动中总是倾向于使用感性认识,此美学研究的方向得到了美学集大成者康德的继承与发展。因此可知,美感并非只有理性可描绘出的意义,它还具有一些无法描绘出的言外之意,一些感性的模糊地带。本文将从印刷时代到图像时代再到互动时代,微笑作为文字符号、图像符号与表情符号的不同美学解读。",安徽文学(下半月),2018-12-25,期刊,I01,155-156,2
6,社会记忆与国族认同——以白先勇《台北人》为考察中心,汪睿,安徽师范大学文学院,白先勇;台北人;社会记忆;国族认同;,"《台北人》具有丰富的内涵,其中不仅展示了与历史文化有关的社会记忆,同时用不同类型的人物象征不同形式的国族认同。白先勇特殊的出身和漂泊的经历,加上近代中国的沧桑巨变,这些因素同时影响着作家创作。本文试从小说题材与主题、人物形象和作家自身三方面入手,分析《台北人》中社会记忆与国族认同的表现、原因和意义。",安徽文学(下半月),2018-12-25,期刊,I712.074,53-55,3
7,精神分析视野下李尔王的疯癫心态,李雨薇,中国石油大学(华东)文学院,李尔王;疯癫原因;俄狄浦斯情;自恋;,"李尔王的悲剧意蕴与其体现的疯癫主题密不可分,作为主人公的李尔从清醒到疯癫的过程在剧本情节中占据了重要地位。李尔的这一心路历程体现了其内在精神的变化,具有深层的心理因素。运用弗洛伊德精神分析法中的泛性欲理论对李尔的内在精神进行分析,这其中涉及李尔潜意识中力比多的存在状态。在精神分析的视野下,李尔疯癫的原因应当归源为其内在的俄狄浦斯情结与自恋情结得不到合理解决从而引起潜意识中力比多的倒流与固着最终导致的精神失常。",安徽文学(下半月),2018-12-25,期刊,I561.073,64-65,2
8,现代人的危机——从生态批评视域看雷蒙德·卡佛短篇小说,江明瑶,湘潭大学外国语学院,雷蒙德·卡佛;自然生态;社会生态;精神生态;,"雷蒙德·卡佛是20世纪下半叶美国著名的短篇小说家,对美国短篇小说的复兴起着重要的作用。其短篇小说简洁的语言下有着丰富的内涵,而卡佛也多次直接或间接地涉及了生态话题。通过对卡佛的短篇小说集运用生态批评理论进行梳理分析,探究小说中的自然生态危机、社会生态危机与精神生态危机,从这三个层面思考人与自然的关系、人与人的关系和人与自我的关系。卡佛不仅揭示了现代社会愈演愈烈的生态危机,更是通过文字倡导人们回归自然,与自然和谐相处。",安徽文学(下半月),2018-12-25,期刊,I712.074,66-67,2
9,启民智必由教育——漫谈《动物庄园》,吴雨婷,南京林业大学人文社会科学学院,动物庄园;政治寓言;教育视角;教育改革;,"伟大的作品总能启发读者不同的解读。《动物庄园》被公认为20世纪最杰出的政治寓言。小说中动物庄园从建立到腐朽,教育因素始终起到重要作用。教育为动物们推翻农场主奠定了思想基础,洗脑教育和愚民教育却是动物们不觉醒的精神状态的麻醉剂。""以人为鉴,可以明得失;以史为鉴,可以知兴替"",《动物庄园》是以真实历史为背景的小说,在教育方面给予的启示是:教育必须适应时代发展,及时改革,决不能故步自封。",安徽文学(下半月),2018-12-25,期刊,I561.074,68-69+77,3
10,印第安口述传统与后现代叙事——论厄德里克《爱药》中的叙事策略,刘相廷,南京师范大学文学院,《爱药》;印第安口述传统;后现代叙事;叙事策略;,"路易丝·厄德里克是当代美国文坛一位多产且卓有成就的作家,她在1984年发表的处女作《爱药》中,讲述了北达科他州印第安保留地三大家族数代人的生活处境。在《爱药》中,厄德里克使用的叙事策略一方面体现了她对印第安口述传统的继承与发扬,另一方面又体现了她对后现代叙事因素的运用。厄德里克运用这样的叙事方式不仅反映出当代美国印第安人在美国主流社会中被边缘化的困境,还是对抗美国主流文化同化的一种策略。",安徽文学(下半月),2018-12-25,期刊,I712.074,70-72,3
11,迷宫的建筑师——博尔赫斯与其代表作《曲径分岔的花园》,邹青,广东外语外贸大学英语教育学院,后现代小说;迷宫小说;博尔赫特;曲径分岔的花园;,"迷宫小说是后现代文学创作的一种模式。读者面对的是作家设置的一座座迷宫,无始无终,循环往复,令人无从把握。本文分析了迷宫小说的代表作——阿根廷作家博尔赫斯的《曲径分岔的花园》,从而探讨迷宫意识在后现代文学创作中的运用。",安徽文学(下半月),2018-12-25,期刊,I783.074,73-74,2
12,"童年的宣言,人性的光芒——圣埃克苏佩里《小王子》赏析",董芳源,上海外国语大学英语学院,《小王子》;圣埃克苏佩里;童年;人性;,"《小王子》一书以跌宕起伏、别具一格的第一人称叙事模式,通过""我""和小王子的一次次对话,运用新颖独特的象征手法,生动形象地刻画了主人公小王子的胆大、心细、聪颖和睿智,让人读后如见其人、如闻其声,人物形象栩栩如生。小说极富哲理的语言魅力,深深地吸引着每一位读者。本文从童年和人性的角度,全面赏析《小王子》的主题意义,品味《小王子》的表现艺术,有着独到的审美取向和丰富的人生感悟。",安徽文学(下半月),2018-12-25,期刊,I565.078,75-77,3
13,隐形的权力——论《致他的娇羞的女友》中的男权意识,田晓晴,广东培正学院外国语学院,马维尔;男权意识;话语权;女性沉默;,"《致他的娇羞的女友》是英国玄学派诗人安德鲁·马维尔最负盛名的爱情诗,因其结构严谨、气势磅礴且充满奇思妙喻而备受赞誉,但其辉煌的艺术成就掩饰不了诗中浓厚的男权意识。文章从诗歌的叙事视角、结构形式和语言三个层面,结合福柯的""话语—权力""理论,审视诗歌的细节,试图挖掘诗歌中隐藏的强烈的男权意识。",安徽文学(下半月),2018-12-25,期刊,I561.072,78-79,2
14,斯坦贝克《愤怒的葡萄》在中国的接受元素简析,郭楚凡;赵亚珉,南京信息工程大学文学院,斯坦贝克;愤怒的葡萄;中国传统文化;社会转型;,"约翰·斯坦贝克的小说《愤怒的葡萄》以及根据该小说改编的同名电影均在中国得到了广泛而稳定的接受,受到中国民众的欢迎。小说中佃农的""土地情结"",劳动人民团结互助的品质以及牧师凯西和乔德""舍小家为大家""的精神升华等方面,激起了中国读者的强烈共鸣;小说中社会变革的背景也引发了中国读者对当前中国转型时期的思考。",安徽文学(下半月),2018-12-25,期刊,I712.074,80-81,2
15,浅析《虚幻的不动明王》——兼谈陈舜臣推理小说派别归属,卞显乐,上海财经大学,虚幻;人生;原因;归属;,"陈舜臣是著名的日籍华裔作家,凭借着于1961年发表的处女作的长篇推理小说《枯草之根》,获得江户川乱步奖,成功地踏上了日本推理文坛。此后,于1969年凭借短篇小说《青玉狮子香炉》荣获直木奖。1970年又凭借着《玉岭的叹息》和《孔雀之道》获得了日本推理作家协会奖。作为推理作家的陈舜臣是日本推理文坛上的首个""三冠王""。陈舜臣推理小说与其他本格推理小说不同,并不是凭借着天马行空的情节和谜题设置来吸引读者的眼球。而是以真实的社会背景,让燃烧自我激情的人们碰撞在现实的墙壁面前,对充满伤痛、苦恼的人和社会现象予以揭示,使推理小说的文学价值完美的展现出来,因而受到了日本文坛的高度评价。本篇文章以陈舜臣的短篇推理小说《虚幻的不动明王》为引子,运用文本解读和实证相结合的方法,浅析陈舜臣推理小说所蕴藏的独特文学创作理念以及探讨其推理小说派别归属问题。",安徽文学(下半月),2018-12-25,期刊,I313.074,30-32,3
16,从《所罗门之歌》看莫里森对非裔美国文学的继承与超越,卢旭晨;赵亚珉;闫丽芳,南京信息工程大学文学院,所罗门之歌;非裔美国文学;莫里森;继承与超越;,"近年来,随着女权思潮的崛起和种族意识的觉醒,性别和种族问题逐渐成为人们关注的焦点。《所罗门之歌》作为美国黑人女性作家托尼·莫里森的经典之作,不仅继承了非裔美国文学性别和种族两大传统主题,而且将其推向文化沟通与交流的新层次,反映了高度的民族文化自信。",安徽文学(下半月),2018-12-25,期刊,I712.074,82-83,2
17,文化“小传统”与通俗小说——以《哈利·波特》系列小说为例,于敏,淮阴工学院,文化“小传统”;通俗小说;大众文化;,"精英主义批评家贬斥的通俗小说是大众文化的产品,属于李伯庚所说的文化""小传统"",反映的是普罗大众的社会生活。作为目前最成功的长篇通俗小说的代表作品,哈利·波特系列小说以吸引大众读者、符合大众阅读能力的方式戏仿式地展现了现代生活与社会文化中最重要的特征,反映了当下的时代精神。",安徽文学(下半月),2018-12-25,期刊,I561.074,84-86+89,4
18,身体、都市与文本空间下的女性解放——《了不起的盖茨比》的空间女权主义解读,李梦韵,河海大学外国语学院,《了不起的盖茨比》;菲茨杰拉德;空间女权主义;,"20世纪20年代美国现代化转型期间女性解放受到关注,该时期作品《了不起的盖茨比》则反映了女性在身体、都市和文本空间三个层面的生存状况。此时尽管女性解放取得一定的成果,女性仍未得到真正的身体和都市空间解放,其受到的阻力包括男性作家试图逆转女性解放成果的文本建构。而从男性作品切入女性空间,对于解读女性空间解放有着深远的意义。",安徽文学(下半月),2018-12-25,期刊,I712.074,87-89,3
19,现代科技发展下的伦理困境——论石黑一雄的《别让我走》,夏倩,湘潭大学外国语学院,伦理困境;伦理身份;论理选择;,"日裔英国作家石黑一雄的《别让我走》是一部关于克隆人生存困境及其作为人类器官捐献者的科幻小说。本文站在文学伦理学的角度并结合科技伦理,分析科技发展下克隆人的伦理环境,伦理身份以及伦理选择。以凯西为代表的克隆人生活和受教育于黑尔舍姆这样的环境中,随着年龄的增长和伦理环境的变化,他们的情感意识和道德观念逐渐形成,其重点在于他们是""人""或""非人""的伦理身份的混淆。通过对克隆人伦理身份和伦理选择的揭示,石黑一雄向我们展示了以克隆技术为主的科技滥用所带来的伦理问题和人类的异化,从而寄寓现代人类加强对科技发展下伦理的思考和反思。",安徽文学(下半月),2018-12-25,期刊,I561.074,90-92+128,4
20,利奥波德《沙乡年鉴》土地伦理思想探析,倪铭英,南京林业大学马克思主义学院,土地伦理;生命共同体;整体主义;,"美国著名生态学家利奥波德(Aldo Leopold)的《沙乡年鉴》把土地伦理的概念初次带进了我们的视野。土地伦理的道德对象超越越了人类,包含了由人类生命和非人类生命共同构成的整个生命体。他提出的土地金字塔概念将一切人类生命和非人类生命整合在一起,是组成生物共同体的循环线路,人类只是生命共同体中的一个成员,而不是独裁者。利奥波德对人类的绝对权威性提出质疑,赋予了生活在同一片土地上的所有生命以价值。土地伦理观提醒我们需要跳出土地征服者的思维彻底思考土地带给生命的意义,致力于维护生态系统的美丽和稳定。",安徽文学(下半月),2018-12-25,期刊,I712.06,93-94,2
21,论《坠落的人》的创伤叙事与创伤治疗,曲雯雯,河海大学外国语学院,“9·11”;创伤叙事;创伤治疗;,"唐·里罗是美国当代最重要的小说家之一,其作品《坠落的人》自2007年出版以来,受到了广大评论家、学者及读者的研究和探讨。德里罗在这部以创伤为主题的小说中用第三叙事视角、非线性时间描述等大量的叙述策略生动的呈现了""9·11""之后饱受精神创伤的基斯一家以及经受社会创伤和文化创伤的恐怖分子的故事。在德里罗看来,无论是书写、诉说、移情、不道德发泄,还是爱的依靠都能使精神得以抚慰,都可以使创伤得到释放和治疗。",安徽文学(下半月),2018-12-25,期刊,I712.074,95-96,2
22,探析《茶花女》悲剧根本原因,刘静姝,湖北大学哲学院,茶花女;爱情;性格;,"《茶花女》作为小仲马的代表作,主要描写了一个巴黎妓女的爱情悲剧,造成悲剧的原因有很多,比如身份、社会压力,还有来自男主角家庭的压力等,但这些都不是造成悲剧的最主要原因。本文试图从事件整体和人物性格方面分析悲剧的根本成因。",安徽文学(下半月),2018-12-25,期刊,I565.074,102-103,2
23,《慈悲》的宗教剖析,李希平,铜仁职业技术学院,惩罚与规训;疏离与皈依;自然崇拜;慈悲;,"《慈悲》是诺贝尔文学奖获得者托尼莫里森的作品,经出版,便受到文学界的关注,取得了众多的解读。鉴于该作从宗教视角剖析文论尚少,本文拟从以下几个方面探讨《慈悲》中的宗教:美洲白人宗教对异教徒的惩罚与规训、疏离与皈依、印第安自然崇拜的心灵治愈与启示,以期获得对慈悲真谛的阐释。",安徽文学(下半月),2018-12-25,期刊,I712.074,109-110,2
24,论文学作品的荒诞,石芳祯,西藏民族大学文学院,荒诞;人性;寻求;,"随着人类社会和科技的发展,人与其所生活的世界之间产生了一定的距离,有了一定的陌生感和疏离感。从20世纪后半叶开始,""荒诞""一词便进入了人们的视野,荒诞便是这种陌生和疏离造成的,人们透过荒诞审视自己、寻找自身的价值,在彷徨和绝望的世界中寻求人生的意义。",安徽文学(下半月),2018-12-25,期刊,I106,47-48+55,3
25,高文爵士的伦理选择,叶伟,北京交通大学语言与传播学院,《高文爵士与绿衣骑士》;伦理选择;斯芬克斯因子;,"《高文爵士与绿衣骑士》兼顾封建贵族理想的骑士制度和中世纪末期觉醒的人文主义,通过""砍头挑战""和""交换战利品""两大情节对主人公高文爵士的伦理身份提出考验。高文爵士在两次伦理选择中,人性因子和兽性因子分别占据主导地位,伦理身份出现分裂;而诗歌的最后,绿衣骑士揭露自己作为契约签订者的身份,整合二者割裂的关系,最终实现人性因子和兽性因子的有机统一。诗歌赞扬高文爵士冒死赴约、坚守原则的品质,对道德理念指导下的世俗人性面对不同境遇的表现提出认可和期待。",安徽文学(下半月),2018-12-25,期刊,I561.072,194-195,2
26,福从何来?——生态批评视角下的《福乐智慧》,吴方敏;杨晓丽,石河子大学新疆农业大学,《福乐智慧》生态;生态批评;幸福;,"""生态批评""这一批评理论产生的渊源是20世纪全人类共同面临的触目惊心的生态危机。关注人与自然、人与人、人与万物的关系,关注人类如何能幸福诗意的栖居是该理论的终极使命。作为维吾尔文学经典的《福乐智慧》,全面而丰富地展示了11世纪喀喇汗王朝的自然、政治、经济、宗教等多个方面的内容,以生态文学为视角的解读,对于了解维吾尔族灿烂的文化,对于以古观今,建立更加美好和谐的社会都有一定的积极意义。",安徽文学(下半月),2018-12-25,期刊,I207.22,58-60,3
27,风流千古繁华梦——记《陶庵梦忆》中所载优伶形象的魅力,钱垠,长沙市雅礼中学,陶庵梦忆;张岱;优伶;戏曲;,"《陶庵梦忆》是明末文学家张岱记载少年时繁华优游生活的一部小品文集。其中,有很多关于张岱少年时与众人看戏、演戏以及与优伶交接的叙述,让读者了解到明末江南戏曲之繁盛状况。特别是其中对形形色色的优伶形象的描写,更是令人过目难忘。本文将从优伶的艺术魅力、优伶的人格魅力及士大夫与优伶等三个方面出发,试图梳理展现明末江南优伶的独特魅力与四百年前最后的华夏风华。",安徽文学(下半月),2018-12-25,期刊,I207.62,61-63,3
28,论苏轼饮食养生题材诗歌的特征,张婷,南通大学文学院,苏轼;饮食;诗歌;养生;,"苏轼养生题材诗歌特征鲜明,且含有丰富的养生意蕴,体现了知识性与抒情性的统一。苏轼十分关注中国的养生文化,在日常饮食养生中,苏轼强调饮食均衡,注重饮食自然化,善于用朴素的工艺制作出色、香、味俱全的佳肴,美味与营养并存。",安徽文学(下半月),2018-12-25,期刊,I207.22,4-5+11,3
29,扭曲·扼抑·伪形——试论子弟书对于《牡丹亭》的改编,毛誉澄,江苏师范大学敬文书院,《牡丹亭》;子弟书;改编;文化伪形;,"汤显祖的《牡丹亭》在中国戏曲史上影响深远,其追求人性解放的主旨具有巨大的进步意义,本文就围绕子弟书对于《牡丹亭》的改编展开,借助斯宾格勒的文化""伪形""理论,通过探究《牡丹亭》这一表达追求个体与个性解放的艺术作品于明清易代等一系列复杂历史环境下,在改编过程中发生的变形,试图进入中国文学古今演变这一层面相关问题的探讨。",安徽文学(下半月),2018-12-25,期刊,I207.3,16-18,3
30,辛弃疾与韩元吉交游述考,王传运,南昌大学人文学院,辛弃疾;韩元吉;交游始末;相善原因;,"辛弃疾与韩元吉的友谊,始于乾道四年二人同在建康为官之时,及至淳熙八年,稼轩闲退带湖,二人比邻而居,往来酬唱不绝,缔结了深厚的友谊。二人交好的原因除了相似的家世背景与政治立场之外,诸多共同的志趣相投的友人和韩元吉广泛深厚的政治人脉也是二人相善的重要原因。",安徽文学(下半月),2018-12-25,期刊,I206.2,19-21+29,4
31,年代记忆,,湖北文理学院文学与传媒学院,晓苏;《怀念几件衣裳》;油菜坡;,"晓苏的散文《怀念几件衣裳》饱含深情地回忆了作者少年时代穿过的几件衣裳,每一件衣裳都与特定的人物相关,与作者记忆中的故乡油菜坡相关。散文语言朴实、情感真挚,体现了作者对亲情乡情的赞美,对美的感悟与追求,也表达了一位山村少年的成长与心路历程。",件件情深——晓苏《怀念几件衣裳》赏析,李会君,安徽文学(下半月),I207.67,22-23,2
32,大凉山彝族现代诗歌的艺术特色,张建龙;王勇,昆明理工大学,彝族现代诗歌;真善美;大凉山彝族诗人群;,"20世纪80年代,大凉山彝族诗人群崛起于诗坛,他们所创作的诗歌展现了凉山彝族的人事与风貌,体现着彝人的精神与气质。他们追根溯源,认同民族的历史文化;对比现实,关注当下的社会生活;直面苦难,传递人性中的真善美。基于民族意识的觉醒,他们将自己强烈的情感寓于诗歌之中,集中体现了彝族人民对于真善美的价值追求。",安徽文学(下半月),2018-12-25,期刊,I207.25,24-25,2
33,“大风起于青萍之末”——论葛亮短篇小说的叙事特色,郑露露;施威,南京信息工程大学法政学院,葛亮;短篇小说;现实日常;人性;叙事特色;,"青年作家葛亮的短篇小说试图寻找一种文学叙事方式,让笔下的小人物为自己代言。葛亮以幽深、人道的目光,以一种几近淡漠的现实力量投身于那些看似剧烈、不堪的人生中习以为常的部分,从内容表达、情节构造、叙事视角等方面竭力去挖掘常态背后最温润最真切的生命本质。",安徽文学(下半月),2018-12-25,期刊,I207.427,40-42,3
34,从《滕大尹鬼断家私》中看明代妾的家庭地位,张倩湄,广西艺术学院人文学院,喻世明言;妻妾;明代家庭;纳妾制度;继承权;,"妾作为中国古代家庭中一种特殊的家庭成员长期存在,在许多古代文学作品中也有提及,对于妾真实的家庭地位,一直以来也存在一些争论。为了解决这个问题,本文将从明代短篇小说集《喻世明言》中的一则故事《滕大尹鬼断家私》中出发,结合相关史料,从研究概况、妾的来源、纳妾制度和妾的财产权这四个方面对明代妾的家庭地位进行分析和研究。",安徽文学(下半月),2018-12-25,期刊,I207.41,97-99,3
35,发掘战争岁月的精神宝藏,,淮阴工学院人文学院,当代小说;王愿坚;《党费》;审美解读;,"第二次国内革命战争时期的红军和苏维埃区域的雄伟壮烈的斗争生活,作为重大题材,在作家笔下被艺术再现的不多。当代王愿坚善于和表现一些极可珍贵在当代文坛创作领域涉及不多的重大题材,问世了系列短篇小说,表现了20世纪20-30年代普通党员与普通军民所历经的英勇斗争、流血牺牲的漫长而艰辛的道路。重温那个时期的历史是必须的;对反映那个时期历史的文学创作的研究是必要的。籍此借助其《党费》为切入视点,通过探求革命前辈的精神内涵、追求文学创作的艺术表现的研究,挖掘那时代人身上蕴含的精神财富。这样的精神财富是薪火相传的源泉。",凝炼小说创作的艺术手法——王愿坚短篇小说《党费》的审美价值解读,吴延生,安徽文学(下半月),I207.427,100-101,2
36,从胡山源的作品谈弥洒社,倪健,江苏师范大学文学院,胡山源;《弥洒临凡曲》;《睡》;弥洒社;评价;,"笔者拟从《弥洒》中被后人多次提及的胡山源的作品出发,通过文本分析,以小见大,窥一斑而知全豹,进一步了解弥洒社的创作宗旨和文学实践,结合特定的历史、政治和社会环境,对相关评论进行实事求是的分析和探究,以求给予该社团及其刊物在文学史上的正确定位与评价。",安徽文学(下半月),2018-12-25,期刊,I206,104-106,3
37,春草生兮萋萋:杜诗春草意象主题意蕴考覆,邢云龙,南京师范大学文学院,杜诗;春草;意象;主题意蕴;,"春草意象出现在古典诗词中作为表达怀人思归的主题意蕴由来已久。魏晋以降,古典诗词中的春草意象的象征意义维度实由以往怀人思归为主的主题,转捩关涉到具有自觉意识的诗人自身生活领域。杜甫在将自己的人生感悟融入到春草意象中,通过这一富有个性特征的客观物象成为其情感载体,所表现出的主观情意集合实又超出传统的情感意蕴深度。至此,杜诗中的春草意象櫽括了以往所没有的经由主体情感整合所焕发的艺术表现力,同时一跃而成为表现人类更高的心灵志趣、情感表达、悲悯情怀与理想。",安徽文学(下半月),2018-12-25,期刊,I207.22,1-3,3
38,陷阱(小小说),顾长虹,内蒙古呼伦贝尔根河市满归小学,O,"<正>前几天,上面全面停止商业采伐的文件已下来了。红豆林业局17小工队即将撤下山来。副队长树生鼓捣几个弟兄,得听着松涛声再喝两杯,几个人跟变戏法似的,掏出白酒,啤酒,猪蹄子。三辉、四贵、五尧、二军一骨碌从床上蹦了过来。大家喝着酒,就想起山后还有几十棵大树,如果伐了,卖到边境外去,每人可以弄个一万元钱的。树生犹豫了一下,可转念一想,大兴安岭山连着山,树挨着树,也不差这一堆儿。哥几个都一把",安徽文学(下半月),2018-12-25,期刊,I247.8,291,1
39,简析李白乐府歌行的思想艺术特点,孙嘉欣,张家口市第一中学,李白;乐府歌行;创新意识;主观色彩;,"本文结合唐玄宗统治后期唐朝的政治、思想和文化状况,以及李白的生平和政治经历,简要分析了李白乐府歌行的思想艺术特点。李白的乐府歌行,具有鲜明的时代精神和创新意识,带有强烈的抒情性和主观色彩,并且运用了想象、夸张、象征等修辞手法,集中体现了李白自由、洒脱、放荡不羁的个性特点,是中国古代浪漫主义诗歌的杰作。",安徽文学(下半月),2018-12-25,期刊,I207.22,6-8,3
40,论宋代家训的生态诗学内涵,蔡丽平,湖南汽车工程职业学院,宋代家训;生态诗学;家训诗;,"文学本身具有和生命本源共振的特性,可以进行绿色生态美学的审视和解读。宋代哲学生态观与生态伦理精神在传承了""天人合一""这一古老的整体论哲学观念基础上,其天人观、自然态度观、观物论、道德观、养气行文观和认识论均呈现出不同于以往时代的显著特色。这些兼顾人与世界和自我的与生态之间关系的各种立场、观点、思想和理论在宋代家训诗中淋漓尽致地表现出来,不仅让具有政治范式理念的家训诗更加贴近生命存在,更可以社会的人文价值为基点,充分发挥家训诗的诗教功能,反哺当今人类生态文明的整体利益。",安徽文学(下半月),2018-12-25,期刊,I207.22,14-15,2
41,鲁迅的精神梦境——细读《颓败线的颤动》,黄金,荆州职业技术学院,现实与梦境;爱与憎;牺牲与杀戮;希望与绝望;,"《颓败线的颤动》是一篇充斥着矛盾性与分裂性的散文诗,其丰富的内涵与独特的形式为广大读者提供了多重解读的可能。特别是作品中现实与梦境、过去与现在、牺牲与杀戮、希望与绝望等多种两两对立观点的交织与往复,以一种独特地方式展现了鲁迅自身丰富而复杂的精神世界。",安徽文学(下半月),2018-12-25,期刊,I210.5,33-35,3
42,"他时《谷音》集,未可附遗民——方以智五首词赏析",侯北辰,吉林大学文学院,方以智;圆∴;清词;,"方以智手书于庐山的五首词表现了他""怨怒""""喜乐""两种精神状态,并且在他圆∴的哲学系统中形成了对立统一的关系。由此可以看出方以智当时""隐非隐""的人生态度。",安徽文学(下半月),2018-12-25,期刊,I207.23,36-39,4
43,论刘亮程散文中的故乡意象,焦健;宗昊;张天娇;曹泽双,南京林业大学人文社会科学学院,刘亮程散文;故乡意象;生态回归;,"自19世纪中期生态美学的观念提出以来,这种人与自然、社会及人自身的生态审美关系便受到了国内外的广泛关注。""乡村哲学家""刘亮程,在黄沙滚滚的旷野里,用朴素、博大的文字思考着人与自然的关系。尤其是他近年来创作的""村庄""系列散文,具备了难以模仿和超越的独特品质。本文从刘亮程的散文入手,探究其作品在诗意语言、故乡意象和生态意义三方面的独特魅力。",安徽文学(下半月),2018-12-25,期刊,I207.67,43-44,2
44,试论贬谪文学中的旅游因素,张喜贵;黄玉瑗,江南大学人文学院,贬谪文学;空间位移;名人效应;旅游;,"贬谪文学中包含有旅游文化的因素,从某种意义上说贬谪文人开辟了旅游线路,发现了旅游景点。贬谪之地原来可能是默默无闻,但经过贬谪文人的介入,使其具有了独特的文化内涵,尤其是贬谪文学中旅游文学的出现,都增加了贬谪地的知名度。同时贬谪文人自身也形成独特的名人效应,以诗人名字命名的景点、名人故居等也都包含着浓郁的人文旅游资源。",安徽文学(下半月),2018-12-25,期刊,I206.2,45-46,2
45,论《黄金时代》中性的诗意建构,张琦,北京语言大学,性;诗意;自由;自然;爱;,"《黄金时代》是王小波的代表作品之一,在《黄金时代》中他呈现了一种纯净的性,建构出性的诗意之美。这部作品将性指向自由、自然和爱的永恒性,从而构建出性的诗意。",安徽文学(下半月),2018-12-25,期刊,I207.42,51-52,2
46,从《五美吟》看林黛玉的“红拂精神”,张涵,贵州大学文学与传媒学院,《五美吟》;黛玉红;拂精神;,"《五美吟》是林黛玉创作的一组诗,它一方面暗含了与红楼女儿的对应关系,一方面反映了林黛玉的精神世界。这组诗尤其值得注意的是最后一首《红拂》,我们既能在《红楼梦》的众多女儿身上看到红拂身影,更能看到林黛玉身上体现的""红拂精神"",即有胆有识的英雄气与真性情。本文运用文本细读的方法,结合一定的人格心理学理论,从《五美吟》出发,具体分析林黛玉的精神人格中具有的""红拂精神""。",安徽文学(下半月),2018-12-25,期刊,I207.411,26-29,4
47,"《說文·人部》“僤,疾也”條再議",丁茜,贵州大学文学与传媒学院,僤;疾;掉;許慎;段玉裁;《說文解字注》;《周禮·考工記·盧人》釋義;,"東漢許慎著《說文解字》人字部中訓""僤""為""疾"",並云:""《周禮》曰:‘句兵欲無僤’。""筆者從《周禮·考工記·盧人》原文出發,結合古文獻及出土文物考察原文文意,認為應肯定鄭司農的注解,訓""僤""為""掉"",意為""搖晃""之""搖""。",安徽文学(下半月),2018-12-25,期刊,H161,12-13,2
48,机器翻译给译者带来的机遇和挑战,彭子航,上海理工大学,机器翻译;机遇;挑战;,"经过近半个世纪的发展,机器翻译经历了从简单到成熟的发展过程,到了现在,这个政治、经济、互联网飞速发展的时代,机器翻译更是迎来了繁荣时期。社会发展和文化交流的需要催促了翻译技术的进步与成熟,同时相应地对翻译从业人员带来了机遇与挑战。本文简单回顾了统计机",安徽文学(下半月),2018-12-25,期刊,H085,129-130,2
49,近20年重庆方言研究综述,文洋,南京林业大学人文社会科学学院,重庆方言;语音;词汇;语法;研究综述;,"文章主要从重庆方言的语音、词汇、语法等三个方面,对重庆市直辖(1997-2017)以来重庆方言的研究成果进行梳理,总结其成就与不足,以期对今后重庆方言的研究有所裨益。",安徽文学(下半月),2018-12-25,期刊,H172.3,162-164,3
50,MTI专业发展研究综述——对2007-2017期刊文献的分析,秦宇辰,南京信息工程大学,MTI专业发展;课程设置;教学模式;学位论文写作;,"本文对近十一年来MTI专业发展研究的期刊文献进行了梳理和分析。经分析发现,研究主题可分为三类,分别是MTI专业课程设置、教学模式以及学位论文写作。课程设置主要包括基础性课程以及特色课程,教学模式主要包括理论教学、实践教学以及理论实践教学相结合,学位论文写作主要包括实践报告、实验报告以及研究论文。通过研究上述问题,本文旨在为MTI专业发展做一点贡献。",安徽文学(下半月),2018-12-25,期刊,H059-4,56-57+63,3
51,味觉词“酸、甜、辣”通感隐喻式的词义引申路径研究,任怡菲,O,O,"随着语言的发展,味觉域形容词""酸、甜、辣""越来越多地被用于非典型情境中,可以指向复杂感官域甚至情感域。本文以隐喻理论为指导,试图从通感式隐喻角度探究其词义引申发展的路径,分析本义与引申义之间的内在联系,来解释词义派生的原因,揭示通感隐喻在词义引申过程中是如何发挥作用的。",安徽文学(下半月),2018-12-25,期刊,H136,167-168,2
52,对江苏泗洪城镇方言词汇的考察,刘牧雪,江苏师范大学文学院,城镇方言;词汇;继承情况;保护;,"本文聚焦江苏泗洪城镇方言词汇,通过问卷调查法,用数据较为直观地呈现了其继承情况,并结合当地实际情况探讨原因。我们认为,方言词汇承载着当地最为传统的文化和最为原始的地域特征,应当受到足够的重视与保护。",安徽文学(下半月),2018-12-25,期刊,H172.4,176-177,2
53,“秒”字的类词缀化,王艺琳,贵州大学,类词缀;秒;现代汉语;,"本文对类词缀的定义进行阐述,对""秒""字的演变进行描写,通过对""秒""字的语义虚化、定位性、粘着性、能产性等四个特点的表述,探究""秒""字的类词缀化趋势。并指出""秒""字的类词缀化受语言的内部因素——语言的经济原则和修辞手段的使用,及语言的外部因素——社会因素和心理因素的双重影响。",安徽文学(下半月),2018-12-25,期刊,H146,178-179+184,3
54,从《猎场》观察合作原则的违反,李亚方,郑州大学文学院,《猎场》;会话含义;合作原则;言语交际;,"会话含义理论是语言学家格莱斯(Paul Grice)提出来的语用学概念,主要研究文本意义之后隐藏的深刻涵义,对会话含义的分析现如今已经成为语用学研究的主要领域。文章以电视剧《猎场》中违反合作原则的台词为研究对象,通过对剧中主要人物经典对话的分析,探讨隐含在表面话语之后深刻的内涵,探究违反合作原则对人们日常话语交际的影响。这不但可以帮助观众更好理解剧中人物的言语行为特征,而且有助于了解违反合作原则的会话妙用,以便更好将这些原则运用于实际生活。",安徽文学(下半月),2018-12-25,期刊,H136,189-191,3
55,口语课堂教学贯彻人文素质教育方法初探,赵旦,上海理工大学外语学院,人文素质教育;口语教学;,"本文作者以自己任教经历为实证,介绍了在口语课堂教学中实施热点新闻事件报告这一环节时,学生报告的新闻事件内容、对新闻事件的解读评点以及报告过程中语言表达的问题,探讨了这一教学环节对提升学生人文素质教育的作用。",安徽文学(下半月),2018-12-25,期刊,H193.2,213-214,2
56,浅谈对外汉语初级教学中文化导入的必要性及实现途径——以英语授课的专业学历生的公共汉语学习为例,于凌云,江苏科技大学外国语学院,对外汉语;初级教学;文化导入;文化认同;,"我国招收留学生数量的增加,留学生入学后要进行公共汉语学习,汉语水平普遍较低。在此阶段,文化导入的必要性日益体现出来,教学中通过有效的途径将文化导入进汉语学习,使二者有机融合、相互促进。既可以更早加强文化认同感,又可以更好地衔接学生以后的中级汉语学习,还可以培养出一批喜爱中国、很好地传播中国文化的留学生。本文探讨以英语授课的专业学历生的公共汉语教学中文化导入的必要性和具体途径。",安徽文学(下半月),2018-12-25,期刊,H195.3,238-239,2
57,生态翻译学“三维”视角下的名人故居简介翻译研究——以无锡为例,马小越;朱义华,江南大学外国语学院,名人故居;生态翻译学;三维转换;翻译策略;,"在全球化的大背景下,高质量的旅游翻译能给游客提供必要的背景知识并加深他们对名人生平事迹与中国文化的理解,使旅游的文化交流意义得以最大化。名人故居作为名人生平事迹的一种载体,其简介翻译有着重要的意义。本文以从无锡三处名人故居处搜集来的中英文简介为研究对象,以生态翻译学多维度适应与选择视角,从语言、文化、交际三个维度考察和评析故居内简介的翻译状况,并提供相应的翻译方法和策略,以期给同类翻译提供借鉴和指导作用,进而能够促进中外文化交流。",安徽文学(下半月),2018-12-25,期刊,H315.9,135-137,3
58,口译中译者主体性的生态翻译学理解,庄鹏达,南京工程学院,口译;译者主体性;生态翻译学;,"最近几年比较流行的生态翻译学方式尤其重视""翻译人员的主体性""这一观念,生态翻译学把翻译工作放入生态环境里去再度研究,翻译人员首先为翻译工作生态环境的主要元素,其次在进行翻译工作时需要懂得优秀者才能够一直生存下去的道理,全面发扬自己的主体性思维,适应且改善翻译的生态环境。通过分析一些会议中的记者的现场口译,我们能够得出每一位翻译人员都充分的发扬了自己的主体性思维,并尽力融进翻译环境里,去适应亦或是改善之一生态环境,使这一环境有利于自身的发展。",安徽文学(下半月),2018-12-25,期刊,H315.9,114-115,2
59,"日汉气象科技翻译长难句分析——以《WMO温室气体年报(第13期,2017年10月30日)》为例",李凤婷,南京信息工程大学文学院,翻译实践;过程方法;案例分析;长难句;,"本文共分为六部分。第一部分为翻译项目简介,主要包括翻译对象背景、文件来源、文件基本特点等;第二部分分三阶段介绍翻译过程及方法,主要为译前准备阶段、译中查询阶段和译后校阅阶段;第三部分为翻译案例解析;第四部分为本次翻译实践总结部分,主要提到译者的职业修养、翻译中存在的问题与不足等。",安徽文学(下半月),2018-12-25,期刊,H36,116-117,2
60,南京旅游景点汉日翻译研究——以玄武湖、中山陵为例,李亚辰;周潇滢;周鸣鹤;于晓曼;赵晨悦,南京林业大学外国语学院,玄武湖;中山陵;汉日翻译;,"本文以南京旅游景点玄武湖、中山陵为例,分析其标志牌文本中的汉日翻译内容,找出其中的错误,进行分类分析,并提出解决方案。发现主要存在词汇的误译、助词的误用等问题,还存在语句的地道性表达、词汇的搭配、时态的应用、敬体与常体的混用等问题。",安徽文学(下半月),2018-12-25,期刊,H36,118-119,2
61,英汉翻译错误类型分析,薛丹云,江苏警官学院,翻译;错误类型;源语;译文;,"语言之间存在可译性,语言表达存在差异性,但这种差异性必须是在可以接受的范围内。总的来说,翻译时出现的错误有:源语没有完全转换成目标语;对源语的理解错误;译文表达错误;没有注意原文的风格特点等。",安徽文学(下半月),2018-12-25,期刊,H315.9,120-121,2
62,英汉成语对比与翻译,孙明月,南京信息工程大学文学院,英汉成语;翻译策略;差异和共同点;,"成语是一个国家语言和文化的重要组成部分。是人民长期以来生产生活实践的结晶。然而中英成语有着很大的差异,因此在翻译英汉成语时,不免要考虑多种因素。本文将就英汉成语之间的差异和共同点进行剖析,最后总结英汉成语恰当的翻译策略。",安徽文学(下半月),2018-12-25,期刊,H315.9,122-123,2
63,社会符号学翻译理论指导下的公示语翻译研究,闻彤,内蒙古科技大学外国语学院,社会符号学;公示语;翻译研究;,"我国改革开放以来,越来越多的外国游客涌入中国,为他们营造出一个舒适的环境显得尤为重要。公示语作为一个国家或地区的文化名片,其翻译水平直接反映了该国家或地区的文化水平。但目前,公示语翻译不规范、翻译水平参差不齐等问题仍就很多。本文拟尝试从社会符号学角度找到切合实际的公示语翻译方法,以期待全方位提高公示语翻译质量。",安徽文学(下半月),2018-12-25,期刊,H315.9,124-125,2
64,生态语言学视域下中式英语探究,杨喜刚,南京林业大学外国语学院,生态语言学;中国英语;中式英语;发展消亡;,"本文首先分析中式英语和中国英语的关系,发现中式英语在一定条件下可向中国英语转化。然而,中式英语在英语的语言生态中没有得到应有的对待和重视。然后,我们从生态语言学整体性、多样性、互动性和适应性等特征和生态的视角分析若干中式英语实例,探析其衍生、发展与消亡。推动语言生态的和谐发展,需要正确看待和使用中式英语。",安徽文学(下半月),2018-12-25,期刊,H310.1,169-171+175,4
65,外语听解策略研究的认知维度,王延香,盐城工学院外国语学院,外语;听解;认知方式;,"英语作为外语使用(EFL)的环境中,学习者因受目的语文化熏陶不足、低频使用、功利动机及听解过程不可逆性等多种因素的影响,应该在其心智空间凸显对认知方式的选择。针对这一假设,研究者通过听力测试及问卷调查,对大学生外语听解中的认知方式进行研究。结果显示听解过程中大学生对策略的选择度并不如假设的那样高(相关度仅为0.245,修正后的R^2仅为0.052),文章从认知视角对这一结果进行了阐释。",安徽文学(下半月),2018-12-25,期刊,H319.3,172-175,4
66,日源外来词的中国大学生群体容受分析,曲佰玲;谢程坤,南京信息工程大学文学院,日源外来词;大学生;容受度;分析;,"本文以南京地区的南京大学、南京师范大学、东南大学、南京航空航天大学、南京信息工程大学、南京工业大学六所高校为试点,通过日源外来词词汇策略调查和词汇测试,对日语专业学生的日语学习意识、学习过程以及学生视角下的日语教学等进行了调查分析。分析日源外来词的特点、发展趋势,解析中国大学生群体日源外来词的容受情况。",安徽文学(下半月),2018-12-25,期刊,H36,165-166,2
67,日语动词的“变化”和“结果”对动词配价的影响,曾申英;杨晶晶;汪然,南京林业大学外国语学院,日语动词;变化结果;结合价影响;,"本文尝试探究动词的""变化""和""结果""是否和动词的配价之间存在一定的关系。首先选定要研究的动词范围,然后设定""变化""和""结果""的评判标准,就选定的动词按照变化的程度和动作是否达成结果进行分类。从动词""变化""和""结果""方面研究日语动词的配价问题,即动词的""变化""和""结果""对动词配价的影响。从动词本身出发,研究动词的""变化""和""结果""与语句生成的关系,从而更好的研究句子的生成机制。",安徽文学(下半月),2018-12-25,期刊,H36,180-181,2
68,基于PBL的大学学术英语写作教学设计,梅丽;李素真,中国石油大学(北京)外国语学院,PBL;学术英语写作;小组合作;评价;,"本文论述了PBL模式在大学学术英语写作教学中的应用,主要体现在选定项目、制定计划、活动探究、作品制作、成果交流和活动评价等六个方面。本文认为,该模式不但培养了学生的批判性思维,而且还能使学生在实践中掌握论文的写作流程,提高了他们进行项目研究和撰写论文的能力。",安徽文学(下半月),2018-12-25,期刊,H319.3,203-204+222,3
69,在中外合作办学下的雅思英语教学中引入文化教学,丁晓霞,盐城工学院,雅思教学;引入;文化教学;,"语言是文化的重要组成部分,因此学习语言的过程中,依赖于文化因素的背景知识才能更好地掌握、理解及运用语言。本文阐述了文化因素在雅思教学中的意义,并在此基础上提出了把文化因素引入雅思教学的方法,希望能够有助于提高中外合作办学下的雅思教学的教学效果。",安徽文学(下半月),2018-12-25,期刊,H319.3,211-212,2
70,新国标指导下的科技德语专业特色与人才培养模式,陈琦,上海理工大学外语学院,科技德语;专业特色;人才培养;,"在新国标的指导下,""分类发展""与""特色定位""成为国内德语专业新时期发展的重心,各高校应根据自身特点进行专业定位,走具有本校特色的人才培养之路。本文结合理工类高校特点,对上海理工大学德语专业的改革历程做简要总结,对在新形势下创建的科技类德语语言教学体系进行介绍和分析。",安徽文学(下半月),2018-12-25,期刊,H33,215-216,2
71,基于Web的学生反馈系统在高校英语分项技能教学活动中的应用构建,梁燕婷,北京师范大学珠海分校外国语学院,学生反馈系统;英语分项技能教学;Kahoot;Socrative;英语教学信息化;,"在传统的以教师为中心的教学模式下,教师在课上只能获得有限的学生反馈,主要的反馈一般是通过批改作业在课下获得。而通过基于Web的学生反馈系统可以有效地解决学生反馈延迟的问题,不仅可以提升课堂活动的参与度,改善学习效果,还可以让教师即时获得学生反馈,在教学过程中灵活地调整教学策略。本研究旨在探索和设计基于Web的学生反馈系统在高校英语分项技能(听说读写)常见的教学活动中的应用模式,希望通过课堂试用和完善,更好地为高校英语教学信息化改革提供参考和指导。",安徽文学(下半月),2018-12-25,期刊,H319.3,217-219,3
72,模因论视阈下的读写交互学习模式对写作能力提升的有效性研究,管鹏雎,河南大学国际教育学院,模因论;读写交互;语块句型;,"模音论与语言研究的结合为研究语言的复制和传播提供了全新的视角和方法。语言本身就是一种模因,模因的复制和传播依赖于基因型的""内容相同形式各异""和表现型的""形式相同内容各异""两种方式。读写课堂作为大学英语的主要阵地,且大学英语的写作教学正是围绕如何提高语言的输出能力为目标的。为更好地联系阅读和写作课堂,本研究采用实验设计和访谈的方法,对大学生群体的英语学习进行了为期半学期的实验。研究发现:(1)模音论为充分联系英语阅读和写作课堂提供了理论支持;(2)大学英语学习者的写作能力与英语的词汇量、阅读能力和鉴别语言模因呈显著正相关;(3)语言模因可以广泛应用于大学英语教学中,帮助学生提高语言输出能力。",安徽文学(下半月),2018-12-25,期刊,H319.3,223-225,3
73,大学英语教学中语用能力培养探析,袁兰;钱铭;张延晏,盐城工学院外国语学院,语用能力培养;跨文化交际;大学英语教学;,"语用能力在跨文化交际中起着重要作用。大学英语教学中如何培养学生语用能力是目前亟待解决的问题。本文提出,可以通过增加语用知识的明示教学、加强英语国家文化知识传授、增加学生实践的机会、增加学生语用知识的评估等方式来培养和提高学生的语用能力。",安徽文学(下半月),2018-12-25,期刊,H319.3,234-235+246,3
74,大学德语课程设计的学习者需求分析:以南京中医药大学公共选修课为例,王青羽,南京中医药大学外国语学院,课程设计;学习者需求;大学德语;,"学习者需求分析对于课程设计具有基础意义。学习者需求问卷调查结论分析表明,以南京中医药大学德语公选课为个案的学习者在第二外语德语的学习目标、学习方法、学习内容、跨文化交流需求方面存在诸多差异和共性。大学德语课程设计应当结合学习者需求,从学习者活动和教师活动两方面进行调整。",安徽文学(下半月),2018-12-25,期刊,H33,258-262,5
75,基础日语教学中朗读的作用实证研究,于秋芳,南京邮电大学外国语学院,基础日语;朗读;日语教学;实验研究;,"朗读是一种有声的语言表现形式,对外语学习具有很大的作用。在语言学习中朗读是不可缺少的,但随着学龄的增长,学生朗读时间越来越少,到了大学阶段尤为缺乏。同时,教学策略中也忽略了朗读的重要性。在基础日语教学中运用朗读策略,有利于纠正学生发音,使其日语发音自然、流畅,同时也可以培养学生的学习兴趣,锻炼学生的勇气,提高自信心。并提出建立""朗读档案袋"",定期举行朗读读书发表会等具体实施方式,同时指出了实施过程中注意的问题。",安徽文学(下半月),2018-12-25,期刊,H36,255-257,3
76,论“第六代”城市电影的美学意涵,甘钰菡,安徽师范大学文学院,“第六代”城市电影;心灵纪实美学;,"""第六代""的城市电影运用写实性影像,将镜头聚焦城市边缘人群,以真实的群体生存影像批判城市化带来的多重影响。其对戏剧化叙事的规避,呈现出诗化的心灵纪实美学特征。",安徽文学(下半月),2018-12-25,期刊,J901,138-140,3
77,韩国电影教育的发展研究,孙梨梨,盐城工学院人文社会科学学院,韩国;电影教育;专业性;普及型;,"韩国电影发展到今天的振兴状态,走过了漫长的历史,韩国的电影教育无论在量的方面还是质的方面都显示了惊人的成长。助其成长和发展的力量是由多种因素结合而成的,而韩国电影教育的发展则是推动韩国电影成长的重要因素之一。韩国电影教育已经从专门性的电影教育开始向大众的、普遍性电影教育转变。注重电影教育与专业素养、艺术素养、人文社会素养教育的结合,思索电影教育的学科定位,对于我国电影教育的进一步发展及""电影教育""的学科建设都具有重要的意义。",安徽文学(下半月),2018-12-25,期刊,G642;J90-4,141-142+152,3
78,国产喜剧电影的创作风格分析,张强;徐明,江苏师范大学传媒与影视学院,喜剧电影;情节主导;幽默语言;情感治愈;,"近年来,喜剧电影异军突起,从院线上映至今,观众好评率一路高歌猛进,成为人们缓解生活压力的不二选择。回顾近年上映的一系列类型电影,喜剧电影无疑是院线放映中的一匹黑马,掀起了国内中小成本喜剧电影制作的热潮。无论冯小刚的""冯氏黑色幽默贺岁""系列,还是宁浩执导的""疯狂""系列,又或是""囧途""系列,无不给国内电影市场带来了轰动的收视效应。本文将分析喜剧电影的一系列创作类型,探究其成功因素,并发现其不足与问题,从而对国内中小成本喜剧电影未来及发展趋势产生启示。",安徽文学(下半月),2018-12-25,期刊,J905,143-144,2
79,宫崎骏动漫的生命色,夏小珍,南京信息工程大学文学院,母爱;成长;暧昧的恋情;生命;,"日本著名的动漫大师宫崎骏在其作品中,经常深刻触及我们生命中的一些不可或缺的因素,例如温暖的母爱、成长的坚韧和美丽的爱情等。如果将母爱的温暖比喻成黄色,成长的坚韧比喻成绿色,爱情的美丽比喻成粉色,这些就构成了宫崎骏动漫炫目的生命色彩。本文试从宫崎骏动漫作品中寻找这三点对我们人类生命的意义,对人类的生存又将产生怎样的影响。他的动漫,不仅仅是向孩子们,更是向大人们传达""能够生存下来真的太好了""。",安徽文学(下半月),2018-12-25,期刊,J954,145-146,2
80,评析《神秘巨星》中女性角色的觉醒,沈琼芳,昆明理工大学津桥学院,神秘巨星;女性;觉醒;启迪;,"《神秘巨星》虽然在剧情和情节方面与先前口碑不错的几部印度电影有相似之处,反映励志的追梦题材,表现印度的社会现状,展现优美的音乐风格等,但笔者在本文中主要想探讨剧中真正的神秘巨星以及女性角色的觉醒,以期给现实生活中有相似经历和处境的女性一些启迪。",安徽文学(下半月),2018-12-25,期刊,J905,147-148,2
81,浅析李安电影中的音乐对叙事话语的影响,郭艺炜;李静宜;陈希钰;张浩然,天津外国语大学国际传媒学院,李安导演;电影;配乐;叙事话语;,"著名的华人导演李安厚积薄发,创作了许多中外赞叹的影片。在他的电影中,音乐对叙事话语有很大的影响,是电影艺术中不可或缺的一个部分。笔者通过对李安电影这一特点的研究,剖析了电影配乐在加强场景营造和人物刻画效果、推动情节发展以及引出和深化主题等方面的作用,希望能帮助读者发现李安电影的精髓之所在。",安徽文学(下半月),2018-12-25,期刊,J617.6,149-152,4
82,在“镜像”中找到自我——论影片《玛丽露》中主人公的自我寻找之路,王红丽;吕颖,北方民族大学,《玛丽露》;镜像理论;自我寻找;,"影片《玛丽露》是以色列的音乐电视电影,该影片融合了多种电影拍摄手法,就主题而言,又充满了同性恋情节与变装因素,打破了单主题电影的传统模式,本文从多种主题出发,结合拉康的""镜像理论"",就主人公的自我寻找之路,进行了分析。",安徽文学(下半月),2018-12-25,期刊,J905,153-154+164,3
83,《战狼Ⅱ》的英雄故事模型与英雄形象特征分析,任和,首都师范大学燕都学院,《战狼Ⅱ》;英雄故事模型;英雄形象特征;人物塑造;,"《战狼Ⅱ》是一部以退伍老兵当英雄为主题的电影,导演吴京从艺术创作的本质出发,塑造出了扎根于生活、真实可信、生动立体的英雄冷锋形象,为影片的整体成功打下坚实的基础,一经上映就得到业内人士的广泛好评,同时深受观众喜爱和认可,票房突破50亿大关,跻身世界影史百强。作者以坎贝尔的英雄故事模型分析影片《战狼Ⅱ》的英雄故事模型结构、从影片的人物行为、动作、语言以及英雄形象特征,分析影片《战狼Ⅱ》的人物塑造特点。从中看出英雄类型电影是如何激发民族精神、爱国精神、凝聚民族感情的内生力和国家意志的。",安徽文学(下半月),2018-12-25,期刊,J905,157-159,3
84,"愿有良药,治愈贫穷——电影《我不是药神》观后感",张丹丹,上海理工大学管理学院,我不是药神;影片悲剧;原因;措施;,"电影《我不是药神》是由导演文牧野制作的,它反映的是如今大众所关心的医疗保障问题。下面就这部影片的一些方面做一个简单的抒发:首先是对影片的回顾,其次是对影片中悲剧发生原因的分析与解答,最后是对影片所带来的社会启示和如何改进提一些建议。",安徽文学(下半月),2018-12-25,期刊,J905,160-161,2
85,《穿普拉达的女王》对当代女大学生职业选择的启示,方威媚;柳美娟,浙江海洋大学,《穿普拉达的女王》;女大学生;职业选择;,"为了追求职业梦想,本不属于名利场的Andy,面对刁钻苛刻的时尚女魔头,在工作中忍辱负重,从一个职场菜鸟一步步成为时尚达人和职场红人。然而,时尚圈的浮华使Andy逐渐沉沦,顿悟后的她做出了无愧本心的选择。思量女主角的职场成长对我们当代女大学生的职业选择受益匪浅。",安徽文学(下半月),2018-12-25,期刊,G647.38;J905,247-248+276,3
86,山岗,赵宏兴,O,O,O,安徽文学(下半月),2018-12-25,期刊,J42,292,1
87,“二十四节气”文献研究综述(2014-2017),王琬琦,南京信息工程大学,二十四节气;文献综述;研究趋势;,"2016年,我国""二十四节气""正式被列入联合国教科文组织人类非物质文化遗产代表作名录。本文围绕申报时间节点前后,对近四年节气研究文献的方向、内容等方面进行系统分析与总结。",安徽文学(下半月),2018-12-25,期刊,K892.18,49-50,2
88,《无逸》中的“明德慎罚”思想探赜,袁加值,贵州大学哲学与社会发展学院,无逸;迪哲;明德慎罚;,"""明德慎罚""在《康诰》中由周公提出以后,虽一直贯穿着后续篇章,然只有到了《无逸》篇中,这一思想在其理论上才真正得以解决,即""迪哲""。基于此认识,本文将尝试论述""迪哲""与""明德慎罚""之间的关系,尽可能分析它们之间存在的内在联系。",安徽文学(下半月),2018-12-25,期刊,K221.04,9-11,3
89,论南北朝时期的南京古寺院,孙靖舒,南京林业大学人文社会科学学院,寺院;佛塔;园林;信众;启示;,"南北朝时期,民族混战,少数民族内迁带来文化的传播与融入。其中影响最大的,莫过于佛教的传入。寺院如雨后春笋般涌出,展现的是佛教入主中原并在中原地区站稳脚跟的发展过程,也是佛教中国化的过程。南京古寺院就是见证这个发展过程的外现。本文通过分析南京古寺院佛塔与佛殿、寺院园林以及这一时期的信众基础和文化基础,来反观社会,从而获得对当今时代的启示。",安徽文学(下半月),2018-12-25,期刊,K878.6,185-186,2
90,浅析古铜张派上海传人教育传承及发展成效,曹成铭;万俐,南京信息工程大学科学技术史研究院南京博物院,上海传人;教育理念;传承模式;发展成效;,"传统青铜器修复按照不同地域衍生出各地独特的修复特点,古铜张派上海传人作为古铜张派青铜器修复流派的一支,在近六十年的中国青铜器修复技术及教育传承领域做出巨大贡献并形成良性发展态势。总结其早期与当代教育理念,多种传承模式及取得地发展成效,将为文物保护修复领域的人才培养提供可兹借鉴的经验。",安徽文学(下半月),2018-12-25,期刊,K876.41,220-222,3
91,作家档案贺建军,,O,O,"<正>贺建军,《清明》编辑、办公室主任,安徽省作家协会会员。作品散见于《清明》《时代文学》《安徽文学》《传奇传记》《作家天地》《中国青年报》《语文报》等文学期刊及纸媒网刊。有作品被《中华文学选刊》《中国作家网》等转载。",安徽文学(下半月),2018-12-25,期刊,K825.6,2,1
92,试论儒家精髓的现代意义对在校大学生价值观的影响,夏夏,南京林业大学,儒家精髓;现代意义;大学生;价值观;,"本文围绕价值观形成的影响因素、自我价值与社会价值的关系、实现个人人生价值的决定因素、向往的生活方式以及如何尽社会责任等问题,分别就在校大学生价值观现状与他们对儒家精髓的认知进行调查,并针对问卷数据进行了分析,又分别尝试从""仁者爱人""、""以和为贵""、""见贤思齐""及""见利思义""等几个方面给出了大学生价值观培育的建议。",安徽文学(下半月),2018-12-25,期刊,G641;B222,249-250,2
93,辨析德尼·古莱与阿马蒂亚·森的发展观,张栋华,贵州大学哲学与社会发展学院,德尼·古莱;阿马蒂亚·森;发展;,"发展不仅是一个单纯的理论问题,对我们的生活更具有现实意义。人类社会的进步主要是靠发展来推动,在发展过程中不仅为人们提供了丰厚的物质基础,同时还为人们创造了多种多样的生活方式。发展始终都是围绕着人的发展,阿马蒂亚·森认为通过发展实现人的自由,德尼·古莱则认为发展的最终目的是实现人类的美好生活。本文通过对德尼·古莱的发展伦理观与阿马蒂亚·森的发展观比较分析,从中得出对我们当今社会构建美好生活的启示。",安徽文学(下半月),2018-12-25,期刊,B82-058,182-184,3
94,中日两国审美意识比较——以“天人合一”和“物哀”为例,郭梓烨,中国传媒大学外国语学院,审美意识;天人合一;物哀;,"中日两国虽互为邻邦,其文化也有诸多相似之处,但两国人民的国民性格却有着很大的不同,其中重要的原因之一是两国人民有着不同的审美意识。通过对两国审美意识的研究我们可以更好地了解两国的国民性,从而更好地进行跨文化交际活动。中国人自古崇尚""天人合一""的哲学观念,也就是人与自然的和谐共生。由于这一哲学命题跨越了诸多领域,当其在艺术活动中有所体现时,我们也可以把它作为一种审美意识进行研究。日本人则注重人心对客观外物的感受。其传统文化中最具代表性的审美意识""物哀""就是其最好的体现。通过研究可以得出以下结论。即中国人注重伦理道德并且在思考问题的时候倾向于综合性的思维方式;而日本人则注重细微与直感,相比较伦理道德更加注重人情世故。",安徽文学(下半月),2018-12-25,期刊,B83-091,196-202,7
95,日本地震应对机制的考察与借鉴,尹娜;夏小珍,南京信息工程大学文学院,地震;抗震;救援;借鉴;,"地处环太平洋地震带的日本,自古以来就频繁受到地震灾害的侵袭。正因为如此,日本在地震应对方面取得了较为显著的成果。日本从房屋抗震、地震预警系统到政府的地震应急体制、国民防灾意识方面都各具特色。近年来,我国多地地震频发,造成了严重的人员伤亡与经济损失。在感叹""天灾无情""的背后,不难看到我国在建筑物抗震、防灾教育、地震研究的投入等方面仍有进步空间。日本先进的地震应急机制为我国今后在防震防灾及灾后救援方面提供了一定的启示。",安徽文学(下半月),2018-12-25,期刊,D731.3,269-270,2
96,民法典编纂下的宅基地使用权流转刍议,周洲,贵州大学法学院,宅基地使用权;流转;物权;,"宅基地是一个我国法律独有的概念,其制度构建及立法宗旨都具有很强的研究价值。在民法典编撰的大背景下,宅基地使用权作为用益物权的属性通过流转得到彰显,物只有通过流转才能创造价值在法律上有了可能性。",安徽文学(下半月),2018-12-25,期刊,D923.2,271-272,2
97,论变性人的法律地位及保护,段富强;代思锦,贵州大学法学院重庆市北斗星辰人力资源顾问有限公司,变性人;法律地位;法律保护;,"随着经济和文化的不断发展和融合,我国的变性人数量呈逐年增加的态势,并且已经逐渐发展为一个社会群体。变性人的出现却给我国的传统法律和道德带来了巨大的冲击,与此同时,一系列与变性人有关的法律问题已经成为我国法律亟待解决的问题。即使变性人的数量相对于我国总人数来说较少,但是他们的合法权益、行为规范以及如何对待并没有一个明确的规定。因此我们应该按照目前变性人发展的态势合理地制定相关的法律法规,保护变性人的合法权利以及约束变性人的行为生活,通过对变性人的保护来提升人们对权利的意识。",安徽文学(下半月),2018-12-25,期刊,D923.9,273-276,4
98,教育机构人员劳动权益保障研究——以学而思为例,韩婧妍;姬东飞,上海理工大学,机构教育业;教育机构人员;劳动权益保障;,"教育业作为国家发展的重要基石,是人类社会发展的根本动力。教育产生于社会劳动,用来传递生活知识与生活技能,随着社会不断进步发展,教育逐渐被人们所重视。我国实行九年义务教育,但是在传统学校里的教育往往不足以使学生考入理想的大学,这便使得机构教育业迅猛发展。同时,机构教育业更是吸引了不少知识分子的加入,提供了许多工作机会。但是,由于机构教育业尚不具备成熟的经验,虽有自己特定的运作方式,但工作空间和环境相对封闭和独立,因此,行业又经常爆出教育机构人员的劳动权益受到侵犯的新闻。保障教育机构人员的劳动权益,既是对教育机构人员作为劳动者的尊重,更有利于机构教育业长久的健康发展。人类的发展离不开教育,因此教育机构人员的劳动权益不仅需要国家法律的保障,更需要全社会的共同努力去维护。",安徽文学(下半月),2018-12-25,期刊,D922.5,277-278,2
99,论部分要约收购对目标公司的影响,张雪,贵州大学法学院,部分要约收购;要约收购;目标公司;影响;,"部分要约收购是收购上市公司里最常见的收购方式,因此研究部分要约收购对目标公司的影响具有其重要意义,能为目标公司的股东以及投资者提供一定的经验借鉴。本文通过分析部分要约收购对目标公司的有利影响和不利影响,得出要利用《证券法》等收购法规维护收购市场秩序,而目标公司股东最佳的选择是在要约价处卖出股份以避免收购风险。",安徽文学(下半月),2018-12-25,期刊,F832.51,285-288,4
100,新媒介情境下不同网络社区的个体表达意愿研究,卢舒漫,上海理工大学出版印刷与艺术设计学院,媒介情境论;拟剧论;网络社区;社交网络;,"地理环境的分隔与差异造就了不同的人类文明,报纸、广播、电视、网络等媒介的发展造就了不同的思维和生活习惯,不同媒介情境下人的心理和行为也有着不同的表现方式。本文将结合""拟剧论""等理论和问卷调查等方式,探究不同网络社区中个体表达意愿的具体表现、原因与影响。",安徽文学(下半月),2018-12-25,期刊,G206,187-188+202,3
101,从古代中日交往看日本的大国意识,刘志强,南京信息工程大学,中日交往;大国意识;华夷观;,"本文通过分析古代中日两国的数次交往史料,对日本的大国意识做一次历史考察。在古代东亚的国际舞台上,日本一方面吸收利用强大的中华文明,另一方面又想同中国平起平坐。此外,还试图确立以朝鲜半岛诸国为附属国,日本为宗主国的另一种秩序。在大化改新后,随着律令制的发展,日本的国家意识更趋加强,大国意识愈发显现。",安徽文学(下半月),2018-12-25,期刊,D829.313,192-193,2
102,共同犯罪实行过限的认定,石小玉,贵州大学,共同犯罪;实行过限;故意;刑事责任;,"共同犯罪是两人以上基于共同故意实施的犯罪,但因为某些因素,部分成员实施了超过共犯人之间的共同犯罪故意的内容的行为,对于这种行为其他共犯人是否应承担责任,本文从主观和客观方面对此过限行为进行认定,并且提出承担刑事责任的依据。",安徽文学(下半月),2018-12-25,期刊,D914,282-284,3
103,项目驱动教学法在《企业设立与运行管理》课程中应用的影响研究,周益;梁金玉;姚汉,海口经济学院财会学院,任务驱动;教学新模式;教学改革;运行管理;,"项目驱动教学法是一种新型的教学模式,将学生作为课堂的主体,然后以教师为主导,任务作为主线的教学模式。基于传统理论教学的局限性,本文提出了在企业设立与运行管理教学中运用""项目驱动""教学法的构想。",安徽文学(下半月),2018-12-25,期刊,F270-4;G642,205-206,2
104,独立学院大学生学习意愿的人格因素,花奇芹,扬州大学广陵学院,人格;大学生;学习意愿;,"现今社会,独立学院大学生学习意愿的人格因素越发复杂,通过学习意愿人格因素概念来更科学的了解自身,对独立学院学生的影响是非常大的。在不同的环境因素如社会影响问题、先天遗传影响问题、学校教育影响问题、家庭环境影响问题的探讨下,我们提出可以采用定下目标来提高独立学院大学生学习主动性、合理运用学校资源进行提升学生自信心等方法策略。",安徽文学(下半月),2018-12-25,期刊,G642,207-208,2
105,浅谈独立学院思想政治教育工作的现状及解决方法,梁晓珊,扬州大学广陵学院,独立学院;思想;政治教育;现状;方法;,"如今教育已经得到政府和人民大众的广泛关注,随着教育力度的不断加深,一些独立学院纷纷成立,给教育事业增添更多的力量。当前很多独立学院在思想政治教育工作方面仍然存在不足,只有集中力量来做好思想政治教育工作才可以使独立学院的教育工作获得更好的发展。思想政治教育工作成为独立学院的一项重要因素,必须得到加强,也必须要想方设法进行改善,唯有如此便可以给独立学院带来更加美好的发展趋势,促进独立学院教育工作的欣欣向荣。",安徽文学(下半月),2018-12-25,期刊,G641,209-210,2
106,解读蒙学视域下的儿童阅读,卢翠,信阳师范学院图书馆信阳师范学院文献信息研究所,蒙学;儿童;阅读;,"透过蒙学丛书,我们可以管窥其已具备:儿童为本位的大阅读理念,儿童分级、分类阅读,引导儿童阅读经典的阅读方法,重视儿童阅读的精神引领的阅读期待。",安徽文学(下半月),2018-12-25,期刊,G629.299,226-227,2
107,大数据时代地方应用型高校大学生内容创业研究,王晓惠,淮阴工学院,大数据;地方应用型高校大学生;内容创业;,"随着科技的飞速发展,当前我们已经步入大数据时代。大数据具备数据多样、丰富、快捷、真实度高等特性,赋予大数据时代无限的创新可能,大数据与移动互联网共同催生的内容创业也成为万众瞩目的焦点。与此同时,当前中国地方应用型高校大学生就业困难的现象不容忽视,在全民创业、万众创新的时代号召下,许多学生都在毕业后走上创业的道路,但是因为经验不足,创新意识不够,导致创业项目与社会需求相脱节,最终导致创业失败。不仅浪费了金钱,而且耽误了宝贵的青春。所以,本文旨在探讨大数据时代地方应用型高校大学生内容创业的可行性,并提出一些建议,以期能够更科学地指导应用型学生的创业,探索出一项长效的创新创业机制。",安徽文学(下半月),2018-12-25,期刊,G647.38,228-229,2
108,新媒体时代思政教育与大学生创业的有机组合,张媛媛,扬州大学广陵学院,新媒体时代;思政教育;大学生创业;有机结合;,"在新媒体时代,国家大力宣传""大众创业,万众创业""。受此影响,大学生们纷纷投入到创业热潮中去。大学生的创业不仅要靠自己打拼,还需要高校给予的思政教育的引导。良好的思政教育能够帮助大学生树立正确的世界观、人生观、价值观,明确人生的前进方向,同时培养起激情、积极性、适应性、领导力和雄心壮志等创业精神。本文结合笔者对思政教育的多年研究,针对新媒体时代思政教育与大学生创业的有机结合话题,探究两者之间的联系及融合路径,推动思政教育更好地为大学生创业给予帮助,提升学校的思政教育教学质量。",安徽文学(下半月),2018-12-25,期刊,G641,230-231,2
109,“互联网+教育”背景下多维教学模式研究,邵伟;张蕤,南京林业大学化学工程学院,互联网+教育;网络资源平台;多维教学模式;,"以联通主义学习理论为指导,以网络资源为依托,设计建构基于""互联网+""的多维教学模式。该模式从不同时空维度组织教学、延展教学,突破传统课堂教学的局限,激发学生的学习兴趣,使不同专业背景、不同学习能力、不同专业基础的学生能利用不同的学习终端随时随地获得各自学习所需的资源,实现自主性、个性化学习。",安徽文学(下半月),2018-12-25,期刊,G434,232-233,2
110,浅谈高校网络思想政治教育——基于马克思的灌输理论视角,王星媛,贵州大学马克思主义学院,高校;网络思想政治教育;马克思;灌输理论;,"思想政治教育学的必要理论基石之一是马克思的灌输理论。本篇文章基于马克思的灌输理论的视角,从三个方面对高校网络思想政治教育进行了深入剖析,具体分为三个方面:第一,科学把握马克思灌输理论的基本内涵以及主要内容;第二,马克思的灌输理论在高校网络思想政治教育当中的地位和作用;第三,基于马克思灌输理论视角下高校网络思想政治教育的展望。",安徽文学(下半月),2018-12-25,期刊,G641,236-237,2
111,关于《中国商务与文化》课堂的实践探索——自媒体传播视野下的模拟教学,沈莉,上海理工大学管理学院,自媒体;商业模拟;留学生;传播机制;,"《中国商务与文化》是针对外国留学生开设的课程,理论与实践性都很强。在自媒体时代,如何进行对课程的实践环节进行改革,使教学适应时代发展,值得探讨。本文从自媒体的传播机制出发,分析了基于自媒体传播机制的商业模拟教学模式的优越性,构建了基于自媒体传播机制的该类课程的商业模拟教学模式。实践结果证明,在高校管理类课程的模拟教学中运用自媒体传播机制,对促进教学主客体和教学资源的双向构建和整合,实现知识和文化的网状快速传播,提高学生的实践能力、学习主动性和创新能力等诸多方面都有传统教学方式无法比拟的优势。",安徽文学(下半月),2018-12-25,期刊,F710-4;G648.9,253-254+257,3
112,高校学风建设中针对学生养成教育问题的建议,田云辉,昆明理工大学学生工作部(处),高校;学风建设;学生养成;教育问题;建议;,"当今社会发展迅猛,竞争激烈,重视创新,需要大学生具有自我规划、自主学习,包括终身学习的能力。计划是实现高效管理的必要环节,是将行动引向目标的指令集,不可或缺,学生的学习也同样需要有计划。另外,大学的学习不同于中学的学习,在大学里,学生自主的时间更多,自主的空间也更大,相应地对大学生自主能力的要求也就更高。所以,在大学中,要做好学风建设工作,学生养成教育问题显得显得尤为重要。",安徽文学(下半月),2018-12-25,期刊,G641,240-241,2
113,基于思政教育模式下高校学生管理水平的提升,董思思,河南大学药学院,高校学生;思政教育;管理水平提升;,"目前高校对学生的政治思想教育越来越重视,各大高校对学生的思想教育工作引起重视可以帮助学生建立正确的人生观、价值观以及世界观,这也是众多的高中教学体系中尤为重要的一项引导工作,也是学校开展其他教育工作的前提保障。但由目前的状况来看,社会的多元化文化逐步地影响着我们的生活,影响着我们的思想,可见传统的教育观念早已不适用于如今的教育发展。因此,高校思政教育条件下学生存在的管理问题,然后再基于思政教育模式下高校学生管理水平的提升展开谈论,希望能为相关的高校思政教育管理方面的工作人员提供一定的参考建议。",安徽文学(下半月),2018-12-25,期刊,G641,242-243,2
114,傅雷家庭教育中人格教育对现代思想政治教育的启示,吴尚霞,上海理工大学马克思主义学院,傅雷;人格教育;现代思想政治教育;启示;,"傅雷先生是我国著名的翻译家、艺术鉴赏家、文艺评论家。他运用其独特、严谨的家庭教育引导傅聪与傅敏各自走上了符合自身特点的成功之路,《傅雷家书》所蕴含的人格教育思想更是值得现代家庭教育学习借鉴。本文以傅雷家教思想中的人格教育思想为研究对象,通过分析傅雷家教思想中人格教育的内容及方法,以期对当代思想政治教育提供借鉴。",安徽文学(下半月),2018-12-25,期刊,G41;G78,244-246,3
115,双向引导自主管理模式提升经济困难学生能力,田云辉;李茜;周毅,昆明理工大学学生工作部(处),O,"目前,家庭经济困难学生已成为了各高校庞大的学生群体,经调查,在云南各高校中经济困难学生约占本科生总人数的30%,资助方式通常以各类助学金作为主,为了更好的帮助经济困难学生,使其正真具备相应的能力来摆脱贫困,结合昆明理工大学实际,提出了针对经济困难学生的资助应建立起""经济帮扶""+""能力培养""双向引导的管理模式,充分把握国家相关资助政策,有针对性的开展经济困难学生资助,并全方面完善贫困生能力提升的平台,在确保不让一名大学生因经济困难失学的前提下,不断提升经济困难学生综合能力,真正解决经济困难学生的脱贫问题。",安徽文学(下半月),2018-12-25,期刊,G647,251-252,2
116,供给侧改革视角下高校资助育人新维度:发展型资助,张瑶;曹建新;樊建;樊志峰,昆明理工大学,供给侧改革;视角;高校;资助育人;N发展型资助;,"高校学生资助育人工作中需求侧是学生,供给侧是学校。高校资助工作为经济困难学生提供的""供给"",对于他们的成长成才起着至关重要的作用。本文通过对高校资助工作发展历程的分析,在供给侧改革的视角下,探讨高校学生资助育人工作的发展新维度,以期为发展型资助的不断推进提供参考。",安徽文学(下半月),2018-12-25,期刊,G647,263-264,2
117,行政立法的公众参与,陈雨佳,上海理工大学,公众参与;行政立法;社会民主;,"公众参与作为一种新兴民主方式,是民主政治的重要方式,近年来,随着我国社会主义建设和民主法制的发展,虽然公民参与的热情有所提高,行政立法参与的相关制度有所完善,公众参与途径增多,但是仍然和欧美国家仍有一定的差距。本文从国内行政立法公众参与现状并结合国内研究学者的研究分析并其问题和原因,并提出合理对策和建议。",安徽文学(下半月),2018-12-25,期刊,D922.1,265-266,2
118,论刑事速裁程序中值班律师制度的完善,舒余,贵州大学法学院,刑事速裁程序;值班律师制度;制度完善;,"刑事速裁程序试点实施以来,提升了轻微刑事案件的审判效率。在该程序中明确的值班律师制度也使犯罪嫌疑人、被告人的合法权益得到进一步保障,但也存在值班律师定位不明、奖惩机制缺乏等不足之处。本文在通过对值班律师制度的宪法基础及程序正义等理论依据进行梳理的基础上,归纳司法实践中存在的不足,结合美国合同制法律援助形式中符合我国国情与司法实践的因素,提出应赋予值班律师辩护人身份及吸收合同制法律援助的合理要素据以完善刑事速裁程序中的值班律师制度。",安徽文学(下半月),2018-12-25,期刊,D925.2,267-268,2
119,日本反垄断法新发展及其对我国的启示,梁诗娴,贵州大学法学院,反垄断法;日本;课征金;启示;,"当前各个国家反垄断法都将行政责任当作是法律责任的主要规定,并确立行政罚款在行政责任中的核心地位。日本反垄断法核心责任制度为课征金制度,课征金制度对日本反垄断法实施起到了积极促进作用。我国国情同日本最为接近,在反垄断法立法及实践中需对日本课征金制度的优点进行针对性借鉴,并立足我国国情,对我国反垄断法进行有效完善。",安徽文学(下半月),2018-12-25,期刊,D912.29,279-281,3
120,学习分析技术应用下学生隐私泄露问题及保护策略研究,刘薇;谢媛,上海理工大学管理学院,学习分析技术;数据隐私;学生隐私保护;,"随着教育信息化的发展,教育领域中出现了能够跟踪学生的学习行为,根据反馈预测和改善学生学习行为的学习分析技术。但是在学习分析技术的教学应用中,存在着大量的隐私侵犯和泄露问题。为解决学习分析技术中存在的隐私问题,文章通过对学习分析技术生命周期模型的剖析,把其中的隐私问题分成隐私侵犯和隐私泄露两方面进行解读,并提出相关数据隐私保护方法,以期提高学习分析技术在教育领域中应用的成效。",安徽文学(下半月),2018-12-25,期刊,G434,289-290,2
121,我国环境执法的困境与出路——以最高检第32号指导性案例为切入点,王爱明,贵州大学法学院,环境执法;最高检第32号指导性案例;困境与出路;,"锦屏县检察院诉县环保局公益诉讼案(最高检第32号指导性案例)折射出我国环境执法面临的执法效率低下、政府与企业存在非合作博弈等困境。应当转变运动式的行政执法模式与压制型的行政执法策略,重视企业在环境保护中的重要作用,构建以日常监管为主的环境监管制度、搭建企业与政府间的交流平台、建立针对违法排污企业的帮扶制度,以提高环境执法的有效性。",安徽文学(下半月),2018-11-25,期刊,D922.68,85-87,3
122,寺庙园林建筑生态文化研究——以南京为例,仇宇;丛嘉;冯嘉欣;郑洁明;吉玉萍,南京林业大学,南京;寺庙园林;生态文化;,"人与自然和谐发展是人类现代化发展的重要方向。寺庙园林作为人类活动与自然环境共生的生态状态,具有重要的研究价值。本文以典范城市——南京为例,介绍其寺庙园林概况并总结出三点生态文化特征。南京寺庙园林生态文化是自然之景与人造之景的相互融合,是道家生态观与佛教自然观的具体表现,也是宗教思想与旅游活动的紧密结合。通过分析比较他国经验,提出维护寺庙原址、改善园林生态环境的建议,从而实现可持续发展的目标。",安徽文学(下半月),2018-11-25,期刊,TU986.4,272-274,3
123,胡适译本《哀希腊》中的译者惯习分析,张云;吴涛,昆明理工大学外国语言文化学院,译者惯习;胡适;哀希腊;翻译审美;,"本文从社会心理学译者惯习出发,对胡适的《哀希腊》译本进行深度剖析,通过对胡适的译诗风格,个人性格和教育背景以及当时的社会文化大环境进行分析,进而厘清译者惯习在翻译实践过程中对译者的心理与行为的引导作用,挖掘更深层次的翻译审美价值。",安徽文学(下半月),2018-11-25,期刊,I046;H315.9,109-111,3
124,翻译美学论指导下日语身心拟态词的汉译——以『伊豆の踊り子』为例,温婷茹,南京信息工程大学文学院,翻译美学论;『伊豆の踊り子』;日语身心拟态词;汉译方法;,"翻译学在文化发展历史上已成为一门重要的学科,作为一门艺术实践活动,与美学有着不解的渊源。美学对翻译有着一定的参考价值,翻译是由译者主体进行的语言审美活动,离不开审美性的选择。在日语中,拟声拟态词是表达人、物的声音、动作、心理的关键,而汉语中这类词为数不多。因此,对中国日语学习者来说,拟声拟态词的汉译是一个难点。本文将从翻译美学论的视角出发,以『伊豆の踊り子』这篇文学作品中的身心拟态词为基础,对三本汉译本进行对比研究,总结得出在翻译美学论指导下,有关日语身心拟态词的汉译方法。",安徽文学(下半月),2018-11-25,期刊,H36;I046,106-108+111,4
125,戈宝权译人译事刍议,孟焱,淮南师范学院外国语学院,戈宝权;翻译成就与贡献;译事五难;刍议;,"作为我国当代著名的翻译家、文学家和外交家,戈宝权在俄苏文学、东欧文学和亚非拉文学作品在国内的译介上孜孜不倦,著述等身,在国内外享有盛誉,成为名副其实的国际文化和友谊的使者。通过刍议其生平和翻译成就与贡献,尤其是其对译事""五难""的论述,体现了戈宝权作为杰出译人对待译事的踏实严谨、求真务实的态度,给所有翻译工作者以启迪和激励。",安徽文学(下半月),2018-11-25,期刊,H059;I046,41-42,2
126,21世纪以来美国生态文学在中国的译介,何花莲子;韩启群,南京林业大学,新世纪;美国生态文学;译介;传播;,"本文从译介视角梳理了新世纪以来美国生态文学和生态文化在国内译介和传播的主要成果。重点考察美国经典自然文学、当代科学散文和叙事文学以及新时期生态批评著作在国内译介状况,既可以透视中西方文学生态化趋势、生态意识相互渗透、生态文学格局相互影响的积极互动态势,又可以窥视中国作家对美国生态文学的接受程度、吸收路径与改造方式,从而揭示生态文学译介对传播生态文学和文化、促进中西方生态思想交流的重要作用。",安徽文学(下半月),2018-11-25,期刊,H315.9;I046,43-46,4
127,中国现代美学中艺术概念的演变体会,王衍平,合肥市美术家协会,艺术概念;现代美学;中国传统美学;西方美学;,"从中国传统美学中关于""艺""的概念到从日本引进的关于""美术""的概念再到""艺术""这一概念,中国现代美学的产生以及发展是基于中国传统美学同西方美学的融合与碰撞。通过对中国现代美学艺术概念的研究分析可知,中国现代美学既继承了中国传统美学理论由借鉴了西方美学,由此,本文首先分析了中国现代美学艺术概念的历时性演变,其后阐述关于中国现代美学共时性的研究,以期能够发现中国现代美学艺术概念演变的规律。",安徽文学(下半月),2018-11-25,期刊,J01,132-133,2
128,新批评的历史文化真意,曲彬,东北大学外国语学院,新批评;重农运动;形式主义;文化维度;,"英美新批评理论从20世纪后期开始饱受形式主义的诟病。形式主义偏见的形成与世纪末新兴文学理论集中出现导致新一代理论家忽视对新批评理论原著的研读而造成误解有关。新批评主要人物兰色姆、沃伦、塔特的新批评理论与其早年的逃亡者、重农运动一脉相承,都蕴含着他们对社会历史文化的深度关切。新批评的文本自足思想是以诗歌的形式诉说诗歌之外的世界;新批评的这种文化维度早在理论奠基时期理查兹的美学理论中就已十分明确。",安徽文学(下半月),2018-11-25,期刊,I06,199-203,5
129,希尔德斯海默的荒诞剧之路——以三次“图兰朵”改编为例,薄一荻,北京大学外国语学院,荒诞剧;图兰朵;虚构;真实;,"荒诞剧产生于20世纪50年代的法国,对世界各国产生了深远影响,德国也不例外。提到德国的荒诞剧理论和创作,沃尔夫冈·希尔德斯海默是一个重要的名字。他早期的创作理念已经与荒诞剧有一定关联性,后来成为德国荒诞剧创作的主要代表人物。他于1954年到1960年间对""图兰朵""素材进行了三次改编,通过对三个版本的对比研究可见,其荒诞元素不断增加,这体现出希尔德斯海默向荒诞剧转变的过程。",安徽文学(下半月),2018-11-25,期刊,I516.073,124-127,4
130,从电影《时时刻刻》看弗吉尼亚·伍尔夫,李利红,江苏淮阴工学院外国语学院,《时时刻刻》;鲜花;死亡;弗吉尼亚·伍尔夫;,"电影《时时刻刻》是斯蒂芬·戴德利执导的、根据迈克尔·坎宁安的同名小说改编的一部女性主义电影。电影描述了三个不同时代和""达洛维夫人""有千丝万缕联系的三位女性的一天的生活和心理活动,其中,弗吉尼亚·伍尔夫,作为小说《达洛维夫人》的作者和《时时刻刻》里的三位女主人公之一,是唯一一位在现实生活中存在过的人物,她的形象被妮可尔·基德曼表现得淋漓尽致。伍尔夫的镜头里无一例外地有鲜花做背景,但却溢出浓浓得死亡的悲凉,鲜花是她曾经怒放的生命,但""死亡""是她""作为一个人的选择""。本文拟通过电影《时时刻刻》从两个方面来探讨弗吉尼亚·伍尔夫的生与死。",安徽文学(下半月),2018-11-25,期刊,I561.074;J905,136-138,3
131,成人绘本中的儿童阅读元素解读——以几米系列绘本为例,卢翠,信阳师范学院图书馆信阳师范学院文献信息研究所,成人绘本;儿童阅读;几米;,"成人绘本虽主要针对成人读者,关注成人世界,但在其阅读活动中却有着丰富的儿童元素:故事诠释的主角多为孩童、动物;阅读主题多借孩童口吻来展露;兼以孩童游戏,传递深刻的成人审视;借孩童的审美来铺设成人绘本的绚丽。",安徽文学(下半月),2018-11-25,期刊,I106.8,218-219,2
132,夏目漱石坚辞不受博士称号的深层原因探析,夏淼,上海杉达学院,夏目漱石;博士号;坚拒;大逆事件;学历学位;,"20世纪20年代,日本著名大文豪夏目漱石三番五次坚拒明治政府授予的博士称号,这究竟出于何种原因?是标新立异标榜自己清高?还是另有原因?本文从该事件二十几天前发生的""大逆事件""之时代背景角度探析了夏目漱石坚辞不就的深层原因,其不仅在于该作家""爱国爱民但不爱政府""(1),更在于曲线地表现出其对政府当局以莫须有的罪名残忍杀人的强烈不满和抗议。",安徽文学(下半月),2018-11-25,期刊,I313.06,51-53,3
133,朝鲜李齐贤的诗歌与其中国情怀,张雷,曲阜师范大学翻译学院,李齐贤;中国;中国形象;诗;,"中韩之间的文化交流源远流长。韩国高丽王朝后期的著名文人李齐贤,写下了许多与中国相关的传世佳作,本文便以李齐贤在中国生活期间写到的中国优美山水风景及结交的友好友情为题,对其诗中的中国形象展开研究,这对中韩间的友好交往有深远意义。对李齐贤诗中的中国形象的研究,必将给我们带来新的启发与思考。",安徽文学(下半月),2018-11-25,期刊,I312.607.2,54-55+67,3
134,从《献给艾米丽的玫瑰》看艾米丽的沉默与抗争,万春雨;赵亚珉;万佳唯,南京信息工程大学文学院,艾米丽;沉默;抗争;悲剧性;,"《献给艾米丽的玫瑰》是福克纳最经典的短篇小说,小说主人公艾米丽因其鲜明的人物性格及其代表的复杂社会背景而备受国内外学者的关注。本文主要探讨艾米丽在自身无可逆转的悲剧命运中所选择的两条道路——沉默与抗争,分析其沉默与抗争的原因、表现、结果,以揭示其悲剧命运的必然性。",安徽文学(下半月),2018-11-25,期刊,I712.074,58-59,2
135,索尔·贝娄小说《赫索格》中的犹太身份探寻,闫丽芳;赵亚珉;卢旭晨,南京信息工程大学文学院,索尔·贝娄;《赫索格》;犹太身份;探寻;,"索尔·贝娄是著名的美国犹太裔作家,诺贝尔文学奖获得者,《赫索格》是其重要的代表作之一。小说中有关主人公犹太身份的叙述并没有浓墨重彩,但犹太这一关键词却贯穿其中。本文探讨了主人公如何在经受一系列打击后逐渐迷失自我,开启寻找真我之旅,在历经现实与精神的双重考验后,终于回归本我,接受了犹太身份。这不仅揭露了当时社会现状,对现代社会也具有一定的启示意义。",安徽文学(下半月),2018-11-25,期刊,I712.074,60-61,2
136,二元对立视角下的《红字》主题,高玉焕,青岛大学外语学院,惩罚;矛盾;冲突;二元对立;主题;人物;社会背景;象征;,"霍桑(1804-1864)是美国19世纪后期浪漫主义文学的重要作家。他的代表作《红字》一经问世,便引起了巨大轰动,小说以深邃的主题,象征、隐喻等艺术手法成为一部不朽的经典之作。本文试图从结构主义中的二元对立的角度分析小说主题——文明与原始、罪恶与救赎、黑夜与白昼、个人与社会中所包含的矛盾与冲突。",安徽文学(下半月),2018-11-25,期刊,I712.074,62-63,2
137,文学与记忆——浅析《追忆似水年华》的记忆巨厦,夏冰洁,山东师范大学外国语学院,追忆似水年华;记忆;文学;时间;结构;,"文学是书写记忆的一种方式,文学也经由一代代人的记忆传承下来。在普鲁斯特的巨著《追忆似水年华》中,文学与记忆有着千丝万缕、密不可分的关系。记忆既是内容,也作为结构对作品进行构建。普鲁斯特笔下的记忆方式对揭示小说的终极主题有着重要的作用,而对记忆的时间结构进行分析有助于揭示作品的形式,从而更好地寻求作品的意义。",安徽文学(下半月),2018-11-25,期刊,I565.074,68-70,3
138,论人道主义在《双城记》中的体现,王玲玲,盐城工学院外国语学院,狄更斯;人道主义;《双城记》;,"狄更斯的小说《双城记》问世之后,其作品中的人道主义思想及其主张,一直颇受世人争议。本文对狄更斯本人的人道主义观念的内涵进行阐释,结合其作品中的有关人物进行分析,论述其人道主义在《双城记》中的具体体现,并明确其作品中深厚的文学力量与丰富的社会意义。",安徽文学(下半月),2018-11-25,期刊,I561.074,71-72,2
139,浅谈《伊诺克·索姆斯》中的不确定性,张丽媛,苏州大学外国语学院,麦克斯·比尔博姆;《伊诺克·索姆斯》;不确定性;,"本文通过分析小说中""现实""与""虚构""的暧昧不明,以及人物的自相矛盾和模棱两可的态度,从而表达出作者对当时印刷媒体的讽刺与矛盾心理。",安徽文学(下半月),2018-11-25,期刊,I561.074,73-74+80,3
140,帕特里克代表作《香水》中的格雷诺耶身份与人性解读,赵昕,河南大学大学外语教学部,帕特里克;《香水》;格雷诺耶;身份;人性;,"《香水》是德国著名作家帕特里克于1985年所撰写的一部中篇小说,也是帕特里克的代表作之一。在小说中帕特里克刻画了一个具有异能的人物形象——格雷诺耶,并通过格雷诺耶表达出了人性的本质。针对长期以来人们对于《香水》解读的人性缺失,文章以格雷诺耶身份发展为线索,对其身份的解读阐述了人性的内涵,并借机对启蒙理性进行了批判。",安徽文学(下半月),2018-11-25,期刊,I516.074,75-77,3
141,浅析《华女》中“模拟人”的家庭创伤,胡秋雅,暨南大学,《华女》;珍·骆·率本;模拟人;创伤;,"《华女》是英国华人作家珍·骆·率本的短篇小说,该作品对20世纪60年代的英属圭亚那种植园进行了深刻的描写。本文拟通过检视叙述者的家园书写,借助霍米·巴巴的""模拟""概念,浅析小说主人公作为""模拟人""的创伤层面,探究殖民者与被殖民者的矛盾关系。通过第一人称回顾性视角,叙述者回忆起殖民统治下的成长环境在其内心深处留下家庭创伤,低吟着曲折动荡的民族历史并暗暗舔舐伤口。",安徽文学(下半月),2018-11-25,期刊,I561.074,81-82+92,3
142,解读樋口一叶小说《自焚》中的阿町“出轨”一事,李玉花,青岛大学,樋口一叶;《自焚》;出轨;女性命运;,"《自焚》是樋口一叶生前完成的最后一部作品,该作品重点描述了女主人公阿町在困境的逼迫下,摆脱社会、家庭、和自身的三重束缚,勇敢地喊出对女性自由解放的渴望。关于女主人公出轨一事,仍存在争议,本文尝试再次对作品深入剖析,分析阿町是否出轨,揭示事情的真相。",安徽文学(下半月),2018-11-25,期刊,I313.074,83-84,2
143,论《饥饿艺术家》中的死亡本能,王婉清,浙江师范大学,《饥饿艺术家》;死亡本能;本我;自我;超我;,"《饥饿艺术家》是卡夫卡一篇备受瞩目的短篇小说,一直以来被读者们广泛阅读与研究。饥饿的艺术家在时代的变化中挣扎,带着他的初心向死亡行进。他的艺术行为恰恰说明了人的死亡本能,以及人在本我、自我和超我之间平衡的重要性。本文将从弗洛伊德的精神分析批评的角度对饥饿艺术家的精神症状进行剖析。",安徽文学(下半月),2018-11-25,期刊,I521.074,88-89,2
144,樋口一叶女性视角下的女性人物形象析论,张方,宁夏大学人文学院,樋口一叶;女性视角;女性人物形象;,"樋口一叶是日本明治时期最著名的女性作家,她的小说创作是区别于男性话语的女性写作。一叶在小说中不仅表达了她鲜明的女性意识与女性关怀,更在其女性视角的观照下塑造了一批形象丰满、性格各异的人物形象。一叶笔下的女性形象已初步萌发""人""的主体意识,但她们身上仍有浓重的""传统性"",而在外部环境的倾轧和自身""依赖性""顽疾的影响下,她们的价值诉求得不到满足,最后只能走向毁灭。",安徽文学(下半月),2018-11-25,期刊,I313.074,90-92,3
145,论芥川龙之介《地狱变》的悲剧性,张天阳,上海交通大学人文学院,芥川龙之介;《地狱变》;西方悲剧理论;悲剧性;,"《地狱变》是芥川龙之介短篇小说中的名篇,他在该作中以极端的叙事手法表达了他早期对艺术与人生之间关系的探讨。本文通过亚里士多德、黑格尔和尼采的悲剧理论,对该作品的悲剧性进行了分析。",安徽文学(下半月),2018-11-25,期刊,I313.074,93-95,3
146,镜像理论视角下《无声告白》中华裔女性莉迪亚的离散身份构建,周娇玲;万桂莲,南昌航空大学前湖校区,《无声告白》;拉康镜像理论;他者;离散身份建构;,"本文从拉康镜像理论的角度探讨美籍华裔女性莉迪亚的离散身份建方式,论证大小他者是如何相互影响,构建起以异质、混杂、流动为核心特征的离散身份。",安徽文学(下半月),2018-11-25,期刊,I712.074,98-99+203,3
147,莫里森作品中“家”形象的衍变,周新,山东协和学院,托尼.莫里森;“家园”形象;衍变;,"1993年托尼·莫里森获得了诺贝尔文学奖,她是20世纪获得诺贝尔文学奖的唯一一位美国黑人作家。本文选取莫里森创作的十部小说中的两部,分别是早期的《最蓝的眼睛》和最新的《家园》为文本,试图探究一下莫里森作品中""家园""形象的衍变。看看美国黑人在被种族歧视扭曲了的价值观的影响下,对自己生存价值及意义的探索。",安徽文学(下半月),2018-11-25,期刊,I712.074,102-103,2
148,西行《山家集》“恋歌”中的“物哀”美,张永亮;雷芳,南京林业大学外国语学院中国药科大学,西行;《山家集》;恋歌;物哀;,"西行《山家集》的""恋歌""中存在""物哀""美,其实,""恋歌""与""物哀""自古就存在密切关联,西行继承了这一传统,他""恋歌""中表现的""物哀""美即为""悲恋""之情,具体体现为悲苦、哀思等缠绵悱恻的情感。并且,西行在这种""悲恋""中融入了佛道体悟中的谛视要素,是他趋近于""悟道""的选项之一。",安徽文学(下半月),2018-11-25,期刊,I313.072,96-97,2
149,小说《砖巷》中孟加拉裔移民的文化身份解读——基于文化适应理论,王微;万涛,南昌航空大学,《砖巷》;文化适应;文化身份;多元文化;,"《砖巷》是莫妮卡·阿里代表作之一,小说描写了孟加拉裔移民在英国白人文化霸权下艰辛的文化身份认同过程,揭示了多元文化冲击下少数族群的边缘生存问题。根据巴利的文化适应理论移民文化适应可划分为四类:整合、同化、分离和边缘化。本文基于文化适应理论,分析生活在英国的孟加拉移民面临文化身份选择困境,提出在世界多元文化中拒绝本质主义,走一条""和而不同、各美其美、美美与共""的和谐发展之路。",安徽文学(下半月),2018-11-25,期刊,I561.074,156-157+160,3
150,“后种族”面具下的新型种族主义——《愿上帝帮助孩子》,彭银银,湘潭大学外国语学院,“后种族”;莫里森;《愿上帝保佑孩子》;,"托尼·莫里森新作《愿上帝帮助孩子》,描述了美国""后种族""时期,深黑肤色女孩布莱德在主流话语之下的命运变化,揭示了当今黑人面临新的种族压迫。首先概论学界对""后种族""之说的争议,再结合主人公布莱德在主流话语之下的命运变化,讨论当今美国黑人面临的种族压迫及黑人的自我救赎。",安徽文学(下半月),2018-11-25,期刊,I712.074,158-160,3
151,论新媒体冲击下儿童审美的变化及其对儿童文学创作的影响,齐亚敏,河南财经政法大学,新媒体;儿童;审美;创作;,"当下,网络、手机等新媒体发展迅速,儿童在审美方面也发生了诸多变化,包括审美的心理演变,审美形态的转变,审美接受方式的改变等。在这样的变化之下,传统的儿童文学创作也受到了极大影响并需要做出适时的调整,比如重新审视""儿童本位""的儿童观;将二次元审美与传统的审美形态整合;在文本样态方面做出调整等等,在新媒介的冲击之下准确把握当下少年儿童的审美心理,才能让今天的儿童文学创作得到更好地传播。",安徽文学(下半月),2018-11-25,期刊,I106.8,166-167,2
152,霍夫斯泰德文化维度视角下《喜福会》的母女关系解读,付爽,南昌航空大学外国语学院,文化维度理论;《喜福会》;母女关系;文化冲突;文化共融;,"美籍华裔作家谭恩美凭借处女作《喜福会》一举成名。从霍夫斯泰德文化维度理论视角对《喜福会》进行解读,分析《喜福会》中四对母女之间的隔阂、冲突再到和解,探讨出中美文化从文化冲突走向文化共融。",安徽文学(下半月),2018-11-25,期刊,I712.074,47-48+53,3
153,从《天边外》的东方书写看奥尼尔的理想主义精神,刘美鹭;赵亚珉,南京信息工程大学文学院,天边外;东方书写;奥尼尔;罗伯特;理想主义;,"奥尼尔曾经说过,生活只不过是一场悲剧。其实,不管是性格悲剧还是命运悲剧,任何个人悲剧后面都是社会悲剧。奥尼尔的《天边外》告诉读者,在物质主义盛行实用主义泛滥的资本主义美国,诗人气质的罗伯特的悲剧几乎是不可避免的。然而,他一直在努力前行,并对理想信念有一种执着,尽管迷茫却依然美丽,这对面临多重重压的当下中国青年有着一定的启示。本文将从《天边外》的东方书写中,探究其中主人公罗伯特的理想、悲剧、信念,从而揭示作者奥尼尔的理想主义精神。",安徽文学(下半月),2018-11-25,期刊,I712.073,56-57,2
154,论海洋空间在《到灯塔去》中的前景化意义,王春晖;方英,宁波大学外国语学院宁波大学科学技术学院,《到灯塔去》;海洋空间;前景化;,"《到灯塔去》是弗吉尼亚·伍尔夫的意识流小说代表作之一,也是经典的现代主义文学著作。海洋空间作为《到灯塔去》书写的重要意象,不仅是故事发生的场所,更得到了浓墨重彩而细致入微的描写,被赋予了丰富的内涵与文体功能。本文以韩礼德的""前景化""理论为参照,发现《到灯塔去》中的海洋空间作为""前景化""存在具有三重意义:它是意识流动的引发者;具有多重象征意义;完善了小说的空间美。",安徽文学(下半月),2018-11-25,期刊,I561.074,64-67,4
155,故乡书(组诗),朱宬宇,宿州市一中高三(2)班,O,O,安徽文学(下半月),2018-11-25,期刊,I227,281,1
156,论葛亮《朱雀》中的南京书写,康佳文,江苏师范大学文学院,葛亮;《朱雀》;风物;人情;,"葛亮凭借自己对南京的熟知以及多年来积攒的深厚情感,历时五年,创作了以南京为中心的长篇小说《朱雀》。其作品中的浓浓的南京味道以及宿命感,引起了学术界的关注。《朱雀》通过对南京日常生活的描写,以及对南京城里三代女子的人情阐发,寄托了葛亮浓浓的乡愁。本文通过对葛亮《朱雀》中的风物描写和人情阐发进行分析,探究该作品中的城市叙事和人物的宿命感。",安徽文学(下半月),2018-11-25,期刊,I207.425,191-192+215,3
157,王国维《人间词话》对南唐后主的评述探微,黄心怡;于师号,南京林业大学人文社会科学学院,王国维;《人间词话》;李煜赤子之心境界说;,"王国维在《人间词话》中对李煜的评述多达七处,其中有五则专论李煜及其词作。他在评述中极尽推尊之词,呈现出对词人李煜强烈的倾向性。文章分析王国维对李煜及其词作的评价角度、理论基础,并针对分析结果评论王氏评论的特点及公允性。",安徽文学(下半月),2018-11-25,期刊,I207.23,7-8+11,3
158,曹丕文体论研究综述,夏新源,贵州大学,《典论·论文》;文体论;本末论;四科八体说;文体作者论;,"《典论·论文》作为曹丕为数不多流传下来的理论著作,一直都被作为研究曹丕文学思想的重要材料,文章试图从本末论、四科八体说和文体作者论三个方面对曹丕文体论进行分析、总结,理出曹丕文体论研究的发展脉络,考察得失,以期为日后的研究提供便利。",安徽文学(下半月),2018-11-25,期刊,I206.2,37-40,4
159,论《离骚》的思想主题,孙嘉欣,张家口市第一中学,《离骚》;忠君爱国;美政理想;矛盾苦闷;,"《离骚》是屈原流放汉北时写的一首带有自传性质的长篇政治抒情诗。《离骚》所表达的思想感情非常复杂:首先表达了屈原的忠君爱国之情;其次展示了屈原希望在楚国进行全面的改革、使楚国国富兵强、最后由楚国来统一六国的美政理想;另外,《离骚》还抒发了屈原被楚怀王流放时内心的矛盾和苦闷之情。",安徽文学(下半月),2018-11-25,期刊,I207.22,1-2,2
160,“海门吟社”考略,黎婷,江苏大学文学院,海门吟社;《海门吟社初编》;观复吟社;镇江诗社;,"""海门吟社""是清末民国时期于镇江一带成立的社团,主要成员有赵曽望、赵光荣、叶玉森、吴清庠、于树深等人。社团集会所留存的作品较多,但其相关记载较少。就起成立的时间、吟社的名号、成员及社作总集《海门吟社初编》等内容进行相关考论,对其能有进一步的了解。",安徽文学(下半月),2018-11-25,期刊,I207.22,5-6,2
161,诗意的田园——论曹文轩小说中的生态美,蔡沅钰;陈凯伦;耿邵琦;陈蔚,南京林业大学,曹文轩;生态美学;风景描写;美育;,"曹文轩是一位杰出的中国儿童文学作家,他为儿童创造了美丽纯真的童话世界,其作品中展现出来的生态美学韵味也值得深究。本文对曹文轩的小说的品读与研究,通过""风景描写""、""生态美学的人文体现""和""美学价值""三个层面,探求他小说中的美育价值,展现曹文轩小说的生态美学意蕴。",安徽文学(下半月),2018-11-25,期刊,I207.42,19-20+29,3
162,陕北文化影响下的史铁生作品,钟海林,陕西师范大学文学院延安大学文学院,史铁生;陕北文化;影响;,"史铁生美妙的青春年华是在陕北渡过的,他的作品中蕴含着浓郁的陕北文化,而部分作品直接是以陕北为题材的。(一)陕北文化影响下的史铁生作品中的爱情、亲情、友情:纯洁美好;(二)陕北文化影响下的史铁生作品对生与死的哲理思考:人生要承受而非逃逸;(三)陕北文化影响下的史铁生对作品艺术的探寻:由自然到深奥、由回忆到哲思、由通俗到精英。",安徽文学(下半月),2018-11-25,期刊,I206.7,21-23,3
163,可怜之人必有可恨之处——曹七巧与繁漪的悲剧分析,尹丽,江苏商贸职业学院,曹七巧;繁漪;悲剧;,"曹七巧和繁漪是现代文学史上具有深刻悲剧性的女性形象,他们都身处在封建正统秩序逐渐消亡却仍然占据着统治地位的时代,无性无爱的婚姻生活中,她们用各自不同的方式与不幸的命运作着斗争。她们都是男权社会的不幸者,但可怜之人也有其可恨之处,她们从被迫害者成了害人者,人性的扭曲毁灭了自己及至亲的人。",安徽文学(下半月),2018-11-25,期刊,I206.6,30-31+40,3
164,探究刘醒龙小说《天行者》独特的叙事艺术,陈业林,江苏师范大学,《天行者》;叙事艺术;叙事结构;叙事角度;内聚焦型视角;叙事态度;,"《天行者》以独特的叙事艺术从众多长篇小说中脱颖而出。本文从叙事学角度探究《天行者》的艺术特色,分别对其一主一辅的叙事结构,描写多样善于转换的叙事视角进行分析。其中,叙事角度分别对其内聚焦型视角,独特的暗示叙事和重复叙事逐一分析。试从叙事艺术角度深度探寻其对当代文学的启示作用。",安徽文学(下半月),2018-11-25,期刊,I207.42,32-33,2
165,简论孙频小说的心理化特征,王晓梦;张懿之,山东理工大学文学与新闻传播学院山西大学附属中学,孙频;心理化;审美;,"孙频的小说创作主要以中短篇为主,但她以其敏锐的细节捕捉,尤其是在无尽的琐碎平常和深沉的无奈中对人物心理的细腻描写,使她的小说写作独树一帜。孙频的小说,注重描绘人物心理和精神层面的渗透,发掘人物内心世界多重变化的特点及其复杂性。无论是带有明显灰暗色彩的内心表达还是略带温暖情怀的内心呈现,她小说中浮动在文字间的""绝望,清醒,渴望,悲悯和爱""的气质,都给人一种淡淡的忧伤感。",安徽文学(下半月),2018-11-25,期刊,I207.42,34-36,3
166,论《烛光盛宴》中的女性人物,纪从洁,江苏师范大学文学院,女性;人物;书写;蔡素芬;《烛光盛宴》;,"台湾女作家蔡素芬的作品中总是有着非常鲜明的女性色彩。在2009年出版的《烛光盛宴》中,以三位女性为中心展开叙述,探讨不同时代的女性所面临的生存处境,透出蔡素芬解构男性权威、重构女性主体的女性关怀。",安徽文学(下半月),2018-11-25,期刊,I207.425,78-80,3
167,浅析四十年代诗歌中的乡村意象,闫慧芳,山西师范大学文学院,四十年代;诗歌;乡村意象;,"四十年代的中国时局动荡,许多诗人将创作视角对准乡村,或描绘田园风光,或揭露农村社会的深重苦难。下文以四十年代诗歌为立足点,考察这一时期诗歌创作中乡村意象的不同呈现类型。",安徽文学(下半月),2018-11-25,期刊,I207.25,100-101,2
168,论周作人文艺思想对废名创作的影响,方震眩,安徽省桐城中学,周作人;文艺观;废名;影响;,"周作人提倡""人的文学"",崇尚平淡自然的文风,讲究趣味、追求简单味、苦涩味。废名深受周作人文艺观的影响,在创作实践中,用简洁的文字、简单的情节,写出了饱含意蕴的小说,营造了平淡朴讷的风格。",安徽文学(下半月),2018-11-25,期刊,I207.42,27-29,3
169,汉铙歌《临高台》拟作研究,高云剑,贵州大学文学与传媒学院,汉铙歌;《临高台》;拟作;,"关于汉铙歌十八曲是否为军乐性质的作品,学术界一直都有激烈的探讨,其中《临高台》一篇的主题功用较为明显地属于军乐性质的范围。郭茂倩《乐府诗集》搜集了汉铙歌《临高台》至唐一代诸家的拟作作品,但这些拟作的主题明显与汉铙歌《临高台》的主题相左,大部分拟作的主题是临望伤怀而非军乐主题。从诗与题产生先后的顺序、拟作主题的变迁、意象描写的丰富、字词使用的集中可以发现后世诸家对于《临高台》这一诗名的理解与使用的趋势和规律。",安徽文学(下半月),2018-11-25,期刊,I207.22,116-118,3
170,浅析曹禺戏剧创作中的宗教意识,冀岩,内蒙古大学文学与新闻传播学院,曹禺;基督教;佛教;反叛;,"曹禺的戏剧创作具有一种浓厚的基督教意识,其作品中的原罪意识、对罪恶的审判与忏悔,这些有关基督教的情节设置显而易见。而曹禺戏剧创作中所呈现出的善恶明辨的慈悲情怀,众生平等的意识和""轮回""现象都透露出某种佛教意识。此外,曹禺对宗教的矛盾心理,又使他的戏剧创作具有一种宗教反叛意识,并具体表现为理性思维下的宗教叛逆精神和对宗教""禁欲""教条的反叛。",安徽文学(下半月),2018-11-25,期刊,I207.3,119-120+123,3
171,《剧本》期刊专栏之选材特色研究,臧玉,安徽师范大学文学院,《剧本》;专栏研究;选材特色;,"《剧本》在1952年创刊于北京,是我国最早创刊的专业剧本刊物,是中国戏剧家协会最重要的刊物之一,同时也是发表现当代剧本作品的重要平台。笔者从《剧本》专栏的特色入手,对2000年至2010年间《剧本》期刊的专栏进行系统梳理,进而将文章的重点放在对《剧本》专栏的选材特色进行系统研究方面。同时,紧扣""旧瓶装新酒——旧史新说""和""关注大事件——与时代同行""子标题,初步结合政治、社会、市场等因素进行深入分析和考量,并仔细思虑各种专栏之间所呈现出的关系以及它们共同反映出的时代生活内容等。",安徽文学(下半月),2018-11-25,期刊,I207.3,134-135,2
172,也谈维吾尔族馕文化,马晓瑞,新疆喀什大学中语学院,馕;维吾尔族;文化;,"本文论述了有关馕文化的相关词语,包括馕的种类、馕的词语、成语、谚语等方面对其介绍,通过介绍,我们可以看出,馕在维吾尔生活中抽象为一个文化符号,并不是简单的一种食物,还影射出维吾尔族的文化内涵。",安徽文学(下半月),2018-11-25,期刊,G122;H215,193-194,2
