1,这句话说出了老舍享誉世界的原因,凤媛,华东师范大学中文系,O,"<正>在巨星璀璨的现代作家群落中,老舍可能属于学历背景很不起眼的那一拨,他是北平高等师范学校毕业的,从私塾和小学读完之后,他最初考入的是京师祖家街公立第三中学,和罗常培先生是同学,但由于家境贫寒,入读半年之后,他考入了免收学费和膳食费,还供给制服和书籍的北京师范学校。1918年6月,老舍以优异成绩从北京师范学校本科第一部第四班毕业,从此开始了作为小学校长的职",博览群书,2017-12-01,期刊,H059;I046,27-31,5
2,60年前的《青春之歌》与80年前的“改造与成长”,泉涌,中国社会科学院郭沫若纪念馆,O,"<正>《青春之歌》是中国当代文学史上第一部描写在中国共产党领导下的爱国学生运动及革命知识分子斗争生活的优秀长篇小说,出版后仅仅一天半,在北京王府井新华书店就销售了500多本,之后更是赢得了从文艺界到普通读者的普遍赞誉之声。与国内出版传播的情形相似,《青春之歌》很快就被翻译成近20种语言介绍到国外,成为很多",博览群书,2017-12-01,期刊,I207.425,5-10+4,7
3,“一带一路”与郭沫若,张勇,中国社会科学院郭沫若纪念馆,O,"<正>郭沫若既是中国的,也是世界的,郭沫若的文化系统中有着若干世界性的元素。在郭沫若的文学创作中,吸纳融合了西方近现代重要的文艺理论思想,他借助于浪漫主义、泛神论等创作理念,抒写出了中国真正意义上的白话新诗,将凤凰涅槃的青春精神传遍了现代中国;在郭沫若的翻译作品中,他凭借对世界文学和文化熟稔,进行了创造性的译介,将浮士德、维特等世界经典文学",博览群书,2017-12-01,期刊,G125;I206,22-26,5
4,《诗经》与男女貌美的通用词,刘怀荣,中国海洋大学文学与新闻传播学院,O,"<正>两性之爱,是人类源于生命本能的、最炽热的情感之一。虽然吸引异性关注和爱恋的因素有很多,但相貌恐怕是最基础、最直接的,所以才会有一见钟情。在我国第一部诗歌总集——《诗经》中,为我们保留了大量有关两性情爱的诗意记录,其中有不少诗篇写到了男女各自眼中理想的异性相貌,""硕""与""颀""则是男女貌美的通用词。这一审美观,源于早期文化""万物与我为一""",博览群书,2017-12-01,期刊,I207.22,36-39,4
5,我的“浪子”史与自由主义文学研究,刘川鄂,湖北大学文学院湖北省作家协会,O,"<正>壹作为一个文学教育工作者,我是众多的大学文学教授之一员;作为文学研究者,我是众多人文学者之一员。但我习惯于把自己定位为一个文人,身兼教授、作家、文化评论、文学编辑诸多角色,体制内的规则、任务和个体化文人趣味性思考、写作并兼而有之,一个兴趣广泛、博而不精的文人。文人习气,往好听的说,是自由、浪漫,往坏里说,是随意、散漫。我就是这样一个文人。",博览群书,2017-12-01,期刊,I206.6,50-53,4
6,关于《情里梦里汤显祖》我有五个为什么,赵勇,北京师范大学文艺学研究中心北京师范大学文学院,O,"<正>一不留神,又读了一本关于汤显祖的书。去年是戏剧家汤显祖与莎士比亚逝世400周年,在这个日子里,汤显祖家乡的出版社(二十一世纪出版社)抓住时机,重点推出李建军先生的一部研究著作:《并世双星:汤显祖与莎士比亚》。今年,这个出版社又再接再厉,出版一套""人文江西丛书·历史文化名人传记系列"",朱虹先生所著的《情里梦里汤显祖》便是其中之一。关于《并世双星》,我已细读过并已写过专门书评,这里单说朱虹的这本新书。",博览群书,2017-12-01,期刊,I207.3,57-59,3
7,送给顾准的奶粉——读徐方《干校札记》,祝兆平,O,O,"<正>壹徐方所著《干校札记》是南方出版社出版的一册并不厚的书,大约就十多万字吧,但我读后内心感动得久久不能平静,竟在几个月中反复通读了好几遍,总感觉有话要说。历史往往会制造出令人匪夷所思的奇迹,其中最大的奇迹莫过于在特殊时代中产生出的人性之美。而我所感动的正是书中所描述的在艰难的时代中,发生在实际生活人际交往中(主要是作者母女与顾准交往)的人性之美和人文之光。",博览群书,2017-12-01,期刊,I207.5,64-68,5
8,"这不仅是“话剧界不屑做,戏曲界不敢做”的事",王桂妹,吉林大学文学院,O,"<正>如果你从上世纪90年代就开始关注傅谨有关戏剧的论著和文字,诸如《戏曲美学》《草根的力量》《温岭戏班》《新中国戏剧史》《薪火相传》《老戏的前世今生》《二十世纪中国戏剧导论》等,那么当你见到这两大卷本的《20世纪中国戏剧史》的时候,就不会感到吃惊,而是理所当然地认定这是迟早的事,是意料之中的事,是水到渠成的事。但是你仍然会感到震撼,以一人",博览群书,2017-12-01,期刊,I207.3,74-77,4
9,历史对今天有所启发吗,傅谨,中国文艺评论家协会南京大学文学院中国戏曲学院学术委员会,O,"<正>壹现当代戏剧史的写作很难。这是我写完《20世纪中国戏剧史》,尤其是完成了当代部分后最突出的感受。通常人们会认为,从事现当代研究与现当代史写作最大的学术便利,是研究者与研究对象处于大致相同的年代,对社会发展变化的直接感受,有效地消除了对被研究者所处环境的距离感;而且,只要你愿意,多半可以直接接触研究对",博览群书,2017-12-01,期刊,I207.3,78-83,6
10,民初爱国小说为何排斥情爱,薛海燕,中国海洋大学文学与新闻学院,O,"<正>""爱国""即热爱祖国,后者的直接体现可以是区域、城市,或同胞,也可以是政权。""爱国主义""是指个人或集体对祖国的一种积极和支持的态度,是忠诚和热爱自己祖国的思想和感情。1905年8月中国同盟会确定政治纲领之一为""驱逐鞑虏"",经孙中山反复斟酌考量,到1911年底制定《临时约法》宣布""五族共和"",从此对中华民族这个大族群的认同感成为近代爱国主义的重要内容。随着",博览群书,2017-12-01,期刊,I207.42,84-86,3
11,军旅文学现状如何——感谢舒晋瑜这个令人“痛”的问题,陈曦,解放军艺术学院科研部,O,"<正>""军事题材永远有读者!""此语出自军旅作家张正隆,它既道出了战争实乃文学世界从不衰歇的永恒题材,也彰显了当代军旅作家在战争文学领域纵马驰骋、开疆拓土的豪迈与自信,尽管他们并不讳言这一严峻事实——军旅文学已被时下相当多的文学史家""放逐""边缘。在重写文学史和重估文学价值的学术浪潮中,某些颇为流行的当代文学史论著有意无意地忽略了军旅文学的创作成绩,已然成为""战争缺席的文学史""。正",博览群书,2017-12-01,期刊,I207.42,87-90,4
12,一部珍贵的军旅文学心灵史,西元,解放军战略支援部队文艺创作室,O,"<正>一般的文学史是编著者从外向内的观察、研究、叙述,大致可称为""外史""。而对话录一类的文字是当事人从内向外的倾诉,大致可称为""内史""。对于军旅文学而言,外史固然重要,但仍有很多笔触无法达到的地方。而内史虽然看似没有明晰的主题主线,却能道出许多外史无法解释的因果。如此看来,外史、内史相互补充,同样重要。",博览群书,2017-12-01,期刊,I209,91-93,3
13,此书出于当下,,八一电影制片厂,O,"<正>舒晋瑜新书《以笔为旗:与军旅作家对话》令人心生敬意,让人有恍然回到上世纪90年代前后中国军旅文学的黄金时代的喟叹,然而它出现在当下的价值和意义,甚至高于出现在彼时。翻开目录,这部访谈录以姓氏(笔名)拼音首字母排序,几代军旅文学大家赫然在列,其中既有在新中国成立后十年期间军旅文学第一次浪潮中举足轻重的冯德英、峻青、马识途等,也有早年成名、""新时期""复出并",价值高于彼时,朱寒汛,博览群书,I206.7,94-95,2
14,因为曾想当个女兵——《以笔为旗:与军旅作家对话》序,舒晋瑜,《中华读书报》,O,"<正>不止一个人问过我,到底是怎样的情怀,让我近二十年来专注于梳理军旅文学。因为多数的记者甚至军队的作家不可能集中时间去采访这么多作家。我有一种英雄情结。我的父亲是军人,我对军旅作家怀着一种特殊的亲近感。在这本书里,我只是表达一个普通记者、一个军人的女儿对军人的崇敬之心。70后的同代人可能有共同的记忆,中学的时候疯狂地迷恋过军装,拍毕业照的",博览群书,2017-12-01,期刊,I206.7,96-98,3
15,南开新剧团对曹禺的影响,徐婷,中国社会科学院研究生院文学系,O,"<正>1980年,已届古稀之年的曹禺先生远渡重洋,先后访问了瑞士、英国、法国和美国。正是在这次美国之行期间,他接触到夏志清、刘绍铭等海外学者。这些知名学者的回忆文章里,都不约而同地提及了曹禺访美时用英语发表的演讲,夏志清在《曹禺访哥大纪实——兼评〈北京人〉》一文中多次提到,""毕竟是老清华,英文发音是很准的,可是不够流利"",""曹禺站在",博览群书,2017-12-01,期刊,I207.3,111-117,7
16,宋代七夕词背后的男女之别,李伟,济南大学文学院山东大学博士后流动站,O,"<正>传统的""七夕""节,因有牛郎织女鹊桥相会的动人情节,故爱情也成为七夕诗词的重要主题之一,宋词中的""七夕词""即属此类。就现存的宋词作品而言,七夕词是仅次于元宵词和中秋词的第三大节日类词作,共有近140首之多。两宋时期创作七夕词的不仅有柳永、张先、苏轼、秦观等著名男性词人,更值得注意的是此前很少能获得文学史""出场""机会的女作家,在宋代七夕词创作中却有着不俗的表现,如李清照、朱淑真、严",博览群书,2017-12-01,期刊,I207.23,40-42,3
17,明代散曲的爱情表达与杨慎夫妇,赵伟,青岛大学国学研究院,O,"<正>郑振铎将明代散曲的发展分为元末明初到正德、正德之后两个阶段,前一阶段,""北曲依然地在蓬蓬勃勃地滋生着"",南曲""由无人知的民间暗隅里,抬头而出"",逐渐占领了曲坛。后一阶段是南曲的时代,北曲的作家几乎绝迹。刘良臣指出北曲因地处北方而有""刚劲""""朴实""之风,""足以助应壮士之气"",在明初沿袭元代散曲的气象继续发展,却不能突破元人的范围而逐步衰落下",博览群书,2017-12-01,期刊,I207.37,43-46,4
18,自由与革命:审视中的批判——评刘川鄂《中国自由主义文学论稿》,王锦宝,O,O,"<正>当清政府沐浴在落日余晖的时候,西方启蒙思想家伏尔泰、孟德斯鸠和卢梭们就已经播下了""自由主义""的种子,其思想贯穿到政治、经济、社会、文化等各领域。""1689年英国的《权利宣言》,1779年美国《独立宣言》,1789年法国的《人权·公民权宣言》,充分体现了自由主义的精神和自由主义的胜利。""在文学领域,则""充满了自由主义精神,表现在创作主体的自由独立",博览群书,2017-12-01,期刊,I206.6,47-49,3
19,徐浩峰的《刀背藏身》何以让人期待,高伟;薛中君,中国与全球化智库中国戏曲学院,O,"<正>在中国功夫电影日渐式微的时代,""逆势狂奔""书写""不一样的武林""的徐浩峰再推武侠电影新作。由他执导的第四部写实硬派功夫电影《刀背藏身》在北京开机。《刀背藏身》改编自徐浩峰同名小说,故事发生在20世纪30年代初,围绕长城会战中杀敌制胜的""长城刀法""的起源展开故事,描述了中国绅士武人的侠义风骨,隐匿民间的高手较量及国仇家恨大时代里的爱恨纠葛。曾几何时,以李小龙、成龙、李连杰",博览群书,2017-12-01,期刊,J905,60-63,4
20,逐字逐句研读《20世纪中国戏剧史》后,陈元贵,安徽师范大学文学院,O,"<正>傅谨是我素来敬重的学者。尽管我们从未谋面,也没有任何文字上的交往,但是早在10多年前,我曾认真拜读过他的《草根的力量——台州戏班的田野调查与研究》。此后,又陆续读过他的《中国戏剧艺术论》《新中国戏剧史》以及《薪火相传:非物质文化遗产保护的理论与实践》。每每读到傅谨的精警之论,总有一种深得我心的愉悦,我也常常在自己的文章中引用他的高见,以增加理论支撑的分量。2016年岁末,中国",博览群书,2017-12-01,期刊,J809.2,69-73,5
21,活在连环画里的英雄们,梁东方,花山文艺出版社,O,"<正>近日偶然得到一本连环画《谢臣》,是""文革""开始前由北京出版社、内蒙古人民出版社、山西人民出版社、河北人民美术出版社、天津美术出版社联合出版的,旨在""向广大农民进行兴无灭资的教育,提高农民的社会主义觉悟"",努力使之成为""广大农民喜闻乐见的社会主义通俗美术读物""的《华北农村连环画库》之一。这个画库第一集就有120册,规模相当不小。《谢臣》只是其中薄薄的一册,经过四十多年的时光,",博览群书,2017-12-01,期刊,J218.4,32-35,4
22,传递阅读力量,,O,O,<正>企业家王一向北京大学高级知识分子赠阅2017年《博览群书》杂志。清华大学校友向清华大学高级知识分子赠阅2017年《博览群书》杂志。浙江大学团委为团员青年订阅2017年《博览群书》杂志。北京市朝阳区团委为团员青年订阅2017年《博览群书》杂志。江苏省启东市海工船舶工业园区管委会、启东市北新镇人民政府向读者赠阅2017年《博览群书》杂志。,建设书香社会,,博览群书,+,128,1
23,“总想为母校做点什么”——向老师赠阅《博览群书》,,O,O,"<正>已经很久了,始终没有忘记送我离校时您深情的目光,始终没有忘记作业本上您那句鼓励的评语,始终没有忘记您的那门课一直在托举我的成功。总想为母校做点什么,总想为您做点什么。老师,请接受这本《博览群书》,我的心意。《博览群书》,1985年创刊,由时任中央总书记胡耀邦题写刊名,是光明日报社主办的综合性思想文化月刊。""砥",博览群书,2017-12-01,期刊,+,130,1
24,屯垦戍边两千年,张安福,上海师范大学人文学院历史系,O,"<正>夏商周时期,中国所涵盖的区域虽被称为""九州""大地,但最西也只是到达雍州(今甘肃天水一带)。秦汉时期,为了应对匈奴南下,中原政权开始经营河西以及更为遥远的西域地区,以期达到""断匈奴右臂""的目标。张骞出使西域后,汉武帝开始了大规模用兵西域的活动,极大地拓展了西汉的战略空间,""戍守""西域成为第一要务。西域距离中原路途遥远,即使与中原",博览群书,2017-12-01,期刊,K29,54-56,3
25,国家兴亡,,华南师范大学文学院,O,"<正>1935年的12月8日是星期天,也是中国传统的节气——""大雪""。在北平、上海等大都市,政府部门、各级学校逢周日休息,在当时已经成为生活的常态。这一年的""大雪"",却在""休息日""中酝酿着一场猛烈的政治风暴。9日,星期一,是各政府机关正常上班的日子,也是敌伪""冀察政务委员会""预期成立的日期。这天早晨,寒冷的北平街头,涌出数千青年学生,他们手持",青年有责——“一二·九”运动与《新生代》,咸立强,博览群书,K264.5,11-16,6
26,美国画报上的中国——千幅版画与那七十一年,沈弘,浙江大学外语学院,O,"<正>数月前,美国罗林斯大学奥林图书馆档案特藏部主任张文献教授跟我联系,说想约我为他即将在国内出版的新书《美国画报上的中国:1840—1911》写一篇序言。我本与张教授素不相识,但在看了他书稿之后,颇为其内容所吸引,故欣然命笔。Ⅰ这本书中收录了辛亥革命之前美国报纸杂志和书籍等出版物中近千幅跟中国相关的版画插图和封面。这在国内同类出版物中可能算是收录得最全的,这一点也是该书最令我称奇的地方。我本人因为研究中外",博览群书,2017-12-01,期刊,G236;K25,17-21,5
27,已被不少人忘却的钱南扬,赵兴勤,江苏师范大学文学院,O,"<正>钱南扬(1899.12.17—1987.4.18),乃曲学大师吴梅的嫡传弟子,与卢前、任中敏、王玉章、蔡莹雅称""吴门五学士""。他学名绍箕(肇基),字南扬,以字行。发表文章时曾署钱箕、钱九、南扬、南阳等。1925年北京大学国文学系毕业,历任浙江省立第四中学、浙江省立第六中学、浙江省立第一中学国文教员,浙江大学文理学院助教,松江县立中学、宁波市立女子中学国文教员,武汉大学特约讲师,绍兴县立中学、浙江省",博览群书,2017-12-01,期刊,K825.6,122-127,6
28,新书来了,,O,O,"<正>在这个快节奏时代,很多人因为缺乏套路而苦恼。然而,比缺乏套路更糟糕的是迷信套路。很多人发现某种方法有效,就一窝蜂去模仿,而不是去思考方法背后的逻辑。《隐性逻辑》是一本帮你搞懂各种套路背后逻辑的书。当一个人思考的时候,大脑通常采用的是熟悉的思考模本,并且很可能掉进思维陷阱之中。只有了解自己大脑思",博览群书,2017-12-01,期刊,B804-5,16+21+26+46+49+56+63+73+102+107+121,11
29,别再这样为人文学科辩护了,郭英剑,中国人民大学,O,"<正>《人文学科与公共生活》皮特·布鲁克斯主编美国福特汉姆大学出版社近30年来,西方的人文学科几乎一直在走下坡路。面对资本与物质化社会的挤压,人文学科的价值被低估,甚至被认为无用。大学中,人文学科总体上经费压缩、师资减少、学生人数下降,已是不争的事实。因此,为人文学科辩护者不断出现。特别是进入21世纪以来,呼吁重视人文学科",博览群书,2017-12-01,期刊,C912.4,99-102,4
30,让马克思主义文明理论告诉当代,罗文东,中国社会科学院《中国社会科学》杂志社中国社会科学院研究生院马克思主义研究系和马克思主义学院,O,"<正>北京科技大学马克思主义学院副教授、网络文明与文化安全研究中心主任李艳艳完成的国家社会科学基金后期资助项目研究成果《马克思主义文明理论及其当代价值》,可以说是一部全面系统地分析和阐述马克思主义文明理论的科学内涵、发展历程、逻辑体系、实践路径和指导作用等重大问题的专著,具有十分重要的学术价值和现实意义。自从人类告别蒙昧时代和野蛮时代,进入文明时代以来,追求文明进步就成为世",博览群书,2017-12-01,期刊,A81,108-110,3
31,百年后重读《新青年》,吴彦,广州美术学院艺术与人文学院,O,"<正>1900年,梁启超创作了散文《少年中国说》,""少年中国""与""中国少年""由此成为了百年来国人追求的""中国梦""。1915年,陈独秀创办了一份杂志,名为《青年杂志》,次年改名为《新青年》,并撰《新青年》一文,呼吁有新思想的新青年的出现。从晚清到""五四"",""儿童""""少年""与""青年""的生理学和社会学界定都比较模糊,相互之间并不存在明确的界限。""儿童""与""青年""在""五四""中的发现,其实也可以",博览群书,2017-12-01,期刊,G239.29,118-121,4
32,极端专业化对人文领域有害,叶子南,O,O,"<正>""业余""一词单独看,说不上是褒义词,但也非贬义,如航模业余爱好者啊,业余歌手啊,听起来并没有负面的含义。可是一旦和专业一词并排而立,业余就相形见绌,不再有独立存在时的""风采""了。我们经常这么说""那人唱得还可以,当然和专业的相比还差点儿""。也就是说,专业一般情况下是经过严格训练的,业余没有那种科班培训,很难和专业相比。这个结论基本成立。特别是在以数学、逻辑为基础的领域里,如数理化、医农、工",博览群书,2017-11-01,期刊,I0-05,53-54,2
33,白璧德,,广东湛江岭南师范学院,O,"<正>白璧德,即欧文·白璧德(Irving Babbit),1865年出生于美国的俄亥俄州,1889年和1893年先后毕业于哈佛大学的古典学专业与研究生院,自1894年开始直至1933年去世,他一直都在哈佛大学法语系讲授比较文学方向的课程。白璧德才华横溢,知识渊博,他不仅讲课充满智慧,而且著述颇为丰厚,其代表性的著作有《文学与美国大学》(1908)、《新拉奥孔》",一排中国名家的名师,阎开振,博览群书,I109,35-40,6
34,诺贝尔的遗嘱与石黑一雄的理想,张蓝予,中央民族大学外国语学院,O,"<正>继2015年诺贝尔文学奖颁发给白俄罗斯作家兼记者阿列克谢耶维奇,2016年颁发给美国摇滚诗人鲍勃·迪伦后,2017年诺奖终于回归到文学的主流阐释轨道上,北京时间10月5日19时,瑞典皇家科学院瑞典学院将2017年度诺贝尔文学奖颁给了日裔英国作家石黑一雄(Kazuo Ishiguro),表彰他:""揭示出人类充满激情的力量,以及面对晦暗不明的世界的痛苦。""在接受英国卫报采访时,",博览群书,2017-11-01,期刊,I561.074,83-88,6
35,那群没有姓氏的孩子——读石黑一雄小说《别让我走》,魏文,北京林业大学外语学院英语系,O,"<正>/一/在英国作家石黑一雄获得诺贝尔文学奖之后,媒体对他以及他的小说作品进行了大量报道。许多关于他的介绍性文字都提到,石黑一雄同拉什迪(Salman Rushdie)和奈保尔(V.S.Naipaul)一道被誉为""英国文坛移民三雄""。然而,与另外两位作家明显不同的是,尽管石黑一雄身为日裔移民,但其小说却对移民生存经验、族裔身份探索等主题涉",博览群书,2017-11-01,期刊,I561.074,89-92,4
36,《喜福会》映红谭恩美后,刘向辉,许昌学院外国语学院,O,"<正>自20世纪70年代以降,一大批华裔作家以""忽如一夜春风来""之势步入美国文坛,而且有些华裔作家的作品相继入选《哥伦比亚美国文学史》(The Columbia History of American Literature)等权威性美国文学史著,从而逐渐获得了美国主流话语的认可,其中谭恩美(Amy Tan,1952-)的处女作长篇小说《喜福会》(The Joy Luck",博览群书,2017-11-01,期刊,I712.074,93-97,5
37,这里有60年的“文学交锋”——兼述中国社科院文学所的三个“六十年”,刘跃进,中国社会科学院文学研究所,O,"<正>这几年,中国社科院文学研究所相继迎来三个""六十年""纪念日,感念之情,油然而生。第一是2013年的建所六十周年。为此,我们主持编辑五部纪念文集:一是访谈录《甲子春秋——我与文学所六十年》,二是资料集《文学研究所所志》,三是《告别一个时代——樊骏先生纪念文集》,四是演讲集",博览群书,2017-11-01,期刊,I206.7,4-9,6
38,北大傅刚之学术个性—《魏晋南北朝诗歌史论》编辑手记,田媛,商务印书馆,O,"<正>我最初认识傅刚老师是1998年,老师任教北大中文系,承担古代文学史先秦两汉部分课程,我刚刚升入大二,就坐在第三教学楼里听讲。傅刚老师学养深厚,有扎实的文献功底,1999年他的《〈昭明文选〉研究》获第一届全国百篇优秀博士论文奖,2000年《〈昭明文选〉研究》《〈文选〉版本研究》相继出版,备受学界赞誉。然而在当时,学生们,包括我本人,只觉得这位老师讲课平实而严谨,甚至有点乏味,人看上去非常严肃,",博览群书,2017-11-01,期刊,I207.22,16-19,4
39,瞿秋白与茅盾:丁玲感受有别的两位老师,刘骥鹏,河南商丘师范学院,O,"<正>除了冰心等不多的幸运儿之外,中国现代女作家大都命运多舛,其中尤以丁玲的一生最为曲折跌宕,充分表明造化捉弄人的不确定性。命运的顿挫起伏有时也呈现为某种传奇意味,从早年开始,丁玲就与中国现代史上的许多重要人物有过这样那样的交往。而在这其中,瞿秋白与茅盾对其文学道路产生过直接或间接的影响。上世纪20年代的中国,经过""五四""",博览群书,2017-11-01,期刊,I206.6,20-25,6
40,如果废名对周作人只有“愚忠”,王勤滨,湖南科技学院人文学院,O,"<正>在中国现代文学史上,鲁迅与周作人堪称""双峰并峙""。与鲁迅的阳刚相较,读者往往力赞周作人平实质朴的文字,雍容文雅的态度。实际上,在五四运动时期,周作人发表《人的文学》《平民文学》《思想革命》等一系列理论文章的时候,他曾经是抨击社会、切中时弊的;在女师大事件、三一八惨案及国民党清党事件中,他大义凛然、义正词严。周作人有明显的前后期,在不少中外人士中,""周氏弟兄""的弟弟其实评价不低。",博览群书,2017-11-01,期刊,I206.6,26-29,4
41,欧阳予倩把“小金凤”变成尹羲,刘铁群,广西师范大学文学院,O,"<正>著名桂剧表演艺术家尹羲1920年出生于桂林,由于家境贫寒,9岁进入""小金""桂剧科班学艺,艺名小金凤。她灵心慧齿,勤奋好学,扮相出众,很快就在梨园行中崭露头角。抗日战争时期是尹羲艺术人生最关键的转折点。这一时期大量文化名人来到桂林,使尹羲有机会得到名师的指点,在表演艺术和思想观念上都进入了新的境界,实现了从梨园弟子到表演艺术家的华丽转身。在几位指导过尹羲的艺术大师中,欧阳予倩对她的影响最大。",博览群书,2017-11-01,期刊,I207.36,30-34,5
42,丰子恺与夏丏尊、李叔同,陈啸,中南民族大学文学与新闻传播学院,O,"<正>/壹/丰子恺是著名的漫画家,也是著名的散文小品家。丰子恺的文艺生涯、散文创作与两位他最为""敬爱""的导师不可分。这两位老师就是夏丏尊与李叔同(披剃后名弘一法师)。夏、李二人,一为居士,一为和尚,但才调同一,胸怀无二,只是性情有别。在丰子恺的学生时代,李叔同教图画、音乐,夏丏尊教国文。他们所懂得的知识皆远远超出他们所教授的课程。比如李叔同,虽然教授图画、音乐,但""他的诗文比国文先生的更好,他的书法比习",博览群书,2017-11-01,期刊,I206.6,41-45,5
43,“运河文学”奔流至此——评刘凤起的长篇小说《永远的大运河》,周纪鸿,海关总署驻天津特派员办事处海关学会,O,"<正>河北作家刘凤起的长篇小说《永远的大运河》(九州出版社2016年版)洋洋洒洒150余万字,是一部弘扬中华民族精神的长篇巨制,是一首展示大运河文化精髓的壮美诗篇,也是一幅凝聚运河人民血泪情仇的恢宏画卷。大运河与长江、黄河等天然河流不同,它是世界上开凿时间最早的人工河。大运河部分河段始建于2500多年前的春秋时期,至隋朝全线贯通,共穿越4省2直辖市,连接22座城市,全长1794公里,是我国历史上",博览群书,2017-11-01,期刊,I207.42,46-49,4
44,不能被长篇小说熬倒——关于我《永远的大运河》,刘凤起,O,O,"<正>拙作《永远的大运河》从构思、写作到出版,大体上经历了10年时间,可谓""十年磨一剑""。说起这部长篇小说的创作,很多苦辣酸甜,一起涌起,一时难以述说。我1965年出生在廊坊,大运河在我家乡穿过,廊坊是个很崇尚英雄豪杰讲究义气的地方。1982年我考上了廊坊师范专科学校中文系。这是一所非常注重创作的师范院校。老师汤吉夫、苗雨时等就是著名的作家和诗歌评论家。学生们都受老师们的影响。所以这所院校的学生出现了不少",博览群书,2017-11-01,期刊,I207.42,50-52,3
45,鲁迅博物馆的四棵大树走了,钱振文,北京鲁迅博物馆,O,"<正>/壹/也就四五天的时间,鲁迅博物馆院子里的三棵大树就被园林局派来的几个老师傅们利利索索地处理了。等我昨天反应过来的时候,第四棵树的树梢也被削去了,只剩下了一具光秃秃的树干。今天是星期六,我在家里坐卧不安,想着还是应该到单位再看看那个仅剩的光秃秃的树干。到单位后没进办公",博览群书,2017-11-01,期刊,I267,55-60,6
46,这株懂得独立的《原上草》,解志熙,清华大学人文学院,O,"<正>上世纪的80年代末,有一首歌《我家住在黄土高坡》非常流行,歌中唱道——我家住在黄土高坡,大风从坡上刮过,不管是西北风还是东南风,都是我的歌我的歌。我家住在黄土高坡,日头从坡上走过,照着我的窑洞晒着我的胳臂,还有我的牛跟着我。不管过去多少岁月,祖祖辈辈留下我,留下我一望无际唱着歌,",博览群书,2017-11-01,期刊,I206.7,79-82,4
47,《官墙里:一个人的乡村与都市》,阎海军,O,O,"<正>一段农家子弟的进城路,一部底层视角的浮世汇。《崖边报告》作者阎海军首部随笔集——《官墙里:一个人的乡村与都市》,书写一个出生于农村的基层媒体人十年间往返于城市和乡村所经历的裂变与浮沉,既有对个人进城史的记述,也有对激进城",博览群书,2017-11-01,期刊,I267,104,1
48,《猫人》何以在抗战小说中独树一帜,李春林,辽宁社会科学院文学所中国现代文学研究室,O,"<正>壹吴晨女士继她的长篇小说《乐天地》之后,又给我们推出了长篇小说《猫人》。虽说两者在反映的历史时空方面有一致之处,都主要叙写从1905—1945年间的社会历史状貌,都是以鞍山为故事发生地,但后者要比前者的内容更为深广,人物形象更为复杂、深邃,艺术表现方式也更加多样。",博览群书,2017-11-01,期刊,I207.42,108-112,5
49,不“抱残守缺”哪有“原汁原味”—张卫东的昆曲艺道,李树泽,O,O,"<正>赏读张卫东先生大著《赏花有时、度曲有道——张卫东论昆曲续编》,有很多的感触,掩卷,脑子里蹦出他擅长的《千忠戮·草诏》,一霎间,做如此想,应该是这出戏的氛围与这部作品字缝心息间所营造的情境是一致的。事实上,他的这本书对中华文明的梳理,对经学、诗艺文学的大论,观点、情味、感叹杂陈其中,极符合他下笔写这部著作的心境。其实,张卫东先生塑造的方孝孺形象,尤其是历经三百余载的传承基础上的咀嚼、揣摩、自悟。张卫东先生论",博览群书,2017-11-01,期刊,I207.3,115-119,5
50,文化视点·《天梯》,编者,O,O,"<正>说起纪录片,关心者不多,说起蔡国强,国内知道的人也不多,但说起2008年北京奥运会开幕式上的""大脚印""焰火表演,人们至今记忆深刻。今年6月,由两届奥斯卡奖得主导演凯文·麦克唐纳执导、反映当今具有世界影响力的焰火艺术家蔡",博览群书,2017-11-01,期刊,J952,68-69,2
51,我们需要会讲中国故事的纪录片,薛中君;高伟,中国戏曲学院中国与全球化智库,O,"<正>继在美国上映一年后,纪录片《天梯:蔡国强的艺术》9月下旬在中国大陆公映。该片由两届奥斯卡奖得主英国导演凯文麦克唐纳执导,制作团队除副导演夏珊珊外均为外国人,可谓是国际声音讲述的中国故事。蔡国强或许并非家喻户晓,但提起2008年北京奥运会的大脚印烟火,2014年的APEC烟火,还有白天烟火九级浪,人们才知道他是享誉全球的烟火艺术家。蔡国强生长于福建泉州,毕业于上海戏剧学院舞美系,",博览群书,2017-11-01,期刊,J952,69-71,3
52,天梯联接着梦想,李春,中国传媒大学艺术研究院电影所,O,"<正>/天与地的呼应/影片的片名《天梯》,第一个字即是""天"",它不仅仅是对烟火展示物理空间的描述,而且也代表了蔡国强的艺术风格与国际影响力:正如烟花绽放在空旷辽阔的天际,带给人超乎想象的绚烂之美。这部纪录电影的主人公蔡国强,是一位在国际享有声誉的",博览群书,2017-11-01,期刊,J905,72-76,5
53,"《天梯》,你和观众的对话呢",刘思宇,北京师范大学文学院、文艺学研究中心,O,"<正>影片《天梯:蔡国强的艺术》为我们讲述艺术家蔡国强继承家族的书画传统,怀抱着创造火药艺术、建造烟火天梯的理想,从泉州渔村出发,历经国内、日本、美国等不同阶段的艺术探索,最终回到家乡,为百岁高龄的奶奶和当地的乡亲成功创造了天梯的奇观,告慰自我的成长、实现梦想的故事。",博览群书,2017-11-01,期刊,J952,77-78,2
54,集体记忆是凝聚力的基础,武海霞,中央民族大学外语学院中央民族大学哲学与宗教学学院,O,"<正>2017年伊始,中共中央办公厅、国务院办公厅印发了《关于实施中华优秀传统文化传承发展工程的意见》,并发出通知,要求各地区各部门结合实际认真贯彻落实。无论从其指导思想、主要内容还是总体目标来讲来说,""传统文化""都是其最核心的词汇,以总体目标为例:总体目标:到2025年,中华优秀传统文化传承发展体系基本形成,研究阐发、教育普及、保护传承、创新发展、传播交流等方面协同推进并取得重要成果,具有",博览群书,2017-11-01,期刊,G122,10-15,6
55,本期关注·名师之于高徒,吴福辉,O,O,"<正>这里的五篇文字都是围绕""名师""这一焦点而写的。""名人名作""延伸至此,似乎十分自然,而且还可以继续延伸。师生之谊在人与人的关系里,算是特殊的一种。它同名人的成长,联系紧密:有时是夯实基础,有时是决定性关口的引领。在这方面,名师与父母的作用较为类似,但更多了知识学",博览群书,2017-11-01,期刊,+,20,1
56,这是常熟文化的专属表情,朱新华,江苏省常熟市常熟中学,O,"<正>""书名精彩!""这是我初见蒋伟国先生《常熟文化的专属表情》(广陵书社,2017年3月版)一书的第一个感觉。我也写过一些文字,编过几本书,但常常偷懒居多,很少会在题目上下功夫。有时候甚至就用""关于……""之类打发过去。有题实际上等于无题,顶多告诉读者这篇文字涉及的范围。而《常熟文化的专属表情》显然是用心拟出来的。果然,蒋先生在《后记》里专门谈到了这个问题:待到结集出版时题取一个什么书名,",博览群书,2017-11-01,期刊,G127-5,105-107,3
57,道破日本精致文化的真谛,弘毅,上海交通大学出版社,O,"<正>日本学者千田稔经长期的研究,认为日本人的心里深处可能供奉着一尊超越神道的""神灵""和佛教的菩萨之上的""神灵"",隐形的神灵可能正是日本人的伦理观。作者以历史文化论的视角确信,在日本人们通过来源不明的""祭祀"",孜孜不倦地沿袭着""精致""的行为,在心境、衣着装扮、谈吐、产品制作、戏剧等方面塑造了""精致的文明"",或者可以说构筑了""精致""(《广辞苑》释义:""连细节都出类拔萃、精巧的样子。"")的体系。",博览群书,2017-11-01,期刊,G131.3-5,113-114,2
58,传递阅读力量,,O,O,<正>企业家王一向北京大学高级知识分子赠阅2017年《博览群书》杂志。清华大学校友向清华大学高级知识分子赠阅2017年《博览群书》杂志。浙江大学团委为团员青年订阅2017年《博览群书》杂志。北京市朝阳区团委为团员青年订阅2017年《博览群书》杂志。江苏省启东市海工船舶工业园区管委会、启东市北新镇人民政府向读者赠阅2017年《博览,建设书香社会,,博览群书,+,128,1
60,与斯图尔特一起《寻路阿富汗》,重木,O,O,"<正>当我们提起中东,提起其中在新闻里反复出现的伊拉克、叙利亚和阿富汗,它们所引起的印象,除了连绵的战火和混乱,复杂的宗教和民族状况与冲突之外,我们对其的了解往往十分有限。并且在这些模糊的""大词""和标签的笼罩下,这些地方也就渐渐被忽视。在这些标签之下,我们并不知道生活在其中的百姓的日常生活。罗瑞·斯图尔特最终排除万难而坚定地徒步完成在阿富汗的行走,其中的主要目的或许也就是为了更直接地去了解那些生活",博览群书,2017-11-01,期刊,K372-5,64-67,4
61,《资治通鉴》为何无可替代,张国刚,清华大学历史系,O,"<正>毛泽东云:中国有两部大书,一部是司马迁的《史记》,另一部是司马光的《资治通鉴》,都是有才气的人,在不得志的情况下撰写的。唯其有才,故能写出好书,值得阅读;唯其不得志,故能写出深刻的书,值得参悟。司马迁纵横恣肆,直抒胸臆。《货殖列传》,阅尽人间百态;《刺客列传》,沉郁凄美,荡气回肠。《史记》不虚美,不掩恶,尽显真精神。司马光厚德载物,忧国忧民。《资治通鉴》专取关国家兴衰、系生民休戚,力求",博览群书,2017-11-01,期刊,K204.3,120-123,4
62,此“常人化”为何不庸俗——张国刚教授“公共史学”之我见,张景平,清华大学水利系,O,"<正>近几年来,""公共史学""概念的引入在学术界形成一个新兴的热点话题。虽然关于""公共史学""的定义问题仍然未能取得共识,但以公众为明确的服务对象并吸引公众参与文本创作之中,无疑已是各家对""公共史学""的共识。无论如何,""公共史学""作品都与一般意义上的通俗历史作品构成明显区别。在此意义上,张国刚教授去年推出的《资治通鉴与家国兴衰》可谓专业学者涉足""公共史学""的一次成功尝试。《资治通鉴与家国兴衰》一书的缘起,",博览群书,2017-11-01,期刊,K204.3-5,124-127,4
63,《中国人的历史:诸神的踪迹》,申赋渔,O,O,"<正>这本书是""中国人的历史""系列开篇之作。开天辟地,女娲补天,大禹治水……曾经,我们对神话甚至历史的了解都源于成语。然而,盘古开天辟地后去了哪里?天为何会漏?大禹治水有什么背景?……这些神从何而来,去往何处?神与神之间又有什么渊源?与生而为神的希腊神话众神不同,中国的神是在祖先们口口相",博览群书,2017-11-01,期刊,K21-5,119,1
65,《永远的怀念:步平先生逝世周年纪念集》,,步平先生逝世周年纪念委员会,O,"<正>步平,曾任黑龙江省社会科学院副院长,中国社会科学院近代史研究所所长、党委书记。主要研究方向是中日关系史、东北亚国际关系史、日本侵华史、抗日战争史。该书为步平老师逝世周年的纪念册,包括生前照片,亲人、同学、同事、学",博览群书,2017-11-01,期刊,K825.81-5,67,1
69,《人生就要不断精进》,星云大师,O,O,"<正>《人生就要不断精进》是星云大师鲐背之年指点职场进阶的新作,详解职场提升之道。继《宽心》《舍得》《厚道》《包容的智慧》幸福修行课之后,再次以无上智慧证悟人生、开示大众。人生是不断学习的过程,职场生涯作为人生重要阶段,也必将不断学习。从无知和彷徨,到绕着一个个误",博览群书,2017-11-01,期刊,B825-5,63,1
2,为《漫画中国古代科技》叫好,王渝生,中国科学院,O,"<正>习近平总书记指出:""在绵延5000多年的文明发展进程中,中华民族创造了闻名于世的科技成果。我们的先人在农、医、天、算等方面形成了系统化的知识体系,取得了以四大发明为代表的一大批发明创造。""朝华出版社最近推出的一套《漫画中国古代科技》系列,含《四大发明的故事》《古代建筑的故事》《古代科学家的故事》《古代医学家的故事》四个分册,由中国人民大学艺术学院洪涛教授等人创作,中科院刘二中教授等人审订。这套图书前两个分册讲的是技术。对于""四大发明"",马克思曾经这样高度评价过:""火药、指南针、印刷术——这是预告资产阶级社会",博览群书,2018-12-01,期刊,N09,96-97,2
4,“谢谢你让我成为一个男人”——评《天生有罪》,张薇,东北大学秦皇岛分校外国语言文化学院,O,"<正>这本名为《天生有罪》的书,由美国兰登书屋2017年9月19日出品,是一部带有自传性质的作品,荣登美国《时代》周报评选的2017年度百本重要图书排行榜,位列畅销书榜单的榜首。吸引我注意的不是榜首畅销书,而是书名以及作者的身份。作者系美国当红脱口秀《小崔每日秀》的主持人特雷弗·诺亚。诺亚1984年2月20日出生于南非约翰内斯堡,曾担任电视台、广播电台主持人和脱口秀演员,声名鹊起之后于2014年底赴美国发展,担任美国""喜剧中心""电视台著名脱口秀节目《每日秀》的通讯员,后在",博览群书,2018-12-01,期刊,I712.06,72-75,4
5,爱读金庸的三个理由——“送别金庸”之一,咸立强,华南师范大学文学院,O,"<正>我们是看金庸小说长大的。这个""我们""指的是我身边的我所熟悉的人,不敢随意泛化,以免有人觉得这家伙不自量力随意就想要代表谁;也不能缩小成""我"",因为我阅读金庸的经验本就来自""圈子""传阅,属于群体性阅读,而不是自己买了书一个人在书斋里静静地阅读。在一些不以通俗小说尤其是武侠小说为然的道学家看来,读金庸或许显得不够档次。但是,在偏僻农村长大的我们,没有图",博览群书,2018-12-01,期刊,I207.42,46-49,4
6,侠义书写中的家与国——“送别金庸”之二,陈夫龙,山东师范大学文学院,O,"<正>在现代中国文学史尤其是武侠文学史上,金庸堪称一代宗师,这已成为公认的事实。从第一部武侠小说《书剑恩仇录》横空出世,迄今已有六十余载。金庸的出现,早就引起了文学史的深入思考;他的小说的深远影响,也已经对现代中国文学述史秩序的调整和书写格局的重构产生了实质性推进。更重要的是,港台新武侠小说能够进入现代中国文学史并跻身于经典行列,",博览群书,2018-12-01,期刊,I207.42,50-53,4
1,《四个杰出科学家如何改变世界》读后,张立敏,中国艺术研究院,O,"<正>在人类历史上,19世纪可谓日新月异,人文蔚兴,科学发展突飞猛进。1873年,英国时任首相本杰明·迪斯雷利惊讶地说:这五十年的时间发生了多少事情——我要说的是,在人类历史中,这是前所未有的非凡时代。我所说的并非帝国的兴起衰落,朝代的更替,或是政府的建立。我所说的是科学的革命,这些革命的影响远胜过任何政治事件,这些革命改变了人类的地位和前景,其作用是史上所有的征服、所有的法典、所有的立法者都无法比拟的。",博览群书,2018-12-01,期刊,N09,119-123,5
2,为《漫画中国古代科技》叫好,王渝生,中国科学院,O,"<正>习近平总书记指出:""在绵延5000多年的文明发展进程中,中华民族创造了闻名于世的科技成果。我们的先人在农、医、天、算等方面形成了系统化的知识体系,取得了以四大发明为代表的一大批发明创造。""朝华出版社最近推出的一套《漫画中国古代科技》系列,含《四大发明的故事》《古代建筑的故事》《古代科学家的故事》《古代医学家的故事》四个分册,由中国人民大学艺术学院洪涛教授等人创作,中科院刘二中教授等人审订。这套图书前两个分册讲的是技术。对于""四大发明"",马克思曾经这样高度评价过:""火药、指南针、印刷术——这是预告资产阶级社会",博览群书,2018-12-01,期刊,N09,96-97,2
3,《悲伤的力量》,朱莉娅·塞缪尔;黄菡,O,O,"<正>出版社:广西师范大学出版社出版时间:2018年11月定价:78.00元""真正伤害着一个人、一个家庭,甚至一代人的,并不是悲伤所带来的痛苦本身,而是他们为了逃避痛苦所做的事情。""""悲伤不是可以靠斗争去克服的东西,死亡带来的悲伤也被深深误解。""在这本书中,我们会读到15则关于爱、失亲、面对自己的死亡以及抚平悲伤的动人故事。",博览群书,2018-12-01,期刊,I561.6,67,1
4,“谢谢你让我成为一个男人”——评《天生有罪》,张薇,东北大学秦皇岛分校外国语言文化学院,O,"<正>这本名为《天生有罪》的书,由美国兰登书屋2017年9月19日出品,是一部带有自传性质的作品,荣登美国《时代》周报评选的2017年度百本重要图书排行榜,位列畅销书榜单的榜首。吸引我注意的不是榜首畅销书,而是书名以及作者的身份。作者系美国当红脱口秀《小崔每日秀》的主持人特雷弗·诺亚。诺亚1984年2月20日出生于南非约翰内斯堡,曾担任电视台、广播电台主持人和脱口秀演员,声名鹊起之后于2014年底赴美国发展,担任美国""喜剧中心""电视台著名脱口秀节目《每日秀》的通讯员,后在",博览群书,2018-12-01,期刊,I712.06,72-75,4
5,爱读金庸的三个理由——“送别金庸”之一,咸立强,华南师范大学文学院,O,"<正>我们是看金庸小说长大的。这个""我们""指的是我身边的我所熟悉的人,不敢随意泛化,以免有人觉得这家伙不自量力随意就想要代表谁;也不能缩小成""我"",因为我阅读金庸的经验本就来自""圈子""传阅,属于群体性阅读,而不是自己买了书一个人在书斋里静静地阅读。在一些不以通俗小说尤其是武侠小说为然的道学家看来,读金庸或许显得不够档次。但是,在偏僻农村长大的我们,没有图",博览群书,2018-12-01,期刊,I207.42,46-49,4
6,侠义书写中的家与国——“送别金庸”之二,陈夫龙,山东师范大学文学院,O,"<正>在现代中国文学史尤其是武侠文学史上,金庸堪称一代宗师,这已成为公认的事实。从第一部武侠小说《书剑恩仇录》横空出世,迄今已有六十余载。金庸的出现,早就引起了文学史的深入思考;他的小说的深远影响,也已经对现代中国文学述史秩序的调整和书写格局的重构产生了实质性推进。更重要的是,港台新武侠小说能够进入现代中国文学史并跻身于经典行列,",博览群书,2018-12-01,期刊,I207.42,50-53,4
7,《为什么唐朝会出李白》,祝勇,O,O,"<正>该书包括《永和九年的那场醉》《为什么唐朝会出李白》《宋徽宗的光荣与耻辱》《吴三桂的命运过山车》等作品,为祝勇近年散文创作的经典之作。全面展示了祝勇追求散文写作趋于开放化、更接近人性和人心、更接地气的决心。在祝勇的散文中,没有被空洞的形容词",博览群书,2018-12-01,期刊,I267,53,1
8,一边是鲁迅,,O,O,"<正>2018年10月30日,一代武侠文学大师金庸在香港离世,各社交媒体、社会各阶层的民众纷纷喟然长叹,缅怀这位武侠大师带给我们曾经的感动,无限的遐思。这是一个成人童话世界的终结,更是一个气度精神的逝去。怀念金庸,思念那些一边读鲁迅,一边读金庸的年轻岁月。作为与传统文学相对对立的通俗文学,武侠小说在古代往往只是中下层民众休闲愉悦的一种消遣方式。可是经过金庸等现代一些武侠",一边是金庸——“送别金庸”之三,泉涌,博览群书,I207.42,54-58,5
9,傅璇琮等先生的高意——评《中华古典诗词比兴转义大词典》,赵慧平,沈阳师范大学文学院,O,"<正>国家出版基金项目,由国学大师傅璇琮先生与著名学者艾荫范、刘继才联袂主编,东北大学出版社出版的《中华古典诗词比兴转义大词典》(以下称《比兴转义大词典》)近日面世。这一词典自""七五""期间初编以来历经断续三十余载,前后四代学者百余人先后参与了编写工作,将中国历代的诗词、曲、赋、小说、散文、戏曲词语中相关比兴的转义、衍化的修辞义做了全面查阅和梳理,归纳为常用的转义、典故的本义与借代义、意象的比兴义",博览群书,2018-12-01,期刊,I207.2,62-64,3
10,西施的下场有两个,周岩壁,郑州师范学院,O,"<正>在理想国里,美女是怒放的鲜花,芳香,娇嫩,永不凋零;在现实中,美女和我们常人一样,有生,也有老、病、死,有无可奈何花落去的时候。于是,在历史上,这个地方如同沙场,理想与现实旅进旅退、此起彼伏、交互作用,美女的下场总是莫衷一是,众说纷纭,沸沸扬扬,永无定论。西施就是这样。关于这位美女的本事,我们多少都知道一些,史书上虽有记载,但诘屈难读,不妨看诗仙——王安石抱怨李白""诗词十句九句言妇人、酒!""(《冷斋夜话》卷",博览群书,2018-12-01,期刊,I206.2,116-118,3
11,向郑板桥学读书,杨阿敏,《中华瑰宝》杂志,O,"<正>郑板桥以诗书画三绝而闻名天下,这些领域的成就同他深厚的文化底蕴是分不开的。细绎其文,论及读书治学之道处不少,至今观之,犹觉可资借鉴处颇多。郑板桥自幼跟随其父学习,没有其他老师。幼时并无特殊之处,长大之后,面貌丑陋,常遭人轻视。好为大言,自负甚高,又好漫骂。遭人侧目,往来者很少。但在读书上,""能自刻苦,自愤激,自竖立,不苟同俗,深自屈曲委蛇,由浅入深,由卑及高,由迩达远,以赴古人之奥区,以自畅其性情才力之所不尽""。《板桥自叙》中的这段话,是郑板桥对自己读书治学历程和经验的",博览群书,2018-12-01,期刊,I267,124-126,3
12,新月派与新人文主义的起落,程鸿彬,山东大学文学院,O,"<正>上世纪20年代,""新人文主义""思潮曾在中国掀起一股不大不小的冲击波,为本来就色彩纷呈的现代文坛增添了一道引人注目的风景。试图与五四文学革命分庭抗礼的""学衡派""知识分子,是中国最早一批新人文主义的忠实信徒,他们揭橥""昌明国粹,融化新知""的旗帜,针对文学革命派的激进主张展开了猛烈抨击。其实在中国新文学史上,新人文主义思潮的影响并非局限于20年代,受其润泽的文人群体也不只是""学衡""一派,五四落潮后诞生并延续至30年代",博览群书,2018-12-01,期刊,I206.6,33-36,4
13,解开古典诗词意蕴的“密码”——《中华古典诗词比兴转义大词典》之功用,朱世东;陶沙,中国关工委,O,"<正>最近,某著名电视主持人在谈到对战时,脱口说出""一树梨花压海棠""的诗句。此句诗据传出于苏轼的《戏张先》。由于主持人不了解这句诗中""海棠""的含义,竟在大雅之堂说出并不文雅的话来,不能不令人咋舌!这里的""海棠""到底是何义呢?翻开东北大学出版社出版的《中华古典诗词比兴转义大词典》(以下简称《比兴大词典》)第447页-448页,便找到了答案:""海棠:蔷薇科落叶乔木。多春季开花。白色或淡粉红色。另有垂丝海棠,花色淡红,常半重瓣,花梗细长,下垂,称‘醉美人’。""它有三项比兴义,其一为""喻美人或少妇""。宋代释惠洪《冷斋夜话》云:",博览群书,2018-12-01,期刊,I207.2,65-67,3
14,古典诗词比兴研究漫论,刘继才,沈阳师范大学,O,"<正>中华文化自古以来就有一种具象类比的思维传统。据《周易》载,早在上古伏羲时代,就在天、地、人三才万物之间,""近取诸身,远取诸物"",并根据""观物取象""""立象以尽意""的基本思路,始作""八卦"",初创了中华文明。后来,《诗经》《楚辞》的创作与批判所遵循的""比兴""之义,便是这种思维方式在文学领域的一种具体实践。因此,有人认为,中国诗道之成,就是立足于""近取诸身,远取诸物""。但是,当初儒门的""比兴""概念是",博览群书,2018-12-01,期刊,I207.2,68-71,4
15,《剑桥倚天屠龙史:2018全新修订精装版》,新垣平,O,O,"<正>《剑桥倚天屠龙史》是新垣平博士致敬金庸大师之作。他创造性地将《倚天屠龙记》中的人物故事和中国历史完美结合。用""剑桥史""的写作手法,科学的考证,奇妙的想象丰满了金庸武侠世界的全貌。用详尽的史料和推理将金庸武侠世界真实全面的展现在了读者面前。将历史和武侠完美地熔为一炉。金庸作品中未提及的现实背景,",博览群书,2018-12-01,期刊,I207.42-5;K23-5,71,1
16,体会“大处着眼,,北京大学中文系,O,"<正>第一次听孙玉文老师教诲是在2010年。那时我读本科二年级,录取了北京大学古典语文学项目,选择古代汉语方向。孙老师是教研室主任,他把我们几个同学聚在一块,讲了两个事情:第一件,王力先生高小毕业之后,做了几年家庭教师,熟读学生家中所藏14箱古书,奠定了扎实的国学根基;第二件,""文革""以后王力先生给学生讲""如何读书"",不能只陷在一个很小的领域中,要广泛地阅读。孙老师随后介绍说古代",小处着手”——“孙玉文师生话论文”之六,雷瑭洵,博览群书,H109.2,109-110,2
18,我在北大指导的博士论文——“孙玉文师生话论文”之一,孙玉文,北京大学中文系北京文献语言与文化传承研究基地学术委员会中国修辞学会中国训诂学会中国音韵学会,O,"<正>1978年,我国恢复了中断12年的研究生制度,迄今整整四十周年。40年来,我国研究生工作不断前行,成就斐然,培养的研究生成为我国高等教育和科研工作最主要的力量,也成为其他各行业的骨干人才。一批批学子接受研究生教育,在文化建设的大潮中成为弄潮儿,作出重要贡献,谱写历史新篇章。可以预期,四十年前恢复研究生制度的举措必将永垂青史。我本人是这一制度的见证人和受益者。我原来工作的单位是湖北大",博览群书,2018-12-01,期刊,H109.2,98-100,3
19,我写博士论文的那层深意——“孙玉文师生话论文”之二,李建强,中国人民大学国学院,O,"<正>2003年我有幸进入北京大学中文系,在孙玉文老师门下读博士。2006年底博士论文通过答辩。现在回顾起来,三年多的时间,孙老师不仅传我绝活,而且注重性格的磨炼和长远学术规划的绸缪,是学术道路的领路人。当时汉语上古音领域正在进行十分激烈的争论,涉及复声母、汉藏比较、上古音研究的材料、方法等重大问题。照我的个性,遇到矛盾纷争宁愿绕道走;但是孙老师鼓励我要敢于迎接挑战,积极参与学术论争,在",博览群书,2018-12-01,期刊,H111,101-102,2
21,这些现象促使我早日把论文出版——“孙玉文师生话论文”之四,郑妞,上海大学文学院,O,"<正>还记得那是2007年,我在硕导骆瑞鹤老师的带领下,借孙老师在武汉开会的机会,第一次拜见了孙老师,并表达了我想考博的愿望。一路走回珞珈山庄,我说我正在整理谐声字,孙老师用他特有的语气提高了语调说:""好!""本来对考北大还忐忑不安的我,顿觉好像被注入了一股真气,信心大增,2008年能够顺利考入北大,离不开当初孙老师的肯定与鼓励。但当我成了孙老师的门下弟子,跟孙老师提博士选题的时候,孙老师却让我先放一放,叮嘱我要",博览群书,2018-12-01,期刊,H11,105-106,2
22,这是劳人心苦筋骨的活儿——“孙玉文师生话论文”之五,万群,北京师范大学文学院,O,"<正>上古汉语中有这样一类现象:""请勾践女女于王,大夫女女于大夫,士女女于士。""(《国语·越语上》)句中""女""既指称女儿,又陈述将女儿嫁给某人的行为。该现象涉及彼此紧密相关的两个重要课题:上古汉语名动词类的区分、上古汉语名动转类现象。我的博士论文《〈国语〉名动关系研究》以此为研究对象,以先秦重要典籍《国语》为基本语料。从博士二年级选题到论文完稿,其间自有一番苦乐。我最深的感受是,做论文是劳人心志筋骨的",博览群书,2018-12-01,期刊,H141,107-108,2
23,徐悲鸿收藏的古画——“名家的收藏”之三,佟刚,徐悲鸿纪念馆,O,"<正>徐悲鸿是我国现代的美术先驱、杰出的画家和美术教育家。而许多人不知道的是,徐悲鸿也是一位艺术品鉴赏家和收藏家。徐悲鸿一生收藏了上千件中国历代绘画书法作品,其中有晚唐五代时期的手卷、宋代的人物故事画、明代中期宫廷画家的花鸟画、明四家的山水人物画、清代扬州八家的作品、晚清任伯年的多幅精品以及王铎、傅山、伊秉绶等明清多位书法名家的书法作品。1953年徐悲鸿去世后,他的夫人廖静文按照他的遗愿,将这些藏品悉数捐献给国家,成为国家的珍",博览群书,2018-12-01,期刊,J212,88-95,8
24,"砥砺思想,宁静心灵——我送《博览群书》",,O,O,"<正>已经很久了,始终没有忘记送我离校时您深情的目光,始终没有忘记作业本上您那句鼓励的评语,始终没有忘记您的那门课一直托举我的成功。总想为母校做点什么,总想为您做点什么。老师,请接受这本《博览群书》,我的心意。本刊现协助爱心人士向母校教师赠阅《博览群书》。",博览群书,2018-12-01,期刊,+,130,1
25,不跟风,,O,O,"<正>邮发代号:82-248 (人物·综合版)订阅价格:180元(全年12期)2015年创刊,两年时间迅速形成""因思考,而不同""的办刊特色;作为中共中央主管的教育主流宣传阵地,我们忠实记录下为教育事业做出突出贡献的人和事;我们是教育宣传者,更是教育发现者和参与者。2018,我们愿与您一同见证一个教育大国向教育强国迈进之路上的点点滴滴。",做忠实于内容的教育守望者,,博览群书,+,2,1
26,《中华玄机》,王蒙,O,O,"<正>《中华玄机》是王蒙解析中国传统文化的新作,从主导中国人思维方式与行为习惯的角度入手,深入浅出地逐一解析。修齐治平、内圣外王、斯文济世、天下归仁、无为而治、以退为进、过犹不及、物极必反……孔孟老庄谈笑风生,古往今来纵横捭阖,书里书外雅俗共赏。既能给国人以文化自信的底气、豪气,又暗含知行合一、人生精进之指引,浸透",博览群书,2018-12-01,期刊,G122-5,123,1
27,传递阅读力量,,O,O,<正>江苏省启东市北新镇人民政府向读者赠阅2018年《博览群书》杂志。深圳市宝安区城管局向读者赠阅2018年《博览群书》杂志。中航信托股份有限公司为团员青年订阅2018年《博览群书》杂志。中国银行燕郊分行向华北科技学院师生赠阅2018年《博览群书》杂志。中国银行三河支行向廊坊燕京职业学院师生赠阅2018年《博览群书》杂志。,建设书香社会,,博览群书,+,128,1
28,史学的“问题导向”可能是歧路,陈来虎,中国社会科学院研究生院近代史系,O,"<正>《博览群书》编辑部:当前,""理论""与""问题意识""在史学研究领域屡被提及,备受关注,大有一股视""理论""""问题意识""为律之四海而皆准之风气。尤其是近年来,一些来自域外的作品动辄受到国人热捧,其一个直观的原因在于这些作品往往能鲜明地体现出一种理论的色彩、问题的意识以及叙事的故事化。不可否认,史学研究需要有""理论""滋养,也要",博览群书,2018-12-01,期刊,K06,113-115,3
29,一战期间的中国外交——“一战百年启示录”之一,侯中军,中国社会科学院近代史研究所,O,"<正>1914至1918年的第一次世界大战,其战场主要是在欧洲,中国虽然地处远东但仍在1917年3月14日对德绝交,继而对德宣战,成为一战的战胜国之一。一战爆发时,民国初建,国内政局不稳,袁世凯急于扑灭革命力量,建立自身的集权统治;国际上,英俄日等列强争相在中国边疆挑起事端,意图乘机获得更大的侵略利益。在复杂的国",博览群书,2018-12-01,期刊,K143;D829,5-10,6
30,中国面对“英日同盟”的阴影——“一战百年启示录”之二,马建标,复旦大学历史系中国社会科学院近代史研究所,O,"<正>所谓""英日同盟的阴影""是解释在""英日同盟""(1902-1923年)存续的21年期间,中国从清末到民初,经历了清帝国的崩溃和中华民国的建立,该同盟对这一时期的中国内政、外交造成什么影响,对东亚世界秩序造成何种影响。/壹/今天,我们回顾过去一百多年的东亚国际关系史,可以认为,缔结于1902年的""英日同盟""是以中国为主导的东亚体系解体之后的一个过渡时代的产物。甲午战争之前",博览群书,2018-12-01,期刊,K143,11-15,5
31,冷观一战中的美国——“一战百年启示录”之三,邵声,中央党校文史教研部,O,"<正>关于第一次世界大战与美国的关系,中国国内过去介绍较多的是美国对于第一次世界大战的发展进程和结局的影响,以及第一次世界大战之于美国的经济发展和国际地位的作用,而很少谈及第一次世界大战对于美国国内历史进程的影响。事实上,第一次世界大战在美国国内历史的走向上具有转折意义,它标志着一个时代的终结和一个新时代的开始。第一次世界大战爆发之时,美国国内正处在进步主义运动主",博览群书,2018-12-01,期刊,K143,16-20,5
32,一九一八年中国思想界的“三岔口”——“一战百年启示录”之四,王学斌,中央党校(国家行政学院)文史教研部中国史教研室,O,"<正>近代以降,特别进入民国,""西方""俨然已化为一个国人心头爱恨交织的强势词语,驱之不能,学之且难。然1918年却成中国人重新审视西方尤其欧洲文明的拐点。是年年底,梁启超赴欧参加巴黎和会。沿途梁氏穿过欧洲诸国,与随行记者一道考察第一次世界大战之西部战场、莱茵河右岸、比利时布鲁塞尔等地,足迹遍及比、荷、瑞、意、德等国,",博览群书,2018-12-01,期刊,K143,21-25,5
33,回望《四镇三关志》的磨砺,彭勇,中央民族大学历史文化学院,O,"<正>地方志综合记载一地区的自然、地理、沿革、制度、经济、军事、文化、人物、生活、灾害等诸方面,或专记某一类史事,不仅为研究区域史者必读,也是研究国家与社会之关联的重要文献,历来为治明清史者所重。本人研读明清历史30载,一直把地方志作为最重要的史料之一,长期使用前辈学者、同行提供的诸如缩微胶卷、影印、整理、点校、校注等不同形式的方志文献。这次自己主持校注《四镇三关志》的重要原因,第一它是我关注十多年的一部珍贵方志,我知道它的重要价值,它值得我下功夫去做;二是我曾认真阅读并加以利用过这部文献,也曾做过",博览群书,2018-12-01,期刊,K29,42-44,3
34,这是上乘的明代边关志书校注本——读《四镇三关志校注》,陈梧桐,中央民族大学历史文化学院,O,"<正>临近中秋之际,彭勇教授送来他和崔继来博士合作的《四镇三关志校注》(中州古籍出版社2018年6月出版)。拜读之后,有以下三点感想。具有重要史料价值的《四镇三关志》我国的地方志浩如烟海,据《中国地方志联合目录》的统计,截至1949年,我国存世的地方志就多达8300余种。限于人力、物力和财力,目前尚不可能对每种地方志逐一进行整理校注,只能首先选择其中最有价值者进行整理校注。明人",博览群书,2018-12-01,期刊,K29;G256.3,37-41,5
35,《清代社会生活史》,林永匡;王熹,O,O,"<正>清代是中国由封建社会向半殖民半封建社会转变的发端。在这一历史时期,社会经济发展,文化日臻繁荣,各民族进一步融合,法制日渐完善,宗教活动对社会的影响日益增加,人民的社会生活方式与风尚随之发生变化,呈现出新特点、新风貌和新变化。这些变化体现在服饰、饮食、居住、出行、婚嫁、丧葬、生育、娱乐、宗教、商贸等各个方面,并随着",博览群书,2018-12-01,期刊,K249-5,41,1
36,《吴晗说明史》,吴晗,O,O,"<正>吴晗是明史研究的著名专家,他于20世纪40年代著《明史》于昆明,原为四章,即收入该书的第一、四、五章,缺《军与兵》一章。此次出版增补了《朱元璋的统治术》《明初的恐怖政治》《明代的军兵》《明代的新仕宦阶级》等力作,与前三章基本可构成一部完整的明史,大体可窥见明代历史全貌及其特点。这是该书稿首次以单行本",博览群书,2018-12-01,期刊,K248-5,80,1
37,《安史之乱:大唐盛衰记》,石云涛,O,O,"<正>要读懂唐朝,先要读懂安史之乱。这场战乱,结束了盛唐的神话,百年帝国从此走上下坡路,一去不回头。往昔的繁华,成为回忆;战争的创伤成为唐人难以治愈的心灵之痛。是谁埋下了祸根?是谁点燃了硝烟?是谁在苦撑危局?又是谁在推波助澜?一场长达七八年的战乱,导致了怎样的力量重组、政坛变化?暴露了怎样的人情与人性?该书通过",博览群书,2018-12-01,期刊,K242.205-5,97,1
38,"丰子恺:“子恺”是名、号,还是字",葛云波;徐莉,人民文学出版社,O,"<正>丰子恺(1898—1975),现当代教育家、漫画家、散文家,尤其因漫画而妇孺皆知。但是,""子恺""或以为是名,或以为是号,或以为是字,莫衷一是。/壹/目前对于""子恺""的认识有三种:一种认为是名,第二种认为是号,第三种认为是字。持第一种认识者,典型的是丰子恺的子女。丰陈宝、丰一吟主编《丰子恺漫画全集》书前《年表》""1915—1917年""条提道:""(浙江省立第一师范学校)国文老师单不厂为丰仁取名子,后改为子恺。""",博览群书,2018-12-01,期刊,K820.9,27-32+26,7
39,探问家风——从《家风十章》到《家风十日谈》,王正,中国社会科学院哲学研究所,O,"<正>2018年初,欣闻李存山先生主编、吴小龙责编、笔者参与撰述的《家风十章》,入选为国家新闻出版广电总局全民阅读活动组织协调办公室主办的2017年度""大众喜爱的50种图书"",不禁十分惊喜。所惊者,这样一本正本清源而具有一定学术性的著作,竟会被大众所喜爱并入选;喜者,国人对传统文化之热爱、对优良家庭之渴望,正在日益加强。两者相结合,正可见家风这一看似遥远的事物,其实并非缥缈之物,它仍扎根",博览群书,2018-12-01,期刊,B823.1-5,59-61,3
40,《人间正是艳阳天:湖南湘西十八洞的故事》,彭学明,O,O,"<正>湘西十八洞是党中央首次提出精准扶贫重要思想的地方,该书讲述了各级领导干部与十八洞村民一道,积极响应党中央的号召,将大山深处积贫落后的边远村寨,逐步建设成因地制宜、合理规划、精准扶贫、精准脱贫的模范村的故事。作者彭学明五年八次实地走访,从十八洞一个个鲜活的身边事例入手,展现一系列政策措施在乡间村里的具体施行,以",博览群书,2018-12-01,期刊,F323.8-5,64,1
41,此文对全民阅读有启示,韩星,中国人民大学国学院,O,"<正>杨阿敏的《向郑板桥学读书》对郑板桥读书之道的论述颇有可观之处,文章总结了郑板桥在读书上的一些独到见解,一是反对所谓的过目成诵,强调熟读深思;二是强调精读的重要性;三是认为读书必须首选经典;四是读书要有特识,有自己的主张;五是对读书救贫的思考。论点鲜明独特,对当下的全民阅读活动不无借鉴作用。郑板桥的读书观深刻影响了他对文章之道的理解,他认为文章有大乘法,有小乘法:",博览群书,2018-12-01,期刊,G792,127,1
42,“鲁迅采集的植物标本”解读——“名家的收藏”之一,钱振文,北京鲁迅博物馆,O,"<正>在北京鲁迅博物馆一楼展厅,可以看见鲁迅在杭州浙江两级师范学堂任教时的一件植物标本木槿和鲁迅1910年3月采集植物标本的记录册。这件展品下面的说明是:""鲁迅采集的植物标本"",但这件标本左下角原有的标签上却有""蒋谦制藏第号""字样,采集地为""西湖岳坟"",采集时间为""己酉年七月""。实际上,除了这件木槿,北京鲁迅博物馆还收藏了另一件植物标本马蓼。马蓼标本的制作收藏人同样也是""蒋谦"",但采集地为""西湖"",采集时间为""己酉年八月""。",博览群书,2018-12-01,期刊,G894,76-80,5
43,郭沫若收藏物品四五件——“名家的收藏”之二,张勇,中国社会科学院郭沫若纪念馆,O,"<正>收藏是古代文人雅士的重要生活趣味,既反映了他们广博的学识体系,又彰显了个人独特的文化魅力。在现代知识分子中,郭沫若虽然算不上是一个收藏家,他的收藏物品,并不如鲁迅对版画和刻本收藏的专而精,也不如徐悲鸿对绘画作品收藏的多而广,但就他的收藏物品的动机和种类来讲,更具有生活气息和独特个性,收藏对于我们全面认识和还原一个真实的,具有丰富情趣追求的晚年郭沫若同样必不可少。/壹/郭沫若的收藏活动主要集中于中华人民共和国成立后,他定居于北京的岁月中,也就是他的晚年期",博览群书,2018-12-01,期刊,G894,81-87,7
44,越剧之美与绍兴酒香,郭梅,杭州师范大学,O,"<正>无论到没到过绍兴,中国人都知道,到绍兴必须做的事情里面,除了拜谒鲁迅故居,品一品孔乙己的心头爱物绍兴酒——也就是曹公雪芹喜欢的南酒,还有就是听一听绍兴戏了——现在,新昌调腔自然是难得听到了,而绍剧,就是质直激昂的绍兴大班,熟悉它的观众也很少,在全国有影响的绍兴戏曲,首推越剧。众所周知,越剧是发源于浙江的地方戏,它与浙江地方文化,尤其是浙东文化息息相关,在越剧清丽的声腔中,就有浓浓",博览群书,2018-11-01,期刊,J825;TS971,90-96,7
45,古今大家写“知己”——“名作与友谊”之二,林继中,闽南师范大学(原漳州师院),O,"<正>唐诗中写友情者可谓汗牛充栋,美不胜收,而意义涵盖最广者似当推王勃名句:""海内存知己,天涯若比邻。""不难发现,这句的""出处""是曹植《赠白马王彪》:""丈夫四海志,万里犹比邻。恩爱苟不亏,在远分日亲。""同样的意思,曹诗表达略显散乱重沓,而王诗借助唐代已成熟的格律,将曹诗的意思压缩在十字之中,更为显豁,且朗朗上口。再者,曹诗是写给弟弟的,表达的是血缘亲情;而王诗是送给同为宦游",博览群书,2018-11-01,期刊,I207.22,8-10,3
46,曹植诗作对友情的参悟——“名作与友谊”之三,杜志强;常艳霞,西北师范大学文学院,O,"<正>曹植(192—232)字子建,我国古代著名文学家,其作品感情浓烈,文采华美,是六朝时期举世公认的文学高峰,被誉为""建安之杰""。他性格热情,待人真诚,留下了丰富的交友作品(有28篇相关诗赋)。这些作品真切地反映了曹植对友情的珍视和赞誉,体现出纯美的人情和忠诚的交友品格。日本学者吉川幸次郎认为,曹植诗对友情的赞美,发现了友情对人生的意义,具有划时代的文学史意义(吉川幸次郎著,章学诚译:《中国诗史》,安徽文艺出版社1983年版,P130)。",博览群书,2018-11-01,期刊,I207.22,11-14,4
47,《长恨歌》的主题不是爱情,王志清,南通大学文学院,O,"<正>《长恨歌》因为写得太凄美了,感天动地,曲尽情致,使特殊的男女情事,获得了普泛性的意义,而让人当成一种表现美丽爱情的""风情""来欣赏了。本意并非美化李杨而歌颂爱情的《长恨歌》,也因为其""侈丽宏衍""的审美特质,而让人误读为一首爱情诗,一首歌颂爱情的诗,认为""爱情是《长恨歌》的第一主题""。为什么《长恨歌》不是爱情主题的诗呢?",博览群书,2018-11-01,期刊,I207.22,107-111,5
48,苏轼与陈的逆旅同游——“名作与友谊”之五,刘阳杰,西北师范大学文学院,O,"<正>苏轼,字子瞻,号东坡居士,四川眉山人,北宋著名文学家、书法家,中国文化史上的一位""通才"",其在文学、书法、绘画、哲学等诸领域精深的造诣对中国文化产生了深远的影响。陈慥,字季常,号方山子,又号龙丘居士,北宋名臣陈希亮第四子,苏轼毕生的好友。苏轼与陈慥的交往,是苏轼一生中极为重要的一段友谊。二人相识于苏轼任凤翔签判时,那时的他们少",博览群书,2018-11-01,期刊,I206.2,18-21,4
49,在蔡邕与汉魏士人之间——“名作与友谊”之四,宋亚莉,青岛大学文学院,O,"<正>蔡邕(133—192)生于汉顺帝阳嘉二年(133),字伯喈,陈留圉人。蔡氏家族在汉代极有声望,蔡邕十四祖蔡寅,六世祖蔡勋,父蔡棱皆名载史册。蔡邕主要活跃于桓帝、灵帝时期,他不仅师从当时经儒大师,还与诸多名士尤其是经学传人交好,更对后学提携举荐,不遗余力,故顾炎武说他""文采富而交游多""(《日知录·两汉风俗条》)。",博览群书,2018-11-01,期刊,I206.2;K23,15-17,3
50,晚年孙犁的人格与作品,杨振喜,河北省作协河北省文学学会,O,"<正>孙犁是河北安平县人,1913年生,2002年逝世,享年90岁,从事文学活动60余年。从创作上讲,以""文化大革命""为界,可分前期与后期,前期自1938年至1966年,以小说创作为标志,有一个长篇:《风云初记》、二个中篇《村歌》《铁木前传》、三个短篇集《白洋淀纪事》等。还有诗集、散文集及杂著。他是以小说""圣手""闻名。后期,自1977年至1995年是又一个高峰,每年出版一本新作,其代表",博览群书,2018-11-01,期刊,I206.7,97-102,6
51,如果学人都把论著写成论笔——读梁归智《浪子风流说元曲》,赵勇,北京师范大学文学院北京师范大学文艺学研究中心,O,"<正>/壹/今年9月,陕西师范大学出版总社一下子推出梁归智先生的两本新书:《禅在红楼第几层》和《浪子风流说元曲》。我刚读了第二本,便忍不住要信笔涂鸦,想说说我的感受了。这个感受需要从我的大学时代谈起。上个世纪80年代中前期,我在山西大学中文系读书,古代文学课分成四段,分别由四位老师主讲。讲到元明清文学时,梁归智老师出场了。梁老师是姚奠中先生的高足,姚先生又是章太炎先生的关门弟子,这种学缘关系本身已让我",博览群书,2018-11-01,期刊,I207.24,81-86,6
52,编《孙犁读本》的特殊情感,梁东方,花山文艺出版社,O,"<正>花山文艺出版社最近推出的《孙犁读本》,一套10种,包括《孙犁抗日文学作品选》《孙犁诗歌剧本选》《孙犁评论选》《孙犁书信选》《孙犁作品·少年读本》《孙犁作品·老年读本》《孙犁晚作选》《孙犁论读书》《孙犁论孙犁》《孙犁名言录》。这套书由孙犁的女儿孙晓玲撰写长篇序文,并与资深编辑专家李屏锦先生共同主编。孙犁是中国现当代文史上最重要的作家之一。他写作的审美视角与其终生坚持的""写真话、写确有所感的话""的原则,使其创作在整个现代文学史中,尤其在新中国的",博览群书,2018-11-01,期刊,I206.7,103-106,4
53,时时处处的清华人文,马利国,廊坊燕京职业技术学院,O,"<正>近日,有幸拜读了《新清华》发表的《你我就是清华人文》一文,文中董山峰学长珍贵的回忆不禁带我打开记忆的闸门,尤其是他对清华人文的思考也点亮我思想的火花。时至今日,清华在人们心目中仍然是典型的理工科大学,很多清华校友也戏称是""五道口理工""毕业的。理工给人的感觉是公式化、格式化和标准化,枯燥乏味,严谨有余而激情和浪漫不够,似乎和人文风牛马不相及。清华大学校长邱勇老师在",博览群书,2018-11-01,期刊,I267,112-115,4
54,鲁迅研究道路上的林非,宋庄,O,O,"<正>""有谁从小康人家而坠入困顿的么,我以为在这途路中,大概可以看见世人的真面目。""70年前,少年林非看到鲁迅《〈呐喊〉自序》中的这句慨叹产生共鸣而浮想联翩时,大概不会想到,多年之后自己竟走上鲁迅研究的道路,并视此为一生的志向。早在20世纪50年代,林非就写出一系列研究鲁迅作品的论文,至现在,林非已出版了《鲁迅前期思想发展史略》《鲁迅小说论稿》《中国现代小说史上的鲁迅》《鲁迅传》(合著)《鲁迅和中国文化》",博览群书,2018-11-01,期刊,I210,56-63,8
55,"“脱略”,盛唐诗人择友的关键词——“名作与友谊”之一",刘怀荣,中国海洋大学文学与新闻传播学院,O,"<正>大诗人李白《陈情赠友人》一诗,以歌咏季札挂剑、管鲍之交,引出""论交但若此,友道孰云丧""的感慨;孟浩然《送张子容进士赴举》也有""无使《谷风》诮,须令友道存""的叮咛,均表现了对""友道""的重视,也透露出对当时""朋友道绝""(毛诗《小雅·古风序》)的不满。就历史实际而言,对""脱略""品格的推崇及知音难遇的忧伤,构成了盛唐诗人""友道""的两极。当时如李白、高适、王维、王昌龄、李颀、杜甫、岑参、綦毋潜等重要诗人之间,多情谊深厚。他",博览群书,2018-11-01,期刊,I207.22,5-7,3
56,重要的不是文艺——“四博士评电影”之三,李立,四川省文艺评论家协会,O,"<正>2017的中国电影文艺片创作呈现出一种久违压抑之下的爆发,无论是从创作数量还是创作质量都掀起了近年来中国文艺片的一个高峰。在很多评论家的眼中,2017年的文艺片展示了中国电影产业的顽强,成为了全面建设小康社会、奋力实现中国梦的有力证明。2017年的中国电影文艺片的确是率先崛起的文化先锋。《我的诗篇》《二十二》《冈仁波齐》《皮绳上的魂》《塔洛》几乎都引发了电影学术界热烈的讨论。围绕着民",博览群书,2018-11-01,期刊,J905,74-76+67,4
57,"青春电影及批评,要当心这个“小”——“四博士评电影”之四",温彩云,东北师范大学传媒科学学院,O,"<正>2011年台湾青春电影《那些年我们一起追的女孩》登陆内地,开启大陆青春电影的新模式,到2013年赵薇执导《致我们终将逝去的青春》(简称《致青春》),吹起一股青春电影的旋风,之后几年,青春电影每年都会创造不同的票房神话,形成一股青春电影的风潮。由此,关于青春电影的批评文章数量也随之增加,但是票房的火爆和批评文章的数量增加并不意味着质量的相应提高。党的十九大报",博览群书,2018-11-01,期刊,J905,77-80,4
58,亚裔美国人在影视剧中,郭梦琳,哈佛大学哈钦斯研究中心,O,"<正>大获成功的《摘金奇缘》2018年盛夏,美国最受关注的好莱坞大片无疑非《摘金奇缘》莫属。这部根据同名小说改编的电影,原题为Crazy Rich Asians,又直译为《疯狂的亚洲富豪》。在该片上映的周末就一举拿下了2520万美元的票房收入,轻松排上了票房第一名的榜单。《纽约时报》在题为""《摘金奇缘》票房夺冠,再次证明种族文化多样性的影响力""的文章中",博览群书,2018-11-01,期刊,J905,25-29,5
59,"电影批评,从姜文与史航的可爱说起——“四博士评电影”之一",李道新,北京大学艺术学院,O,"<正>最近几年,我在北京大学给学生开设一门""影视理论与批评""课程,自己也会比较主动地介入当下的各种影评活动之中。不得不说,跟以前相比,我已经越来越不敢断言什么是""好""的电影,也越来越不敢肯定什么是""正确""的电影批评了。因此,当我在姜文电影《邪不压正》中看到史航饰演的""华北第一影评人""的时候,竟然增加了对姜文和史航的好感。在我看来,这正是导演的认真与批评的力量之所",博览群书,2018-11-01,期刊,J905,65-66,2
60,"新主流电影,我该如何批评你——“四博士评电影”之二",丁旭东,中国音乐学院国家美育研究与发展中心,O,"<正>近些年来,""新主流电影""这个语汇愈发高频地钻进人们的耳朵、出现在人们的阅读视线中。所谓""新主流电影"",就是大片化的主旋律电影。""主流""核心内涵的首要是呈现社会的主流价值观念;其次是占据市场的大份额,具有高票房、高受众数量的特征。从审美角度来说,具有""正能量""""喜闻乐见""的特点。从技术的角度来看,其注重电影高科技运用、注重视觉奇观的",博览群书,2018-11-01,期刊,J905,68-73,6
61,"鲁迅,从“博览群书”出发的策展人",刘欣,北京鲁迅博物馆(北京新文化运动纪念馆)陈列展览部,O,"<正>""策展人""一词源于英文""curator"",通常指从事于博物馆、美术馆等非营利性机构,专门负责藏品保管、研究和陈列,又或担任组织与策划艺术展览的专职人员。这一概念出现于20世纪60年代的西方艺术行业,20世纪90年代,策展人行业在我国迅猛发展。策展人通过自身的艺术理念和文化意识对艺术作品进行描述、阐释与塑造,经过精心的策划与展览的视觉呈现,艺术品能够成为一个更完整、能承载更多理念与价值的形",博览群书,2018-11-01,期刊,J217,30-37,8
62,传递阅读力量,,O,O,O,建设书香社会,,博览群书,+,128,1
63,"砥砺思想,宁静心灵——我送《博览群书》",,O,O,"<正>已经很久了,始终没有忘记送我离校时您深情的目光,始终没有忘记作业本上您那句鼓励的评语,始终没有忘记您的那门课一直托举我的成功。总想为母校做点什么,总想为您做点什么。老师,请接受这本《博览群书》,我的心意。本刊现协助爱心人士向母校教师赠阅",博览群书,2018-11-01,期刊,+,130,1
64,编者按,赵沛霖,天津社会科学院文学所,O,"<正>交往是人类生存的需要,任何人都离不开交往,由此形成了人与人之间的一种新的关系,即作为五伦之一的""朋友""关系。由于境界有高下,志趣分雅俗,交往有深浅,所以,""朋友""也就形形色色,不一而足:既有生死之交、莫逆之交,也有一面之交和点头之交;既有益友、良友、挚友和诤友,也有狐朋狗友和酒肉朋友……所以,交友不可不慎,这就涉及到交友的原则和标准,即""友道"",也就是交友之道。",博览群书,2018-11-01,期刊,+,4,1
65,主持人语,丁旭东,O,O,"<正>去年第九期,《博览群书》请我主持,邀请了三位博士从文艺美学、视觉美学和社会文化的视角对热映电影《战狼2》进行了生猛评论,引起强烈反响。这一期,《博览群书》又请我主持,还是针对电影,请了四位博士,强调要写一组""俯察以观品类之盛""的广角艺评。工欲善其事,必须有利器,工若有利器,必备磨刀石。""磨刀石""是什么呢?在本栏目主持人看来,那就是方法论。",博览群书,2018-11-01,期刊,+,64,1
66,准确预见日俄战争的清朝武官,赖某深;曾德明,长沙理工大学马克思主义学院岳麓书社,O,"<正>1904—1905年,日本和沙皇俄国为了争夺朝鲜和中国东北,爆发了一场大规模的战争。主要战场在中国东北,腐败无能的清朝却宣布""局外中立""。战争的结果,以沙俄失败、朝鲜被划分为日本的势力范围、我国东北被日俄两国瓜分而告结束。日俄战争,是东北亚近现代史上非常关键的历史事件,也是其后日、俄、韩、中各自历史发展的重要转折点。然而关于这场决",博览群书,2018-11-01,期刊,K313.43;K252,22-24,3
67,怀念学者乌丙安及其诙谐,袁学骏,中国民俗学会中国散文学会河北省民俗文化协会河北省文化交流协会河北省散文学会,O,"<正>在人们的印象中,专家学者们都是严肃的、不苟言笑的。而中国民俗学会名誉会长、国家非物质文化遗产专家委员会副主任、辽宁大学教授乌丙安先生是个特例。他天性乐观,活泼好动,语言诙谐,走到哪里都会带来欢笑声,所以他便为广大师生和同行们所喜欢。我认识乌丙安先生是1985年5月,在北京国谊宾馆举行的全国民间传说研讨会上,知道他是中国民俗学会会长、中国民间文艺研究会",博览群书,2018-11-01,期刊,K825.6,87-89,3
68,用新心智科学看“良知”——“阳明文化三人谈”之三,顾久,贵州省文史研究馆,O,"<正>我以为,""良知""是阳明心学的最核心的概念,三主旨都与""良知""有关:""心即理"",主要想说""良知即天理"",""天理体现在人的良知中"";""知行合一"",主要想说""良行与善行天然地统一"";""致良知"",主要想说""坚守、完善与深化良知""。""新心智科学""(Science of Mind),见于美国学者诺贝尔奖获得者、神经认知科学家坎德尔。他认为,哲学与心理学结合,产生了""心智科学"";心智科学再与脑科学(神经科学)结合,可称为""新心智科学""。新心智科学或能把抽象的哲学概念,还原为具体而可验证的大",博览群书,2018-11-01,期刊,B248.2,51-55,5
69,王阳明在龙场悟出了什么——“阳明文化三人谈”之一,吴光,浙江省社会科学院浙江省文史研究馆浙江省儒学学会中国孔子基金会,O,"<正>关于王阳明""龙场悟道""公案,已经有数以百计的文章作出研究、论述,但仍然众说纷纭,莫衷一是。有人说龙场悟的是""格物致知""之道,有人说悟的是""心即理""之道,也有人说悟的是""知行合一""""致良知""之道。甚至有人将王阳明的良知四句教归入到""龙场悟道""论述中。但论者往往是随意的判断,而缺少史实的考证和系统性的分析。在此,我对这桩公案发表几点个人意见。",博览群书,2018-11-01,期刊,B248.2,39-44,6
70,向王阳明学乡风建设——“阳明文化三人谈”之二,龚妮丽,贵州大学文化与传媒学院,O,"<正>中国传统文化中,人性教化是儒家最突出的主流文化思想,教化不仅关乎个人修身,人格培养,更关乎维护社会秩序,国家治理,儒家的教化思想始终体现出道德与政治的密切联系。孔子指出从政""四恶之首""为""不教而杀谓之虐"",他倡导通过礼乐教化使民知""仁""循""礼"",遵循做人的行为规范、社会的道德规范以达到社会和谐,国家长治久安。孟子曰:""善政不如善教之得民也。善政,民畏之;善教,民爱之。善政得民财,善教得民心。""可见儒家",博览群书,2018-11-01,期刊,B248.2;B824,45-50,6
71,新书来了,,O,O,"<正>1924年,对希特勒、对德国、对整个世界来说都是重要的一年。在这一年中,虽然希特勒还没有夺取政权,但正是在这一年里,希特勒发生了根本性的思想转变——他将自己称为人类的救世主。实际上,当时的希特勒远离社会,因啤酒馆暴动失败而待在监狱里。但是,也正是因为这一年的阅读、写作、审判和演说,造就了他后来的思想。目前为止,还未有人研究过希特勒一生中关键的这一",博览群书,2018-11-01,期刊,G236,10+14+21+37+50+55+89+102+106+127,10
72,"中国近代报业,从澳门出发",李净昉,天津师范大学新闻传播学院南开大学,O,"<正>在中国近代新闻传播史上,香港、上海、天津、北京等都是常常为中外学者津津乐道的地方。因为这些地方,不仅有闻名遐迩的报纸、刊物,而且还有一些著名的报人,对重要的新闻事件进行采访,传播知识、文化、智慧等,在历史大转折时期曾发挥着重要的舆论引导作用。然而,在前近代的中国新闻传播版图上,这些地方都很难与一个地方相提并论。这个地方就是澳门。那么,澳门在前近代中国新",博览群书,2018-11-01,期刊,G219.29,125-127,3
73,架构师的人文情怀,李泉,O,O,"<正>在北美从事软件架构师的工作近20年,一直以为这样的工作远离普通大众的生活。普通人即便不懂钢琴或者绘画,也能够从艺术大师的表演和作品中获得享受。然而,软件架构师的工作过程及其结果无论多么完美,总是""其牙机巧制,皆隐在尊中"",""不足为外人道也""。我最近出版了一本关于如何成为软件架构师的(技术)书后、邀我从人文角度写一篇让普通大众了解架构师的文章时,我惶恐了几",博览群书,2018-11-01,期刊,TP311.5,116-119,4
74,这里有学养与心境——评《杨以增研究丛集》,陈德弟,南开大学,O,"<正>山东聊城海源阁——我国历史上最著名的私人藏书楼之一,由清朝道光二十年(1840)进士杨以增所建,藏书峰值达三千余种、二十余万卷,且多珍本、善本,它与江苏常熟翟绍基的""铁琴铜剑楼""、浙江吴兴陆心源的""皕宋楼""、杭州丁氏兄弟的""八千卷楼""汇称中国近代四大藏书楼,其中以翟、杨两家所藏宋元刻本和抄本书为最多,因之又有""南翟北杨""之美称,其藏书、校书、抄书、刻书,甚为海内外学者所仰慕与称道。流传至今的我国古籍,据专",博览群书,2018-11-01,期刊,G259.29,120-124,5
75,为孙胤航列个书单,李春阳,中国艺术研究院美术研究所,O,"<正>《白话文运动的危机》在两岸三地出版,引起了些反响。不少读者联系我,表达了对汉语文体和修辞思维的深刻兴趣,并希望了解相关书籍,旨在提高汉语言文字表达和理解的修养。今友人何玲女士又诚恳相邀为其公子孙胤航开列书目,我很感踌躇,遂勉为其难一试,答谢读者与友人。中国书目部分一个人的修辞素养,是在成长和受教育过程中自然习得,无意识",博览群书,2018-10-01,期刊,I106,114-119,6
76,一位文学批评者的自我批评,何英,新疆文艺评论家协会新疆文联理论研究室,O,"<正>说起来,文学批评似乎总是一个尴尬的身份或职业。刚开始写作的时候,就听闻圈子里两位老师闹得不愉快,好像就是一个说另一个,当不了作家才写评论的。细想之下,这句话也顶多讥刺了批评家没才华这样的意思。如果是我,我不会在意的。我的才华你哪儿懂。李健吾在他的《咀华集》里,就集中写到过作家对批评家的攻讦,看得我哈哈大笑:本·琼生把批评家说做补锅的,弄出来的毛病比补的还要多,玻特勒(Butler)说做处决才智的",博览群书,2018-10-01,期刊,I106,41-42,2
77,刘怀荣与“大文学史”路上的人们,赵明,吉林大学青岛大学,O,"<正>刘怀荣教授主编的《魏晋南北朝大文学史》即将付梓,嘱我为是书作序,面对这部洋洋洒洒一百七十万言,历时十余春秋的宏篇巨制,我的欣喜之情和对学术之路的感慨,不由交并而生。""大文学""的提法始自上世初问世的谢无量《中国大文学史》。这部早期的中国文学史虽内容丰赡、材料翔实、规模宏大,但却失之宽泛,文学与非文学的界限不清。以此之故,特别是随着其后西方""纯文学""观念的东渐传播,在长达半个多世纪的各种文学史中,""大文学""的提法也就鲜见于世。20世纪80年代初,在""思想",博览群书,2018-10-01,期刊,I206.2,93-96,4
78,“红学”史的关键人物——戚蓼生、范锴、俞平伯,张建智,《问红》,O,"<正>/壹/红学研究,渊源深长,现已成为一门显学。在曹雪芹没有把《红楼梦》写完时,就有人在研究了。其实中国的《尚书》,也有小说的成分,可从没人拿来作小说研究。而日本的《源氏物语》,世界上第一部长篇小说,虽有人研究,却没有像《红楼梦》研究那样持久不息。作为一部小说能持续被研究几百年,既要有一代代研究者,还须有不断的推动力。近三百年中,推动红学史发展,有几个关键人物。",博览群书,2018-10-01,期刊,I207.411,29-35,7
79,何英的凌厉从新疆启程,杨荣昌,楚雄师范学院,O,"<正>何英是近年来颇受瞩目的青年批评家。她立于西域高原放眼文坛动向,自由评说创作现场,既有鲜明的地域文化观照,又有开阔的理论视野,形成凌厉而诗意的批评风格。她的文学批评从新疆启程,却在全国文坛引发关注,体现了批评家独特但又带有普适性的成长路径,具有较高的辨识度。",博览群书,2018-10-01,期刊,I206.7,36-39,4
80,重阳节俗似专为陶渊明而设——“名作与重阳”之一,杜志强;靳文,西北师范大学文学院甘肃医学院,O,"<正>重阳节俗的起源在古代节俗中,农历的一月一(春节)、三月三、五月五(端午)、七月七(乞巧)、九月九(重阳),组成了一个较为特别的重数节日序列。一、三、五、七、九在《周易》的占卜中属""阳数""(二、四、六、八、十为""阴数""),""九""为最大的阳数,故称重九为重阳。与其他四个重数节俗的起源甚古相比,重阳节的形成比较晚近,它大概形成于东汉,成熟、普及于",博览群书,2018-10-01,期刊,I207.22;K892.1,5-12,8
81,《魏晋南北朝大文学史》之大,赵敏俐,首都师范大学教育部人文社会科学重点研究基地——中国诗歌研究中心,O,"<正>中国人自己编写文学史的历史,到现在至少已经有一个多世纪了。迄今为止,相关的文学史著作不止上千部。但是人们还是在不断地推出新著。何以如此?我想原因不外有两个,第一是几千年的中国文学发展本身就构成了一部丰富多彩的历史,值得后人不断地总结梳理;第二是希望通过史的描述,让人们更好地把握和学习中国文学,传承优秀的中华文化。也正因为如此,一部优秀的文学史著作,往往成为一位古典文学研究专家或一个时期古典文学研究的代表性成果。",博览群书,2018-10-01,期刊,I206.2,97-100,4
82,关于《魏晋南北朝大文学史》,刘怀荣,中国海洋大学文学与新闻传播学院,O,"<正>人之相与,志趣相投固不可少,但冥冥之中,缘分似乎也无处不在。我至今还清楚地记得,我与陈桐生兄初次见面的情形,那是1989年的秋天,我们在陕西师范大学研究生楼前的路上相遇,他身着浅色衣装,儒雅谦和,神采飞扬,让我由衷地有一种敬佩和亲近感。他原本已被东北师范大学录取,但在入学前,杨公骥先生却不幸辞世。杨先生与恩师霍松林先生交情颇深,因此经两校协商,他转到了霍先生门下。",博览群书,2018-10-01,期刊,I206.2,101-103,3
83,打磨好诗的是时间,黄宁,广东女子职业技术学院,O,"<正>好的诗自然需要诗人具备灵敏的感知能力,苦修勤练以致可以出口成章的技能,但更需要时间来成全。但凡动人心魄的诗歌莫不是经由时间的打磨,在诗人的内心千回百折、苦苦挣扎,如五谷在酒曲的作用下翻转发酵膨胀,被自己的情绪和怨念折磨得无以复加,按捺不住,终于精疲力竭行将崩溃时,好,灵感来了!如满溢的琼浆,如飘散的月光,如含着晨露的青草,终于迎来了酣畅淋漓的那一瞬间,那饱蘸着情感张力的水晶一样玲珑的诗句,那承载着岁月沧桑的",博览群书,2018-10-01,期刊,I267,125-127,3
84,唐人笔下的重阳诗景——“名作与重阳”之二,张文静,天水师范学院文学与文化传播学院,O,"<正>中国古老节日的形成,基本上都与""天人合一""的观念有关,古人在对自然宇宙、个体生命、农业百事的不断探索和理解中,逐渐形成了一些特殊的节日。节日往往中断了日常生活节奏,让人们稍事停顿,以特定的仪式祈求美好的人生愿景。重阳节,俗称九日,至唐代成为重要的节庆之一,特定的时序特点和节日氛围,催生了丰富的重阳诗。这些诗篇",博览群书,2018-10-01,期刊,I207.22,13-18,6
85,魏晋南北朝重阳诗赋的感伤与温情——“名作与重阳”之三,马黎丽,中国人民大学国学院兴义民族师范学院,O,"<正>""余闲居,爱重九之名""(陶渊明《九日闲居序》),九九重阳,因其月日并应纯阳之数,谐音""久久"",不仅陶渊明爱之,世人无不爱之。相关研究认为,九月九日作为中国古代四大重数节日之一,当产生于序数纪日法得以使用后的东汉中后期(郭佳《九月九日重阳节探源》,《文化遗产》2017年第5期)。《旧唐书》卷十三载德宗五年春正月乙卯诏曰:""四序嘉辰,历代增置,汉崇",博览群书,2018-10-01,期刊,I207.22,19-23,5
86,网络文学专家夏烈访谈,庄熊;钱超超,杭州师范大学艺术教育研究院杭州师范大学文创学院,O,"<正>问:今年都在说中国网络文学20年(1998-2018年),您认可这个说法吗?答:网络文学20年以及拿1998年作为""网络文学元年""是一个约定俗成的过程。一般学界的说法是,1998年网络上出现了台湾痞子蔡(蔡智恒)的一部风靡华语阅读的都市爱情小说《第一次亲密接触》,这之后大陆的网络作家第一代也纷纷亮相、成就了网络文学的一批代表作家、作品,如安妮宝贝、宁财神、李寻欢、邢育森、慕容雪村等。这件",博览群书,2018-10-01,期刊,I206.7,61-66,6
87,我写《大神们》的一点因缘,夏烈,杭州师范大学文创学院中国作协网络文学研究院,O,"<正>中国网络文学一般习惯从1998年说起,到2018年,算20年。我在2017年断断续续花费了一年的时间,写一点个人关于中国网络文学和网络作家的""回忆录"",然后就有了《大神们——我和网络作家这十年》的第一卷""星火时代""的付梓面世,这是2018年5月底的事。然而,在自己这部回忆性的纪实作品的开笔之初,即第一章""那年,羽扇纶巾的我""写作时,原不是现在这样简约通俗的写法。我用",博览群书,2018-10-01,期刊,I206.7,67-71,5
88,鲍尔吉·原野:为世上的美准备眼泪,宋庄,O,O,"<正>鲍尔吉·原野的散文,真诚、幽默、灵动、节制。你能感觉到他的文字像草叶上的露珠轻盈透明,也能听到""露珠""滑落时的叹息和悲伤。当然,或许它的滑落是故意捉弄的,带有一丝顽皮。阅读因此变得生动,动如脱兔。鲍尔吉·原野写过十年短篇小说。据说这个经历对他的散文写作很有帮助。席慕蓉读过《流水似的走马》后说:""这本书像银器上的镂刻,我可以感受到它的",博览群书,2018-10-01,期刊,I207.67,72-79,8
89,郭沫若旅游情怀散记——“名家去旅游”之二,张勇,中国社会科学院郭沫若纪念馆,O,"<正>寄情山水,怡情风物,是人的自然属性,中国自古文人多雅兴,游历自然,吟诗作赋,即是雅兴的重要体现。郭沫若同样也是钟情于自然山水之人,他在诸多诗作词句之中咏写了各地自然风光的奇骏之美,揭示了传统人文景观的文化之韵,他将自我之情寄托与山川河流之间,展现出勃发的诗性创造力和多彩的生命感受力。自然之情少年郭沫若游玩的天性在现代文学作家中,像郭沫若一样度过美好充满天真童趣的少年时期的并不不多,他们绝大多数自",博览群书,2018-10-01,期刊,I207.25,83-87,5
90,老舍的行旅与游咏——“名家去旅游”之三,史宁,中国老舍研究会,O,"<正>人之所以爱旅行,不是为了抵达目的地,而是为了享受旅途中的种种乐趣。——歌德衣上征尘杂酒痕,远游无处不消魂。——陆游提起旅行这件事,古今中外有过太多不同的见解与感悟了。一般中国的文人和士大夫尤其偏爱于此,仿佛不爱旅行便不能算是十足的文人,不留下几篇写景状物的诗篇就不算真正的诗人。否则,怎么古文里到处都是""有诗为证""呢?至于近现代的作家里,仍然不乏其人。这里我们就专门说一说老舍先生的旅游。老舍先生曾明确说过,他好静,不好动,不大爱外出。为",博览群书,2018-10-01,期刊,I206,89-92,4
91,宋代重阳词中的习俗与心态——“名作与重阳”之四,杨许波,兰州大学文学院,O,"<正>重阳节是中国传统节日之一,在宋人的生活中有着重要的作用。宋词是""一代之文学""(王国维《宋元戏曲史·自序》),充分展现了宋代社会的节日习俗,与宋人的日常生活有着紧密联系。重阳节是宋词重要的题材之一,宋人创作了大量与重阳有关的词作。据现存较早记载重阳节习俗的三国魏曹丕《九日与钟繇书》、东晋葛洪《西京杂记》、南朝梁代吴均《续齐谐记》等文献记载,重阳节的习俗主要有",博览群书,2018-10-01,期刊,I207.23,24-28,5
92,一介新文人的朴素“野心”,汤俏,中国社会科学院,O,"<正>没见过夏烈之前,经常在学术期刊上看到他关于网络文学的论文,文笔老练而稳健,论理客观而不失分寸,颇有学界宿儒之风。挂的名头又是教授、主席之类,所以我一直以为,这大概是某位对网络文学这种新生事物颇怀包容和善意,至少年逾五旬的学界前辈。及至和夏烈一起位列""十二铜人""青年批评家的同事徐刚帮我带来《大神们——我和网络作家这十年》这本书,嬉笑怒骂、充满江湖意气的文风令我好奇心陡燃,于是去搜索关",博览群书,2018-10-01,期刊,I206.7,57-60,4
93,鲁迅去过多少次北京动物园——“名家去旅游”之一,胡鸣,北京鲁迅博物馆,O,"<正>一般来说,鲁迅不是热衷于游山玩水的人。在北京教育部做官的那些年,北京城外可以游览的地方他只去过两个,一个是在西直门外的万生园,一个是在阜成门外的钓鱼台。鲁迅去过两次钓鱼台,都是他1924年搬到阜成门宫门口新居后去的。因为宫门口和钓鱼台相距实在不远。万生园又叫万牲园,就是现在的北京动物园。但那个时候,万牲园更正式的名字叫农事实验场,是清朝光绪年间农工商部负责在原三贝子花园的基础上建设的。",博览群书,2018-10-01,期刊,I210,80-82,3
94,《城南旧事》,关维兴,O,O,O,博览群书,2018-10-01,期刊,J22,88,1
95,新书来了,,O,O,"<正>《亚马逊河上的非凡之旅》作者:保罗·罗索利出版社:北京大学出版社出版时间:2018年8月定价:58.00元美国博物学家、探险家保罗·罗索利对世界上流量大、流域广、支流多的河流——亚马逊河的博大、神秘和无言之美怀有无以言表的敬意和好奇。2006年,年仅18岁的他只身前往秘鲁的马德雷·德·迪奥斯地区(""圣母的领地""),开始了自己对""母亲河""亚马逊河上游众多未知支流的探险之旅。马德雷·德·迪奥斯是奇绝之地,它既",博览群书,2018-10-01,期刊,K919-5,18+35+40+45+47+60+92+103+108+113+119+124+127,13
96,"砥砺思想,宁静心灵——我送《博览群书》",,O,O,"<正>已经很久了,始终没有忘记送我离校时您深情的目光,始终没有忘记作业本上您那句鼓励的评语,始终没有忘记您的那门课一直托举我的成功。总想为母校做点什么,总想为您做点什么。老师,请接受这本《博览群书》,我的心意。本刊现协助爱心人士向母校教师赠阅《博览群书》。",博览群书,2018-10-01,期刊,+,130,1
97,延年益壽,杜志强,西北师范大学文学院,O,"<正>""一年最好,偏是重阳。""重阳日的中华大地,秋草泛黄,菊蕊飘香,清露凝寒,金风送爽,""江涵秋影雁初飞"",确是一年中最美的季节。自汉代以来,我国即确定九月九日为重阳节。这天,人们纷纷登上高处,插茱萸,采菊花,饮菊花酒,以寄托祈福、避祸、长寿的美好心愿。在后来的发展中,各地又发展出做重阳糕、掷柑橘、放风筝、放牛羊、装点五色等节俗,形成",博览群书,2018-10-01,期刊,+,4,1
98,传递阅读力量,,O,O,<正>江苏省启东市北新镇人民政府向读者赠阅2018年《博览群书》杂志。深圳市宝安区城管局向读者赠阅2018年《博览群书》杂志。中航信托股份有限公司为团员青年订阅2018年《博览群书》杂志。中国银行燕郊分行向华北科技学院师生赠阅2018年《博览群书》杂志。中国银行三河支行向廊坊燕京职业学院师生赠阅2018年《博览群书》杂志。夏尔特拉(北京)太阳能科技有限公司向宿州一中师生赠阅2018年《博览群书》杂志。,建设书香社会,,博览群书,+,128,1
99,读《美国历史上100个了不起的黑人真相》,郭梦琳,哈佛大学哈钦斯研究中心,O,"<正>""假新闻""的异军突起美国总统唐纳德·特朗普经常使用""假新闻""(Fake News)这个概念。如果往前追溯,他最早使用这个词的时间是在2016年12月10日所发送的一条推文中,""@CNN报道……都是荒谬和不真实的——假新闻!""从那以后,特朗普总统就爱是更加频繁地使用这个词。据《波士顿环球报》(Boston Globe)报道,特朗普总统在他担",博览群书,2018-10-01,期刊,K712-5,53-56,4
100,清代第一本“开眼看世界”之作,赖某深,长沙理工大学马克思主义学院,O,"<正>自从范文澜先生上个世纪50年代提出林则徐是""满清时代开眼看世界第一人""(见范文澜《中国近代史》上编第一分册P22,新华书店1949年北京订正第一版)以来,几乎成为一种定论。钟叔河先生上世纪80年代所写的《走向世界丛书总序》中,也称林则徐为""清代开眼看世界第一人""。不过说林则徐为""鸦片战争以来开眼看世界第一人""则可,说林",博览群书,2018-10-01,期刊,K249,120-124,5
101,商汤雩祭文化与人水关系,朱丽君,山西大学政治与公共管理学院,O,"<正>商汤灭夏,汤武革命,""顺乎天而应乎人"",商汤祷雨于桑林,为民请命,以人为本,以己为牲的牺牲精神,是商汤文化的本质内涵。活跃于太行山、太岳山腹地的晋豫两省的商汤信仰和流传至今的商汤祭祀、崇拜和民俗文化现象,伴随着地方社会经济发展和文化复兴的潮流,已经得到越来越多人们的关注,跨越了学界、政界和社会各界,是一个引起广泛讨论和争议的重要话题。我们知道,在众多商汤文化",博览群书,2018-10-01,期刊,K221;B933,48-52,5
102,陆王心学因何没在清代变成“绝学”,宫新越,西北师范大学历史文化学院,O,"<正>陆王心学,即指以南宋陆九渊与明代王守仁心学为代表的学术流派,由陆九渊创立,至王守仁集大成。经过长期发展,形成一个中国哲学特有的、以儒家伦理道德学说为核心的、庞大而严密的主观唯心主义哲学体系。至明中叶,陆王心学盛极而衰。清朝建立初期,朝廷采取""崇儒重道""的基本国策,尊崇朱熹,把朱子学确立为官方哲学,从而导致清前期陆王心学思想中理性思维光辉的暗淡无光。尽管如此,陆王心学并没有成为绝学,在诸多陆王学者们的努力",博览群书,2018-10-01,期刊,B249,109-113,5
103,一位日本女性笔下的“乡愁”,欧阳筱,O,O,"<正>《未开的脸与文明的脸》是日本著名社会人类学家中根千枝公开出版的第一本书。中根千枝出生于1926年,是首位担任东京大学教授、日本学士会会员、东京大学东洋文化研究所所长的女性。她主要研究印度、西藏和日本社会体系,创建了著名的日本""纵向社会论""。作为日本较早涉及印度田野调查的书籍,《未开的脸与文明的脸》被认为提高了当时日本社会对异文化的关心,其世界范围的调查和将调查理论化的行动力获得了高度评",博览群书,2018-10-01,期刊,C912.4,104-108,5
104,与《经济学反思》一同反思,王克修;曾星,湖南省中国特色社会主义理论体系研究中心湖南省委党校怀化市委党校,O,"<正>《经济学反思》(人民出版社2016年8月第1版)是王东京教授的著作。他是国内著名经济学家,中央党校(国家行政学院)副校长(副院长),长期担任中央党校省部级进修班、地厅级进修班、中青年干部培训班主讲教员。为写这本书,他足足准备了二十年。笔者长期在党校工作,多次听王东京教授讲课,只要他公开发表的论文和出版的书都会阅读。迄今为止王东京教授出版的著作大致可分两类:一类是讲解经济学原理;一类是用经济学原理分析中国",博览群书,2018-10-01,期刊,F092.7,43-45,3
105,构建中国特色社会主义政治经济学话语体系,王东京,中共中央党校中央党校(国家行政学院),O,"<正>王克修和曾星两位同志合写的《与〈经济学反思〉一同反思》一文,选题具有前沿性和时代性,具有理论意义和现实价值。论文行文流畅,观点表达准确,层次分明,逻辑性强。作者长期在党校从事教研工作,在各种经济学研讨会议和培训班上,我们多次交流过。他们对党校的教研方式方法熟悉,一直跟踪学习研究如何构建中国特色社会主义政治经济学话语体系。经过40年的改革开放,我国",博览群书,2018-10-01,期刊,F0-0,46-47,2
106,《餐桌上的世界史》,宫崎正胜,O,O,"<正>每天陪伴我们的食物和料理,你知道它们背后有多少故事吗?你知道像土豆、盐、砂糖等这些生活里微不足道的食材都曾极大地影响过人类的历史进程吗?日本知名学者和畅销书作家宫崎正胜从世界史的大框架出发,通过平常可见的各种食材和料理,以全球性的宏大视角为我们讲述人类文明、文化的交流与变化的过程,",博览群书,2018-09-01,期刊,TS971-5,117,1
107,两个老师与一种讲法——“名家的师生情”之二,耿弘明,北京师范大学文学院,O,"<正>曾看过部电影,叫《死亡诗社》,""向死而生""和""诗意栖居""这两个源自海德格尔的知名命题合而为一了。标题太好,""死""和""诗""两样都占,因此对荷尔蒙分泌旺盛的文青群体很有诱惑性。电影讲了一个有关文学教师的故事,他令人敬佩又令人着迷,一边违反学校教规和律令,按自己的方式授课教学;又把""诗""作",博览群书,2018-09-01,期刊,I0-4,89-95,7
108,中国“人文书架”与柳鸣九,刘汉俊,O,O,"<正>作为法国20世纪最重要的哲学家、文学家之一的萨特没有想到,在他1980年4月15日逝世之后,他在西方略显寂寥的哲学思想,能在中国产生那么大的影响。他的""存在主义""哲学以""自我选择""的方式,强调人的主体意识和自我创造,张扬人道主义、自由主义、个性主义,让经过真理标准讨论之后、改革开放之初的中国",博览群书,2018-09-01,期刊,K825.6;I106,39-42,4
109,福楼拜的遗产——“名家的师生情”之四,张佳,北京师范大学文学院,O,"<正>1880年5月8日11点至12点之间,人类历史上最伟大的作家之一,居斯塔夫·福楼拜,在克鲁瓦塞的书房中逝世,留下一部没有完成的《布瓦尔和佩库歇》。福楼拜原计划翌日前往巴黎,见老朋友屠格涅夫,谈论托尔斯泰的《战争与和平》、学生莫泊桑,还有自己正在创作的那本小说,但这一切被",博览群书,2018-09-01,期刊,I565.06,102-109,8
110,毫不矫饰的《当幸福来敲门》,杨克菲,郑州师范学院外国语学院,O,"<正>每提及《当幸福来敲门》,很多人想到的都是著名黑人影星威尔·史密斯以及他的儿子贾登·史密斯所主演的同名电影。该片2006年12月15日于美国首映,此后在全球几十个国家上映,引发热议和追捧。片中史密斯父子配合默契,以精湛的演技、饱满的情感刻画了",博览群书,2018-09-01,期刊,I712.075,52-56,5
111,《喧哗与骚动》,威廉·福克纳,O,O,"<正>康普逊家族是杰弗逊镇名门,祖上曾经担任过州长和将军,但到了杰森·康普逊这一代已经没落。康普逊夫妇育有三儿一女,但两人感情并不美满。二女儿小卡自幼任性,以至于未婚先孕。长兄昆汀从小迷恋自己的妹妹,受小卡的失贞和婚姻刺激,他在哈佛读书期间沉河自杀。昆",博览群书,2018-09-01,期刊,I712.4,125,1
112,《余秋雨论学三部曲》,余秋雨,O,O,"<正>该系列是著名学者、作家余秋雨的最新论学作品集,包括《境外演讲》《台湾论学》《北大授课》三种。其中,《境外演讲》主要收录作者在海外的重要演讲。《台湾论学》主要收录作者在台湾地区的重要演讲,以及他为台湾文化名人张忠谋、白先勇等著作所作序言等。《北大授课》则是余秋雨心中",博览群书,2018-09-01,期刊,I206.7,34,1
113,大文学史观——垂范百世的方法论,庄泽远,中山大学台湾清华大学,O,"<正>经过半年沉淀,再次面对大文学史观这个议题时,我不由得生发出万般感触。木斋先生所秉持的大文学史观之所以相值于垂范百世的方法论,乃因为它是""审美的,而非功利的;是探索的、创新的,而非因袭的、陈旧的;是整体的、流变的、联系的,而非局部的、僵死的、孤立的;",博览群书,2018-09-01,期刊,I206.2,120-121,2
114,从原点出发的启示,雍斌斌,中山大学,O,"<正>在一次和木斋老师交流时,他提到""人类的认知过程是应该从概念出发还是从原点出发""这个问题,在他看来,获取一个认知,若一开始便从某一概念出发是有相当大的风险的,即便这个认知是符合真理的,那也很难与其他材料相系联,发掘出其他认知来。他是经常",博览群书,2018-09-01,期刊,I206.2,122-123,2
115,柳鸣九的菜园子风光,王蒙,O,O,"<正>柳鸣九的大名早已贯耳。他是法国文学专家、翻译家,是研究法国包括欧洲文化思想的学者,他的视野宽阔。我对他的学术成就有一知半解,更有相当高的敬意。记得在一个场合与他同处,一些学友纷纷被披上了教授、博导的光环,而对他的介绍是他的多少位学生担当",博览群书,2018-09-01,期刊,I207.67,47-48,2
116,从梁衡的政治散文谈起,周纪鸿,海关总署驻天津特派员办事处海关学会,O,"<正>在当代散文创作的长河中,有一位独特的散文作家梁衡,文学评论界对他的散文评论和研究似乎远远不够。他创作了大量散文,人民教育出版社为梁衡出版了《梁衡文集》九卷套,三百多万字。季羡林在给《梁衡散文大学生读本》的序言中写道:",博览群书,2018-09-01,期刊,I207.67,73-77,5
117,戊戌维新的文学面——“戊戌变法百廿年”之三,陆胤,北京大学中文系,O,"<正>一百二十年前的戊戌维新,是中国近代史的风陵渡口。但长期以来,人们不仅在事实层面受制于梁启超《戊戌政变记》等强势历史叙事,将这场多方势力参与的革新运动窄化为康梁一派的运作,更往往将之局限在政治斗争领域,而漠视这场变局在文化和教育等方面的广泛影响。",博览群书,2018-09-01,期刊,I206.5,17-22,6
118,我与我的自述作品,柳鸣九,中国社会科学院外国文学研究所,O,"<正>大概是在这个世纪的头十年,我已经进入了古稀之年。从北京大学西方语言文学系毕业分配到中国社会科学院,在文学所与外国文学所工作了将近半个世纪,我第一次开始以散文随笔的方式写我的自述作品。此前不久,一个多年的知己好友对我说:""你在外国文学方面已经搞了这么多年的研究,专著,你",博览群书,2018-09-01,期刊,I206.7,49-51,3
119,这是一组出离风花雪月的故事——中山大学文学史课程回望,木斋,吉林大学,O,"<正>从2017年开始,我接受中山大学的邀请,连续三个学期讲授中国文学史,三个学期讲授中国文学史从先秦到明清小说,这是一个完整的过程。对我而言,无疑是一个挑战——从我走上大学的讲堂以来,主要讲授的是魏晋南北朝到唐宋这两个阶段,一首一尾的先秦两汉与明清文学,基本上没有过接",博览群书,2018-09-01,期刊,I206.2-4,115-117,3
120,在风花雪月中步入学术殿堂,林馨越,中山大学,O,"<正>回首三个学期的中国古代文学史课程,从""思无邪""的《诗经》到""五言之冠冕""的古诗十九首;从清新隽永的王摩诘到豪放旷达的苏东坡;从唐宋词的演变再到明清小说之高峰《红楼梦》……每节课,木斋先生都为我们打开了一扇崭新的大门,门后究竟是飞雪千里还是飞花满地,都由我们去求",博览群书,2018-09-01,期刊,I206.2,118-119,2
121,让《金瓶梅》的“物”开口说话,姚胜,北京外国语大学历史学院北京外国语大学中国史研究中心,O,"<正>少不读《水浒》,老不读《三国》,老少都不能读的则是《金瓶梅》。《金瓶梅》由《水浒传》武松杀嫂复仇引出,文字描写颇为少儿不宜,但该书在问世不久即为人称颂。明人沈德符在《万历野获编》(中华书局2012年版,P652)中说:""睹数卷甚奇快……此等书,必遂有人板行,但一刻则家传户到,坏人心术。他日阎罗究诘始祸,何辞置",博览群书,2018-09-01,期刊,I207.419,28-31,4
122,高维生与崭新的陶渊明,朱林燕,南昌大学人文学院,O,"<正>陶渊明,历来是隐士的代表,是中国第一位田园诗人。每当提及陶渊明我们总是轻易想到""五柳先生""""桃花源""""归园田居""等字眼,都知道他是一个个性自由洒脱、追求田园生活、不为五斗米折腰的恬淡诗人,对他几度入仕做官又回归田园的入仕辞官经历不甚了解。我们更为熟知陶渊明的田园诗",博览群书,2018-09-01,期刊,I206.2;K235,32-34,3
123,情缘一甲子——“名家的师生情”之一,党文亭,北京师范大学文学院,O,"<正>1980年春节前后,汪曾祺收到一位中年作家的来信。这位友人听说汪曾祺要给沈从文的选集写后记,心里""咯噔一跳"",嘱咐汪曾祺""应当把这事当一件事来做""。汪曾祺确实把写沈从文当作一件有始有终的事来做,他从80年代初写到90年代,完成了《与友人谈沈从文》《沈从文和他的〈边城〉》《我的老师沈从文》《沈从文的寂寞——浅谈他的散文》",博览群书,2018-09-01,期刊,I207.6,84-88,5
124,《名伶歌影录》,翁偶虹;张景山,O,O,"<正>《名伶歌影录》,是翁偶虹入室弟子张景山继《梨园鸿雪录》《菊圃掇英录》之后,精心辑录的翁老未收入文集的谈戏佚文的又一部佳作;与前两部镶嵌一体,允称""翁老谈戏三部曲""。张景山还精心为该书配入大量相关的剧照,有些为翁老私家收藏,首次与读者见面,洵为珍贵。",博览群书,2018-09-01,期刊,I207.3-5,95,1
125,爱与恨的分界:从《藤野先生》到《惜别》——“名家的师生情”之三,曾子涵,北京师范大学文学院,O,"<正>1931年,鲁迅在送自己的学生增田涉回国时,写下了一首七言绝句,即著名的《送增田涉君归国》:扶桑正是秋光好,枫叶如丹照嫩寒。却折垂杨送归客,心随东棹忆华年。(鲁迅,《鲁迅全集》第16卷,人民文学出版社2005年版,P280)增田涉是日本人,鲁迅也曾在其人生的青春时代东渡扶桑。离别之际,一句感慨万千的""心随东棹忆华",博览群书,2018-09-01,期刊,I210,96-101,6
126,学术成长的一念之间,杨彤,中山大学,O,"<正>不知不觉间,陪伴我们走过三个学期的中国古代文学史课程已近尾声。此时回首以总结,实是感慨良多。除知识层面之外,感触尤深之处,便是学术方面的成长。我深深感触到,有时这成长,便发生在得遇名师后的一念之间。文学史中的里程碑熠熠生辉,而我也想通过重要的节点,记录自身在文学史",博览群书,2018-09-01,期刊,I206.2,124-125,2
127,未完待续,杨光,中山大学,O,"<正>最近一个月,我一直在自欺欺人。拖着拖着就是不愿意打开这个叫做""第三学期中国古代文学史课程总结""的文件夹,仿佛只要我不动笔,这门课程就永远不会结束。而只要在电脑上敲下任何一个字,就是正式地和过去一年半中的自己和老师告别。昆图斯说,""习惯是比天性更顽固的东西。""是啊,我已经习惯了每次课前看着先生单肩背着",博览群书,2018-09-01,期刊,I206.2,126-127,2
128,《鲁迅与那个时代的战争》,李克,O,O,"<正>这是一本关于鲁迅和他""论敌""之间的论争文选,记录了鲁迅先生的笔战经历。其中有鲁迅与陈西滢关于""闲话""的是非之争、""鲁、梁""论战、鲁迅与林语堂的意气之争、周作人与鲁迅的矛盾等论战双方的文章,再现了那个时代活跃在中国文坛上的一群文化精英之间的矛盾与冲突。",博览群书,2018-09-01,期刊,I210-5,127,1
129,《从大都到上都:在古道上重新发现中国》,罗新,O,O,"<正>这是一条元朝皇帝候鸟般春去秋来往复的路。北大学者罗新,在他华发之年——53岁之时,完成了他十五年前的夙愿——从大都走向上都。""到了我这个年纪,一切希望、梦想、信心和理想都被‘雨打风吹去’,只剩下难以言说的无奈、郁结、愤懑和迷惑。是啊,我了解自己生活于其中的这个社会吗?我所研究的那个遥远迷蒙的中国,和眼下这个常常令我大",博览群书,2018-09-01,期刊,I267,36,1
130,书人茶座·名家的师生情,赵勇,北京师范大学文艺学研究中心北京师范大学文学院,O,"<正>这组文章角度各异,但总体上看,写的却都是师生情缘:鲁迅与藤野先生,汪曾祺与沈从文,陈丹青与木心,叶嘉莹与顾随,以及莫伯桑与福楼拜。为什么鲁迅会追忆藤野先生呢?曾子涵说是藤野严九郎以平等的姿态对待过鲁迅。为什么汪曾祺会写下那么多怀念沈从文的文章呢?可能是沈从文的被遗忘让汪曾祺感到不可思议。而《文学回忆录》(木心)",博览群书,2018-09-01,期刊,I207.67,83,1
131,《字里中国》,张素凤;宋春淑;娜红,O,O,"<正>我们的先民,把他们看到的世界,以及他们观念中的世界,都具象为一个个的汉字形体。因此,汉字形体中存在着十分丰富的古代历史文化信息。通过对这些汉字形体的分析,我们不仅能够掌握汉字构造的规律,而且仿佛打开了一",博览群书,2018-09-01,期刊,H12-5,119,1
132,《洛阳在最后的时光里》,唐克扬,O,O,"<正>人们在大地上规划和修建起伟大的城市和建筑。城市中的分隔、边界和那些希望上通天界的高塔佛寺,世俗的努力无一不代表着人类精神上的愿望与希冀。城市的生活空间,真实地展示出一个时代中人们不同的精神世界,以及他们对于时间、空间和永恒的理解。",博览群书,2018-09-01,期刊,K926.1-5,27,1
133,传递阅读力量,,O,O,<正>江苏省启东市北新镇人民政府向读者赠阅2018年《博览群书》杂志。深圳市宝安区城管局向读者赠阅2018年《博览群书》杂志。中航信托股份有限公司为团员青年订阅2018年《博览群书》杂志。中国银行燕郊分行向华北科技学院师生赠阅2018年《博览群书》杂志。中国银行三河支行向廊坊燕京职业学院师生赠阅2018年《博览群书》杂志。,建设书香社会,,博览群书,+,128,1
134,卫华让世界轻松起来,,O,O,"<正>卫华产品助力""长征七号""、""嫦娥三号""、""天宫一号""飞天。从宝钢、鞍钢、首钢到中石化、中石油、中海油,从""西气东输""、""南水北调""、""三峡工程""、""小浪底水利枢纽"",到酒泉、西昌、文昌发射中心,从广州港、天津港、汕头港到沈阳铁路局、哈尔滨铁路局,从""青海盐湖镁业""、""兰州兰石""、""秦山核电站""、""大亚湾核电站""、""中国一重、二重"",到中国航天科技、中国航天科工、中",博览群书,2018-09-01,期刊,+,129,1
135,"砥砺思想,宁静心灵——我送《博览群书》",,O,O,"<正>已经很久了,始终没有忘记送我离校时您深情的目光,始终没有忘记作业本上您那句鼓励的评语,始终没有忘记您的那门课一直托举我的成功。总想为母校做点什么,总想为您做点什么。老师,请接受这本《博览群书》,我的心意。",博览群书,2018-09-01,期刊,+,130,1
136,《发现东亚》,宋念申,O,O,"<正>我们今天习以为常的""中国""和""东亚""概念是很晚近的产物,前者在清代才逐渐定型,后者则只是在近130年来才为人熟知。亚欧大陆明明是一个地理板块,却硬生生地分成了""欧洲""和""亚洲"",""亚洲(Asia)""即亚细亚,意思是东方,本身就带着欧洲的视角。16世纪传教士带来了""亚细亚""这个词,而东亚人逐渐接受这个",博览群书,2018-09-01,期刊,K31-5,109,1
137,《瓜分波兰1772-1795(全景插图版)》,乔治·肖-勒费弗,O,O,"<正>乔治·肖-勒费弗的大作《瓜分波兰:不理性共谋、地缘争霸、欧洲革命与民族消亡》出版时,适逢第一次世界大战正酣。他认为,第一次世界大战是波兰被瓜分后的必然结果。波兰被瓜分前,是欧洲的大国,充当俄国、普鲁士与奥地利三大强国的缓冲国。这时,欧洲战争充其量就是争霸战",博览群书,2018-09-01,期刊,K141-5,46,1
138,《全景世界史(全五卷)》,,O,O,"<正>这是一套邀请孩子们以及怀抱好奇心的大人们,一起以新视角看世界的大型图文绘本。由东京大学羽田正教授以""新的世界史""理念领衔主编,四位日本知名插画家特别绘制,六名兼具国际视野和专业学养的青年学者精心撰文,中国翻译协会专家张厚泉教授准确翻译。丛书",博览群书,2018-09-01,期刊,K107-5,82,1
139,《上海传:叶辛眼中的上海》,叶辛,O,O,"<正>这本书,如同一个城市与海上丝绸之路的交响诗,散发着海洋的气息;又似一部城市与作者的回忆录,真实有力,却又饱含不尽的温情。作者通过十多万文字和100多幅图片追寻上海与丝绸之路、上海发展与变革的契合点。叶辛,原名叶承熹,1949年10月出生于上海。中国著名作家,复旦大学中文系教授。1969年去贵州插队,",博览群书,2018-09-01,期刊,K29-5,51,1
140,陈宝良的“得鱼”与“忘筌”,高寿仙,北京行政学院校刊编辑部中国明史学会,O,"<正>明朝延续了270多年,在此期间,政治、经济、社会、文化各个方面都发生了重大变化。今人阅读明史时,面对形形色色、奇奇怪怪的纷繁事象,有时会产生如坠浓雾的困惑感。在一篇短文中,我曾将晚明时代概括为两个字:""变""与""乱""(参看《变与乱:光怪陆离的晚明时代》,《博览群书》2012年第4期)。但对于怎样""变"",怎样""乱"",却",博览群书,2018-09-01,期刊,K248,60-63,4
141,阅读拙著需要回到历史现场,陈宝良,西南大学历史文化学院,O,"<正>任何事情讲究一个缘分,读书、研究、写作也是如此。只有结了缘,才能心无旁骛,甚至一往情深,沉潜于书海,乐在其中。我之研究历史,研究明代士大夫的精神世界,就是这样一种心境,更有这样一种心得。我之关注明代士大夫群体,正式的研究成果当从《论晚明的士大夫》(《齐鲁学刊》1991年)一文的刊发算起。若论对此问题开始",博览群书,2018-09-01,期刊,K248,64-66,3
142,《明代士大夫的精神世界》如何超越传统,彭勇,中央民族大学历史文化学院中国明史学会,O,"<正>陈宝良新著《明代士大夫的精神世界》(北京师范大学出版社2017年版)研究的对象是明代士大夫阶层的精神世界,他本人坦陈主要采用一种""新文化史""研究的路径对明代士大夫进行系统的精神史分析。对于长期关注和学习陈先生系列论著的笔者来说,更深的体会是,这本书不仅是专注于明代社会史研究30年有计划地、系统推进明代社会",博览群书,2018-09-01,期刊,K248,57-59,3
143,这个改革神话为何幻灭——“戊戌变法百廿年”之二,赵亦彭,中共河北省委党校,O,"<正>""改革""一词最让近代以来的中国人魂牵梦绕,而近代史谈改革,最绕不开的便是""戊戌变法""。以1898年6月11日光绪帝颁布《明定国是》诏始,至9月21日慈禧太后自颐和园""回銮""""训政""终,百余日里,各方势力,各色人物,你方唱罢我登场,最令人印象深刻当属以康有为、梁启超、""戊戌六君子""为代表的一众""维新党",博览群书,2018-09-01,期刊,K256.5,10-16,7
144,《湘军崛起:近世湖南人的奋斗史》,谭伯牛,O,O,"<正>该书提出并解答了一些湘军史上绕不开的问题,譬如湘军转战南北,前后期的领袖有什么风格上的差异;胡林翼、曾国藩的独特风格对湘军的影响又如何。湘军在朝廷的奥援是什么情形,朝中有哪些高官亲贵明里暗里帮助他们;湘军统帅与权势集团——譬如""肃党""的关系,又是怎样。上述",博览群书,2018-09-01,期刊,K25-5,48,1
146,戊戌变法背后的权力版图——“戊戌变法百廿年”之一,王学斌,中共中央党校文史教研部中国史教研室,O,"<正>1895年9月1日傍晚,在京城最为著名的河南会馆嵩云草堂中,一场夜宴悄然举行。据当晚在场的翰林院编修徐世昌记载:晚赴嵩云草堂巽之之约,议开书局(强学会)。同座陈次亮(陈炽)、陈养园(陈养源)、康长素(康有为)、叔衡(丁立钧)、子培(沈增植)、子封(沈增桐)、慰廷(袁世凯)。",博览群书,2018-09-01,期刊,K256.5,5-9,5
147,维新变法的文明史意义——“戊戌变法百廿年”之四,陈壁生,中国人民大学国学院,O,"<正>任何一个历史事件,只有在历经长时段的历史演变之后,才能彰显其原初的意义,使后人得以窥知,它的发生与否,它的基本方向,都与后来的历史息息相关。在晚清民初时期,无论是鸦片战争、甲午战争、戊戌变法、辛亥革命、五四运动,都是这样的历史事件,并都镶嵌在中国文明的进程之中。然而,政治事件与文明事件不",博览群书,2018-09-01,期刊,K256.5,23-27,5
148,《梁启超传(上下两册)》,解玺璋,O,O,"<正>""知我罪我,让天下后世评说,我梁启超就是这样一个人而已。""在《三十自述》里,梁启超曾这样描述自己出生的时代背景:""余生同治癸酉正月二十六日,实太平天国亡于金陵后十年,清大学士曾国藩卒后一年,普法战争后三年,而意大利建国罗马之岁也。""然而生在这""数千年未有之变局""的大时代里,也注定了其一生的跌宕起伏。",博览群书,2018-09-01,期刊,K825.1-5,72,1
149,全民阅读里的王振良,陈德弟,南开大学历史学院,O,"<正>2018年4月20日,中国新闻出版研究院受原国家新闻出版广电总局委托评选出全国全民阅读优秀推广人,天津师范大学新闻传播学院教授王振良荣获这一称号,作为天津市唯一获此殊荣的人,他可谓实至名归。优秀少年是书痴",博览群书,2018-09-01,期刊,K825.4,78-82,5
150,评侯杰、秦方《张伯苓家族》,李文璐,西北师范大学知行学院,O,"<正>在中央电视台记录频道反复播出的一部文献专题片《有一个学校叫南开》,吸引了很多观众,有些中老年人甚至像观看电视连续剧一样在""追剧""。而我作为一个青年学者也被南开学校跌宕起伏的命运,尤其是严范孙校父、张伯苓校长的精彩人生深深打动。于是,南开大学成为我逐梦的地方。此刻,",博览群书,2018-09-01,期刊,K820.9,67-72,6
151,一位自我矮化者的人格攀登——读《友人对话录》,刘晨芳,河南文艺出版社图书编辑部,O,"<正>中央编译出版社出版的《友人对话录》,记录了柳鸣九先生与人文学界一些著名人士一场场真诚而深刻的对话,话题广泛,内容丰富。开放之初,在窄暖还寒的气候背景下,柳鸣九以大胆的学术魄力,做了一系列卓尔不群的文化事学术事对话录的话题,随着他的经历而扩展,其实也就是随着改革开放的历史进程而扩展……从上世纪80年代起,他写起",博览群书,2018-09-01,期刊,K825.6,43-46,4
152,译书之家柳鸣九,封龙,四川文艺出版社,O,"<正>我们常说,懂一门语言便等于打开一个世界。近代中国一个典型的叙述,是西方的坚船利炮敲开了中国的大门。但反向观之,对中国而言,则是翻译西文让国人了解西方。自1862年,京师同文馆,商务印书馆,国立编译馆遂相设立。无论林琴南的《茶花",博览群书,2018-09-01,期刊,K825.6,37-38,2
153,《自媒体之道》,吴晨光,O,O,"<正>这部超过30万字的著作,集纳了中国最好自媒体人和平台运营者3年的实操经验。全书13章,详解案例150例,提炼""锦囊秒句""36条。封一拉页""水源生态平衡图""浓缩全书精华。一册在手,了解自媒体从内容生产到公号运营:寻找选题→采访、写作→包装;内容的获取→审核、分发→与用户互动。",博览群书,2018-09-01,期刊,G206-5,16,1
154,《今日简史:人类命运大议题》,尤瓦尔·赫拉利,O,O,"<正>四年前,尤瓦尔·赫拉利的《人类简史》横空出世,颠覆了我们关于人类进化的认知。2016年,他的《未来简史》再度惊艳四座,刷新了我们对未来的想象,掀起了全球关于人工智能讨论的新思潮。现在,""简史三部曲""收官之作《今日简史》推出,将目光聚焦到当下,直面今天关乎我们每个人命运的问题和挑战。尤瓦尔·赫拉利认为,智人之所以能够崛起成为地球的主",博览群书,2018-09-01,期刊,G236,66,1
155,"传承红色基因,续写党校新篇——中共山东省委党校校史巡礼",,中共山东省委党校校史编写组,O,"<正>基因的生物学含意,是指存在于细胞染色体上的遗传因子。基因是独特的,基因是本色的,基因是与生俱来的,基因是无可替代的,我们今天在政治领域使用这个概念,借其意象,取其内涵,特指渗透于政治机体组成元素中的传承因子。今年是山东省委党校建校80周年。我们在整理校史之余,细检",博览群书,2018-09-01,期刊,D261.41,110-114,5
156,《美国秩序的根基》,拉塞尔·柯克;张大军,O,O,"<正>20世纪70年代初,《美国秩序的根基》首次面世时,美国正处于危机之中:理查德·尼克松不光彩地辞去总统职务,越南战争正走向灾难性的结局,大学正从学问的殿堂堕落成疯人院……在世人大多对美国的未来感到沮丧时,作为当代保守主义运动的思想导师,柯克却满怀希望地期盼美国秩序的复兴,",博览群书,2018-09-01,期刊,D771.2,88,1
157,科研成果的夸大宣传——有毒,李志民,中国教育发展战略学会,O,"<正>博览群书编辑部:科技创新是一个动态的复杂过程。一项新技术从诞生、发展到最后转化为生产力,是科技和经济活动相互衔接的一体化过程,是技术进步与应用创新共同作用催生的产物,其结果受到各个环节及各种因素的制约和影响。然而,有些关于科技成果的宣传文章忽视了这一过程的复杂性,陷",博览群书,2018-09-01,期刊,G206,35-36,2
158,留学与移民的女人们——“名作中的女性”之二,鹿义霞,广西师范大学中国语言文学博士后流动站广西师范大学文学院,O,"<正>在全球化浪潮的推动下,向往彼岸""新世界""的女性有越来越多的机会走出国门,看不一样的风景,开启另一种人生。出国游历、求学、伴读、打工、投资甚至移民,成为时尚热潮。然而,""外面的世界很精彩,外面的世界很无奈""。走出国门的中国女性,在别样的时空中,生活被重新洗牌,心理也经受着巨大地震。移民犹如""生命移植"",不同地域、不同民族、不同文化交织融",博览群书,2018-08-01,期刊,I106,40-45,6
159,从《北鸢》看青年,何善米;周春英,宁波大学人文与传媒学院,O,"<正>《北鸢》无疑是一部以家族史为基础的长篇小说,以巨幅的容量演绎关乎民国的家族记忆与历史记忆。然而民国这是一个特殊的时期,国家内忧外患,风雨飘摇,时事复杂多变,风云诡谲,然而也是一个丰盛而辽阔的场域所在,正所谓江山不幸诗家幸,正同此理。甫一乱世之中,往往就若纸鸢命悬一线,而又暗藏一线生机。沉浮于其中的青年弄潮儿们注定要在家国之间做出选择,究竟是舍小家成就其",博览群书,2018-08-01,期刊,I207.425,115-119,5
160,西海固、疙瘩梁与《数星星的孩子》,吕颖;王红丽,北方民族大学文史学院,O,"<正>《数星星的孩子》(辽宁少年儿童出版社2017年3月版)是宁夏作协副主席、80后女作家马金莲首次尝试写作的儿童文学作品。作品由10个小故事组成,讲述了宁夏西海固六岁女孩燕子的成长经历及所见所闻。马金莲对宁夏西海固回族乡村独特的生活场域、乡风民俗、方言土语等十分熟悉,她以熟稔、温情的诗意语言,构建了具有浓郁特色的乡土空间。故事的发生地是""疙瘩梁"",这里""远处全是山,山包",博览群书,2018-08-01,期刊,I207.8,120-122,3
161,母亲的咳与地球母亲的痛——与侯良学谈生态诗,龙其林,广州大学人文学院广州大学文学系,O,"<正>侯良学,1966年生,山西闻喜人,当代著名生态诗人,曾就读于山西大学和北京师范大学,出版生态诗集《让太阳成为太阳——侯良学生态诗稿》(三晋出版社,2010版)、生态诗剧《圆桌舞台》(三晋出版社,2011),2012年被聘为厦门大学生态文学团队兼职教授,诗作《活熊取胆》获""首届连州市环保诗歌大赛""铜奖。2018年1月,侯良学的生态诗集《自然疗法》于北岳文艺出版社出版,笔",博览群书,2018-08-01,期刊,I207.25,123-127,5
162,“牛女故事”的文化源流——“典籍里的七夕”之一,周延良,天津师范大学,O,"<正>七夕是纪历,是一个时间概念,通俗地说便是七月七日之夕(七月七日晚上七点至十点左右),七夕涉及牵牛星、织女星,在历史上形成了繁复的文化系统。七夕、七夕节或牛郎织女故事作为文化原点是基于古老的星历之学和哲学演化增殖出来的,从民俗文化发展的起点上认识,七夕或七夕节的文化祈向是乞美、乞巧、乞子、乞富、乞寿、乞无疾、乞美满婚姻,汉代初年以来,不绝于史载,论者也很多,这些内容既是民",博览群书,2018-08-01,期刊,K892.11;I206.2,5-8,4
163,有情者非牵牛织女而是人间我辈——“典籍里的七夕”之二,田淑晶,天津社会科学院文学研究所,O,"<正>节日是从日常时间中离剥出来的独特时刻。节日的时候,人往往变得细腻、敏感而多情。七夕节虽然不被许多时人重视,在古人那里却绝然不同。在古人那里,七夕不但是全民的节日,有着诸种节日风俗,而且人们在这个节日里尤为多情。之所以如此,是因为其独特的缘起。曹子建《洛神赋》有""咏牵牛之独处""句,《文选·洛神赋》此句下注云:""牵牛为夫,织女为妇,织女牵牛之星各处河鼓之旁,七月七日乃得一会。""历数传统中",博览群书,2018-08-01,期刊,K892.11;I206.2,9-12,4
164,七夕总在诗意中——“典籍里的七夕”之三,黄宁,广东女子职业技术学院,O,"<正>七夕源于先民的星宿崇拜和数字崇拜,后被注入爱情元素,成为女性专有的节日,美丽传说在诗词里得到二次演绎,承载了中国人对爱情的理解。叙写本事,朴实真挚的汉代七夕诗""牵牛""""织女""之称,最早见于《诗经·小雅·大东》:""跂彼织女,终日七襄。虽则七襄,不成报章,皖彼牵牛,不以服箱。""用戏谑的口吻说织女星一天七趟忙如穿梭,却织不",博览群书,2018-08-01,期刊,K892.11;I207.2,13-16,4
165,我去过的鲁迅馆,钱振文,北京鲁迅博物馆,O,"<正>/壹/11月22日下午,北京八家名人故居一干人马飞抵广州白云机场。北京八家名人故居是指依托八个近现代名人建立起来的八家单位,这八个名人除了鲁迅,还有宋庆龄、李大钊、郭沫若、茅盾、老舍、梅兰芳、徐悲鸿。这八家单位从2000年开始集合在一起,每年有一家做东,组织大家一起到全国各个地方做展览。2017年去的最后一个城市就是广州。接待我们这次展览的地方是红线女艺术中心。不过,在23号的",博览群书,2018-08-01,期刊,I267,17-22,6
166,当年我读北大时,刘福寿,O,O,"<正>1963年我从河北任丘中学考入了北京大学经济系,开始了如梦如幻的大学生活。当时,国内政治运动一个接着一个,北大历来在漩涡险处,正常教学受到严重影响。我们的五年学制,只上了两年基础课,然后,在北京市朝阳区参加了一年农村""四清"",接着就爆发了""文化大革命""。1968年初冬,还在""文革""中的我们,在一个大雪纷飞的日子离开北大,算是毕业了。当时的心情可谓五味杂陈,带着对北大教育的百般疑惑,告别了黯淡",博览群书,2018-08-01,期刊,I267,23-31,9
167,他们做了我们一辈子的老师——简评《当年我读北大时》,伍席源,O,O,"<正>《当年我读北大时》系大学同班同学刘福寿所撰。文章介绍了当年北大经济系教师队伍的豪华阵容,并对几位专业老师和公共课老师作了具体介绍。实际上,大家都有着一样的思念。离开北大50年了,就像酒愈藏愈醇,我们思念也是历久弥深。关注北大,关注我们自己的老师,成了习惯,成了我们生活的一部分。这种情结,这种缘分,这种纠缠,蕴含着一种必然的逻辑。",博览群书,2018-08-01,期刊,I207.67,32,1
