1,《第十二夜》:“清教徒”马伏里奥和他的“国教”对手们,傅光明,中国现代文学馆,莎士比亚;《第十二夜》;清教徒;马伏里奥;,"《第十二夜》是莎士比亚""四大喜剧""之一,剧中女主人公""贵族小姐""奥利维亚的管家马伏里奥在莎剧人物画廊中,是一个十分特殊的艺术形象,之所以特殊,全在于他是一个清教徒。因此,只有将马伏里奥置于伊丽莎白一世女王时代的清教历史背景中,才有助于对人物进行多元、丰富而深刻的理解、诠释和剖析。毋庸讳言,马伏里奥这个人物为《第十二夜》增添了独特的喜剧色彩。",长江学术,2017-10-15,期刊,I561.073,63-80,18
2,“中国词学的现代转型”高端论坛成功举办,,O,O,"<正>2017年11月18至19日,""中国词学的现代转型""高端学术论坛在武汉大学顺利召开。本次论坛以武汉大学文学院陈水云教授2015年度""国家哲学社会科学成果文库""入选作品——《中国词学的现代转型》(社会科学文献出版社2016年)为契机,围绕传统词学基本文献的整理与研究、传统词学理论及现代转型研究、新旧词学学术史研究、新旧词学传播接受史研究等议题展开。论坛由武汉大学文学院主办,武汉大学人文社科研究院吴艳处长、武汉大学文学院涂险峰院",长江学术,2017-10-15,期刊,I207.23-2,2,1
3,“以色喻于礼”的解释及其诠释学分析,李会玲,武汉大学文学院,“以色喻于礼”;《诗经》诠释学;《孔子诗论》;《五行》;,"《五行》篇和《孔子诗论》中的""《关雎》以色喻于礼""谈论的是君子的德行精进过程,而不是《关雎》的主题或情色与礼仪节制之间的关系。""以色喻于礼""代表了先秦儒者使用《诗经》的一个突出现象:说《诗》者在游离篇旨的情况下利用《诗》之断章得出的判断申述儒家德行。西方诠释学理论可以帮助我们认识这一现象。《诗》主旨是当时共享的""前知识""。在""前知识""的作用下,说《诗》者能够断章取义而不造成误解。培养德行的应用目的决定了先秦儒者要对部分诗句进行放大解说以找到教导性的真理和指示。",长江学术,2017-10-15,期刊,I207.22,115-121,7
4,“述”还是“作”:庄子“重言”新探,戴红贤,武汉大学文学院,庄子;重言;作者论;艺术真实论;,"""重言""是庄子自己的阐明事理之言。其表达形式为直接论述和寓言论述两种,前者由作者本人直接阐发,后者是通过寓言表达。庄子的文章以""作""为主,以""述""为辅。""重言""体现了庄子的""作者论""和""艺术真实论""等思想,具有较丰富的写作学价值。",长江学术,2017-10-15,期刊,I206.2,122-128,7
5,华北沦陷区小说家闻国新论,陈思广,四川大学文学与新闻学院,华北沦陷区;闻国新小说;历史污点;蓉蓉形象;心理小说;,"闻国新的小说创作始于1920年代,其第一部小说集《生之细流》艺术平平,唯作者在其中所流露的对底层民众的深切关注与同情之心颇为难能可贵。第二部短篇小说集《落花时节》所体现的现实主义手法使《落花时节》至今看来仍有一定的艺术价值。在滞留华北沦陷区的后期,闻国新也创作了为历史所诟病的文学作品。不过,代表作长篇小说《蓉蓉》不仅表现了应有的思想深度,还塑造了一位敢于向命运挑战却不幸失败的女性悲剧形象蓉蓉,而其出色的心理描写,即,细腻入微,恰如其分地展现出蓉蓉性格与命运转变的心路历程,虽然在个别情节设计上有刀斧之痕,但作为华北沦陷区文坛的翘楚之作,乃至于新文学心理小说创作的重要收获,其文学史意义不应忽视。",长江学术,2017-10-15,期刊,I207.42,21-27,7
6,鲁迅积累的进化论知识及对鲁迅思想的影响,许祖华,华中师范大学文学院,鲁迅;进化论;生命的人;精神的人;中间物;,"鲁迅积累的进化论主要属于关于自然的科学理论知识。这类知识对鲁迅思想的影响从来就没有中断过。在鲁迅思想发展的后期,这类知识是鲁迅看待、分析某些现象与问题的""依据"";在鲁迅前期思想建构过程中,这类知识既是鲁迅表达某种思想,尤其是关于人的思想和中间物思想的""依据"",也是鲁迅阐述自己某些思想的""思路""。",长江学术,2017-10-15,期刊,I210.96,28-34,7
7,魏晋南北朝皇家园林的演变及其表征,王力坚,"""中央大学""中文系",魏晋南北朝;皇家园林;演变;遊娛;文士化;,"在秦汉大一统的历史时期,皇家园林呈现相对稳定的发展势态;魏晋南北朝长期的动乱分裂局势及其对社会广泛而深刻的影响,则致成皇家园林的发展呈现颇为明显的动态演变的特征。大一统基础的削弱,导致皇家园林由帝国象征趋落于现实生活,转向相对适度,乃至收敛平实的表现。政治、经济及文化中心从北方转移到南方,江南优势的自然环境与社会经济,为皇家园林的发展奠定了坚实的物质基础,并导引了皇家园林新的发展势态。南方造园工艺及南方园林风格,亦对北方皇家园林产生相当程度的影响。帝王皇族的文士化则促使皇家园林的功能,由彰显帝王意识张扬王朝气象转向君臣禊宴畅逸游娱;皇家园林的生活方式,也显示出由奢华享乐向游娱赋诗的转化。",长江学术,2017-10-15,期刊,I206.2,35-42,8
8,如何正确理解“世代累积型集体创作说”,周明初,浙江大学人文学院,世代累积型作品;集体创作;个人创作;四大奇书;,"纪德君教授的《世代累积型集体创作说再思考》,对徐朔方先生提出的""世代累积型集体创作说""仍多误解。徐先生的""世代累积型集体创作说""是综合考察了宋(金)元明时期包括杂剧、南戏、话本在内的小说戏曲传世之作的结果,并非仅仅是考察了明代""四大奇书""所得的结论。如果仅仅从明代""四大奇书""出发批评徐先生的""世代累积型集体创作说"",难免以偏概全。纪教授一再认为徐先生的""世代累积型集体创作说""是贬低了四大奇书写定者的创造性劳动,当与纪教授的非此即彼的思维方式有关。",长江学术,2017-10-15,期刊,I207.41,43-52,10
9,论《山谷词》的用调特色,朱惠国;石佳彦,华东师范大学中文系,黄庭坚;《山谷词》;词调;用调特色;,"黄庭坚有较为明确的选调意识。通过对黄庭坚所用词调及其内容、形式的考察,可以发现黄庭坚在用调上有以下特征:时间分布上,山谷晚年贬谪时期的用调较早年更为集中,词作数量也激增;且同调词作在形态上都很相似,题材多以酬赠为主。这一现象的产生,与他后期词受到东坡影响有一定关系。词调选择上,黄庭坚偏好使用僻调来写情词和俗词,有""好新求奇""的一面,同时也受到以柳永为首的婉约词家的影响。此外,黄庭坚有不少自创的词调和词体,开拓和丰富了词调的种类和体式,为词调的发展作出了贡献。",长江学术,2017-10-15,期刊,I207.23,53-62,10
10,基于HSK语料库的“NP的VP”考察及相关教学建议,张延成;冉晨,武汉大学文学院,NP的VP;名物化;中介语;偏误分析;HSK作文语料库;,"""NP的VP""是现代汉语中的一种常用结构,但其对外汉语教学研究很不充分。本文统计分析HSK动态作文语料库中""NP的VP""使用情况,发现""NP的VP""的使用倾向性、频率及灵活度跟学习者汉语水平等级呈正相关性,""NP的VP""的运用与写作水平紧密关联。我们根据汉语学习者在HSK作文语料中表现的偏误类型揭示""NP的VP""教学的重难点,进而提出相应的教学策略和建议。",长江学术,2017-10-15,期刊,H195.3,81-89,9
11,网络流行语中方言成分的生态语言学观照,田源,武汉大学文学院/中国语情与社会发展研究中心,网络流行语;方言;生态语言学;,"作为2016年十大网络流行语之一的""蓝瘦香菇"",典型地体现了汉语方言对网络语言的影响。综观近年来的网络流行语,网络语言以方言词语的直接借用、词语谐音、句式借用和句式缩略等方式吸收汉语方言中的语言成分。这是保持其作为一个语言生态系统的鲜活性、动态性和开放性的重要方式,进而丰富了整个语言生态系统。",长江学术,2017-10-15,期刊,H136,90-95,6
12,“快”“筷”词源新证,杨琳,南开大学文学院,快;■;驶;筷子;词源;,"一般认为""快""的快速义是由愉快义引申出来的,出现于汉代;""筷""源于""箸""的避讳,出现于明代。本文对这种认识提出了质疑。作者指出,快速之""快""早见于先秦,写作""■、決""等字,三国以后写作""快"",是假借用法。""驶""最早是""■""的俗字,汉末出现的""驶""是""使""的俗字,这样快速义之""驶""与使者义之""驶""便成为同形字,""■""的快速义也随之迁移到使者之""驶""。箸称为""快(筷)""见于元代,""快""是""■""的假借字。■是古代用来做筷子的竹子,因而称筷子为■。筷源于避讳的说法是明人的附会。",长江学术,2017-10-15,期刊,H139,99-105,7
13,《集韵》编撰的起讫年代考辨,张渭毅,北京大学中文系北京大学中国语言学研究中心,《集韵》;丁度;司马光;《类篇》;孙觌;《礼部韵略》;,"《集韵》编撰的起讫年代问题,长期以来有不同的看法。本文在爬梳解析前贤众说的基础上,考辨正误,阐明己见,指出:《集韵》始撰于宋仁宗景祐元年(1034),成书于宝元二年(1039),应该成为定论。",长江学术,2017-10-15,期刊,H113.4,106-114,9
14,湖北黄冈话的“茅针儿”,孙玉文,北京大学中文系,黄冈话;本字;茅针儿;,"湖北黄冈话管一种植物叫[_c man tsr~■]。本文考定,它的本字即是""茅针儿""。""针儿""读[tsr~■]符合黄冈话的音变规律。""茅针""一词宋代已出现,此后文献代有用例,黄冈话的""茅针儿""继承了古词。""针""在黄冈话中读阴平,这里读阴去也符合黄冈儿化的规律。探讨[_c man tsr~■]本字的过程说明,本字读音没有发生例外音变,也会在语音上影响到考本字。",长江学术,2017-10-15,期刊,H172.4,96-98,3
15,论邵雍思想之结构、来历与其数理论、观物说对于理学之影响(三之三),戴景贤,"""中山大学""中国文学系",邵雍;理学;易学;术数;中国思想史;中国哲学史;,"邵雍思想之受理学家重视,因于二程,而为朱子所承。然其事迹流传虽广,真知其思想之内涵、来历与其学术之性质者实尠。故对于理学之发展,康节是否具有影响?其影响为何?历来学者,能论之者亦寡。唯以今日学界所建立之""学术史""与""思想史""之研究方法论之,则颇有可分析者。大体而言,康节思想之来历,最可据者,为二程之说。依其说,康节之学最要者有四:一为数,一为理,一为术,一为道。此四者皆中国学术思想所讨论,而康节之为取择,非纯然属儒家。本篇之主旨,在于论叙康节思想之由论""数""及""理"",以与儒义相契之主要思想关键,乃至其""观物说""建构之理论结构;并进而分析其对于""理学""所造成之影响。至于其与道、释思想之异同,亦依议题之伸展,随文加以比论。本文共分三篇五节,即:一、康节""数论""之历史渊源及其""推数及理""之思想结构(上);二、康节""数论""之历史渊源及其""推数及理""之思想结构(下);三、康节观物说之认识论基础,及其设论所建构之""与理学之关连"";四、康节持养工夫之精微,与其""数学""于学术方法上之限制,乃至其""数理论""所以未能真正融入""理学""之原因;五、康节所传图、数于《易》学之意义。此为三篇中之第三篇。",长江学术,2017-10-15,期刊,B244.3,5-20,16
16,作为“中介”的日本,吴晓东,北京大学中文系,西方文学思潮;日本;苦闷的象征;中介与方法;,"在20世纪的现代中国学界译介和接受西方文学思潮和文艺理论的历史过程中,日本起的是值得重视的中介作用。中国文坛通过厨川白村对弗洛伊德和象征主义的接受,构成的即是透视这种""中介性""的典型案例。到了20世纪30年代,中国出版界更是大量翻译了日本学者的文艺理论著述。其中宫岛新三郎的《欧洲最近文艺思潮》以及升曙梦的《俄国现代思潮及文学》作为中国学界认识西方文艺思潮的中介环节,具有一定的代表性。而日本对西洋文学不仅仅是生吞活剥的摄取,同时也有个""完全消化生长成立""的过程,也启发中国学界在把现代日本视为""中介""的同时,思考日本作为""方法""的意义。",长江学术,2017-07-15,期刊,I0,32-36,5
17,三十年代中国文坛的“雷马克热”——以文学广告为中心的考察,彭林祥,广西大学文学院,雷马克热;《西线无战事》;《西线归来》;反战文学;,"1929年至1931年间,中国文坛出现了""雷马克热"":先是出现了《西线无战事》的抢译,稍后又迅速引进并上演《西线无战事》的同名话剧和电影,紧接着又出现抢译《西线归来》的大战以及《雷马克评传》,以及在此三波热潮期间雷马克作品经历了肯定、批判、否定等评价,呈现出三十年代中国文坛复杂多元的文学趋向彼此颉顽互竞的""时代镜像""。""雷马克热""的出现可谓占尽了天时、地利、人和诸多因素,也为中国现代战争小说及时输送了艺术资源。",长江学术,2017-07-15,期刊,I516.074;J05,50-58,9
18,“漂泊与越境:东亚视域中的作家流徙与文学创生”国际学术工作坊成功举办,,O,O,"<正>2017年9月9日至10日,""漂泊与越境:东亚视域中的作家流徙与文学创生""国际学术工作坊在武汉大学顺利召开。本次学术集会由武汉大学文学院主办、武汉大学中国现当代文学研究中心和武汉大学域外汉学与汉籍研究中心协办,武汉大学""区域文学研究与民族文化的传承构建""青年学术团队、""日本近代文学与战争关系研究""青年学术团队以及来自日本神户大学、神户市外国语大学、北九州市立大学的五个学术团队共同合作举办。",长江学术,2017-07-15,期刊,I106-2,2,1
19,经典的噤声效应——谭恩美小说中的作者身份和文字书写,丽萨M·S·杜尼克;姚红艳,乔治王子社区学院武汉大学外语学院,文学经典;谭恩美;接骨师之女;口述叙事;笔头写作;,"女性族裔作家的作品被收录于教学大纲很大程度是由于其有别于""传统""美国文学宏大的叙事方式。但是对这些作家作品中的口语叙事模式及其作者差异性的过度强调,从某种意义上将之置于经典之外。对谭恩美作品的批评研究大多忽略了其文本当中书面文本以及中国母亲读写能力的重要性。《接骨师之女》这部小说对女性书写的文学特质的强烈关注表明,在书写和笔头文本中所展现出来的写作能力代表着比口述叙事更为重要、甚至更为有效的传承文化记忆和代际文化身份的方式。通过分析书面文本的重要性,本研究将展示谭恩美在作品中如何呈现书写能力和写作方式,以期揭示批评上存在的问题,即仅通过对口语传统的理解就确定其属于非西方叙事模式。对《接骨师之女》中作者身份的误读反映了在形成和应对文学经典时所必需的收录与排斥机制,以及在认识作品价值方面起到限制作用的噤声功能。",长江学术,2017-07-15,期刊,I712.074,22-31,10
20,三个世纪的男性气质:《异乡人》中“王者”杰米·弗雷泽的奇案研究,詹妮弗·菲利普斯;吴濛;朱宾忠,卧龙岗大学武汉大学英文系,杰米·弗雷泽;男性气质;三个世纪;,"《异乡人》系列的男主人公杰米·弗雷泽表面上看起来是十八世纪大男子主义的典型代表,但由于与来自二十世纪的妻子克莱尔的结合,其形象变得丰富立体,成为了一个符合二十一世纪口味的男性英雄。三个时代合力塑造并丰富了杰米·弗雷泽的男性气质,这种男性气质不是单一的静止的概念,而是复杂的流动的过程,通过形式上的分裂和转换,同时维护和颠覆了男主人公所在时代的性别期望。",长江学术,2017-07-15,期刊,I712.074,109-120,12
21,《长江学术》稿约,,《长江学术》编辑部,O,"<正>一、本刊是中国语言文学类学术季刊,欢迎具有学术性、前沿性、思想性的稿件,对视角新颖、选题独特、有创见、有卓识的文稿尤为重视。主要栏目有:海外中国语言文学研究、中国现当代文学研究、中国古代文学研究、文艺学研究、世界文学与比较文学研究、文学与文化研究、汉语言文字学研究、语言学及应用语言学研究、文献学研究、当前语言生活热点问题、汉语国际传播理论与实践、跨文化对话、语言文学演讲录等。二、文章字数一般应控制在一万二千字以内。译稿则须附原文及原作者的授权证明。",长江学术,2017-07-15,期刊,+,129,1
22,郭沫若与唱和传统的现代嬗变,刘奎,厦门大学台湾研究院两岸关系和平发展协同创新中心,郭沫若;诗词唱和;寿郭活动;屈原;政治;,"抗战时期,郭沫若深度参与了陪都重庆文士间的旧体诗词唱和,尤其是与他密切相关的""寿郭""唱和、""屈原""唱和与""沁园春""唱和,见证了战时郭沫若的文化实践与政治的复杂关联。通过""寿郭""唱和,他在左翼政治文化之外维护了一个私人化的交际圈;""屈原""唱和则表达了他被国民党疏离后的不满,不无讽谏之意;较之前两次唱和中他与政治间的模棱关系,""沁园春""唱和时他主动选择了政治阵营,诗词酬答因而不再仅仅是文学问题,而成为文学与政治间的交互往来,这促成了抗战时期诗教传统的功能嬗变。",长江学术,2017-07-15,期刊,I207.25,37-49,13
23,1950—70年代中国文学的“另类”书写——以1949年后周作人散文为例,张平,北京大学中文系,周作人;散文;1949年后;“另类”书写;,"1949年后周作人散文多为""不切题""的""短文章"",从""风格""角度看,更趋于""冷"",淡化情感,生成一种特殊的""距离"",既近又远,既亲且疏,与""回想录""式散文相得益彰。此种""距离""在1950—70年代的中国文学中是非常独特的存在,本文尝试解析其背后隐藏的原因。周作人的努力或难说成功,但悲观、怀疑的心态,生死两难的""回想"",却让周氏的""另类""书写成为1950—70年代中国文学最好的文字之一。",长江学术,2017-07-15,期刊,I207.67,59-70,12
24,高泉与温泉:从高泉性潡看晚明清初渡日华僧的异文化接触,廖肇亨,"""中央研究院""文哲所",高泉性潡;黄檗宗;明代佛教;清代佛教;江户时代;,"明清之际东渡日本僧人的诗文当中,关于温泉、樱花、藤花、富士山等日本风土人情的记录不知凡几。高泉东渡日本之后,极力想要融入日本文化,其精神面貌具见于《高泉全集》。在已然熟悉的旧日师友交游之外,高泉始终极为关注日本文化,不论是温泉药师的无边法力,或是花道名家的巧心妙手,乃至于前代禅林僧宝的历史事迹,都成为高泉弥足珍贵的日本经验。明末清初东渡日本的僧人与明清中国政局的变化息息相关,隐元东渡日本之船舶即为郑氏政权所提供,此为近世闽、台海洋文化不可忘却的重要成分。明清时期东渡日本的僧人在日本航海相关史料,若《通航一览》或《华夷变态》等档案皆有记录,故研究此段时期的历史文化,必须对域外文献有所着意。近年来,东渡日本的僧人如隐元隆琦、东皋心越,学界已经高度关注,相关的研究颇有车载斗量之势。关于渡日华僧的中介角色,学界也多有阐发,《高泉全集》的整理出版,提供了世人重新认识高泉性潡的重要契机,同时也再次提醒我们:佛教在东亚文化交流过程中扮演重要角色。",长江学术,2017-07-15,期刊,I206.2,71-84,14
25,从佛典语境看苏轼的佛教居士形象,萧丽华,佛光大学中国文学与应用学系,苏轼;居士;佛教文化;维摩诘经;,"本文以居士佛教为考察,突出《维摩诘经》对中国文人居士的影响,并以佛典语境勾勒成为佛教居士的两种要义——""七财长者""与""十德长者"",用以论典型的居士形象,突显《维摩诘经》居士意涵所呈现的深刻旨意。苏轼以自觉宿慧之根器,融合云门、临济不二门,于行住坐卧中掌握""一念清净""的平常心,泯除""白衣多财富乐""、""居财之士""与""居家道士""的形象,使居士形象完全在自心之中。",长江学术,2017-07-15,期刊,B948;I206.2,85-98,14
26,游道与养生:北大藏简《魂魄赋》谫论,曹建国,武汉大学文学院,北大简《魂魄赋》;《七发》;游道;养生;,"北大汉简中有一篇赋类作品,整理者命名为《反淫》。在整理者研究的基础上,一些问题还可以继续探讨,包括文辞、简序以及篇旨、命名等诸问题。尤其是它和枚乘《七发》的关系,以及由此而产生的赋史意义问题。尽管这篇赋在语词和语段等方面和《七发》颇多类同之处,但并不能认为它是《七发》的初稿,这只能反映出早期赋的创作中共同的知识背景以及集成式的创作模式。",长江学术,2017-07-15,期刊,I207.22,99-108,10
27,诚信价值观的中国传统文化基础考源,方铭,北京语言大学孔子与儒家文化研究所,诚信;孔子;原始儒家;核心价值观;,"诚信是社会主义核心价值观的重要内容,也是中国传统文化所追求的目标。其基本意义就是真诚、诚实、守信。在孔子与原始儒家的观念中,诚信是进德修业的重要内容,一切人与人、国家与人民、国家与国家相处的基本底线,是人类的基本价值,文明人和野蛮人都应该贯彻这一底线。一个社会只有建立在诚信的基础上,才可能产生人与人、国与民、国与国之间的交流和合作。不过,信是奉守承诺,但这个承诺,必须接受仁义的检验,必须体现出善意,如果不合""仁义"",则应及时修正。",长江学术,2017-07-15,期刊,D64;G122,121-128,8
28,论邵雍思想之结构、来历与其数理论、观物说对于理学之影响(三之二),戴景贤,中山大学中国文学系,邵雍;理学;易学;术数;中国思想史;中国哲学史;,"邵雍思想之受理学家重视,因于二程,而为朱子所承。然其事迹流传虽广,真知其思想之内涵、来历与其学术之性质者实尠。故对于理学之发展,康节是否具有影响?其影响为何?历来学者,能论之者亦寡。唯以今日学界所建立之""学术史""与""思想史""之研究方法论之,则颇有可分析者。大体而言,康节思想之来历,最可据者,为二程之说。依其说,康节之学最要者有四:一为数,一为理,一为术,一为道。此四者皆中国学术思想所讨论,而康节之为取择,非纯然属儒家。本篇之主旨,在于论叙康节思想之由论""数""及""理"",以与儒义相契之主要思想关键,乃至其""观物说""建构之理论结构;并进而分析其对于""理学""所造成之影响。至于其与道、释思想之异同,亦依议题之伸展,随文加以比论。本文共分三篇五节,即:一、康节""数论""之历史渊源及其""推数及理""之思想结构(上);二、康节""数论""之历史渊源及其""推数及理""之思想结构(下);三、康节观物说之认识论基础,及其设论所建构之""与理学之关连"";四、康节持养工夫之精微,与其""数学""于学术方法上之限制,乃至其""数理论""所以未能真正融入""理学""之原因;五、康节所传图、数于《易》学之意义。此为三篇中之第二篇。",长江学术,2017-07-15,期刊,B244.3,5-21,17
29,弗里德里希·施莱格尔与文学的绝对,徐平;郭蔚臻;张箭飞,纽约市大学白如鹤分校现代语言与比较文学系武汉大学文学院,施莱格尔;雅典娜神殿;文学;绝对;浪漫主义;拉库·拉巴尔特;南希;,"引证弗里德里希·施莱格尔的《雅典娜神殿断片》及其他著述,本文试图反驳拉库·拉巴尔特和南希将""文学的绝对性""等同于""作为绝对性的文学""的断言,进而指出这两位作者不但全然忽视了施莱格尔思想中的矛盾冲突的意义,而且暴露出他们对不矛盾律逻辑的坚守,而这一逻辑正是整个西方哲学传统的特征,也是施莱格尔和早期德国浪漫主义所攻击的对象。",长江学术,2017-04-15,期刊,I0,40-47,8
30,主体的黄昏——文艺个人主体性的消解与主体间性转向,金永兵,北京大学中文系,个体自我;主体性;主体间性;语言革命;象征寓言;意识形态幻象;,"从文艺复兴恢复了大写的""人""开始,个体自我意识就成为西方文学及理论的主要关注点之一。这一关注最终走上了两条道路,其一是消极的关注,它是以索绪尔语言学理论为基础,以结构主义、后结构主义、解构主义等为代表的,对文本中作为写作主体的""自我""的分析剖离;其二是积极的关注,它是以文学上的浪漫主义和心理主义等为代表的对""自我""的书写。前者的问题在于将""自我""逐步消解在语言和阅读快感之中;后者的问题在于:一方面,没有看到""自我""永远不可能只是个体性的,它不可避免地要有杰姆逊和荣格等人极力强调的公共层面,另一方面,在新资本主义或后资本主义的工业社会中,文学表达的更多的是意识形态的幻象,这是""自我""的另一种消亡形式。因而,无论是从文学角度,还是从文学所依赖的政治、经济和文化环境上来讲,都亟待我们在其中重构一种""主体间性""。这种""主体间性""带来的和谐之美,有可能解决日益严重的文艺个人主体性的消解问题。",长江学术,2017-04-15,期刊,I0,75-93,19
31,审美感通学批评的文艺学基础,汪余礼,武汉大学艺术学院,审美感通学批评;文艺本体论;文艺价值论;审美标准论;,"""审美感通学批评""区别于其他批评方法的独特之处,归根结底是源于对文艺本体、文艺功能、文艺创作规律、文艺审美标准等元问题的不同理解。在文艺本体论上,审美感通学批评认为文艺作品不只是""现实生活的反映"",而是现实生活、作者自我、审美形式三维耦合的结晶;其本体并不局囿于""形式"",也不在""生活""或""人类"",而存在于作者生命、作品生命、观者生命三者融会互动所形成的动态结构中。这个动态结构同时也最能说明文艺作品的创造之秘。文艺作品的创造本质上是一个""说不可说""的过程,是作家在对宇宙自然、社会人生、艺术创造本身有所感悟的基础上,调动诗性智慧进一步去深入探索、巧妙表现的过程;创作的关窍不在于""反映生活"",而在于""倏作变相"",以陌生化、合律化的形式传达个体深沉的生命体验。在文艺价值论上,审美感通学批评认为文艺的价值不限于认识、娱乐和教诲,而主要在于感动人心、感兴生命、增进共通感、成人之美(让人成为人并达到美的境界)和涵育创造性人格。在审美标准论上,审美感通学批评认为,文艺作品所传达的生命体验越是深厚独特,作品所渗透的诗性智慧越是丰富高妙,作品所采用的审美形式越是新颖和谐,其整体感通人情、拓展人心的力量越大,其艺术价值就越高。",长江学术,2017-04-15,期刊,I01,94-102,9
32,日本与马克思主义文艺理论中国化,黄念然;高越,华中师范大学文学院,日本;马克思主义;文艺理论;传播;中国化;,"早期日本马克思主义文艺理论在中国的传播,就其传播特征看,一、以""重译""、""转译""、""节译""、""转述""等为基本方式;二、日本""纳普""文艺理论和""普罗列塔利亚文学""成为译介重点;三、重视马克思主义基本原理对文艺的""触媒""作用。中国左翼文艺运动对早期日本马克思主义文艺思想如福本和夫的""理论斗争主义""、青野季吉的""目的意识论""、藏原惟人的""新写实主义""等的吸纳,为马克思主义文艺理论的中国化建构了政治和大众的关键两极,同时也带来一些负面影响,这些都为当下中国文艺理论界进一步探讨马克思主义文艺理论的中国化问题提供了反思的基础。",长江学术,2017-04-15,期刊,I0,48-55,8
33,论刘永济屈赋考据的人文性与科学性,陈文新,武汉大学文学院,刘永济;屈赋;考据;人文性;科学性;,"刘永济的屈赋考据,包括两种类型。第一类偏于人文性的阐发,常常并无铁证,如关于屈赋作品的认定和部分字句的改动;第二类则以科学性见长,包括屈赋的审音、训诂、语法研究等内容,他的几个主要成果,如《屈赋通笺》各卷的""正字""、""审音""、""通训""各节,以及《屈赋音注详解》《屈赋释词》两部专书,集中显示了他在考据和语言学方面的深厚造诣。其屈赋研究得到闻一多、游国恩等大家的激赏,主要是在第二个方面。",长江学术,2017-04-15,期刊,I207.22,56-64,9
34,借鉴与传承:也谈《二月》中的鲁迅因素,宋剑华,暨南大学中文系,《二月》;芙蓉镇;孤独者;新女性;孀妇劫;鲁迅因素;,"柔石的代表作《二月》,借鉴与传承了鲁迅精神,在空间背景、故事情节、人物形象等诸方面,都留有鲁迅的影子,以至于学界一致认为,《二月》同鲁迅的小说具有太多的相似性。通过仔细比较,发现《二月》的文化批判性,虽然力求去接近鲁迅经验,却远未达到鲁迅那样的思想深刻性。两者之间的这种差别,绝不能等同视之、一概而论。",长江学术,2017-04-15,期刊,I207.42,65-74,10
36,“1875年是现代文学的起点”——哈佛大学伊维德教授访谈录,吴锦华,莱顿大学区域研究所,O,"<正>采访时间:2012年2月17日采访地点:荷兰莱顿受访人简介:伊维德教授(Wilt Lukas Idema,1944—)是位传奇人物,以其研究的高效高质和广涉猎而闻名,曾被学生称呼为Mr.Know-It-All。他19岁入读莱顿大学汉学院,30岁即完成博士论文,时隔2年成为莱顿大学汉学院的教授,并兼任莱顿汉学院的院长。其研究领域涉及古代诗歌、话本小说、戏曲等,偶尔涉足中国现当",长江学术,2017-04-15,期刊,I206.6,5-9,5
37,西方哲学和中国现代文学批评:《红楼梦评论》,涂经诒;邓明静,罗格斯大学湖北大学,红楼梦评论;王国维;西方哲学;中国现代文学批评;,"王国维的《红楼梦评论》是将西方哲学与中国现代文学批评紧密联系在一起的开拓之作,其巧妙运用了叔本华的艺术理论来研究中国名著《红楼梦》,从深度和广度上论述了《红楼梦》的精神内涵、美学价值、伦理价值以及悲剧意识。在《红楼梦评论》中,王国维从生活之本质的角度出发探讨了《红楼梦》的哲学基础,认为《红楼梦》极度体现了人生的苦痛以及人不断追寻解脱之道,极具厌世解脱之精神,是一部举世瞩目的悲剧,完美展现了叔本华所谓的第三种类型的悲剧,因而被视作为""悲剧中的悲剧"",是""壮美文学""的代表,其美学价值与伦理价值密切相关。写于一百一十多年前的《红楼梦评论》在当时既倡导了一种研究《红楼梦》的新方式,也为中国现代文学批评提供了示范。",长江学术,2017-04-15,期刊,I207.411,32-39,8
38,唐诗中一字平上去三读而义同与义别相兼的问题,刘子瑜;刘宋川,北京大学中文系湖北大学文学院,唐诗;平上去三读;义同;义别;平仄律式;,"本文对唐诗中18个单字具有平上去三读而义同兼义别的音义关系和用法作了论析,认为:(1)根据各字同义而多音读的情况,可分为同义而有平上去三读或平上、平去、上去两读等四小类。从声律应用来说,诸字的同义而多音读基本上属于平仄两读,值得注意。(2)这18字中大多数都是早期义项陆续取得了两个或三个音读,只有""请、泥、委""3字例外。掌握这一规律,使我们易于理解各字义同与义别交织的复杂关系。(3)这个字群音义关系的产生始于中古前期,唐代加以继承和发展,并广泛应用于诗体律式的平仄变化中。(4)这个字群的音义关系过分复杂,不利于人们的口语交际,因此音义关系到现代有了明显的简化。但是阅读唐诗,分析诗体格律,仍要依据各字中古的音义关系来解释,切不可以今律古。",长江学术,2017-04-15,期刊,I207.22,113-125,13
39,《长江学术》稿约,,《长江学术》编辑部,O,"<正>一、本刊是中国语言文学类学术季刊,欢迎具有学术性、前沿性、思想性的稿件,对视角新颖、选题独特、有创见、有卓识的文稿尤为重视。主要栏目有:海外中国语言文学研究、中国现当代文学研究、中国古代文学研究、文艺学研究、世界文学与比较文学研究、文学与文化研究、汉语言文字学研究、语言学及应用语言学研究、文献学研究、当前语言生活热点问题、汉语国际传播理论与实践、跨文化对话、语言文学演讲录等。二、文章字数一般应控制在一万二千字以内。译稿则须附原文及原作者的授权证明。三、注释:本刊不另列参考文献,相关参考与引用文献皆在注释中说明。一律采用脚注,每页编号自为起止。1.注释项目排列顺序如下:(1)中文注释:期刊:作者,文题,刊名及年卷(期)。例:林庚:《五七言和它的三字尾》,《文学评论》1959年第2期。",长江学术,2017-04-15,期刊,+,129,1
40,否定表达的修辞功能,吴礼权,复旦大学中国语言文学研究所,否定表达;修辞行为;辞格;修辞功能;,"否定表达决不仅仅是语法问题。在实际语言生活中,否定表达往往是一种修辞行为,内蕴深刻的意涵。因此,凡属修辞行为的否定表达,一般都具有特定的修辞功能。有的是为了化抽象为具象,有的是为了化平淡为生动,有的是为了突显强化某种语意印象,有的是为了柔化语气显得礼貌,有的是为了突显被动而赢得同情。当然,还有其他修辞功能。",长江学术,2017-04-15,期刊,H15,103-112,10
41,“莫落”释义考辨,曹海东,华中师范大学文学院,《汉语大词典》;《新序》;莫落;幕络;释义;,"本文通过稽考文献资料,认为《汉语大词典》引刘向《新序》之文为例,训""莫落""为""缀结"",未得确诂;""莫落""实为""幕络""之通借,意为覆盖、蒙罩。",长江学术,2017-04-15,期刊,H164,126-128,3
42,作为“文白分编”的开明新编中学白话文语文课本,商金林,北京大学中文系,叶圣陶;朱自清;吕叔湘;《开明新编国文读本(甲种)》;《开明新编国文读本(乙种)》;《开明新编高级国文读本》;《开明文言读本》;,"抗战胜利后,叶圣陶和郭绍虞、徐调孚、周予同、覃必陶以及朱自清、吕叔湘等一批语文教育家通力合作,采用""文白分编""的方式,突击选编《开明新编国文读本(甲种)》、《开明新编国文读本(乙种)》、《开明新编高级国文读本》和《开明文言读本》等四部全新的初高中语文教材,这四部全新的初高中语文教材被誉为二十世纪最富生命力的语文经典读本。",长江学术,2017-04-15,期刊,G633.3,10-31,22
43,论鲁迅与列·托尔斯泰的人道主义思想,黄健,浙江大学中文系,鲁迅;列·托尔斯泰;人道主义;思想特质;,"人道主义是鲁迅与列·托尔斯泰的思想特质。基于对本民族和人类的爱,两位大文豪都把思想意识聚焦在人的存在、发展和前途命运上,体现了一种人道主义的大爱理念和精神。列·托尔斯泰将人道主义与他的宗教信仰紧密结合在一起,将人道主义融入宗教信念之中,以彻底否定暴力的方式,建构起""托尔斯泰主义"",并展示出宗教与人道主义思想共同宣扬的""博爱""和""宽容""精神。鲁迅则始终把思想聚焦在""人""的层面上,把重点放在对人的根性的审视之上,思考在社会转型时期,如何提升人的素质,建立新型的人格等有关人的生存和发展的问题,并由此提出""立人""的思想,致力于追求人的解放,特别是人的个性解放和精神解放的目标。无疑,两位大文豪的思想在人道主义理念和精神上有着内在的一致性。",长江学术,2017-01-15,期刊,I106,56-63,8
44,《布登勃洛克一家》:托马斯·曼对德国社会的“病理分析”,涂险峰;黄艳,武汉大学文学院,托马斯·曼;疾病;隐喻;社会病;,"托马斯·曼被认为是最德国化的一个作家,他诸多作品都在思考一个核心话题:德国性。在早期作品《布登勃洛克一家》中,托马斯·曼结合西方浪漫主义中疾病隐喻化的传统,对19世纪德国市民社会做出""病理学""意义分析,通过布登勃洛克家族四代人不同人生际遇,梳理出疾病的隐喻,艺术与疾病的正向关系,以及与商业社会的反向关系。最后通过这个家族异化的""病理""循环,表现疾病背后美学指向带来的疯狂与虚无,呈现出托马斯·曼对德国""社会病""的独特思考。",长江学术,2017-01-15,期刊,I516.074,75-83,9
45,2016年“人大复印报刊资料”全文转载情况统计,,O,O,O,长江学术,2017-01-15,期刊,+,2,1
47,谈谈武汉文化的软实力,樊星,武汉大学文学院,码头文化;水文化;商业文化;革命文化;文化与文学;,"武汉再度崛起,因此有必要研究武汉,提升武汉的文化软实力。武汉素以""码头文化""为人所知,但码头文化与革命历史的关系却少有研究。武汉的水文化、商业文化、文学传统与教育优势虽然经常为武汉的学者所论及,仍有待进一步的研究、宣传。本文试图通过对武汉文化综合实力的多角度回顾与研究,为武汉文化研讨拓展思路。同时,指出武汉文化的短板,思考进一步提升武汉城市文化的影响力的问题。",长江学术,2017-01-15,期刊,I207.42,21-27,7
49,“看”的文学革命·“听”的文学革命——1920年代中国的听觉媒介与“国语”实验,平田昌司;贺昌盛,京都大学人文科学研究所厦门大学中文系,“看”的文学革命;国语运动;“听”的国语;“听”的文学;,"现代中国文学的确立离不开""现代汉语""语言的确立,而语言的确立又不单涉及为""看""而生成的""书面语""形态的问题。学界对于晚清民初中国的""文学革新""的研究中,""听""的文学革命一直是一个几乎被完全忽略的非常关键的问题。如果说在推进中国现代性的过程中,文学发挥了难以估量的核心功能的话,那么,以""听觉""作为媒介的文学传播就应当成为构成这一历史进程所不可或缺的基本要素;而且,在不断更新的技术手段的支持下,人们对文学所传达的""现代""意识的接受,事实上更多的不只是""看"",而主要是借助于""听""。据此而言,仅以""看""的文字文献为基础书写出来的文学史不能算是完整的文学史;忽略了""听觉""媒介在现代性演进过程中的巨大功能,也无法真正透视和理解中国现代性的实际境况及其本质特性。",长江学术,2017-01-15,期刊,H109.4,5-20,16
50,传承与裂变——黄侃古音学之建构及其正反评价,王松木,高雄师范大学国文系,黄侃;古音学;章黄学派;学术思想史;,"黄侃(1886—1935)承继清代朴学的研究成果,为审音派古音学之集大成者。然而,当代音韵学者对于黄侃古音学说却有正反两极的评价,其中缘由颇值得玩味。本文采""学术思想史""路径,观察黄侃古音学之建构及其与当代学术思潮之间的互动,冀望藉此阐述黄侃的古音学思想,诠释不同接受者依据何种学术思想来评断黄侃古音学,并且重新估量黄侃古音学在当代学术转型过程中可能蕴含的意义与价值。",长江学术,2017-01-15,期刊,H111,91-114,24
52,论坡义地名词“坂”,邵则遂;唐磊,华中师范大学语言与语言教育研究中心,地名;坂;阪;长坂;大阪;,"本文以地名""长坂坡""为出发点,利用历史文献对""当阳之长坂""中的地名""长坂""演变为""长坂坡""的过程和缘由进行了探究。在探究过程中,首先对坡义地名词""坂""与""阪""进行考释,进而从不同语言角度对坡义地名词""坂""进行了逐一分析。坡义地名词""坂""在汉语方言、域外语言中均有分布,并与少数民族语言中的相关词语互为联系。",长江学术,2017-01-15,期刊,H13,121-128,8
54,孔子没有平民文化教育思想,吴天明,武汉大学文学院,孔子;平民;教育思想;教育实践;,"孔子一生主要是教育上等人,其平民教育思想和实践比较复杂。孔子认为平民道德教育应主要通过教育上等人,提高上等人的道德水平,进而影响平民,提高平民的道德水平。这一思想至今仍有其合理处。而在文化知识教育上,他认为平民""下愚"",而且""困而不学"",根本不堪教育,因此完全无法提高他们的文化知识水平。孔子的教育实践也是如此,他的授业弟子中没有一位是平民,社会弟子也基本上都是上等人。过去学术界一直认为孔子有全民教育思想,这一论断恐怕要重新审视。我们认为,孔子至少没有平民文化教育思想。",长江学术,2017-01-15,期刊,B222.2,84-90,7
1,江户时代异学者皆川淇园的文章学,张淘,四川大学文学与新闻学院,日本江户时期;皆川淇园;《欧苏文弹》;《问学举要》;《淇园文诀》;文章学;,"日本江户时期的皆川淇园对文章学有深入研究,认为古文应追溯直承自上古三代之文,其因在于东汉以后语义发生变化,后人学习古文时必须精通上古三代的作品。韩柳复古,既追求""辞""亦追求""气"",故其文自然气格高,其步骤古人之处颇多,从欧阳修开始,鄙弃辞趣,稍乏古气,其文与古不同。他在《问学举要》《淇园文诀》中提出的文章学理论自成系统,尤其是他的晰文理十五事。《欧苏文弹》对欧阳修、苏轼、苏洵的六篇文章进行了批判和修改,最能直观反映其文章学成就。本论文对这些理论和批评进行翻译和介绍,并指出这些文章学理论和批评具有特异性,与伊藤东涯等古学派的文章理论有着某种内在联系。",长江学术,2018-10-15,期刊,I313.06,87-95,9
2,近百年文学理论发展大势——论姚文放《从形式主义到历史主义》,高玉,浙江师范大学人文学院,姚文放;《从形式主义到历史主义》;文学理论;发展大势;,"《从形式主义到历史主义》一书对20世纪文学理论的发展大势做出了较为深刻的总结,并对这种发展的哲学、社会以及文学的深层机理进行了探究。该书对""内""""外""不同视角下的""文学性""研究理路进行了辨析和总结,揭示了视角变化所导致的对这一问题研究的变化,预示这种研究新的可能性,同时也表达了对于文学理论所造成的深层危机。作者针对文化、政治与文学理论的关系,如何定义经典,以及语言转向与文学理论的研究范式等问题均作了详细的介绍和分析,回应了当下的学术热点问题,为我们提供了不少新的材料、新的理论和新的观点。",长江学术,2018-10-15,期刊,I109-5,54-58,5
3,马克·吐温的“独立宣言”——论《赫克尔贝里·芬历险记》之独立精神,李志斌,武汉工程大学外语学院,马克·吐温;《赫克尔贝里·芬历险记》;独立精神;小说艺术;,"小说《赫克尔贝里·芬历险记》无异于一本文学版的""独立宣言"",其中涉及的平等、安全、自由、独立等重大的人类话题,是马克·吐温政治哲学和艺术哲学的核心内容。本文从创作题材与艺术个性、人物形象塑造和风景描写等不同的角度,探寻了《赫克尔贝里·芬历险记》所展示的独立精神,重新阐释了马克·吐温在美国乃至世界文学领域备受推崇的主要原因。",长江学术,2018-10-15,期刊,I712.074,103-108,6
4,著名评论家於可训教授推出十卷本文集,,O,O,"<正>著名文学评论家、武汉大学人文社会科学资深教授、博士生导师於可训最近推出十卷本《於可训文集》。文集收入於可训几十年学术研究的代表性成果,含文学评论卷(四卷)以及文学理论、作家评传、新诗研究等,由长江文艺出版社出版。文集凝聚了於可训半生文学心血与学术精髓,是新时期中国文学批评的历史见证。有对文学创作、文学史现象的深度研究,如对新世纪以来长篇小说的研究、对当代文学的历",长江学术,2018-10-15,期刊,I206.7,129,1
1,江户时代异学者皆川淇园的文章学,张淘,四川大学文学与新闻学院,日本江户时期;皆川淇园;《欧苏文弹》;《问学举要》;《淇园文诀》;文章学;,"日本江户时期的皆川淇园对文章学有深入研究,认为古文应追溯直承自上古三代之文,其因在于东汉以后语义发生变化,后人学习古文时必须精通上古三代的作品。韩柳复古,既追求""辞""亦追求""气"",故其文自然气格高,其步骤古人之处颇多,从欧阳修开始,鄙弃辞趣,稍乏古气,其文与古不同。他在《问学举要》《淇园文诀》中提出的文章学理论自成系统,尤其是他的晰文理十五事。《欧苏文弹》对欧阳修、苏轼、苏洵的六篇文章进行了批判和修改,最能直观反映其文章学成就。本论文对这些理论和批评进行翻译和介绍,并指出这些文章学理论和批评具有特异性,与伊藤东涯等古学派的文章理论有着某种内在联系。",长江学术,2018-10-15,期刊,I313.06,87-95,9
2,近百年文学理论发展大势——论姚文放《从形式主义到历史主义》,高玉,浙江师范大学人文学院,姚文放;《从形式主义到历史主义》;文学理论;发展大势;,"《从形式主义到历史主义》一书对20世纪文学理论的发展大势做出了较为深刻的总结,并对这种发展的哲学、社会以及文学的深层机理进行了探究。该书对""内""""外""不同视角下的""文学性""研究理路进行了辨析和总结,揭示了视角变化所导致的对这一问题研究的变化,预示这种研究新的可能性,同时也表达了对于文学理论所造成的深层危机。作者针对文化、政治与文学理论的关系,如何定义经典,以及语言转向与文学理论的研究范式等问题均作了详细的介绍和分析,回应了当下的学术热点问题,为我们提供了不少新的材料、新的理论和新的观点。",长江学术,2018-10-15,期刊,I109-5,54-58,5
3,马克·吐温的“独立宣言”——论《赫克尔贝里·芬历险记》之独立精神,李志斌,武汉工程大学外语学院,马克·吐温;《赫克尔贝里·芬历险记》;独立精神;小说艺术;,"小说《赫克尔贝里·芬历险记》无异于一本文学版的""独立宣言"",其中涉及的平等、安全、自由、独立等重大的人类话题,是马克·吐温政治哲学和艺术哲学的核心内容。本文从创作题材与艺术个性、人物形象塑造和风景描写等不同的角度,探寻了《赫克尔贝里·芬历险记》所展示的独立精神,重新阐释了马克·吐温在美国乃至世界文学领域备受推崇的主要原因。",长江学术,2018-10-15,期刊,I712.074,103-108,6
4,著名评论家於可训教授推出十卷本文集,,O,O,"<正>著名文学评论家、武汉大学人文社会科学资深教授、博士生导师於可训最近推出十卷本《於可训文集》。文集收入於可训几十年学术研究的代表性成果,含文学评论卷(四卷)以及文学理论、作家评传、新诗研究等,由长江文艺出版社出版。文集凝聚了於可训半生文学心血与学术精髓,是新时期中国文学批评的历史见证。有对文学创作、文学史现象的深度研究,如对新世纪以来长篇小说的研究、对当代文学的历",长江学术,2018-10-15,期刊,I206.7,129,1
5,论清代论词书札及其词学史意义,祝东,兰州大学国际文化交流学院,清代词学;论词书札;学术交流;词学史;,"书札论词是古代出现的以书信论文学的一种重要形式,与其他词学批评形式相比,它不受韵律、篇幅的限制,写法灵活,涉及内容较为广泛,便于直接研讨各种词学问题。且因书札多为朋旧之间往来的书信,论者一般多能直抒己见,故更能从中窥见论者的真实词学思想。清人用书札的形式阐述词学观点,指评词坛流弊,交流切磋词学疑难问题,论词书札在促进学术交流、推动词学发展方面发挥了类似现代学术期刊的功用。",长江学术,2018-10-15,期刊,I207.23,96-102,7
6,母亲和女儿:以孤儿作为方法,罗鹏;雅莉;蔡杨淇,杜克大学暨南大学文学院,母女;孤儿;茹志鹃;王安忆;元文本;,"茹志鹃和王安忆的母女关系和孤儿身份与她们的文本创作有非常紧密的联系。茹志鹃的孤儿身份在其创作中有不少的反映,无论是《逝去的夜》还是自传体小说《她从那条路上来》,孤儿也宝的形象一直带有茹志鹃强烈的自传性质,投射着作家本身的孤儿情结。作为女儿的王安忆在她创作的《乌托邦诗篇》《小鲍庄》《叔叔的故事》等小说中,通过元文本的创作手法,在文本中表达对母亲孤儿身份与自身孤儿立场的想法,包括在与母亲参加爱荷华国际写作计划的日记中,隐性地表现出女儿对母亲的反抗。在茹志鹃逝世后,王安忆也成为孤儿,她对母亲文学遗产的整理和思考,使得她对母亲以及母女关系的理解有了很大的变化。",长江学术,2018-10-15,期刊,I207.42,25-32,8
7,从“新浪漫主义转向”到“后启蒙”时代——改革开放40年中国文艺观的嬗变,金永兵;王佳明,北京大学中文系,新浪漫主义;新启蒙;后启蒙;新现代性;文艺观;,"近40年来,中国文艺观和文艺理论结构的转换,若以1992年市场经济正式确立为时间节点,大致经历了两个主要阶段,其一是强调审美自由的""新浪漫主义转向"",其二是""后启蒙""时代对自律化的现代性批判。在我国1980年代的语境下,""审美""更接近于浪漫主义而非启蒙主义,它诞生于对以""阶级论""为核心的政治理性的反抗之中,试图以具体的""审美自由""来反拨抽象的""政治自由""。它既呼应同时也批判着政治上以""去政治化""的形式对""物质欲望""的肯定。政治上对物质的肯定,可以说是一种""新启蒙"",它并非强调人类感性的全面性,而是以对马克思主义的""物质实践""理论进行再阐释的方式肯定了世俗物质利益积累的合法性。1992年以后的""后启蒙""时代,抽象的""商品理性""逐渐取代了具体的""物质欲望"",物质需求中价值的具体性日益被抽象成了交换价值。此时文艺观中出现了两种新变:其一是一种意图在现代性话语内部通过强调""传统性""""中国性""等新核心价值来重塑价值观的尝试;其二是针对""后启蒙""时代产生的两种自律化倾向——文学试图通过市场化,远离政治干预,在商品理性中形成的自律;出于批判商品理性的目的,作家和文艺理论家对""文学性""的自律性坚守——所做的批判,这两种自律性话语模式都是现代性发展到极端的表现,""新左派""的译介、文化研究和后现代话语等新兴话语模式通过对话语自律化和价值自律化的反拨,试图为""后启蒙""时期的现代性困境寻找对策。",长江学术,2018-10-15,期刊,I206.7,33-53,21
8,两极性·末世论和黑白二分的世界观——鲁迅与中国文化的现代性转型,耿传明,南开大学文学院,鲁迅;两极化;末世论;灵知主义;摩尼教;现代性的激进化;,"鲁迅是传统天道世界观在西方冲击下崩溃之后中国知识阶层的现代精神趋向的代表。两极化态度、毁灭——再生的末世论以及依赖人类自我救赎的灵明救世论构成了鲁迅心灵世界的核心。传统天道的崩解使人与宇宙以及人与世界之间的亲和感、归宿感被人与宇宙之间的陌生感和人与世界之间的对立感取代;以我为主宰的扩张自我的两极化态度、由不满于现实到全面否定现实再到以尚未出现的""新世""作为人生支撑的末世论期待以及以自我为中枢和终极的灵明主义、英哲救世论,构成了鲁迅不同于传统的看待宇宙、看待世界以及看待自身的独特方式和态度。人与宇宙、人与世界以及人与自我之间对立的紧张性在鲁迅身上有充分的表现,其截然区分善恶、绝不妥协的立场,使其在零碎改良之外,开出必须在""苏生""和""毁灭""之间必选其一的极致性选择;这种与世俗化生存势不两立、清坚决绝的精神态度使其与以""灵""的超越性为主导、将代表人的社会性的""魂""和人的自然性的""体""视为人性的枷锁、对现实世界持整体性拒绝态度、追求自我救赎的西方灵知主义有相通之处;其与将一切现象归纳为善与恶、光明与黑暗之间的对立、将世界分为善恶两个本原的摩尼教也有相通之处。由这种截然区分善恶的二元敌对态度派生出一种现代性的激进化形态,将新与旧、传统与现代的冲突绝对化。",长江学术,2018-10-15,期刊,I210,67-79,13
9,论胡适新诗理论中的跨界式叙事——从“作诗须得如作文”的诗学命题谈起,姜玉琴,上海外国语大学文学研究院,新诗理论;胡适;诗学;跨界式;叙事;“作诗如作文”;,"在新诗理论初创之时,胡适曾提出过""作诗须得如作文""的诗学命题。长期以来,几乎所有的诗歌从业者都认为这是个""非诗""主张,会把诗歌的创作引入歧途。传统观念认为""诗""与""文""势不两立,然而,胡适却提出了一个不同文体间的相互引入与融合的美学转向问题。具体地说,胡适为了扭转""诗""愈来愈狭小、单薄的精神空间,决定把""文""的一些特长,诸如描写、叙事性汲取进来,从而扩大诗歌内在的表现力。这种把原本并驾齐驱的两种不同文体嫁接、融合到一起的实践,表明新诗的表达模式是一种跨界式表达模式,它既有传统诗歌的抒情性,又有了""文""的叙事性,形成了一种""抒情+叙事""的现代新手法。",长江学术,2018-10-15,期刊,I207.25,80-86,7
11,18、19世纪西方汉语教材中的文言虚词研究——以“以”的研究为例,王玥雯,武汉大学文学院,18、19世纪;翻译;语法;汉语教材;文言虚词;以;,"本文选取了三部代表18、19世纪西方汉语文言语法研究较高成就的著作为研究对象,以文言虚词""以""为对象展开个案调查,探求早期西方学者们如何以西方语法体系为参照,利用中国传统小学的研究成果,在翻译与交融中展开汉语文言虚词研究。我们的结论是,18、19世纪西方汉语教材中的文言虚词研究取得了惊人的成绩。这些成绩是西方语法体系与中国传统语文学经由翻译与对话、融合与创造而取得的,主要体现为:卓著的词类研究、开创性的句法研究、有意识的语法化研究和朴素的词汇化思想的萌芽。",长江学术,2018-10-15,期刊,H141,122-128,7
12,从Ten(sion)到“张力”:美学范畴“张力”的词源学谱系,王乾坤;张龙云,华中科技大学中文系,张力;美学范畴;词源学;谱系;,"作为审美概念之一的""张力""(tension)因其普遍使用而具有特殊意义,它不仅存在于科学领域,还运用于艺术领域。大多数观点都认为,美学""张力""源自物理。通过研究美学范畴""张力""词源学谱系,可以发现:美学""张力""的概念主要源于""张力""(tension)的原始意义""机体延展及心理紧张""。由于汉语构词法则和中文翻译的影响,""张力""概念原始的生理和心理意义被遮蔽,物理学意义过于突出,这一方面严重窄化了英语tension的多层涵义,另一方面严重泛化了它物理方面的含义,造成词源意义上的误解,并直接导致张力美之泛化判断。总之,就语词演化和美学""张力""的概念而言,只有在机体意义上的对抗才能带来生命动感与张力美。",长江学术,2018-10-15,期刊,H039,59-66,8
13,电影片名翻译的文化变译,王宇波;朱理桢,武汉大学文学院中国语情与社会发展研究中心哥伦比亚大学教育学院,电影片名;平行语料库;文化变译;方言;修辞;统计分析;,"海峡两岸及香港地区因电影制度、社会文化、审美习惯及价值取向等方面的不同,电影片名的汉译一直存在差异。本文把2016—2017年在中国内地、台湾地区和香港地区共同上映的114部电影译名建成平行语料库,通过详实的片名语料,分析了片名汉译的""一名多译""现象,从文化适应性的角度论证了""一名多译""现象的本质是共同遵循了文化变译策略,考察了文化变译策略下方言俚语和修辞手段的运用,并对新时期电影片名翻译提出了建议。",长江学术,2018-10-15,期刊,H315.9,109-115,7
14,关键词研究的理论模型与实践路径——跨文化视域下文化关键词研究的学术对话,黄保罗;李建中,赫尔辛基大学世界文化系武汉大学文学院,关键词研究;理论模型;实践路径;,"国学与西学的融通与交汇,是全球化时代中国学人的学术宿命。从上世纪的""文心""""诗性""到本世纪的""文化关键词"",中国古代文论研究一如既往地或吸纳或抵抗着外来文化:如何在""失语""与""独白""之间擘肌分理、唯务折衷,如何既坚守文化本位又借鉴他山之石。跨文化视域下关键词研究的理论模型建构、方法论探索及通识教育实践,或可为当下中国学术的进路提供新的思想与方法。",长江学术,2018-10-15,期刊,G122,17-22+24+23,8
15,当前世界与中国人文传统,涂经诒,罗格斯大学亚洲语言与文化系,中国人文传统;当前世界;环保;和谐;,"中国的人文传统历史悠久。""人文主义""这个词虽然不是中国创造出来的,但是""人文""这个词在中国很早就有了,人文思想在中国也得到了长足的发展。用中国的人文传统来看当前世界经常被热议的一些问题,可以发现中国的人文传统视角独特,内蕴丰富,不仅与这些问题毫不冲突,还可以为这些问题的解决提供一些可资借鉴的思路和方法。",长江学术,2018-10-15,期刊,B2,5-16,12
16,文艺复兴时期的英诗星空——《英国文学史》节选,H.A.泰纳;李旷远,武汉大学文学院,文艺复兴;英诗;种族;环境;时代;,"英国文艺复兴时期诗人辈出,诗歌,特别是田园诗,盛极一时且独标灵彩,其背后的深层原因是什么呢?法国文学批评家泰纳以种族、时代及环境三要素作出了令人信服的阐释。本节选即呈现其《英国文学史》的相关章节,特别是有关锡德尼、本琼森、马洛、斯宾塞和莎士比亚等绚烂的诗人群体的诗作,及其相应的撒克逊种族、自然环境和文艺复兴时代的特征,对这一时期的英国诗歌特别是田园诗的发生及其拓展的境界,赋予了别开生面的理解。",长江学术,2018-07-15,期刊,I561.072,89-97,9
17,马华旅台小说家笔下的原乡书写,金进,浙江大学中文系,马华旅台作家;原乡书写;国族认同;,"马华旅台作家是台湾文学中不可忽视的创作力量,其中又以小说创作为其最重要的成就。这些小说家身为华人的后裔,出生于马来西亚,大学留学在台湾,成名和就业也在台湾,可以说他们很好地融入台湾社会中。身处异地的小说家们笔下总有着挥散不去的原乡书写,本文以华语文学中的原乡概念入手,以他们所处的时代和主要作品为对象,分析他们对中国大陆、中国台湾和马来西亚三个华人聚居地的原乡情结,全面和细致地展示马华旅台小说家们的身份认同和创作精神,为我们研究世界华文文学提供一个复杂而生动的研究个案。",长江学术,2018-07-15,期刊,I338.074,98-111,14
18,现代学术评审制度的建立——国民政府教育部学术审议委员会与学术评奖,沈卫威,南京大学中国新文学研究中心,学术审议委员会;学术评奖;档案;,"学术评价体系的确立是国家学术话语形成的标志。这既是公平、公正学术环境的保障,也是学者学术尊严和荣誉的体现。抗战虽然艰苦决绝,但中华民族的学术精神和学术薪火,却一直在传递中迸发出强烈的光热。1940年国民政府教育部学术审议委员会形成,使得国家层面的学术评议、审议制度规范化、学理化。中国学术史上所谓门派家法,古今之争,汉宋之别;诗歌创作中宗唐宗宋、白话古体、雅言俗语;文学研究中义理、词章、考据轻重分别,都被体制化的规约所消解,呈现出特有的学术风范。从1941年至1947年的六次国民政府教育部学术审议委员会评奖,到1948年中央研究院院士选举,完成了由现代学术体制统领中国学术的大一统局面,民间学术个体或区域的学术群落,越来越边缘化。",长江学术,2018-07-15,期刊,K26;I206.6,35-48,14
19,主持人语:重读“红色经典”,赵学勇,陕西师范大学文学院,O,"<正>20世纪中国文学中的""红色经典"",是在延安文艺的体制规范与思想题旨中孕育生成,经由""十七年""文学在史诗叙述与美学范式等方面的践行,从而对80年代后的文学批评与艺术审美产生一定影响的特定文学评价体系。其中,""十七年""时期革命历史题材的叙事作品,被广泛纳入""红色经典""的范围之内,如""三红一创""""保林青山""等。就文学题材而言,农业题材与工业题材的作品极少进入""红色经典""的视野;就时间界定来说,""红色经典""的",长江学术,2018-07-15,期刊,+,49,1
20,《三里湾》中的“孝文化”,惠雁冰;左雨浓,延安大学文学院,《三里湾》;孝文化;乡土情结;,"传统伦理文化的精神根基是以家庭为原点的""孝文化"",赵树理的长篇小说《三里湾》与""孝文化""有着内在的关联。这种关联恰恰是赵树理小说""民族化""风格的显在表征,也是《三里湾》这个文本具有经典性、重读性的重要因素。小说中几位年轻人对""孝文化""的不同选择与呈现,既体现出赵树理对乡土文化传统的认同与守望,也体现出乡土中国在时代演进的过程中缓慢但有力的步履。正是这种浓重的乡土伦理文化情结,对赵树理的温情叙事模式产生了深刻的影响。",长江学术,2018-07-15,期刊,I207.425,50-57,8
21,"穿越历史之隔,感受作品之真——重读《乘风破浪》兼及“十七年”工业题材小说的再评价",田文兵,华侨大学文学院,《乘风破浪》;重读;叙事模式;文学史价值;,"对包括草明在内的""十七年""工业题材小说,一直评价不高。但重读草明的代表作《乘风破浪》可以发现,屡遭诟病的二元对立叙事模式,实际上有着传统现实主义文学的深远影响,是""赵树理方向""在工业题材领域的回应。创作中的情感叙事虽然隐喻了时代主题,但也表现出草明对个体情感的关注。应该穿越时代的隔膜,去真诚地感知作家创作的内心声音,不能忽视""十七年""工业题材小说的文学史价值。",长江学术,2018-07-15,期刊,I207.42,58-64,7
22,《诗经·鄘风·鹑之奔奔》的主题与春秋政治,李会玲,武汉大学文学院,《诗经》;《鹑之奔奔》;春秋政治;卿族;,"《鹑之奔奔》的主题不是讽刺卫宣公的淫乱家事,而是反映卫国卿族政治中""父子相杀、兄弟相灭""的社会现实。人们误解《鹑之奔奔》的主题有两个主要原因,一是《毛诗序》的导引作用,二是郑玄对""奔奔""""彊彊""的解释。根据""奔""""彊""的本义、古代斗鹌鹑习俗以及卫国历史,我们可以确知此诗的主题。先秦孔子引诗及伯有赋诗的语境也有力地证实了这一判断。",长江学术,2018-07-15,期刊,I207.22,73-78,6
23,佛教因明学对《文心雕龙》的影响探论,刘业超,湘潭大学文学与新闻学院,佛教因明学;文心雕龙;影响;,"以佛教因明学为特定视域,从显性的理论启迪与隐性的实践参照两个方面来看,佛教因明学对《文心雕龙》整体结构、论证方法与论证方式均具有重大影响。由此展现了一条重要的文化事实:在1500年前的""述而不作""的历史环境中,如果没有佛教因明学的理论启迪和方法参照,《文心雕龙》这一前所未有的""体大而虑周""的巨制的出现将是无源之水与无本之木,是不可想象的事情。这一文化事实证明了一条重要的真理:海纳百川,有容乃大,变则可久,通则不乏——这就是中华文化之所以经千年而不朽,历万劫而长新的历史原因,也就是其所以至今仍深受世人景仰的历史原因。",长江学术,2018-07-15,期刊,I206.2,79-88,10
24,“中国新诗(1917-1949)接受史研究”高端论坛成功举办,,O,O,"<正>由武汉大学文学院主办的""中国新诗(1917-1949)接受史研究""高端论坛4月26日举行。来自全国的新诗研究专家汇聚武汉大学,围绕国家社会科学基金重大项目""中国新诗传播接受文献集成、研究及数据库建设(1917-1949)""展开深入探讨。论坛由湖北现代人文资源调查与研究中心、武汉大学新诗研究中心以及项目课题组协办。武汉大学人文社会科学资深教授於可训主持开幕式,人文社会科",长江学术,2018-07-15,期刊,I207.25-2,129,1
25,在中国新诗百年纪念大会上的致辞:一百年来一件大事,谢冕,北京大学中文系,O,"<正>今天我们在北京大学阳光大厅隆重举行中国新诗一百年纪念大会。今年是戊戌维新一百二十周年,也是北京大学建校一百二十周年。这些重要的日子重叠在一起,给我们的大会增添了庄严的气氛。一百年前,即公元1917年,陈独秀就任北京大学文科学长,将《新青年》从上海迁来北京大学,当时的办公地点是东华门外箭杆胡同。移刊后的《新青年》刊登过""分期编辑表"",这些编辑依次是:陈独秀、钱玄同、高一涵、胡适、李大钊、沈尹默。这",长江学术,2018-07-15,期刊,I207.25,5-7,3
26,白话书写的音乐性实验:鲁迅的《野草》和《好的故事》,安敏轩;郑艳明,康奈尔大学亚洲研究系武汉大学文学院,鲁迅;散文诗;《野草》;《好的故事》;白话;诗的音乐;,"本文通过分析鲁迅的散文诗集《野草》《好的故事》中的韵律,论述了鲁迅梦想通过散文诗为白话创造一种新的音乐的原因和过程。鲁迅以波德莱尔式的散文诗作为自己语言创造的起点,在《好的故事》中营造了一个将诗的音乐融入白话的自由空间,为白话诗学的建构提供了一种方案。",长江学术,2018-07-15,期刊,I210.5,8-20,13
27,交叉的视野与异域的返观:美国华裔学者的鲁迅研究,李松;姚纯,武汉大学文学院江汉区文化馆,鲁迅;美国;华裔;汉学;,"从20世纪70年代开始,华裔汉学家成了美国鲁迅研究的主力并产生了很大的国际影响,代表性学者有夏氏兄弟、林毓生、李欧梵、王德威等人。这些留学海外的华裔学者,其独特的身份与经历形成了""以中观西""与""以西观中""的交叉视野;在异域对中国文学的返观包含思想的多源性,从而呈现出观点的多元性;身处理论生产大国,在观念上往往得风气之先;在思想相对独立的大学体制中,较少受非学术因素的干预;从学科属性而言,他们的研究既是美国区域研究的有机组成部分,又是西方文学理论应用于中国文学批评的实践。",长江学术,2018-07-15,期刊,I210,21-34,14
28,说“无比”,萧红,武汉大学文学院中国语言地理研究中心,无比;非典型修饰词;否定比较;语序;,"对学界已有对""无比""性质及其演变动因的研究进行重新审视发现:首先,按照袁毓林《汉语词类划分手册》为""无比""的功能赋值,现代汉语的""无比""属于不太典型的修饰词和副词,与动词、形容词无涉,最好看作是修饰词。其次,""无比""在其演变为修饰词的过程中表现出与其它否定比较词不同的特点。""无比""结构来源复杂,完整的发展阶段应包括(1)""无所比""中""所""脱落,形成""无比1"";(2)由""无所比""替换为""无+(NP+比)"",NP是代词或名词;(3)""无+(NP+比)""中主要成分缺省导致结构紧缩而形成新的""无比2""。",长江学术,2018-07-15,期刊,H14,112-121,10
29,上巴河方言的反复体,何洪峰,华中科技大学人文学院,体;反复体;语义;语法;上巴河方言;,"体表示动词或句义的内在时间结构。汉语语法学者对体的认识不一致,汉语方言动词体研究,不妨从宽一些。黄冈上巴河方言动词反复体比较丰富,语义上可以分析为6种类型:常规反复、随意反复、交错反复、快速反复、持续反复、虚指反复;语法性质上可以分析为3种类型:形态式反复体、半形态式反复体、半词汇式反复体。词汇式反复是一种非典型的反复体。",长江学术,2018-07-15,期刊,H172.4,122-128,7
30,歌剧《白毛女》与“讲故事的人”,王鑫,陕西师范大学文学院,《白毛女》;讲故事的人;集体经验;实用关怀;艺术“光晕”;,"民间故事""白毛女""与歌剧《白毛女》的流传史,在特定的历史时空下,可以与本雅明""讲故事的人""的理论视野发生关联。以歌剧形式表现的《白毛女》,聚合了集体经验与""实用关怀""的特征,延续了故事的生命,并在文艺传统的形式层面上被赋予""膜拜价值""。歌剧《白毛女》的情节线索、故事单元,在不同的感知方式和距离中,构成了文本意涵的丰富阐释空间,并在时代征候与社会功能的引入之下,呈现为意识形态信仰的另一种""膜拜价值""。形式与内容相统一的《白毛女》歌剧因此映现出独特的艺术""光晕""。",长江学术,2018-07-15,期刊,J822,65-72,8
31,长江学者,,O,O,"<正>徐杰,1963年生,河南人,美国马里兰大学语言学博士。现任澳门大学人文学院中国语言文学系汉语语言学教授、系主任,教育部""长江学者""武汉大学讲座教授。曾任新加坡国立大学中文系副教授兼助理系主任,华中师范大学语言与语言教育研究中心教授、楚天学者,河南大学兼职特聘教授及语言科学与语言规划研究所所长、黄河学者。主要研究领域为句法学、语义",徐杰,,长江学术,K825.5,2,1
32,晚清“翻译小说热”与中国现代文化产业的形成,韩晗,深圳大学文化产业研究院,晚清;翻译小说热;文化产业史;赞助人;,"晚清翻译小说借""西学东渐""之风入华,形成中国近代史上的""翻译小说热""。关于""翻译小说热"",学界多半在翻译史、文学史及中西文化交通史维度论析其特点与价值,而较少从中国现代文化产业史的维度进行分析。本文着重从晚清""翻译小说热""形成的原因入手,以勒菲弗尔的""赞助人""为视角,认为""翻译小说热""反映了稳定消费群体的形成与现代文化产业生产机制在现代中国的确立。因此,""翻译小说热""为后世中国文化产业的发展提供了重要的经验与坚实的基础并影响深远,是中国现代文化产业形成的重要标志。",长江学术,2018-04-15,期刊,G124;H059;I046,22-30,9
33,澳大利亚华人(华裔)文学述评,温卡·奥门森;卢秋平,澳大利亚伍伦贡大学文法艺术学院武汉科技大学外国语学院,澳华文学;华裔文学;身份;多元文化书写;,"最早的澳大利亚华人文学作品于20世纪之交发表在悉尼和墨尔本的华语报纸上,表达了对当时中国国内政治形式的关注以及对白澳政策的抗议。时隔几十年后,澳华文学于20世纪90年代重新繁荣起来,这是随着80年代移民政策开放,来自中国大陆新移民热潮以及留学潮的结果。用英语写作的澳洲华裔文学无论是从作者的背景,还是从作品的性质来看迥然不同。这些华裔作家有时置身主流文化之内,有时置身其外,采用创新手法书写身份和归属问题。澳华作家拒绝别人对他们的作品妄加分类,也不愿囿于华裔书写的传统主题,他们通过构思自我、声音、故事,书写多元文化、文学的传承和他们的人生经历,表现本地、(多)民族、全球视角交融的当代生活的复杂性。",长江学术,2018-04-15,期刊,I611.06,45-58,14
34,论宋代鼓子词的审美品格与文学渊源,陶然;姚逸超,浙江大学中文系浙江大学城市学院传媒与人文学院,宋代;鼓子词;审美品格;文学渊源;,"鼓子词是流行于宋代文人阶层的说唱伎艺,文人或直接参与其表演担任击鼓的角色。鼓子词开篇往往有致语,以叙述创作或表演契机,并统领其后的联章词作,有其重要的现场作用。鼓子词致语自产生之初,就有作为独立审美对象的规格与品质,其功能近于古代游宴序,在烘托氛围的同时抒发士大夫的雅兴与情怀。现存宋代鼓子词的题材集中于咏物、咏地域风土、咏时序节令、叙故事等方面,其中多有深厚的文学渊源。",长江学术,2018-04-15,期刊,I207.23,68-75,8
35,文学的价值结构和现代“革命文学”的价值结构,方维保,安徽师范大学文学院,文学;价值结构;革命文学;四维结构;,"艺术作为一种主体实践,其价值具有一个应然的结构。文学如所有的其他的艺术门类一样,也有着自己的价值结构。一般意义上的文学的价值结构被限定于文本及其审美,但中国现代""革命文学""的价值结构,却有其特殊性,它有着更为开放的结构形态。在价值哲学和文艺社会学的价值和价值结构理论的视野中,现代""革命文学""存在着一个四维的价值结构,即信仰价值的维度、文艺审美价值的维度、伦理情感价值的维度和社会文化价值的维度。",长江学术,2018-04-15,期刊,I206.6,76-85,10
36,思想勘探者的乡愁之书——论刘继明的长篇小说《人境》,阳燕,湖北大学文学院,《人境》;乡愁叙事;思想勘探;“大文学”;,"《人境》汇集了刘继明近二十年来的观察与思考,将知识分子叙述与底层叙述这两个作家最关切的题旨作了一次综合而深入的表达,乡愁是小说的基调与底蕴,思想则赋予小说价值与深度。本文认为,思想视野与乡愁叙事的交融,将《人境》谱写为乡村和城市、历史与现实、社会与人生、写实与抒情、叙事与象征的交响,践行了作者倡导的""大文学""的理想范式。",长江学术,2018-04-15,期刊,I207.42,86-93,8
37,易卜生的《建筑大师》与尼采、康德,弗罗德·海兰德;王阅,奥斯陆大学斯堪的纳维亚文学系武汉大学艺术学院,易卜生;尼采;康德;《建筑大师》;,"此文探讨易卜生晚期名剧《建筑大师》与尼采、康德哲学的深层关联。希尔达作为尼采信徒,艾琳·索尔尼斯作为康德哲学的践行者,分别居于该剧道德哲学观念的两极。作者弗罗德·海兰德教授在对《建筑大师》的细读中,具体阐明了希尔达、索尔尼斯的""良心""观与尼采哲学的关联、艾琳的""责任""概念与康德哲学的关联,进而指出:从该剧结尾可以看出,易卜生""对严格的康德主义与不人道的尼采主义提出了同等严厉的批评""。",长江学术,2018-04-15,期刊,I207.3,94-108,15
38,北宋词调声律考析(一),田玉琪,河北大学文学院,北宋;词调;声韵;句拍;,"唐宋词作为音乐之文学,其先乐后词的词乐配合方式决定了同一词调不同词人创作在分片、字数、声韵、句法等方面的高度一致,其变化也有很强的规律性。然由于乐谱失传及文献传播中的错讹,也由于相关词学理论的不健全,以致唐宋词众多词调及同调作品在分片、用韵、断句等方面尚存在诸多问题。其中又以当意断与韵断、句断出现矛盾时,随意断句的问题尤为突出,而又多有本无矛盾而理解分歧以至错乱者。今试对北宋部分词调及同调词作的分片、声韵、句拍等在前人分析的基础上做一些辨析。",长江学术,2018-04-15,期刊,I207.23,117-123,7
39,屠隆传奇《昙花记》自序全文的发现及作年考辨,王萌筱,耶鲁大学东亚语言文学系,屠隆;昙花记;自序;甬上屠氏宗谱;,"屠隆传奇《昙花记》现存诸版本的自序均为残篇。本文于《甬上屠氏宗谱》中发现自序全文,藉此勾勒屠隆对戏曲文体的理解由""嘲风弄月""向""以戏为佛事""的转变,并考辨出自序残篇中的""五十四""并非指该剧的作年,而是指作者开始""长斋修梵""的年岁,纠正了以往学者对该剧作年的误判。",长江学术,2018-04-15,期刊,I207.3,124-128,5
40,移挪的幻想:中国改革开放初期通俗科幻小说,王瑞;方舟,特里尔大学武汉大学文学院,科幻小说;文学幻想;移挪转置;通俗小说;,"本文分析中国改革开放初期科普杂志上发表的大量科幻故事,由此重新审视中国科幻小说的历史。文章认为,这些文本中对物质丰富、感官满足以及与外星人愉快接触的文学幻想,以移挪转置的方式,表达了当时人们对未来的期望,同时也关注了当时读者被压抑的欲望和不满。",长江学术,2018-04-15,期刊,I207.42,31-44,14
41,世界的语言与语言的世界——法国国家科学院东亚语言研究所所长罗端教授访谈,王玥雯;王路宁,武汉大学文学院,汉语;罗端;语法研究;,"罗端教授是法国著名的语言学家,主要学术领域是甲骨文与上古汉语语法研究、语法化研究、汉语与阿尔泰语言接触研究、西北汉语方言研究。访谈主要探讨了他的学术生涯、治学心得和经验。",长江学术,2018-04-15,期刊,H195,5-9,5
42,先秦双宾语的构成、分类和界定方面的问题,刘宋川,湖北大学文学院,三向动词;双向动词;语法意义;述语动词;双宾语;结构式;,"本文依据先秦2784个双宾语用例,采用动词配价理论,提出先秦双宾语的组成决定于述语动词的三向性。认为先秦双宾语要分两大类型:一是有85个本为三向的动词带了双宾语,用例2017个,是先秦双宾语的主体。根据动词的意义类型和述宾之间的语义关系,又可分为给与、取得、告示、称谓四类。二是一小部分双向动词在一定语境中凭借特殊的语法意义转为三向动词(80个),带了双宾语,有767个用例。根据动词的不同语法意义和述宾之间的语义关系,可以把双宾语分成为动、使动、与动、处置四类。文中对这八类双宾语的语义特点和述宾关系作了鉴别性的分析。八类双宾语的组成共有6种结构式,其中A式是基本的。现代汉语继承了其中五类双宾语,沿用了A、C两种结构式。",长江学术,2018-04-15,期刊,H141,109-116,8
43,长江学者,,O,O,"<正>陈文新,1957年生,湖北公安人。""长江学者""特聘教授,国家社科基金重大项目""中国文学史著作整理、研究及数据库建设""首席专家,享受国务院政府特殊津贴专家,博士生导师。现为武汉大学文学院教授委员会主席、中国传统文化研究中心学术委员会主任、域外汉学与汉籍研究中心主任,兼任中华炎黄文化研究会科举文化专业委员会主席团主席、中国俗文学学会顾问、中国明代文学学会副会长、中国",陈文新,,长江学术,K825.6,2,1
44,视域融合下《庄子》之先秦诠评论要,王攸欣,中南大学文学与新闻传播学院,《庄子》;要义;先秦诠评;论要;,"《庄子》内篇在先秦时期就已经产生了较广泛影响,其弟子、后学及《荀子》《韩非子》《吕氏春秋》等,对其观念有所引申、诠评,且各有特点。《天下》篇对庄子人格践行和著述风格有扼要高妙的概述;《荀子》认为庄子天人之说有所""蔽"",实则显示了自身之""蔽"";《韩非子》多处暗引《庄子》,有些段落是对《庄子》文字的演绎,却偏离了庄子的价值立场;《吕氏春秋》融化了庄子的生存智慧,《必己》篇主要篇幅即来源于《庄子》,足见《庄子》之传播和影响。本文在前人研究基础上,以新的诠释学视域融合重新梳理、论述,凸显《庄子》之要义,也使《庄子》之先秦接受史呈现新的面貌。",长江学术,2018-04-15,期刊,B223.5,59-67,9
45,“希腊精神”与“审美理想”——从城市文化视角反思雅典卫城的美学意义,陈定家,中国社会科学院文学研究所,希腊精神;审美理想;雅典卫城;城市美学;,"雅典卫城对城市美学具有划时代意义,它不仅为城市审美文化话语系统制定了一整套""语法规则"",而且还为整个西方建筑艺术史树立了垂范千秋的不朽经典。无论从其充满创新精神的审美理念看,还是从其美学史上的崇高地位和深远影响看,我们都不能不承认这样一个论断——雅典卫城堪称西方古代城市美学的""最高典范""。屡遭劫难的雅典每每浴火重生,她的传奇经历为世人留下了动人心魄的神话故事和英雄传说。庄严神圣的雅典卫城,有如一部用大理石谱写的交响乐与赞美诗,纵使淡然千年,依旧风华冠绝,其无与伦比的美丽与辉煌,堪称""希腊精神""及其""审美理想""的金典与雅范。",长江学术,2018-04-15,期刊,B834.2,10-21,12
46,透明之文与纸上之声——周作人与四方太写生文观比较论,鸟谷真由美,北九州市立大学外国语学部,周作人;阪本四方太;写生文;落语;涩味;,"阪本四方太(1873—1917,笔名文泉子等)是一位在理论和实践两方面参与写生文运动的作家。他1907年在《杜鹃》上发表的《如梦记》,是一篇按照写生的方法创作的半自传小说,当时很受读者欢迎。周作人也一直对该作品爱不释手,并在1940年代将其翻译发表。在《文章谈》(1909)中,四方太论述了写生文的性质和趣味性,特别以""落语""来解释写生文的特色,认为""写生文近乎落语的速记""。1906年秋季开始留学东京的周作人也甚是喜爱落语,将它看作学日语的主要教材。本文通过比较四方太写生文与周作人的创作、文艺评论,试图阐释周作人受到的来自四方太写生文观的影响。",长江学术,2018-01-15,期刊,I0-03,18-29,12
47,目光几经折射回望青春的叙事——从《一个女兵的悄悄话》看严歌苓早期长篇小说叙事,刘艳,中国社会科学院文学研究所,还原生活;叙事结构;叙述视角;故事元素;元情节;,"在严歌苓研究当中,她早期的""女兵三部曲""一直未受到应有的重视,是研究的薄弱环节。纵览严歌苓创作历程,她2017年的长篇小说《芳华》,与她首部长篇小说《绿血》、第二部长篇小说《一个女兵的悄悄话》和后来《穗子物语》里,都有着类似的军旅""芳华""的书写,甚至有着相近的人物原型和情节设计。同是军旅生活叙事,《一个女兵的悄悄话》比先前的《绿血》在还原生活方面,已经拉开了不小的距离;小说通过具有先锋性叙事味道的、一个生命垂危的女兵内心独白式的""当下叙事"",将其所有回忆当中的事件关联起来,形成一个连续的复合体——回忆性叙事,亦即小说的主要叙事,新的叙事结构和叙述视角的自如切换,显示了作家在限制性叙事方面的长足进步;对严歌苓在这个小说和其它小说里不断被使用的故事元素和""元情节""的研究,可以考察她在叙事方面的调整和变化。严歌苓以她不断发展变化的小说叙事艺术的追求,一直带给我们不同的小说""叙事""所呈现的文学性魅力。",长江学术,2018-01-15,期刊,I712.074,55-63,9
48,名词铺排与清诗创作,吴礼权,复旦大学中国语言文学研究所,名词铺排;清诗;文本;结构模式;审美;,"清代诗歌创作,作为中国传统诗歌创作史上的重要一环,既延续了中国传统诗歌创作的传统与文脉,也有自己的创造与特色。同样,在诗歌名词铺排文本的建构方面,清诗既有明显的复古主义倾向,大量继承沿用了中国历代诗歌中所创名词铺排结构模式,但也有不少自己锐意创新的努力成果。因此,在汉语名词铺排史上,清诗在名词铺排文本建构方面的努力是值得我们重视的。",长江学术,2018-01-15,期刊,I207.22,109-117,9
49,回顾与展望:百年新诗访谈,吴思敬;张健,首都师范大学中国诗歌研究中心中国诗歌学会《人民日报》文艺部,O,"<正>一、新诗的资源与传统张健:九叶诗人郑敏曾评价说:""新诗既没有继承古诗的传统,更没有形成自己的传统。""您认为百年新诗有否形成自己的传统,或者说新诗应该如何建构自己的诗学传统?吴思敬:新诗从诞生到今天已达百年,如果以诗人的创作年龄划代,十到二十年为一代的话,至今至少也有六七代了。百年的历史,六七代的诗人,他们的诗学思想与创作成果一代代地沉积下来,不断地汇聚,不断地发展,形成了中国现代诗歌",长江学术,2018-01-15,期刊,I207.25,5-11,7
50,唯美化创作:对母语文学诗性本质的传承与创新——苏童小说与母语写作之三,杨经建,湖南师范大学文学院,苏童小说;母语写作;江南文学传统;唯美化;,"苏童小说之所以具有可读性,是因为他拥有自觉的母语写作意识。苏童的母语写作缘于江南文化和文学的濡染,又集中体现在他对以""俪辞""为所指的南朝文学传统——一种唯""美""尚""艺""的母语文学传统的创造性传承上。""俪辞""文学传统作为一种""有意味的形式"",它呈现了汉语言母语诗性本质的自然舒张,直接启发和点化了苏童小说的话语言说方式,并彰显出唯美主义特质。而且,由于""俪辞""文学传统与与江南文化特有的佳丽本色紧密关联,苏童将女性""红颜""作为江南文化之定位性象喻,因此在小说中营造阴森瑰丽的世界、叙说颓靡感伤的传奇,使其小说文本展示出一种艺术上的柔美和形式上的精致。",长江学术,2018-01-15,期刊,I207.42,70-77,8
51,反读、细节、主体性——任蒙散文切入历史的三种方式,杨彬,中南民族大学文学与新闻传播学院,历史文化散文;切入历史方式;反读;细节;主体性;,"任蒙历史文化散文切入历史有三种方式,即反读、细节、主体性,这三种方式具有内在的逻辑性。反读、细节描写是任蒙历史文化散文主体性思考的两翼,主体性是任蒙历史文化散文的本体,如此一体两翼的切入历史的方式,使得任蒙散文具有超常性、超前性和超我性成就。本文从反读、细节、主体性三个方面研究任蒙历史文化散文切入历史的方式,探讨任蒙历史文化散文的内涵和成就。",长江学术,2018-01-15,期刊,I207.6,78-84,7
52,《种芹人曹霑画册》考实,黄一农,台湾清华大学历史研究所,曹雪芹;陈本敬;闵大章;《红楼梦》;《种芹人曹霑画册》;,"2016年,失踪多时的《种芹人曹霑画册》在贵州省博物馆库房中被重新找回,此文根据笔者实地目验的结果,以及从文献中新发现的一些信息量丰富且环环相扣的证据链,强有力地说明""种芹人曹霑""与《红楼梦》作者曹霑不可能是同名同姓之巧合,且册中所出现曹霑与《红楼梦》两者间的有机连结,更是曹雪芹拥有《红楼梦》著作权的一个新的重要旁证。亦即,《种芹人曹霑画册》很可能是曹雪芹现存唯一诗、书、画、印俱见的真迹。而其上钤盖的字号印""闰周"",或可证明雪芹生于康熙五十五年闰三月。",长江学术,2018-01-15,期刊,I207.411;K879.4,85-99,15
53,走向文本:元明词学趋向论,陈水云,武汉大学文学院,论词作法;制谱订律;编纂词选;走向文本;,"词在南宋以后渐现""唱""""写""分离的趋势,文学性越来越强,音乐性趋于弱化,在宋元之际还出现了几种关于作词之法的专论。进入明代,从音乐走向文本已是大势所趋,作为初学者入门指南的订谱之作越来越多,遴选唐宋词以为词史典范的选本盛极一时,音乐形式文本化和曲词文本经典化是元明词学发展的总体趋向。",长江学术,2018-01-15,期刊,I207.23,100-108,9
54,融合之域·香港文学史的构筑——论《香港文学大系1919—1949》,黄英哲,爱知大学现代中国学部,香港文学史;《香港文学大系1919—1949》;越界;融合;在地视野;,"香港,一座参与了百年来中国历史裂变的城市。从文化地理空间而言,香港虽处边缘,却深刻地纪录了百年来中西文化的变迁与演绎,不仅敷演了中国从晚清以来的文化流变,更汇流了殖民主义带来的西方知识系谱,这块土地上不断地重复着人、文化、政治、思潮的越界并积累成重层的历史记忆,镶嵌在变动的时间中。中国学者在""九七""的历史时限前,以中国文学为母体召唤香港文化,书写香港文学史;进入21世纪后,因回归赋予的正统化,香港文学研究成为中国文学研究框架下的分支。就在香港文学史问世30年之久的2009年,由现任香港教育大学的陈国球教授任总主编,开始编选香港在地的首套《香港文学大系1919—1949》。十二卷的大系从2009年着手,2016年全部完成出版后,7月由香港商务印书馆出版了《导言集》。将附于各选集之前的导言汇整成集,以利读者所用,同时也提供不同读者群阅读线索,有效地引导读者进入""香港文学"",并且给予""史""的建构。不仅纵向承继了中国文学史传统,在形式、内容上则又注入西方的文学批评养分,鲜明地展示着香港文学的独特性,也呼应自身重层的历史经历。",长江学术,2018-01-15,期刊,I206.6,12-17,6
55,诗之“情”与声之“动”——试论抗战时期诗歌朗诵实践在现代诗学上的位置,津守阳,神户市外国语大学,朗诵诗;抗战时期;现代诗学;声音与文字;听觉与视觉;,"本文探讨抗战时期及其前后的""朗诵诗""和""诗朗诵""现象,以及当时的左翼与自由主义两个阵容的诗论及诗歌创作实践。在以往的相关研究中,现代中国有关朗诵诗和诗朗诵的文学现象大致被概括为两个脉络:第一,初期白话诗对于音节改革的追求、新月派格律诗、""现代派""的北平读诗会,以及中国读诗会实践尝试等,都奠定了抗战爆发以后朗诵诗和诗朗诵运动得以展开的基础;第二,作为""精英阶层书斋里实验""的北平读诗会无法引起广泛的共鸣,而与此相反,抗战时期的朗诵诗运动因其""大众化""特征,得以号召全国民的民族意识。本文为了脱离以往主要站在""大众化""的""成功""与""失败""之维度来理解朗诵诗与诗朗诵历史意义的思考框架界限,试图引进日本战争时期诗朗诵高潮现象做为参照系,重新思考这些寻找""声音魔力""的诗学欲望在中国现代表现史上呈现出的含意。",长江学术,2018-01-15,期刊,I207.25,30-41,12
56,文学的“意境”与“越境”——鲁迅和闻一多关于“怎么写”的问题,邓捷,关东学院大学国际文化系,鲁迅;闻一多;怎么写;野草;越境;双重否定;文学传统;,"在中国的现实里睁开眼凝视""血和肉""时,该用怎样的文字和表现形式去描写?鲁迅和闻一多对""三一八""惨案的态度分别代表了二者关于""怎么写""的文学观。在思考西方影响的民族化和文学传统的现代化这一现代文学所面临的双重使命时,二者呈现有意义的对照:鲁迅主张冲破传统的一切束缚,在惨案时反复倾述语言的空疏和表达的艰难;而闻一多以现代的知性持文化保守主义态度,在惨案时探讨诗以及格律问题。关于""怎么写"",本文更进一步通过对""意境""这一文学传统在现代诗论里的展开,以及《野草》的""情景交融""问题和其中的文学观的分析,认为相对于苦于形式禁锢的闻一多,鲁迅是一位向着隐藏创造的可能性的双重否定存在探索的""越境""作家。如果说传统的""意境""世界基本由肯定的叙述来完结,缺乏意象和所暗含之意之间的分裂和对立,那鲁迅通过矛盾和对立的交叉开拓其文学世界的地平,从而唤醒那些沉没于意义世界的地底的、看不见的、否定的事物和存在。这是支撑鲁迅文学的写法,是构建《野草》象征世界的方法。",长江学术,2018-01-15,期刊,I207.2,42-54,13
57,论莫言小说中的母亲类型及其叙事功能,王爱红;李继凯,陕西师范大学文学院,莫言;母亲形象;母亲情结;叙事功能;,"莫言基于历史、现实和生命体验,在小说中塑造了性格鲜明且具有典型意义的女性形象,其中,母亲形象的丰富性和典型性尤为突出,而相应的母亲叙事也尤能显示莫言杰出的艺术才华。通过解析莫言小说中的母亲类型,透视莫言的母亲情结,可以更加深入地了解其母亲叙事功能及密切关联的人文情怀和心理真实。",长江学术,2018-01-15,期刊,I207.42,64-69,6
58,禅典“火里蝍蟟”与《蕲春语》,周碧香,台中教育大学语文教育学系,《蕲春语》;禅宗典籍;多音节词;俗语;语源;,"黄侃先生极重视语源,认为训诂学的核心乃在""求语言文字之系统与根源""。《蕲春语》取湖北地区常用词语,以传统语言理论,考之诸书,验之典籍,证以活语言而成,可谓语源、俗语研究大作。笔者阅读《蕲春语》,思索禅宗典籍俗语理解,仿用黄氏之法,借助传统训诂学深厚内涵与验证理路,考求名物。寻求语言内部理据,观照历时与共时变化,结合禅宗特殊的思考脉络,推敲语义,方为禅典语词研究之法。""风檐展书读,古道照颜色"",为黄侃先生垂示后人求真之法,彰语言学如实的精神与系统性。",长江学术,2018-01-15,期刊,H109.2,118-126,9
59,中国语言学前沿问题系列讲座成功举办,,O,O,"<正>2017年是武汉大学文学院百年院庆之年。为加强武汉大学语言学及应用语言学学科的国际合作与交流,文学院特推出""中国语言学前沿问题系列讲座""(Lecture Series on Chinese Linguistics-LSCL),邀请国内外知名学者围绕中国语言学若干前沿问题做学术报告。首届系列讲座由湖北语言与智能信息处理研究基地主任萧国政教授和武汉大学文学院长江学者讲座教授、澳门大学中文",长江学术,2018-01-15,期刊,H0,129,1
60,长江学者,,O,O,"<正>尚永亮,1956年生。祖籍河南,长于西安。1982年初毕业于陕西师范大学中文系,留校任教;1984、1987年师从霍松林先生攻读中国古代文学研究生,获硕士、博士学位。1991年破格评为副教授,1995年破格评为教授,翌年担任博士生导师。曾任武汉大学文学院院长、教育部高等院",尚永亮,,长江学术,K825.6,2,1
61,缅怀老师的老师——纪念刘永济先生,莫砺锋,南京大学文学院,O,"<正>我与巩本栋教授一起从南大来到武大参加纪念刘永济先生诞辰一百三十周年的盛会,本栋兄曾钻研过刘先生的学术成就,且整理过刘永济先生的遗著,完全有资格来此参会。我则不同,对于我来说,刘永济先生的学术成就有如数仞门墙,""不得其门而入,不见宗庙之美,百官之富""。我来参会的主要目的是来向刘先生致敬。在上世纪五十年代,如果从学术团队的角度来衡量,全国中文学界声势最为显赫的大学无过山东大学与武汉大学。前者有",长江学术,2018-01-15,期刊,K825.6,127-128,2
