1,基于产业集聚视角下中国城市水污染治理研究,聂欣;陈健,暨南大学经济学院广东外语外贸大学金融学院,产业集聚;地级市;水污染;门槛模型;,"集聚发展与环境污染的关系一直是学术界关心的重要问题。本文以产业集聚为视角,利用我国2003-2014年251个地级市的数据来研究产业集聚对我国的水污染的影响。研究结果表明:产业集聚对于水污染的影响并非简单的线性关系,而是呈现倒U型关系。具体而言,发展初期集聚程度较低时,产业集聚将会恶化地区的水环境状况,当集聚提高到一定程度后,产业集聚将表现出环境正外部性从而缓解环境污染现象。同时,产业集聚对于环境污染的影响呈现典型的门槛效应。此外,环境管制强度的提升将会使产业集聚更好地发挥其环境正外部性,反之环境管制强度较低时,产业集聚可能造成周边的环境污染。根据研究发现,本文提出如下政策建议:在产业集聚区内,严格环境准入,深化项目管理;加快基础设施建设,提升企业用水效率;完善相关排污费政策,落实排污的主体责任。",城市观察,2017-12-20,期刊,X52,149-161,13
2,全球机场群空间格局及其对粤港澳大湾区的启示,曹小曙;杨景胜;廖望,中山大学城市与区域研究中心广东省东莞市城建规划设计院,机场群;空间格局;全球城市区域;粤港澳大湾区;,"基于2016年的OAG计划航班数据,重点分析了全球机场群的空间格局,并以纽约、旧金山、日本湾区为全球城市区域机场群的典型案例,具体分析了三大湾区发展现状。研究发现:除美国和欧洲的英、法、德、意等国外,中国、日本、泰国和巴西等国的机场群数量占有绝对优势。粤港澳大湾区作为中国发展最为成熟的机场群,呈现出多核心的发展模式,机场体系较为完善,但辅助机场潜力善待挖掘。从空间距离来看,世界三大湾区机场群内机场布局更为紧凑,而旅客在粤港澳大湾区机场间流通的时间成本仍旧过高。在""粤港澳大湾区""的发展主题下,未来应注重打造多功能国际航空门户,服务于""一带一路""战略,挖掘辅助机场的发展潜力,完善机场等级体系,加快建设高效的地面交通疏散网络。",城市观察,2017-12-20,期刊,F562.8,35-44,10
3,规划视角下的城市创新与“创新人”——美国纽约的经验与启示,赵峥,北京师范大学经济与资源管理研究院首都科技发展战略研究院,创新人;城市规划;城市创新;,"纽约城市规划立足""创新人""的需求,营造城市创新生态,不仅为自身城市创新发展提供了良好的基础和保障,也为中国城市创新发展提供了借鉴与经验。在中国城市化发展进入质量导向的新阶段,中国城市需要坚持以人为本,围绕提升""创新人""能力、动力、活力和承载力,依靠创新实现城市可持续发展。",城市观察,2017-12-20,期刊,TU984.7,112-118,7
4,基于场所精神的居住区更新改造规划研究——以武汉青山区红房子片区为例,刘润;管子仪;李红润,湖北大学资源环境学院,场所精神;更新改造;城市文化;红房子片区;武汉市;,"城市建筑记录着历史发展的脉络,城市发展是历史文化和城市精神的有机延伸,然而推倒重建式的城市更新使场所精神难以延续。老居住区是其中一类蕴含着丰富的日常化、情感化、地域性的场所精神的区域。本文通过大量实地调研、文献梳理、归纳演绎等系统的质性研究方法,首先对老居住区的场所精神进行深入解读,并据此提出基于场所精神的老居住区更新改造的一般思路和方案;其次以武汉青山区红房子为例进行实证研究,探寻红房子片区的场所精神以及更新改造所应采取的途径与方案,希望以此为城市老居住区更新改造提供一定借鉴。",城市观察,2017-12-20,期刊,TU984.12,102-111,10
5,城市更新:实践、变革与创新——第二届“设计城市”圆桌研讨会在广州举行,,O,O,"<正>11月24日,由广州市社会科学界联合会、华南理工大学联合主办,华南理工大学建筑学院、华南理工大学社会科学处、《城市观察》杂志社联合承办的""城市更新:实践、变革与创新""——第二届""设计城市""圆桌研讨会在华南理工大学建筑学院红楼一楼报告厅举行,这也是第四届广州学术季的重要活动之一。会上,华南理工大学建筑学院王世福教授、东南大学建筑学院阳建",城市观察,2017-12-20,期刊,F299.2-2,2,1
6,差距与对接:粤港澳大湾区国际化营商环境的建设路径,谢俊;申明浩;杨永聪,广东外语外贸大学粤港澳大湾区研究院,粤港澳大湾区;营商环境;建设路径;,"透明、便利、法治的营商环境是湾区经济取得成功的重要前提,国际化营商环境建设的成效决定着粤港澳大湾区能否实现从区域性湾区向国际大湾区跨越和升级。本文基于粤港澳大湾区城市群发展规划这一政策背景,系统识别粤港澳大湾区与国际一流湾区在营商环境上所存在的外部差距,以及粤港澳大湾区城市之间在营商环境上的内部差距,并综合归纳营商环境建设的国际先进经验,最后从市场环境、政务环境、法治环境和社会环境四个方面提出粤港澳大湾区国际化营商环境的建设路径。",城市观察,2017-12-20,期刊,F127,25-34,10
7,粤港澳自贸区协同引领“一带一路”建设研究,黄霓;陈茜,广东省社会科学院国际经济研究所,“一带一路”;自贸园区;粤港澳合作;协同引领;,"""一带一路""倡议和自由贸易园区的设立均是新时期中国扩大对外开放的主要形式,是中国全方位融入世界的重要战略部署。粤港澳地处中国南大门,面向东南亚,背靠泛珠江三角洲等广大腹地,更是21世纪海上丝绸之路的门户枢纽。依托港澳自由港优势,粤港澳自贸区协同充当""引进来""和""走出去""的桥梁和平台,将引领""一带一路""建设向纵深发展。",城市观察,2017-12-20,期刊,F127,45-55,11
8,南沙自贸试验区与广州国家自主创新示范区的联动发展研究,陈林;邹经韬,暨南大学产业经济研究院,自贸试验区;自主创新示范区;双自联动;,"自贸试验区和自主创新示范区均是我国的国家战略,前者要通过制度创新实现开放对改革的倒逼机制,后者要通过体制机制创新形成创新驱动对产业转型升级的引领作用。当两大国家战略进行叠加融合时,不仅可以形成物理空间上的联动,而且还可以形成制度创新与科技创新的联动,高规格贸易规则与创新驱动的联动。目前,广州市对内面临经济结构优化、产业转型升级的需要,对外面临国际经济贸易规则重构的压力。这要求广州政府必须运用""双自联动""的发展优势,合理制定""双自联动""发展策略,为广州市解决内外发展难题开辟出新的突破口和创新道路。",城市观察,2017-12-20,期刊,F752.8,56-66,11
9,港澳青年参与南沙新区发展研究,钟韵,暨南大学经济学院特区港澳经济研究所,南沙新区;港澳青年;就业与创业;,"人才交流是区域合作的一项重要内容。粤港澳大湾区建设时代下,广东自贸区面临重大的发展机遇,具有良好的发展势头,同时亦担负着为港澳青年拓宽发展空间的任务。本文试图在对南沙新区引进人才的现状特征与发展趋势的分析基础上,基于对港澳青年的调研及问卷调查资料,描绘出港澳青年对于到南沙新区实习、就业及创业的意愿,以及港澳青年目前对于到南沙工作的顾虑,最后提出促进港澳青年到南沙就业创业的策略建议。",城市观察,2017-12-20,期刊,F279.27,67-74,8
10,消除农村土地流转中阻力的有效途径:农民工返乡创业——以安徽为例,汪独友,盐城师范学院公共管理学院,农民工;返乡创业;土地流转;安徽;,"工业化和城市化的发展吸纳了大量的农村剩余劳动力,农村的土地出现了相对剩余,规模性的土地流转成为一种必然的趋势,但在流转过程中仍存在着一定的阻力。近年,农民工返乡创业潮流的兴起,为加速土地流转提供了机会。毫无疑问,农民工是促进农村土地流转的重要力量之一,有效的土地流转对农村经济发展起着良好的推动作用。本文以安徽省为例,首先阐明农民工返乡创业对于加快农村土地流转的意义,然后对农村土地流转中的阻力进行分析,最后提出相应的对策,以供有关部门参考。",城市观察,2017-12-20,期刊,F321.1;F323.6,83-92,10
11,城中村集体行动何以可能?——基于西头新村自发合作治理的个案研究,刘启超;章平,深圳大学中国经济特区研究中心,城中村集体行动;自发治理;自主组织;流动人口;,"城市化的快速发展,使深圳成为全国唯一没有农村的城市,也使深圳市成为全国城中村数量最多的城市。城中村有其历史作用和价值,也暴露了一些问题,深圳市政府把城中村的改造治理提上议程。在""强政府-弱社会""的背景下,城中村的改造治理往往采取""政府主导,市场运作""的方法。因此,很少有村民自发合作治理的集体行动发生。本文利用西头新村这一天然田野实验室,以集体行动的逻辑为视角,来探讨在无公权力和开发商参与下,自发合作治理的集体行动得以形成的机制。在""利维坦式""和市场化之外,为城中村的改造治理提供新的视角。本文认为在改造治理过程中,政府应转变改造治理的思路和更多地兼顾流动人口利益,为这些流动人口提供居住之所。",城市观察,2017-12-20,期刊,F327,119-127,9
12,城市基层治理的社企融合策略研究,张冰,广东省社会科学院,城市治理;混合型社区;单位型社区;基层党建;,"社企混合型社区的存在,是中国城市基层社会从单位型向社区型转型过程中的普遍现象;两种治理体制的并存和冲突,是中国城市基层治理的一大特色,也是导致基层社会治理困境的主要根源。化解这一困境并推进城市基层社区的共建、共治和共享,关键在于从创新基层党建工作出发,促进社区与企业在社区管理服务上的内在联动,并通过机制创新、技术创新、组织创新、文化创新等举措,实现社企在社区治理上的全方位、深度化融合。",城市观察,2017-12-20,期刊,D630;F279.2;F299.2,128-137,10
13,健康城市的国际实践及发展趋势,武占云;单菁菁,中国社会科学院城市发展与环境研究所,健康城市;国际经验;发展趋势;启示借鉴;,"健康城市是当前世界各国应对城市化健康问题和追求可持续发展的重要途径。本文系统梳理健康城市的概念内涵及其演变发展,基于世界不同地区健康城市的典型案例,分析全球健康城市的建设特色和实践历程,并从发展理念、组织架构、参与主体和实施策略等方面对未来全球健康城市的发展进行趋势分析。最后,结合中国健康城市建设的实际,从统筹建设、规划设计和保障机制等方面提出推进""健康中国2030""战略的对策建议。",城市观察,2017-12-20,期刊,R197.1,138-148,11
14,粤港澳大湾区经济开放度研究——基于四大湾区比较分析,张昱;陈俊坤,广东外语外贸大学广东外语外贸大学广州国际商贸中心研究基地,粤港澳大湾区;湾区经济;开放度;,"粤港澳大湾区建设对于对外开放新格局下的中国对外开放战略调整具有重要意义。开放性是湾区经济的重要特征,本文构建了湾区经济开放度比较的基本体系,并据此对包括粤港澳湾区在内的四大湾区进行了比较研究。结论认为,粤港澳地区已经形成发展为世界顶级湾区的开放型经济雏形与良好的基础设施支撑,但仍然存在巨大的发展空间。粤港澳大湾区的开放发展应更加强调经济效率、开放均衡性、内部协调发展等问题。",城市观察,2017-12-20,期刊,F127,7-13+24,8
15,供给侧改革背景下的广东特色小镇:问题、思路与方向,潘道远,深圳大学文化产业研究院,供给侧改革;特色小镇;广东;政府功能;,"供给侧改革下的新型城镇化进程和新产业升级趋势是特色小镇建设的两个重要时代背景。特色小镇建设应避开依靠房地产、依靠大规模投资的误区,明确""特色""在于特定的空间和特定的文化、产业高度集聚以及新型的生活方式。广东在建设特色小镇过程中有三大传统优势:一是岭南文化独具特色,二是珠三角地区有良好的工业基础,三是有丰富的文化与科技融合发展经验。在后期建设过程中,应明确政府角色:以企业为构建核心,深化服务型政府改革;规划要重产业发展,更重舒适宜居;做文化的保护者和发掘者。",城市观察,2017-12-20,期刊,F299.27,75-82,8
16,粤港澳大湾区发展研究,申明浩,广东外语外贸大学粤港澳大湾区研究院,O,"<正>习近平总书记在十九大报告中提出:""要支持香港、澳门融入国家发展大局,以粤港澳大湾区建设、粤港澳合作、泛珠三角区域合作等为重点,全面推进内地同香港、澳门互利合作。""粤港澳大湾区作为落实粤港澳合作、推动合作机制创新以及实现协同发展的重要平台和载体,在推动粤港澳协同发展、构建对外开新格局、落实供给侧结构性改革以及打造经济增长新路径等方面所发挥的作用也越来越重要。",城市观察,2017-12-20,期刊,F127,5-6,2
17,粤港澳大湾区对外开放水平的测度与比较,杨永聪;申明浩,广东外语外贸大学粤港澳大湾区研究院,粤港澳大湾区;城市群;对外开放;因子分析;,"高度包容开放是世界一流湾区的共有特征,对外开放水平的高低直接关系到粤港澳大湾区能否实现跻身世界一流湾区行列的目标。本文基于贸易开放度、投资开放度等多个维度,应用主成分分析法对粤港澳大湾区在2010-2015年间的对外开放水平进行了测度,并且与京津冀城市群和长三角城市群进行了比较,结果发现:粤港澳大湾区的总体对外开放水平处于上升通道,而且显著高于京津冀城市群和长三角城市群;同时,粤港澳大湾区城市间的对外开放水平表现出了总体分化、局部趋同的特征。为此,可以通过充分发挥香港""超级联系人""功能、借助广东自贸区开展制度创新、""引进来""与""走出去""双向互动以及推动基础设施一体化建设等方式,进一步提升粤港澳大湾区对外开放水平,为粤港澳大湾区集聚和优化要素资源配置、激发经济增长新活力和新动力创造条件。",城市观察,2017-12-20,期刊,F127,14-24,11
18,广州图书馆夜景,全景,O,O,O,城市观察,2017-12-20,期刊,J42,166,1
19,我国城市新区产城融合状态、经验与路径选择,刘厚莲,中国人口与发展研究中心,产城融合;城市新区;发展路径;人口市民化;,"从产城融合的提出与内涵出发,依据产业与城镇化协调发展三种状态类型判断我国城市新区产城融合发展程度较低,表现为滞后城镇化特征。通过梳理和总结深圳坪山新区、上海青浦新城和四川天府新区三个新区促进产城融合的做法,研究认为我国城市新区产城融合发展要把握特色小镇建设机遇,以新区综合发展规划为基础;以促进人口市民化为核心促进生产空间和生活空间融合,提升人口在新区居留意愿和获得感;强化交通、基本公共服务配套建设,促使具有单一产业发展功能的园区转型为集现代高端产业、居住商业生活为一体的新城区,实现新区人口与产业、城镇化良性互动发展。",城市观察,2017-12-20,期刊,F299.2,93-101,9
20,优化产能空间布局疏解京津冀雾霾污染,李庆,中国社会科学院城市发展与环境研究所,产能;空间布局;京津冀;雾霾;,"雾霾污染关乎人民群众的身心健康,全面建成小康社会的伟大目标不能在满眼雾霾中实现。京津冀雾霾问题的症结在于三高产业(高能耗、高排放、高污染)在人口密集地区过度集中,产生的巨量排放在不利气象和地理条件下与城市交通、采暖、扬尘等排放因素叠加形成严重的雾霾污染,因此有必要结合国家区域发展战略,优化高耗能产业的空间布局,协调好产业与城市的空间关系,尤其要处理好高耗能产业与高密度城市群的空间布局关系,抓紧制定三高产业的空间布局规划,通过实施三高产业空间优化布局战略打破三高产业在人口稠密地区的过度集中,实现对京津冀地区雾霾污染的有效治理。",城市观察,2017-10-20,期刊,F127;X513,122-132,11
21,北京市城区公交停靠与道路通行状态的互动研究,宗刚;朱丽南;曾庆华,北京工业大学经济与管理学院,公交停靠站;城市公共交通;交通拥堵;,"在对公交停靠站点分类的基础上,通过对工作日平峰、高峰时段北京市典型道路通行状态和公交停靠站进行实地观测,利用调查统计数据考察公交停靠与道路通行状态的相互作用。为特大型城市公交停靠站设置模式、公交线路规划以及缓解城市交通拥堵提供新的思路和对策。结果表明,交叉口附近设置公交停靠站、公交排队至机动车道、站点占用机动车道以及连续多站点占用机动车道降低道路通行速度;道路拥堵越严重,公交进出站时间越长,且港湾式停靠站公交进出站时间普遍长于直线式停靠站。",城市观察,2017-10-20,期刊,U491,80-89,10
22,新型城镇化背景下地区性中心城市的功能作用及评价体系构建,张欣炜,上海市发展改革研究院,新型城镇化;地区中心城市;功能;指标体系;,"在新型城镇化发展的背景下,一方面要发挥中心城市的辐射带动作用,另一方面要严控特大城市的人口规模,因而拥有相当的人口规模、较强的经济基础和一定综合服务能力的地区性中心城市功能的发挥显得尤为重要。本文首先从中心城市的概念内涵入手,对其经济、社会功能作用进行了分析;在此基础上从经济社会基础、集聚能力和辐射能力三方面构建了评价地区性中心城市的三级指标体系和中心性指数,并提出了相关的城市发展建议。",城市观察,2017-10-20,期刊,TU984,19-29,11
24,《城市观察》杂志征稿启事,URBAN,《城市观察》,O,"<正>《城市观察》杂志自2009年创刊以来,坚持精品办刊方针,力求""聚集全球城市研究智慧资源,构建城市科学发展公共智库"",积极探索城市科学发展的规律和经验,以展现当今世界城市的最新理论和趋势,努力为各级城市决策者、管理者提供具有前瞻性和实用",INSIGHT;,城市观察,2017-10-20,+,2,1
25,广州制造2025思路与对策研究——基于“一带一路”产能合作的视角,韩永辉;李子文;韦东明,广东外语外贸大学广东国际战略研究院广东外语外贸大学粤商研究中心广东外语外贸大学商学院,广州制造;“一带一路”;产能合作;制造业升级;,"经济发展进入新常态后,广州制造业面临着新挑战和新机遇,亟须转变发展方式。本文详细分析广州制造业的发展现状,剖析目前存在的发展问题,结合""一带一路""战略,研判广州制造业与""一带一路""沿线国家的比较优势,探索对接""一带一路""产能合作的有效路径,通过产能合作破解广州制造业发展难题。最后,本文围绕战略规划、人才建设、创新驱动等方面提出保障""广州制造2025""实现的对策建议,促进广州制造业的转型升级,实现广州制造由大变强的战略目标,率先建成""中国制造2025""全国试点示范城市。",城市观察,2017-10-20,期刊,F427,41-57,17
26,巨变与定型:经济地理格局中的城市能级与层级态势研究,何雨,江苏省社会科学院区域现代化研究院,城市;能级与层级;定型化;态势;,"当前,中国城市经济地理格局正处于前所未有的巨变中。这种巨变体现在两个层面:一是城市的能级不断跃升,二是城市的层级基本定型。能级跃升与层级定型的矛盾,是当代中国城市经济地理格局中的客观现实。这意味着,对于雄心勃勃的强二线城市来说,能级继续跃升的空间依然很大,但想在层级上与一线城市比肩,几无可能。故,对强二线城市来说,更好的选择是尊重近40年改革开放所形成的城市层级秩序,把方向与精力放在提升城市能级上。",城市观察,2017-10-20,期刊,F299.2,73-79,7
27,社区共享经济促进社区融合的趋势及机制——以北京S社区共享生活为例,陈晶;何俊芳,国家卫生计生委流动人口服务中心中央民族大学民族学与社会学学院,共享经济;社区融合;,"通过北京S社区共享生活呈现互联网时代下社区共享经济兴起和发展的新趋势,尝试探讨社区共享经济促进社区融合的可能机制。研究发现,社区共享经济不仅酝酿着社区新业态、经济新模式以及社区经济发展的无限潜能,还深刻地影响着社会结构和社会关系;社区共享经济与社区融合在不同的层次上相互作用、互相促进,不仅是由于空间、资源、社群在社区内部的交叠、重组和变革,也是""利益驱动""和""关系驱动""并驾齐驱的社区价值观以及人际信任与市场信任互构共赢的社区信任结构升级的过程与结果。",城市观察,2017-10-20,期刊,F49,100-109,10
28,社会资本视角下社区社会组织培育模式探讨——以浙江省H市SC区XY街道为例,方亚琴,渤海大学,社区社会组织;社会资本;双向培育;,"以社区社会组织的培育模式为研究对象,从经验层面考察了社区社会组织在我国社区社会资本培育中的作用,发现我国的社区社会资本主要来源于非正式的邻里互动,社区社会组织在社区社会资本培育中尚未充分发挥作用,其根本原因在于社区社会组织较低的发展水平。由此采用社会资本的视角,以浙江省H市SC区XY街道社区社会组织培育的""三社""模式作为研究个案,考察双向培育模式的特征,对政府介入社区社会组织培育的合理性与合理化问题进行了讨论。",城市观察,2017-10-20,期刊,D632.9,110-121,12
29,国内外地下综合管廊法制建设的经验与借鉴,宁超乔;张家睿,广州市社会科学院城市管理研究所广东工业大学建筑与城市规划学院,地下综合管廊;法规体系;经验启示;,"近年来,随着我国城市建设热潮的开展和基础设施建设水平的提高,越来越多的大中城市开始着手进行地下综合管廊的建设。虽然我国地下综合管廊规划建设工作已受到了重视,但也存在一些问题。文章针对国内管廊法规体系建设当中存在问题进行了深入分析,并结合境外地区的相关经验借鉴,对我国地下管廊的法规制度建设提出了相关的建议,包括开展专项立法、完善中央到地方的各级法规体系建设以及鼓励多元主体在法律框架下参与到城市地下管廊的建设当中。",城市观察,2017-10-20,期刊,D912.1,133-142,10
30,推进“一带一路”建设下粤港澳文化交流与合作,余欣,广东省社会科学院国际经济研究所,粤港澳文化;一带一路;文化交流合作;,"粤港澳大湾区已被纳入国家""一带一路""愿景规划,作为极具经济活力的地域,文化交汇融合的步伐也越来越快。三地文化各有所长,且三地文化合作以优势互补、资源共享、平等协商、稳步推进为原则,在各方面取得良好进展,并可在""一带一路""建设中发挥重要作用。如何利用一带一路助推粤港澳文化融合发展,促进文化产业传播和发展,是值得当前探讨和研究的重要问题。",城市观察,2017-10-20,期刊,G127,143-152,10
31,“一带一路”背景下加速发展友好城市的意义和对策,徐留琴;杨晓燕,广东外语外贸大学商学院,“一带一路”;民心相通;友好城市;,"2015年国家发改委等发布的《推动共建丝绸之路经济带和21世纪海上丝绸之路的愿景与行动》提出鼓励沿线国家重要城市之间互结友好城市,并指出友城工作在""一带一路""中的重要作用。已缔结友好城市的交往成果表明,友城渠道是推动区域交流和中外合作的先导者和重要途径。本文分析中外友城交流经验,分析""一带一路""战略合作背景下,加速发展友好城市的重要性和挑战,提出民心相通、传统文化先行、发展地方特色项目等友好城市合作发展建议。",城市观察,2017-10-20,期刊,D827,153-164,12
32,欢迎订阅《城市观察》杂志,,O,O,"<正>聚集全球城市研究智慧资源构建城市科学发展公共智库《城市观察》杂志自2009年创刊以来,坚持精品办刊方针,力求""聚集全球城市研究智慧资源,构建城市科学发展公共智库"",积极探索城市科学发展的规律和经验,以展现当今世界城市的最新理论和趋势,努力为各级城市决策者、管理者提供具有前瞻性和实用性的学术参考资料。",城市观察,2017-10-20,期刊,+,165,1
33,长三角城市群人口空间分布的时空演变及影响因素研究,刘乃全;吴伟平;刘莎,上海财经大学城市与区域科学学院,长三角城市群;人口空间分布;时空演变;影响因素;,"从总体结构、偏移增长、圈层结构以及不均衡特征等四个层面剖析了长三角城市群人口分布的时空演变特征,从人口自然增长因素、经济环境因素、社会环境因素以及自然环境因素等四个方面探析人口空间格局演变的主要影响因素,并基于16个核心城市的面板数据实证检验了影响长三角城市群人口空间分布的关键因素。结果显示:(1)长三角城市群的性别比例较为均衡,老龄化程度较严重且城市群内部差异较大,学历结构要优于全国其他地区;(2)长三角城市群的人口偏移增长量呈现上升趋势,并逐步形成了以上海为中心、南京和杭州为副中心的人口空间圈层体系结构,但人口空间分布的不均衡指数总体上呈现上升趋势;(3)地区经济发展水平、产业结构、房价水平、环境质量和就业率是影响长三角人口空间分布的关键性变量。",城市观察,2017-10-20,期刊,C924.2;F299.27,5-18,14
34,内陆城市在“全球城市”新框架下的全球化路径思考——以成都为例,姚南,成都市规划设计研究院规划二所,全球城市;竞争力;内陆城市;成都;,"美国布鲁金斯学会对""全球城市""进行了重新界定,该研究将全球最大的123个都市经济区分为了全球巨头、亚洲锚点、新兴门户、中国工厂、知识资本、美国中量级和国际中量级七大类型,指出了每类全球城市的特征、问题及发展建议。本文在全面介绍该研究的基础上,以成都为例,进行了对标审视,并从中获取了对内陆城市全球化路径的启示。",城市观察,2017-10-20,期刊,F299.27,30-40,11
35,广州珠江两岸一瞥,全景,O,O,O,城市观察,2017-10-20,期刊,J42,166,1
36,生态修复中的社区多元主体参与共治模式研究——以广州“城中村”为例,黄安心,广州市广播电视大学管理学院,“城中村”;生态修复;多元参与;社区治理;体系构建;,"""城中村""生态环境恶化,不但降低了城市的生活品质,制约了城市化整体水平的提升,而且也影响到和谐社区建设的物质环境基础。在借鉴国内外生态修复与社区治理理论与实践成果的基础上,以广州""城中村""为例,探讨与社区生态修复相关的社区多元主体参与社区生态治理的主要问题,设计构建与生态修复相适应的社区治理体系,并提出相关对策措施,以唤醒社区参与生态建设意识,激发参与社区生态修复动力,培育社区生态修复理念、习惯与行为模式,推动可持续的生态修复行动,固化生态修复成果。",城市观察,2017-08-20,期刊,X171.4,94-108,15
37,基于公共物品理论的城市公共自行车可持续发展研究——以北京市为例,吴渭,北京城市学院,公共物品理论;城市公共自行车;共享单车;,"城市公共自行车是一项惠民工程,它具备了部分准公共物品的属性,即一定程度上的非排他性、一定程度上的非竞争性以及较强的正外部性,所以,市场对于城市公共自行车的有效供应会小于最优值,而且有可能出现""公地悲剧""的情况,因此,需要政府来直接提供或对提供城市公共自行车的私人部门进行补偿、激励。但随着社会经济的发展变化,在城市公共自行车的供给上政府和私人部门的边界发生了偏移,城市共享单车的出现和蓬勃发展是市场自然选择的结果。本文以公共物品理论为指导,结合北京市公共自行车发展的三个阶段,分析了城市公共自行车可持续发展中面临的主要困境,并对如何破局提出了思考。",城市观察,2017-08-20,期刊,U491.225,109-116,8
38,格拉斯哥市城市发展规划的编制过程及其启示,吕小康;黄奇晴,南开大学周恩来政府管理学院伦敦大学学院巴特莱特先进空间分析中心,格拉斯哥;地方发展规划;城市总体规划;规划编制;,"作为苏格兰第一大城市、英国第三大城市,格拉斯哥有着成熟完备的规划体系,于2017年正式出台了新一轮城市发展规划。其城市发展规则编制兼备规范性与灵活性,围绕议会确定的""促进可持续发展""的发展目标,衍生出高品质、健康、紧凑、可持续四个战略目标继而制定相关重点领域政策;坚持动态规划原则,包含监测、征询、编制、审查、采纳、实施、评估、更新等环节在内的动态历程;关注公共产品的规划,如交通体系、环境绿地、基础设施、住房建设等,其所关注经济发展的重点在于就业岗位的增长和不同产业间的此消彼长而不是关注GDP数据;以广泛的公众参与凝聚共识,其公众参与的途径多、范围广、涉及群体全面,其规划过程是一个不断进行规划教育、求得理性共识的过程。通过这种方式制定出的规划反映的不仅仅是政府的主观愿望,还有公众对城市未来的期待。这些对国内同类型城市发展规划的编制具有积极的借鉴意义。",城市观察,2017-08-20,期刊,TU984.5,80-93,14
39,上海打造卓越全球城市的路径分析——基于国际智慧城市经验的借鉴,王操;李农,上海社会科学院信息研究所,全球城市;智慧城市;智能城市;智能技术;,"智慧城市是城市信息化演进的新阶段和新形态,而城市本身的发展战略规划是智慧城市规划、建设和发展的依据。本文分析了智慧城市概念提出的时代背景与内涵特征,跟踪分析了智慧城市的建设与实践历程,通过对比分析纽约和伦敦两大顶级全球城市近年来的城市战略规划及其智慧城市建设情况,分析提取了相应的智慧城市建设经验,并结合上海的卓越全球城市战略规划和智慧城市建设现状,提出了上海卓越全球城市智慧化建设的设想。",城市观察,2017-08-20,期刊,F299.27;F49,5-23,19
40,城市更新过程中土地集约利用的经验与启示,宋榕潮,广东省土地调查规划院,城市更新;土地资源;集约利用;,"文章探讨城市更新与土地集约利用的关系,通过借鉴国内外城市在更新过程中土地集约利用的经验,提出了我国城市更新过程中土地集约利用的政策建议。",城市观察,2017-08-20,期刊,F301.2,71-79,9
41,城市社会的城市化——东北和广东省的经验,李通屏;魏下海;彭博,中国地质大学(武汉)经济管理学院华南师范大学经济管理学院,城市社会;动力机制;新型城镇化;实证研究;,"中国东北三省和广东省比全国早10~20年进入城市型社会。本文利用2000-2014年的面板数据,分析了东北地区和广东省进入城市社会以后城市化的动力问题。研究发现,在城市社会的初级阶段,城乡收入差距、人均收入、流动人口和城镇登记失业率对城市化仍发挥重要作用;城乡居民消费水平差距对城市化的作用不显著;工业化对城市化的动力作用已经释放完毕,甚至显示出负向变动关系;国有投资比重整体上未通过模型检验,但尚不能断言国有经济拖累城市化进程;对外贸易对城市化的影响不显著,而外商直接投资对城市化有挤出效应;固定资产投资、政府干预对城市化速度的推动作用不显著甚至为负。与进入城市社会之前相比,城市化的传统动能仍然较强,新型城镇化动能不足。",城市观察,2017-08-20,期刊,F299.27,24-38,15
42,城市群病:产生诱因与治理对策,王枫云;陈亚楠,广州大学公共管理学院,城市群;城市群病;产生原因;治理对策;,"""城市群""是我国近30年来新型工业化和新型城镇化发展到较高阶段的必然产物。城市群的发展不仅主导着中国新型城镇化的未来,而且还引领着国家经济社会发展的方向。人们在追求城市群快速发展的同时,也使得""城市群病""日益凸现。造成中国""城市群病""症结在于政府合作机制低效、城镇化率虚高、基础公共配套缺乏、边界环境污染等严重的共性问题。分析我国""城市群病""产生的原因,并从科学角度提出推进城市群健康发展的技术路径和科学方案具有重要的意义。",城市观察,2017-08-20,期刊,F299.2,39-49,11
43,深圳土地城市化进程及土地问题探析,谢涤湘;牛通,广东工业大学建筑与城市规划学院,土地城市化;改革创新;新二元格局;产权制度改革;,"改革开放以来,深圳通过一系列卓有成效的土地政策创新,开启了土地快速城市化之路,然而率先冲破僵硬体制的深圳也较早遇到了土地问题的羁绊。文章首先根据深圳不同时期土地政策的特点,将深圳土地城市化进程划分为四个阶段:初步探索阶段、逐步完善阶段、城市化加速阶段及城市发展瓶颈阶段。其次梳理了快速城市化带来的土地问题:建设用地资源紧张、历史遗留问题突出及违法建筑的困扰等。最后针对产生的土地问题,认为有效盘活历史用地及挖潜存量土地是深圳破除城市发展障碍的关键,并在明晰土地产权、优化土地格局及土地立体化探索等方面提出了相关建议。",城市观察,2017-08-20,期刊,F299.27,50-59,10
44,大型会展场馆建设的市场影响与管理对策研究——以上海两大会展中心为例,贾岷江;万春林;岳培宇,成都大学旅游与经济管理学院、成都会展经济发展研究院泰国国家发展管理研究院,会展场馆;展览会;场馆利用率;市场管理;,"目前,我国许多城市正在或准备兴建大型(超大型)会展场馆。这是否会导致场馆闲置、影响各场馆的目标市场,以及现有场馆将如何应对都是值得研究的问题。上海会展业在国内居于领先地位,并且经历了多次大型场馆的建设。以上海新国际博览中心和国家会展中心(上海)两大场馆为典型,对其出现后的本地主要会展场馆举办的展览会进行对比分析,发现:(1)新建大型会展场馆的展览会主要来自本地,小部分来自其他城市;(2)较大规模的展览会将向更大规模的场馆转移;(3)各类场馆举办的展览会类型发生了变化;(4)场馆利用率高低取决于市场供给、需求情况和自身管理水平,中外合作的大型场馆利用率较高。由此,从供给侧提出了不同规模会展场馆的管理策略。",城市观察,2017-08-20,期刊,F713.83,60-70,11
45,广东自贸区南沙片区与上海自贸区的开放措施比较研究,陈德宁;高晓祥;高静雯,广东财经大学国民经济研究中心、地理与旅游学院广东财经大学经济学院广东财经大学地理与旅游学院,自贸区;开放措施;负面清单;广州;上海;,"自2013年9月上海自贸区成立以来,各项开放措施及相关制度创新方面的改革取得了极大的进步。2014年底成立的广东自贸区南沙片区,担负着依托港澳、服务内地的重任。虽然两个自贸区的地理位置、经济状况和发展定位有所不同,但构建开放型经济新体制的发展目标是一致的。比较研究发现,在投资管理、贸易监管和自然人移动方面,南沙自贸片区的开放水平高于上海自贸区,但在政府行政和金融开放方面与上海仍有一定的差距,税赋制度方面则二者水平相同。因此,南沙自贸片区若在开放制度上赶超上海自贸区,需以香港为师,这将是南沙的制度培育和创新方向。",城市观察,2017-08-20,期刊,F127,132-146,15
46,城市女性的群体休闲活动影响因素研究——以广场舞为例,彭莉;吴翠萍,安徽师范大学,城市女性;广场舞;群体休闲活动;,"随着我国经济社会的不断发展,人们生活质量提高,休闲活动得以拓展。但休闲活动的拓展更多的是男性休闲活动的拓展,与之相比,女性休闲活动依旧显得不足。以社区广场舞为例探究影响城市女性的群体休闲活动开展的因素,通过非参与式观察及问卷调查分析得出广场舞的占地空间、时间、参与人数及成员间的互动影响着城市女性群体休闲活动的持续开展的结论。",城市观察,2017-08-20,期刊,C913.68;J722.1,147-155,9
47,论《德意志意识形态》中城市理论的双重逻辑,马超,云南省社会科学院哲学研究所,城市;分工;所有制;,"马克思和恩格斯在《德意志意识形态》中对城市问题进行了系统考察。我们认为这种考察存在两个充满张力的内在逻辑维度:第一种逻辑是从现实的社会生产出发,建立在分工、交往、所有制等社会关系基础之上的历史逻辑;第二种逻辑是立足于资本主义批判,对城市经济和政治进行批判的批判逻辑。在历史逻辑下,马克思和恩格斯将城市视为人类社会生产发展的必然产物和文明形态,客观上高度肯定城市对于人类文明的重要意义,并在《资本论》等著作中将这一思想发展完善。而在批判逻辑下,马克思和恩格斯从私有制和阶级对立的演进来说明城市发展,将城市视为私有制的产物及资本主义社会的典型,从而在价值和道德维度批判资本主义城市的弊端。两种逻辑对于当代中国城市发展都具有重要的指导意义。",城市观察,2017-08-20,期刊,A811;C912.81,156-164,9
48,欢迎订阅《城市观察》杂志,,O,O,"<正>聚集全球城市研究智慧资源构建城市科学发展公共智库《城市观察》杂志自2009年创刊以来,坚持精品办刊方针,力求""聚集全球城市研究智慧资源,构建城市科学发展公共智库"",积极探索城市科学发展的规律和经验,以展现当今世界城市的最新理论和趋势,努力为各级城市决策者、管理者提供具有前瞻性和实用性的学术参考资料。《城市观察》目前开设有特稿、改革与发展聚焦、区域与城镇化、城市经济、城市空间、城市社会治理、生态城市、智慧城市、城市比较、城市文化、城市学与城市史等栏目。",城市观察,2017-08-20,期刊,+,165,1
49,《城市观察》杂志征稿启事,,O,O,"<正>《城市观察》杂志自2009年创刊以来,坚持精品办刊方针,力求""聚集全球城市研究智慧资源,构建城市科学发展公共智库"",积极探索城市科学发展的规律和经验,以展现当今世界城市的最新理论和趋势,努力为各级城市决策者、管理者提供具有前瞻性和实用性的学术参考资料。现针对以下栏目征稿:1.特稿:特别推荐的城市研究文章。2.改革与发展聚焦:聚焦于城市发展的热点、难点及重点问题的学术文章。3.区域与城镇化:刊发研究城市区域发展、新型城镇化以及城乡统筹等问题的学术文章。",城市观察,2017-08-20,期刊,+,2,1
50,市场化改革是否促进了广州市污水处理行业效率的提升?,李晓莉;陈健,广东外语外贸大学粤商研究中心广东外语外贸大学金融学院,城市污水处理行业;数据包络分析法;全要素生产率;效率评估;,"2003年,广州市实施了污水处理行业的市场化改革。市场化改革实践已经13年了,它是否促进了广州市污水处理行业效率的提升?本文采用数据包络分析法对2006-2014年广州和41个城市的污水处理行业全要素生产率变化进行测算,对2014年广州和41个城市的污水处理行业效率进行测算。本文的研究结果发现:市场化改革确实促进了广州市污水处理行业全要素生产率的提高;广州市污水处理行业的全要素生产率变化主要来源于效率变化和技术变化;目前,广州市污水处理行业的行业效率并不高,在42个城市中排名18位。根据研究结论,本文提出以下政策建议:提高管网完善度和厂网适配性,提高行业的竞争程度,增强地方政府对行业的规制能力,增加对地方政府规制能力的再监督。",城市观察,2017-08-20,期刊,F123.9;F299.24,117-131,15
51,广州市快速城市化区的水塘景观变化及其影响因素,刘晓南;程炯;王瑾,广东省生态环境技术研究所广东省农业环境综合治理重点实验室,城市水塘;快速城市化;影响因素;广州市;,"城市水塘是珠江三角洲地区常见及分布广泛、且起着极其重要环境与生态作用的城市景观。近20年来广州市的城市水塘因城市快速发展、人类密集活动而大量缩小或消失。本研究以广州市天河区为研究区,解译、比对1995年和2013年两期遥感影像的水塘,用景观生态学方法探讨城市化过程下水塘变化及其影响因素。结果表明:(1)城市水塘数量和面积分别减少了41%和34%,较大面积水塘因数量减少和面积缩减转变为较小面积水塘;(2)五种景观指数的数值变化表明水塘呈小聚集、大离散变化趋势,其几何形状趋于简单及规整。水塘变化剧烈程度自南向北减缓,其变化与趋势和天河区城市化过程与方向一致;(3)消减水塘集中分布在海拔40m以下、距离最近道路1km以内、中、低城市建筑密度和人口密度小于8000人/km~2的区域。其消减比例随海拔升高而减小,随其到最近道路距离的增加而减小,随人口密度增大而增加。地形、路网和交通、城市建设、人口增长是天河区城市水体变化的影响因素。",城市观察,2017-06-20,期刊,P901,50-60,11
52,东莞市近30年不透水面时空演变研究,黄燕;陈明辉;谢卓君,东莞市地理信息与规划编制研究中心广州城市信息研究所有限公司,不透水面;景观格局;时空演变;东莞市;,"城市不透水面作为城市化生态影响评价的重要因素受到社会的广泛关注,掌握不透水面的空间分布和动态变化信息,对生态环境保护和""海绵城市""建设具有重要的意义。本研究以东莞市为研究区,选取1988年、1994年、2005年和2015年四期TM/OLI遥感影像作为数据源,采用不透水面指数法提取研究区的不透水面信息,并结合景观格局指数分析探究东莞市近30年不透水面分布的时空演变规律。研究结果表明:ENDISI指数法可以有效消除山体阴影噪音信息引起的不透水面信息误判,具有较高的提取精度,能较好地反映城市扩张趋势,可为城市内涝治理和""海绵城市""建设提供数据基础;东莞市近30年来不透水面景观格局变化极其显著,面积增长近25.4倍,呈""主-副多中心、轴线延伸式""快速发展,不透水面优势度大幅提升,其连通性和聚集度在1994年之后逐渐加强。",城市观察,2017-06-20,期刊,P237;P901,61-70,10
53,高密度建成区城市生态空间的热环境缓释效应——以广州市中心城区为例,张棋斐;吴志峰;郭冠华,广州大学地理科学学院、广东省地理国情监测与综合分析工程技术研究中心广州大学地理学院广州大学地理学院广东省地理国情监测与综合分析工程技术研究中心国际景观生态学会中国分会广东省遥感与GIS学会,生态空间;城市热岛;缓释效应;降温强度;广州市中心区;,"随着全球城市化进程的推进,城市热岛效应已成为当下严重的环境问题之一,严重制约人类健康与城市的可持续发展。城市生态空间对城市热岛效应的缓解具有重大意义,而目前,从局地效应角度研究城市生态空间对热环境影响还比较缺乏,影响城市生态空间降温效应的因素还未明了。因此,本文基于多源遥感数据,对广州市中心区生态空间进行识别并反演地表温度,定量刻画城市核心区内部生态空间的降温强度,以探讨广州市生态空间斑块结构特征和空间布局对周边环境温度的影响。结果表明:⑴生态空间与地表温度的空间分布具有明显的高低值耦合分布趋势,生态空间越集中连片分布,越有利于促进局地热量扩散,以缓解城市的热岛效应;⑵生态空间对周边环境降温强度主要由其空间结构特征和空间位置共同决定,当生态空间的空间结构特性保持一定时,其所处的空间位置不同对缓解周围城市热环境的作用也有所差异。本研究揭示城市生态空间的结构特征及其周围环境对冷却效应强度的影响机制,为促进城市的可持续发展提供有益的建议。",城市观察,2017-06-20,期刊,X16,39-49,11
54,基于多源遥感的城市生态用地识别及生态风险评价,郑子豪;陈颖彪;吴志峰;胡应龙,广州大学地理科学学院、广东省地理国情监测与综合分析工程技术研究中心广州大学地理学院广州大学地理学院广东省地理国情监测与综合分析工程技术研究中心国际景观生态学会中国分会广东省遥感与GIS学会,生态用地;多源遥感;生态风险评价;广州市;,"随着城市化进程的不断推进、建设用地不断扩张,城市生态空间正处于剧烈变化中。大量具有生态价值和服务功能的土地不断被侵占,以满足暂时的城市建设需求。但从长远来看,这些生态用地的""消失"",将不可避免的影响区域生态平衡,给区域经济的健康发展埋下隐患。广州作为华南的中心城市,改革开放以来,大量外来人口涌入,土地利用变化频繁,生态环境的保护面临着巨大压力。因此,本文基于多源遥感数据,利用监督分类法与综合指数法相综合的复合提取方案对2016年广州生态用地进行空间识别,掌握广州市生态用地存量现状。同时,借助生态风险小区和生态风险等景观指数对广州进行了生态风险评估,结果显示,广州市生态风险呈现明显的多核圈层结构,由多核心的中心向外部逐渐降低。",城市观察,2017-06-20,期刊,F299.23;X826,19-30,12
59,基于PEST模型的北京市文化创意产业融合宏观分析,赵玉宏,北京市社会科学院传媒所北京大学,PEST分析;文化创意产业融合;环境分析;,"随着科学技术的不断进步和传统文化的不断挖掘,北京丰富的科技资源和厚重的文化资源近年来日益相互融合,取得了巨大成就,形成了一些新的业态,呈现出一些新的特点和发展态势,并且这种融合正在逐步由自发走向自觉。文化创意产业融合成长是在内外部因素的共同作用下出现的,因此为了更好地分析创意产业融合成长所处宏观环境的变化及其对文化创意产业成长的影响,利用环境分析的PEST工具,从法律与政治、经济与信息、社会与人文以及技术与产业四个方面分析北京市文化创意产业融合成长所处的宏观环境。",城市观察,2017-06-20,期刊,G124,149-155,7
64,《城市观察》杂志征稿启事,,O,O,"<正>《城市观察》杂志自2009年创刊以来,坚持精品办刊方针,力求""聚集全球城市研究智慧资源,构建城市科学发展公共智库"",积极探索城市科学发展的规律和经验,以展现当今世界城市的最新理论和趋势,努力为各级城市决策者、管理者提供具有前瞻性和实用",城市观察,2017-06-20,期刊,+,165,1
65,广州中山纪念堂,,O,O,O,城市观察,2017-06-20,期刊,J42,166,1
69,“推广街区制”的规划思辨,杨保军;顾宗培,中国城市规划设计研究院,街区制;开放街区;空间尺度;封闭小区;,"2016年2月,《中共中央国务院关于进一步加强城市规划建设管理工作的若干意见》中明确了""推广街区制""和""开放封闭小区""为我国住宅未来发展的方向。在《意见》印发后,与之相关的内容也成为公众和城市规划专业领域共同关注的焦点。本文在解读《意见》的基础上,深入探讨""推广街区制""在围墙设置、街区尺度、街道活力、产权划分、社会公平等方面引发的一系列争议,并进一步提出当前在城市规划中""推广街区制""的实施路径。",城市观察,2017-04-20,期刊,TU984.12,63-72,10
1,基于全流程设计的生活垃圾分类处理研究——以广州市为例,陈心文,广州市城市管理委员会综合调研处,生活垃圾;分类处理;全流程设计;,"垃圾治理是当今世界各国面临的普遍性难题,垃圾分类处理是垃圾治理的有效方式。生活垃圾分类处理全流程设计是指通过生活垃圾分类和流程再造,对生活垃圾源头减量、分类投放、分类收集、分类运输、分类处理、全面监管等全过程实施规范化管理,不断完善垃圾分类处理体系,促进再生资源开发利用。以广州市为例,对生活垃圾分类处理的全流程进行分析梳理,总结分析生活垃圾分类处理的实践探索和存在问题,提出推进生活垃圾分类处理的对策建议。",城市观察,2018-12-20,期刊,X799.3,100-113,14
3,全球城市电子治理比较及趋势分析,陈隽,上海社会科学院信息研究所,电子治理;智慧城市;电子政务;公共服务;,"通过比较全球20个城市电子治理的实践结果,分析市民服务、商务服务、公共服务和公众参与等电子治理的全球城市间所存在的差距。发展中国家城市的电子治理与发达国家相比,除了技术水平上的差距,更重要的是发展理念和基本社会机制的差异。总结了电子治理从线上向线下扩展、全生命周期管理、全人群覆盖三大趋势,从中反映出智慧城市建设中电子治理发展的方向。",城市观察,2018-12-20,期刊,D035,114-121,8
4,“互联网+”时代古都文化旅游传播的趋势与策略,黄仲山,北京市社会科学院文化研究所北京市社会科学院首都文化发展研究中心,互联网+;文化+;古都;文化旅游;,"在""互联网+""时代,古都文化旅游藉由网络传播推广而获得新的发展动力,整个行业呈现新的气象。然而在融入互联网过程中,许多文化旅游部门和从业人员跟不上互联网思维,套用""互联网+""模式生硬僵化,需要在具体工作中变换思维,改进方法,融合""互联网+""与""文化+"",实现古都文化旅游快速、持续、健康发展。",城市观察,2018-12-20,期刊,F592.7,145-151,7
5,粤港澳大湾区发展研究,毛艳华,中山大学粤港澳发展研究院,O,"<正>湾区经济是区域经济发展的高级形态。在经济全球化和区域一体化进程中,东京湾区、纽约湾区、旧金山湾区等国际一流湾区,无一不是以开放性、创新性、宜居性和国际化作为自身最显著的标志,发挥着引领创新、聚集辐射的核心功能,成为带动全球经济发展的重要增长极和引领技术变革的领头羊。一般而言,",城市观察,2018-12-20,期刊,F127,5-7,3
1,基于全流程设计的生活垃圾分类处理研究——以广州市为例,陈心文,广州市城市管理委员会综合调研处,生活垃圾;分类处理;全流程设计;,"垃圾治理是当今世界各国面临的普遍性难题,垃圾分类处理是垃圾治理的有效方式。生活垃圾分类处理全流程设计是指通过生活垃圾分类和流程再造,对生活垃圾源头减量、分类投放、分类收集、分类运输、分类处理、全面监管等全过程实施规范化管理,不断完善垃圾分类处理体系,促进再生资源开发利用。以广州市为例,对生活垃圾分类处理的全流程进行分析梳理,总结分析生活垃圾分类处理的实践探索和存在问题,提出推进生活垃圾分类处理的对策建议。",城市观察,2018-12-20,期刊,X799.3,100-113,14
2,粤文化国际化的战略与行动——第四届“设计城市”圆桌研讨会在广州举行,,O,O,"<正>11月29日,由广州市社会科学界联合会、华南理工大学联合主办,《城市观察》杂志社、华南理工大学建筑学院、华南理工大学社会科学处、粤港澳大湾区规划创新研究中心联合承办的第四届""设计城市""圆桌研讨会在华南理工大学建筑红楼一楼报告厅举行。会议主题是""粤文化国际化的战略与行动""。",城市观察,2018-12-20,期刊,TU984,2,1
3,全球城市电子治理比较及趋势分析,陈隽,上海社会科学院信息研究所,电子治理;智慧城市;电子政务;公共服务;,"通过比较全球20个城市电子治理的实践结果,分析市民服务、商务服务、公共服务和公众参与等电子治理的全球城市间所存在的差距。发展中国家城市的电子治理与发达国家相比,除了技术水平上的差距,更重要的是发展理念和基本社会机制的差异。总结了电子治理从线上向线下扩展、全生命周期管理、全人群覆盖三大趋势,从中反映出智慧城市建设中电子治理发展的方向。",城市观察,2018-12-20,期刊,D035,114-121,8
4,“互联网+”时代古都文化旅游传播的趋势与策略,黄仲山,北京市社会科学院文化研究所北京市社会科学院首都文化发展研究中心,互联网+;文化+;古都;文化旅游;,"在""互联网+""时代,古都文化旅游藉由网络传播推广而获得新的发展动力,整个行业呈现新的气象。然而在融入互联网过程中,许多文化旅游部门和从业人员跟不上互联网思维,套用""互联网+""模式生硬僵化,需要在具体工作中变换思维,改进方法,融合""互联网+""与""文化+"",实现古都文化旅游快速、持续、健康发展。",城市观察,2018-12-20,期刊,F592.7,145-151,7
5,粤港澳大湾区发展研究,毛艳华,中山大学粤港澳发展研究院,O,"<正>湾区经济是区域经济发展的高级形态。在经济全球化和区域一体化进程中,东京湾区、纽约湾区、旧金山湾区等国际一流湾区,无一不是以开放性、创新性、宜居性和国际化作为自身最显著的标志,发挥着引领创新、聚集辐射的核心功能,成为带动全球经济发展的重要增长极和引领技术变革的领头羊。一般而言,",城市观察,2018-12-20,期刊,F127,5-7,3
6,粤港澳大湾区和大城市群城际轨道交通模式选择——对地铁化运营+高铁速度的城际轨道交通系统的探讨,谢志岿,深圳市社会科学院社会发展研究所,粤港澳大湾区;高速城际轨道交通系统;地铁化运营;大城市群;,"轨道交通是联结城市群的重要交通方式。当前我国城际轨道交通的规划建设和运营模式不完全适应城市群产业和人口转移的需要,存在客流不足和经营亏损等突出问题。创制一种结合高铁和地铁优势的世界一流的城际轨道交通模式,即地铁化运营的高速城际轨道交通系统,是满足粤港澳大湾区和大城市群内部产业和人口转移需要必然的模式选择。",城市观察,2018-12-20,期刊,F512.7,8-19,12
7,国际湾区区域协调治理机构及对粤港澳大湾区的启示,符天蓝,中山大学地理科学与规划学院,国际湾区;区域协调;区域治理;粤港澳大湾区;,"本文通过对纽约湾区、旧金山湾区和东京湾区等三大国际湾区的区域协调和治理机构进行梳理,为粤港澳大湾区区域协调和治理提供经验借鉴。三大国际湾区在发展过程中分别成立非政府、半官方和政府主导的区域协调和治理机构,统筹区域规划和建设等重要事务。然而,与三大国际湾区不同,粤港澳大湾区包含了""一个国家、两种制度和三个关税区"",因此在借鉴国际湾区经验时,我们应当考虑粤港澳大湾区自身的特殊性,设立符合实际情况的跨界区域治理机构。",城市观察,2018-12-20,期刊,F127;D630,20-27,8
8,粤港澳大湾区区域空间协作研究——基于广深主要市辖区的比较,郭源园,香港中文大学地理与资源管理系,区域经济;粤港澳大湾区;市辖区;湾区经济;,"国家""十三五""规划再次提出要推动内地与港澳深化合作,共同建设粤港澳大湾区。本文基于经济发展水平、产业结构及发展动力、土地发展潜力、人才及科技作用四个维度,重点分析粤港澳大湾区内深圳与广州天河的6个主要市辖区在上述四个方面的异同。对比分析表明,南山区在大湾区范围内有明显的比较优势,天河区次之。同时,提出打造以南山区为增长极核,以天河区为副增长极核的空间发展构想,并探讨建立以南山区为中心的四向联动大湾区区域协同发展策略及建议。",城市观察,2018-12-20,期刊,F127,28-37,10
9,从“伙伴”到“合伙人”:粤港澳大湾区区域关系演变及合作路径探讨,蔡丽茹,广东省社会科学院现代化研究所,粤港澳大湾区;区域关系;合作路径;,"基于粤港澳大湾区的概念和区域特殊性,回顾三地自改革开放以来""伙伴关系""的嬗变历程,指出目前珠三角与港澳的协同关系遭遇的挑战及其背后的制度瓶颈,并提出从""伙伴""走向""合伙人""的粤港澳大湾区城市群区域关系的重构方向与合作路径。",城市观察,2018-12-20,期刊,F127,38-46,9
10,改革开放以来广州推进流动人口服务管理历程及未来发展思路,邹波;宁超乔,广州市社会科学院城市管理研究所,改革开放;流动人口;广州;,"以相关政策法规出台和重要事件发生为时间脉络,对改革开放40年来广州市流动人口服务管理理念与思路、机构调整与队伍建设、技术手段与管理方式、服务管理内容等的演变过程进行梳理。针对当前广州市流动人口现状及新发展形势,从4个方面提出未来广州流动人口服务管理思路及建议。",城市观察,2018-12-20,期刊,D631.42,47-55,9
11,广州国际大都市创新发展的“质”与“量”之辩,王云峰,中共广州市委党校经济学教研部,国际大都市;高质量;稳增长;创新驱动;,"当前广州建设国际大都市,面临发展方式粗放和增长速度变缓的双重风险,在中长期内存在""三驾马车""动力结构失衡、产业结构层次偏低、各区招商引资内耗、营商环境优势相对弱化等经济增长制约因素。推动广州国际大都市建设""质""与""量""并举,建议以成果转化为导向,夯实创新驱动的动力基础,同时以结构优化为突破,优化""三驾马车""结构,做优做强第二产业,凝聚区域合力,从发展总部经济的角度,抓好营商环境改革政策兑现落实工作。",城市观察,2018-12-20,期刊,F127,56-62,7
12,广东创新驱动的高质量发展:理论路径与现实探索,曾志敏;曾坚朋;杨泽森,华南理工大学公共政策研究院华南理工大学工商管理流动站武汉大学政治与公共管理学院清华大学政治学系,创新驱动;高质量发展;广东探索;,"作为我国改革开放的前沿阵地以及科技资源的重要聚集区,广东探索创新驱动发展的历程具有重要分析价值。通过探讨创新驱动高质量发展的理论内涵和政策路径,梳理广东创新驱动发展的具体做法,着重从创新型城市(群)建设、产业创新发展、政产学研创新链构建、创新型企业培育等角度切入,分别在面、线、点层次上归纳其实践经验,并对广东和其他地方的发展经验做横向比较。广东创新驱动发展的成绩得益于其政策工具的市场导向性和服务导向性,得益于对市场和企业主体地位的尊重与培育,也包括创新体系的多层次布局、在战略性新兴产业创新上的大胆探索以及改革者对创新有效支撑等方面。未来广东应在挖掘创新平台资源优势、探索新业态跨界融合等方面进一步积极作为,实现创新驱动发展水平的进一步提升。",城市观察,2018-12-20,期刊,F124.3,63-81,19
13,国外大城市稳房租的经验及启示,刘波,北京市社会科学院外国问题研究所,稳房租;租赁市场;住房租赁;,"今年以来,国内一些大城市房租出现非理性暴涨,引发社会广泛关注。美国、德国、日本、法国等发达国家租赁市场发达,租房率高,居民""乐于""也""易于""租房。这些国家曾经也面临房租过快增长的治理压力,后通过行政、经济与法律手段相结合的方式调节租房市场供求,规范租房市场,保护租房者权利,确保了租房市场基本稳定,较好地解决了房租短时期快速上涨问题。我国房地产租赁过程中存在供需失衡、租赁市场不发达、租购不同权、租户权益难以得到有效保障等问题。国外稳房租的一些举措办法对当前我国稳定租房市场具有重要的借鉴意义。",城市观察,2018-12-20,期刊,F299.23,82-89,8
14,潍坊国家高新区经济转型发展路径研究,刘伟;郑明亮,潍坊学院经济管理学院,潍坊;高新区;转型发展;创新生态系统;,"我国经济转型升级与新一轮科技革命、产业变革呈现历史交汇。高新区作为我国高端人才和高技术产业集聚地,在区域经济发展中很好地起到了极化作用。潍坊国家高新区发展至今,已基本进入三次创业新阶段,但仍然应该在国家经济转型发展的历史机遇下,积极主动推进高新区的经济转型发展,实现高新区的全面提升。本文首先对潍坊高新区转型发展的基础条件进行梳理分析,并通过走访调研,重点从微观企业层面、中观产业层面和宏观层面的创新生态系统方面对经济转型发展中存在的问题进行深入分析,并据此提出了高新区经济转型发展的路径选择建议,包括创新创业文化建设、管理组织变革、完善人才政策体系、创新生态系统构建等方面。",城市观察,2018-12-20,期刊,F127,90-99,10
15,国家科技中心城市的测度评价与因素分析——基于中国25个主要城市的研究,沈立;倪鹏飞;王雨飞,中国社会科学院研究生院中国社会科学院财经战略研究院北京邮电大学经济管理学院,国家科技中心;测度评价;因素分析;,"本文基于科技联系度和科技集聚度的视角构建了国家科技中心城市指标评价体系,并对中国25个主要城市进行了测度,将其分为四个层级即国家科技中心城市、国家重要科技中心城市、潜在的国家重要科技中心城市以及非国家科技中心城市,其中,北京是唯一的国家科技中心城市,上海和深圳则是国家重要科技中心城市。本文进一步对科研机构、科研产出、创新企业、科研项目、科研人才、高新园区六个方面进行研究,发现城市间科技实力分化严重和区域分布不平衡的现状,总结出科研人才、科研机构和科研产出是影响城市科技中心度的最重要因素。最后,本文基于以上结论提出了有针对性的政策建议。",城市观察,2018-12-20,期刊,F124.3,122-132,11
16,主题公园与城市品牌个性的耦合机制研究——以珠海CL为例,刘超;刘芮;李金萍;孙思遥,广东外语外贸大学新闻与传播学院,品牌个性;主题公园;旅游目的地;城市品牌;,"中国旅游市场正处于蓬勃发展阶段,主题公园数量不断增加,面临着激烈的市场竞争,在此背景下,品牌个性在旅游目的地品牌的差异化战略中具有重要作用。本文将主题公园与其所在的城市之间的关系视为品牌联合,以珠海CL海洋公园为例,利用品牌联合效应与原产地效应理论,通过问卷调查实证检验主题公园个性与城市品牌个性之间的耦合效应。研究发现,珠海具有""活力现代""""悠闲随和""""独特大胆""3个城市品牌个性,而珠海CL主题公园则具有""正直勇敢""""现代活力""2个鲜明的品牌个性特征。同时发现,上述品牌个性维度彼此显著正相关,从而证实珠海CL海洋公园与城市的品牌个性具有匹配性且相互作用,据此提出了相关建议。",城市观察,2018-12-20,期刊,F592.7,133-144,12
17,分合之争:大都市治理的理论演进,田嘉,清华大学发展中国家研究项目美国加州大学圣迭戈分校拉美中心,城市政治;大都市治理;碎化政府;大都市政府;,"大都市治理的困境在于如何处理不同层级间政府的关系,理论界争论的是究竟合治还是分治。合治的代表是统一政府模式,指将大都市进行整体规划和统筹治理,""大政府""是合治的核心。分治的代表是碎化政府模式,指大都市之下的各级城区各自为政,根据自身需求选择与其他城区合作与否,政府越小越好。合治与分治的矛盾是效率先行还是公平先行,大都市治理理论的发展就是在效率和公平之间寻找契合点的过程。世界上一半以上的人口都居住在发展中国家的大都市,而发展中国家的大都市治理或能从此借鉴。",城市观察,2018-12-20,期刊,D630,152-161,10
18,粤剧艺术博物馆,懿舟,O,O,O,城市观察,2018-12-20,期刊,J42,166,1
19,粤港澳大湾区绿色发展设想,蔡春林;陈雨,对外经济贸易大学,粤港澳大湾区;绿色发展;国际治理;国际湾区;,"当前粤港澳大湾区协同环境治理取得了一些成绩,但仍存在问题。美国湾区、东京湾区等是发展较为成功的先进国际湾区,东京湾区经历了先污染后治理的过程,生态环境保护历程长期而艰巨。本文通过对先进经验进行借鉴,对大湾区绿色发展提出一些意见和建议。",城市观察,2018-10-20,期刊,F127;X321,31-36,6
20,广州陈家祠,,O,O,O,城市观察,2018-10-20,期刊,TU251,166,1
21,香港科技创新景气指数研究,申明浩;谢观霞,广东外语外贸大学粤港澳大湾区研究院广东外语外贸大学经贸学院,科技创新景气指数;深港创新圈;主成分分析;,"以创新周期理论为研究基础,运用主成分分析法,对1999-2015年相关数据构造出香港科技创新景气指数。根据指数结果显示,香港科技创新景气状态在回归的近20年先后经历了平稳振动期和剧烈波动期。同时将香港与深圳进行比较,探析香港融入粤港澳大湾区、打造""深港创新圈""的重要性。",城市观察,2018-10-20,期刊,F127,7-15,9
22,城市社区治理的桥梁:社区大楼管理小组运作机制案例与启示,张振洋,上海师范大学哲学与法政学院,社区治理;大楼管理小组;运作机制;绩效合法性;合作治理;,"中国经济的高速增长推动了国家和社会的转型,社会治理的转型在所难免。其中的一条主线就是国家放权予社会,实现国家主导下的社区共治,进而实现自治。在此过程中,大量基层性中介组织得以出现,成为沟通国家和社会的重要纽带。以上海市B社区的大楼管理小组为例,揭示了建立在资源支持机制、协商议事机制、社区服务机制和社区认同培育机制基础上的大楼管理小组在电梯整修工作中是如何运作的。通过对案例进行总结,从5个不同方面对B社区的大楼管理小组治理实践进行了反思。如何实现该大楼管理小组的可复制和制度化,推进社区合作治理,是后续研究需要解决的重要问题。",城市观察,2018-10-20,期刊,D669.3,90-98,9
23,城市治理视域下中美业委会成立流程比较研究——兼论业委会成立难问题,李利文,广州大学公共管理学院广州大学大都市治理研究中心,业委会;成立流程;中美比较研究;,"业委会成立难问题主要存在""维权工具说""""利益相关说""和""权力意识说""三种解释路径,现有研究很少从业主组织成立流程视角进行剖析。根据环境-组织-行为三维视角构建一个宏观-中观-微观的诊断性分析框架,以寻找业委会成立难的根源所在。通过中美业主组织流程比较研究发现,影响业委会成立的核心是植根于宏观环境中的业委会的目标设定,其在整个业委会成立流程中起着主导作用,支配着包括筹备、选举、交接和备案等多个环节。从该视角出发,业委会成立难的问题应该从业委会目标替换、模式切换和流程再造三方面进行优化和改善。",城市观察,2018-10-20,期刊,D630,99-109,11
24,行动进入过程:环境抗争与城市治理的共生结构,杨志军,贵州大学公共管理学院,风险社会;环境抗争;城市治理;共生结构;多元协作;,"形成并保持良性政策变迁是现代城市治理的核心能力,环境抗争引发非常规政策变迁经常性挑战现有城市治理秩序,削弱城市治理能力,是现代城市治理格局锻造的重要议程。任何事物都是相互联系的,从二者的共生结构来看,市场力量进入政治过程形成环境抗争的脱嵌基础,环保组织进入政府过程依靠身份合法的资源获取,社会力量进入政策过程显示共识建构的双面效果,环境评价进入社会过程获得治理工具的评估效果,居民自治进入实践过程探索城市治理的落地行动。在政府、市场、社会共同建构多元协作环境治理体系的趋势下,现代城市治理必然要求消弭环境抗争危害,建立开放参与的民主决策体系,从政策体系和政府过程上实现地方治理现代化,进而助推国家治理现代化。",城市观察,2018-10-20,期刊,D630,110-119,10
25,粤港澳大湾区发展研究,张昱,广东外语外贸大学国际经济贸易学院,O,"<正>随着《深化粤港澳合作、推进大湾区建设框架协议》的签署和粤港澳大湾区建设领导小组的成立,涵盖香港、澳门和珠三角九市的大湾区建设进入加速轨道。韩正指出,建设粤港澳大湾区,就是要""全面准确贯彻‘一国两制’方针,坚持新发展理念,充分发挥粤港澳综合优势,建设富有活力和国际竞争力的一流湾区和世界级城市群,打造高质量发展的典范。""因此,在",城市观察,2018-10-20,期刊,+,5-6,2
26,澳门参与粤港澳大湾区经贸合作的困境及对策,钟世川,广东外语外贸大学广州国际商贸中心重点研究基地,澳门;粤港澳大湾区;经贸合作;,"深入剖析澳门参与粤港澳大湾区经贸合作的现状及面临的困境,提出澳门要推动粤港澳大湾区经贸合作,必须从其在国际经济中的比较优势出发,推动澳门经济适度多元化发展、发挥""一带一路""倡议的节点作用、加快建设""一个平台""和""三个中心""、助推横琴自贸片区建设以及发挥对珠海乃至珠三角西岸的辐射带动作用。",城市观察,2018-10-20,期刊,F127,16-23,8
27,粤港澳大湾区口岸合作:模式创新与实施路径,尹来盛,广东财经大学公共管理学院,粤港澳大湾区;口岸合作;通关模式;一地两检;,"深化合作,推进大湾区建设,携手打造国际一流湾区和世界级城市群,是粤港澳三地高水平参与国际合作,提升在国家经济发展和全方位开放中的引领作用的必然选择。随着粤港澳三地经济的快速融合,人流、物流、资金流、信息流等要素流动快速推进,其中人员的高效流动是重中之重。本文在综述国外经验的基础上,提出了粤港澳大湾区在口岸合作中的新模式和新路径,为促进粤港澳深度融合提供借鉴。",城市观察,2018-10-20,期刊,F127,37-50,14
28,欠发达城市发展特色小镇研究——以广东省湛江市为例,吴逸然,中共湛江市委党校,欠发达城市;特色小镇;发展差异;湛江;,"以广东省湛江市为例,从住建部等部门培育特色小镇的要求出发,对发达地区城市及欠发达地区城市建设特色小镇存在的差异进行深入分析,认为欠发达城市在产业发展、城镇建设、体制机制、文化传承及生态环境等方面与发达地区存在差异,根据欠发达城市的实际情况,提出发展特色小镇的路径主要有:根据市情选择适合产业发展、推进城镇化建设、完善体制机制以及推进文化传承及生态环境保护等。",城市观察,2018-10-20,期刊,F299.27,73-80,8
29,粤港澳大湾区产业协同的发展现状——以珠三角9市制造业为例,眭文娟;张昱;王大卫,广东外语外贸大学广东外语外贸大学广州国际商贸中心研究基地中国国际工程咨询有限公司,粤港澳大湾区;珠三角;产业协同;专业化制造业;,"随着粤港澳大湾区建设迈入新的发展阶段,产业协同尤其是制造业协同发展的重要性进一步凸显。本文选择具有代表性的珠三角9市的制造业作为研究对象,通过构建产业协同评价指标,对制造业的专业化程度、同构化程度以及地区产业分布和转移进行了深入分析。粤港澳大湾区制造业的集聚和专业化效应明显,产业同构是现阶段产业结构调整和再度分工的结果。因而,要推动核心城市的引领作用,鼓励城市在价值链上的差异化分工合作,发挥市场和政府两只手的共同作用,确保湾区产业的协同发展。",城市观察,2018-10-20,期刊,F427,24-30,7
30,改革开放以来广州城市建设与发展研究,杨再高,广州市社会科学院,城市建设;城市规划;改革开放;广州;,"回顾了改革开放以来广州城市建设的发展历程,总结了广州城市建设取得的主要成就,并梳理出几点重要启示,为我国城市规划与建设提供了很好的发展示范样本。",城市观察,2018-10-20,期刊,F299.27,51-66,16
31,广东推进服务贸易自由化及创新发展研究,余欣,广东省社会科学院国际经济研究所,广东服务贸易;贸易自由化;贸易创新;,"随着产业升级、结构优化及经济快速转型,广东要在全面开放新格局中走在全国前列,服务业必将成为下一个主要增长动力。结合当今世界发展新模式和新形势,分析了广东服务贸易发展历程及现状,探讨存在问题,并就进一步推进和深化广东服务贸易自由化及创新发展提出了政策建议。",城市观察,2018-10-20,期刊,F752.68,67-72,6
32,租购并举政策背景下房地产市场的行为经济学解读及建议,袁韶华;汪应宏;左晓宝;年立辉;翟鸣元,中国矿业大学江苏建筑职业技术学院南京理工大学,房地产;租购并举;行为经济学;政策建议;,"本文结合租购并举政策的宏观背景,基于房地产消费倾向大数据调查的结论,利用行为经济学原理,分析了房地产市场表现和市场行为(如乐购舍租、追涨、地王、惜租等)背后的潜意识动机,并对租购并举政策的落地实施提出了政策建议。",城市观察,2018-10-20,期刊,F299.23,81-89,9
33,我国城市智慧社会治理的模式分析与系统实施建议,王操,上海社会科学院信息研究所,智慧社会;智慧治理;智慧决策;,"为了探寻智慧治理的实现途径,本文对社会治理理论、现代智能技术以及我国社会治理智慧化系统建设的实际案例进行了跟踪研究,提出了智慧治理的一般框架、体系结构和技术支撑体系,具体分析了智慧治理的处理逻辑和功能实现机制,并认为,深入研究社会各领域具体内容的治理模式,分类建立针对性的治理模型是智慧治理得以真正实现的关键,最后提出智慧治理系统建设和发展的建议。",城市观察,2018-10-20,期刊,D630,120-131,12
34,决定北美洲大中城市竞争力的耦合协调度——基于北美洲131个大中城市数据的分析,刘笑男;倪鹏飞;李启航;李博,中国社会科学院研究生院中国社会科学院财经战略研究院山东财经大学经济研究中心天津理工大学国际商学院,全球城市;经济竞争力;耦合协调度;相对指数;,"采用统计分析、耦合协调度分析、相对指数分析、OLS回归分析等方法,建立城市竞争力的指标体系,构建包括科技创新、金融服务、产业体系、营商环境、营商成本、人力资源、基础设施、生活环境等要素的耦合协调度。研究结果表明:经济竞争力排名越高的城市,其耦合协调度也越高;经济竞争力排名越低的城市,其耦合协调度也越低,经济竞争力与耦合协调度存在高度相关性。耦合协调度处于优质协调和良好协调的城市主要集中于美国和加拿大等国家的金融科技创新城市和区域性金融科技创新城市;耦合协调度较低的城市主要集中在墨西哥等不发达国家的城市。影响北美洲城市竞争力的驱动因素不同,各地应因地制宜,抓住城市发展的关键驱动因素,补短板、强弱项,协调城市经济发展,促进城市经济竞争力的提高。",城市观察,2018-10-20,期刊,F113,132-142,11
35,中国基础教育均等化进程评估(2003-2014年),石绍宾;李敏,山东大学经济学院,基础教育均等化;教育投入-产出-收益指标;进程评估;,"基础教育均等化可以促进经济和社会的稳定均衡发展,保障教育公平和民主权利的实现。本文从基础教育均等化的含义和必要性出发,构建包括基础教育投入、产出和受益三方面在内的衡量基础教育总体水平的指标体系,并以此为依据评估2003-2014年我国基础教育均等化发展状况。",城市观察,2018-10-20,期刊,G639.2,143-155,13
36,“一带一路”倡议中深圳城市文化品牌建设的优势、问题与路径,王林生,北京社会科学院文化研究所,“一带一路”;城市文化品牌;深圳;,"城市文化品牌是城市文化建设的重要内容,深圳作为""一带一路""沿线上的重要节点城市,""一带一路""倡议为深圳城市文化品牌建设提供了新的契机。从不同的角度看,深圳城市文化品牌建设具有不同的内涵。深圳打造城市文化品牌具有文化对外开放、文化产业、文化金融、城市会展功能、""设计之都""建设等多个方面的优势,但也存在品牌核心价值不清晰、城市文化品牌识别体系不健全、城市品牌传播整合营销规划缺失、城市文化治理体系不健全等问题,而这些问题也为深圳城市文化品牌的打造提供了思考的路径。",城市观察,2018-10-20,期刊,G127,156-164,9
37,城市居民生活垃圾分类行为研究——以北京市为例,陈凯;胡静,北京林业大学经济管理学院,城市居民;生活垃圾;感知行为控制;主观规范;意愿;,"在以往文献的基础上,基于计划行为理论构建概念模型,探索影响城市居民垃圾分类行为的心理因素。以北京市居民为调查对象,通过问卷收集数据,应用结构方程模型对研究假设进行检验。研究发现,垃圾分类态度、主观规范和感知行为控制对垃圾分类意愿有显著的正向影响;垃圾分类意愿与感知行为控制对垃圾分类行为有直接的正向影响。进一步分析发现,较难的垃圾分类行为存在态度—行为差异。最后对促进城市居民的垃圾分类行为提出策略建议。",城市观察,2018-08-20,期刊,X799.3,114-122,9
38,广州航运金融生态环境的评估及建议,张珺,暨南大学经济学院,航运金融;金融生态环境;粤港澳大湾区;广州;,"广州作为重要的港口城市,具备发展航运金融业的先决条件。本文从航运经济、航运金融发展水平、信用环境、法治环境以及政府行为等方面分析广州航运金融生态环境的现状,建立评价广州航运金融生态环境的指标体系并进行了因子分析。在定量分析结果的基础上,提出粤港澳大湾区建设背景下广州航运金融进一步发展可采取的措施。",城市观察,2018-08-20,期刊,F552.7;F832.7,46-53,8
39,青岛近代工业遗产的类型和特征研究,初妍;陈雳,山东科技大学土木工程与建筑学院山东科技大学土木工程与建筑学院建筑系北京建筑大学,青岛;工业遗产;类型和特征;,"青岛近代工业遗产是青岛文化遗产中独具价值的重要组成部分。通过对青岛近代工业遗产的行业类型、建筑功能类型、建筑结构形式的调查与分析,总结其特征,揭示青岛近代工业遗产独特价值形成的内在因素,为青岛近代工业遗产的价值评估和保护与再生利用提供切实依据。",城市观察,2018-08-20,期刊,TU984.114,156-164,9
40,粤港澳大湾区制造业升级现状分析,杨本建;林云鹏,暨南大学经济学院、广州南沙自由贸易试验区研究基地,粤港澳大湾区;产品技术复杂度;制造业升级;,"推动制造业转型升级,加快实现由世界工厂向世界制造业中心转变,是增强粤港澳大湾区城市群竞争力,从而增强其辐射带动能力的重要条件。本文运用2005-2016年粤港澳大湾区中珠三角9市的制造业两位数行业数据,从产品技术复杂度层面构建制造业升级的指标,考察了9市的制造业技术水平及其变动,据此提出了制造业升级的政策建议。",城市观察,2018-08-20,期刊,F427,7-16,10
41,国际化大湾区核心区产业结构特征对广州的启示,魏作磊;王锋波,广东外语外贸大学经济贸易学院,粤港澳大湾区;产业结构;广州;,"本文分析了国际化大湾区核心区域产业结构的共同特征,解释了其形成的内在机理,并与广州当前产业结构进行了比较。文章的结论是:增强广州在粤港澳大湾区中的核心地位必须进一步提高服务业发展水平,尤其是提高信息服务业、技术专业服务业以及公共社会服务业发展水平。",城市观察,2018-08-20,期刊,F127,17-27,11
42,粤港澳大湾区下自贸区关注度指数研究,杜金岷;吕寒;林涛,暨南大学广州南沙自贸区研究基地,自贸区;关注度指数;政策建议;粤港澳大湾区;,"运用自贸区关注度指数对自贸区的""软实力""进行评估,发现上海自贸区关注度遥遥领先,广东自贸区关注度与其经济地位不匹配,排在天津、福建之后。同时,广东三大自贸区之间尚未形成共同关注效应。造成这一现象的原因主要有宣传力度不够、自贸区本身创新力度不足以及三大自贸区产业同质化无法形成共同关注效应。最后,从宣传、创新、产业定位三个角度提出了政策建议。",城市观察,2018-08-20,期刊,F752.8,28-36,9
43,南沙自贸区创新指数设计与分析,林涛;杜思贤,暨南大学广州南沙自由贸易试验区研究基地广州大学附属中学,自贸区;南沙;创新;层次分析法;,"创造对外开放与改革发展良性互动的新格局是一项难度很大的系统工程,特别是在经济全球化以及中国经济发展重大转折的当前阶段。因此有必要实施一系列体制机制创新来保证我国经济社会长期发展。自贸区承载了中国续航改革的重任,本文通过对南沙自贸区经济基础、金融便利化、制度便利化、合作便利化等维度创新程度进行测算,从而加深对自贸试验区的创新程度的理解,具有较强的理论与现实意义。",城市观察,2018-08-20,期刊,F127,37-45,9
44,改革开放以来广州经济体制改革的基本历程与经验,刘江华,O,改革开放;经济体制;体制改革;,"广州发改革开放之先声,在各项改革中走在全国前列。本文回顾了改革开放以来广州经济体制改革的历程,同时梳理了广州开展经济体制改革积累的经验,为进一步扩大开放做了很好的总结。",城市观察,2018-08-20,期刊,F127,54-70,17
45,广州民宿经济发展调查报告,李小勉;郭凡;沈莹;周慧;李宏石;陈重;羿莉;钟应光;林煜塘,广州市人大常委会重点课题调研组,广州;民宿经济;调查报告;,"文章从广州民宿旅游经济的发展现状、资源禀赋、基层领导的认识和意愿等方面,对全市1144个行政村进行了较为全面的调查。在统计分析的基础上,对各行政村的基本情况、旅游发展基础条件、城镇民宿旅游的经营情况、村干部对民宿旅游发展的意愿和看法以及影响民宿旅游发展的相关因素进行了归纳和初步分析。通过调研深化认识,对于促进广州民宿旅游经济的发展,实施乡村振兴战略将有所助益。",城市观察,2018-08-20,期刊,F592.7;F719.2,71-81,11
46,城乡收入不平等对我国城市蔓延的影响:基于35个大中城市面板数据的实证检验,王家庭;蔡思远;李艳旭;卢星辰,南开大学中国城市与区域经济研究中心,城乡收入不平等;城市蔓延;大中城市;,"首先从理论上系统分析了城乡收入不平等对城市蔓延的推动作用,然后采用2008-2014年我国35个大中城市的相关数据进行面板回归分析,同时对东部、中部、西部地区的城市样本分别研究,检验了城乡收入不平等对城市蔓延的具体影响。研究结果表明:(1)总体上城乡收入不平等对城市蔓延具有显著的推动作用;(2)从区域视角来看,不同区域中城乡收入不平等对城市蔓延的推动作用存在差异,东部地区推动作用最大,中部地区其次,西部地区影响较小且不显著。最后,根据研究结论,提出了相应的政策建议。",城市观察,2018-08-20,期刊,F124.7;F299.2,82-92+100,12
47,论居家养老服务的精准化,柏萍,广东省社会科学院社会学与人口学研究所,居家养老;养老服务;精准识别;,"将养老服务资源供应给最需要服务的居家老人,实现居家服务的精准化,是我国居家养老服务的首要目标。但现行居家养老服务存在对象识别标准粗疏,服务专业化、规范化不足等问题。只有将自理能力、经济状况作为居家养老服务对象的首要识别标准,并对养老服务对象分级分类管理,通过精准化的管理制度,对这些养老服务对象进行专业化、标准化、信息网络化的服务供应,才能实现居家养老服务的精准化。",城市观察,2018-08-20,期刊,D669.6,93-100,8
48,我国城市社区养老服务模式创新研究综述,黄少宽,中山大学社会学与社会工作系,城市社区;养老服务;模式创新;研究综述;,"社区居家养老已成为国内养老发展的一种模式。城市社区养老服务具有成本低、覆盖面广、服务方式灵活等诸多优点。目前我国社区养老服务还存在一些问题与缺陷,发展动力不足。因此,需要对社区养老服务模式进行创新。一些学者提出了新的养老服务模式,如""嵌入式""养老服务、""三位一体""养老服务、互助型养老模式、""时间储蓄""养老服务、网络化养老服务、智慧养老服务等。各地对社区养老模式发展进行不断的探索与实践,为养老服务模式的发展提供了新的途径。",城市观察,2018-08-20,期刊,D669.6,101-113,13
49,我国智慧城市建设困境与破解路径研究,高璇,郑州银行河南省社会科学院经济研究所,智慧城市;建设困境;破解路径;,"智慧城市是继数字城市后城市发展的高级形态,也是世界各国或地区应对人口增长、破解城市发展难题的战略手段。随着大数据的广泛应用和信息通信技术的迅速发展,智慧城市在我国逐渐兴起,成为建设热点。面对如火如荼的建设态势,我国智慧城市还存在着特色不突出、市场导向不足、创新能力不强、信息壁垒严重等诸多困难,这就需要建立具体的破解路径,通过双调节破解规划引导不够、市场导向不足难题,通过双带动破解创新能力不强、示范效果不明显困境,通过双共享破解""信息孤岛""问题。",城市观察,2018-08-20,期刊,F299.2;F49,123-129,7
50,日韩智慧城市建设经验及对我国的启示,岳宇君;仲云云,南京邮电大学管理学院,智慧城市;物联网;发达国家;,"作为国家战略规划之一,智慧城市依然处于发展阶段,将视野放之于世界,借鉴国外建设经验是非常必要的。本文介绍了日本、韩国的智慧城市建设的实践情况,总结日本、韩国智慧城市建设经验,分析了其实践对我国智慧城市建设的启示,以期对我国的智慧城市建设提供借鉴。",城市观察,2018-08-20,期刊,F299.2;F49,130-137,8
51,中国城市休闲化耦合协调发展比较研究——以5个计划单列市为例,刘松;楼嘉军,华东师范大学常州工学院经济与管理学院华东师范大学工商管理学院,城市休闲化;评价指标体系;耦合协调度;计划单列市;,"城市休闲化是后工业化时代城市发展的一种形态,其耦合协调发展一定程度上反映出城市休闲化的总体水平和整体质量。文章通过构建城市休闲化评价指标体系和耦合协调度模型,对2004-2013年中国5个计划单列市城市休闲化的耦合协调发展进行比较研究。研究发现:(1)城市休闲化综合指数大致呈持续上升态势,且城市间差距保持在一定水平。(2)从子系统功效来看,经济与产业发展对城市休闲化的发展功效最大,而且变化趋势相对平缓;(3)耦合协调度比较显示,深圳基本处于领先水平,然而城市间差距并未逐步拉大。",城市观察,2018-08-20,期刊,F299.27,138-146,9
52,节事活动运营与城市空间构建,刘润;黄冰清;蔡思怡;熊建宏,湖北大学屈家岭管理区办公室,节事活动;节事运营;城市空间;空间构建;,"节事活动越来越成为城市空间整合与发展的重要媒介,探究节事活动与城市空间之间的关系是众多城市地理学者共同关注的问题。在此背景下,首先梳理了节事活动的内涵、节事活动与城市空间之间存在的""空间节事化""和""节事空间化""两种倾向,其次围绕节事运营主体分析了节前、节中和节后不同阶段的运营策略及其差异,再深入到节事活动的空间构建,根据节事活动的属性特征和发展阶段具体分析了城市空间构建的不同实践与策略,最后提出了当前节事活动举办的几点思考,以期更加清晰认识节事活动并为其举办提供一定指导。",城市观察,2018-08-20,期刊,F299.2;G05,147-155,9
53,佛山梁园,懿舟,O,O,O,城市观察,2018-08-20,期刊,J42,166,1
54,粤港澳大湾区与广东自贸区建设,杜金岷,暨南大学经济学院,O,"<正>粤港澳大湾区是继美国纽约湾区、旧金山湾区和日本东京湾区之后的世界第四大湾区。它不仅是引领全球经济增长的超级城市群,而且与自贸区、""一带一路""一道,是推动中国经济高质量发展的重要战略举措,是国家参与全球分工、增强中国经济辐",城市观察,2018-08-20,期刊,F127,5-6,2
55,改革开放以来广州市生态文明建设经验总结,张捷;景守武,暨南大学资源环境与可持续发展研究所暨南大学经济学院,生态文明;环境保护;广州;改革开放;,"回顾了改革开放以来广州生态文明建设与环境保护的历程,总结了广州生态文明建设的主要成就,并对其主要经验进行梳理,为城市生态文明建设提供借鉴。",城市观察,2018-06-20,期刊,X321,61-72,12
56,城中村居民参与生态修复的意愿研究——基于广州的调查数据分析,吴兴华,广州市广播电视大学管理学院,个体感知;环境约束;生态修复;参与意愿;Logit模型;,"快速的城市化进程打破了城中村生态系统平衡,亟须进行生态修复活动。在广州城中村问卷调查的基础上,通过建立Logit模型,从个体感知与环境约束两个方面对居民参与城中村生态修复意愿的影响因素进行了分析。回归结果显示,个体感知因素中的三个变量都显著负向影响居民的生态修复参与意愿。环境约束的四个变量中有三个显著影响居民参与生态修复的意愿,研究结论基本与假设吻合。基于上述研究,认为应进一步改善居民的个体感知和环境约束因素,从维护居民自身利益和生活环境需要出发,通过利益引导,构建居民全过程参与生态修复的动力机制。",城市观察,2018-06-20,期刊,F323.6;X171.4,139-149,11
57,城市工业遗产转型与文化治理的启示:以台北松山烟厂为例,张家睿;宋雨儒,广东工业大学中山大学地理科学与规划学院,工业遗产;文化创意;文化治理;松山烟厂;,"后工业化时代,遗产保护与再利用的关注不断提升。台北近年来积极打造文化与设计之都,城市工业转型和升级的经验丰富。文章以台北松山烟厂的变迁过程为例,解析历史空间转型过程的生产逻辑,并且探讨政策背后的文化治理目的。基于案例的启示,研究认为城市工业遗产成为一种政策性工具,同时带有文化治理的转向。进一步从都市再生的视角观察工业遗产与空间的转型,发现都市再生的文创化现象,是期望透过文化经济推动整体经济发展,达成都市再生的目标。",城市观察,2018-06-20,期刊,TU984.114,157-164,8
58,新时期“海绵城市”设计的技术途径与主要问题——以大都市武汉为例,文剑钢;刘华明,苏州科技大学建筑与城市规划学院,海绵城市;城市内涝;武汉市;PPP+;,"新时期,我国把""构建生态廊道,保护恢复湿地,优化生态安全屏障体系""的生态、智慧城镇建设理念提到前所未有的高度。武汉市作为国内首批""海绵城市""建设试点,需要通过自身的努力建立智慧海绵生态体系,控制城市""热岛"",解决内涝困扰,化解雨灾洪涝。研究从海绵城市建设与雨洪管理入手,就武汉市海绵城市建设成效及主要问题进行分析研究,针对地域气候和地理环境特点,结合建设中的实际问题,活用""LID"",提出""PPP+"",探求武汉海绵城市设计与建设新途径。",城市观察,2018-06-20,期刊,TU992,121-130,10
59,深圳与佛山差异化城市更新政策影响因素研究,李华梅,广东省土地开发整治中心,城市更新;差异化;深圳;佛山;,"深圳与佛山的城市更新政策呈现差异化特征,在比较二者城市更新政策的基础上,探索深圳与佛山差异化的城市更新政策影响因素包括:城市发展的历程背景、城市发展的阶段水平、城市发展的主要推动力、土地资源的稀缺性、土地所有制、政府和市场的角色关系。可见在城市更新政策制定时,需考虑城市上述综合发展状况。",城市观察,2018-06-20,期刊,TU984.114,150-156,7
60,广州2035总体规划战略思考与探索,彭高峰;黄慧明;韩文超,广州市国土资源和规划委员会广州市城市规划勘测设计研究院广州市城市规划勘测设计研究院政府规划编制部,广州市;规划改革;城市总体规划;2035;,"结合广州市正在开展的《广州市城市总体规划(2017—2035年)》编制工作,总结了人本、枢纽、创新、生态、品质、文化六大战略思维以及事权分级、公共政策属性、成果体系、规划传导四方面实践。对新时期广州城市总体发展战略、城市治理模式和规划理念转型进行探讨。",城市观察,2018-06-20,期刊,F299.27,36-48,13
61,全球航空网络体系中的穗深港中心性比较,梁雯敏;赵渺希,华南理工大学建筑学院华南理工大学建筑学院城市规划系,航空网络;全球城市体系;中心性;粤港澳大湾区;穗深港;,"在全球航空网络体系中考察穗深港的地位和角色,在粤港澳大湾区新局面的背景下探寻穗深港的竞合之路,是本研究的出发点及落脚点。以Castells的流动空间理论作为世界城市网络研究基础,借鉴Taylor关于""城市联系对""的研究方法,通过节点间""航空流""的流量和流向,对城市间的空间网络特征进行测度,考察穗深港在全球航空网络中的中心性能级,以及由航空联系构建的全球城市体系空间结构特征。研究结果表明,全球航空网络带有较为明显的地理邻近性特征;香港、广州、深圳在主导性、可达性、中转性上的枢纽功能均依次减弱。研究最后对穗深港在粤港澳大湾区内部的竞合关系进行了相应思考。",城市观察,2018-06-20,期刊,F127,49-60,12
62,全球超级城市经济体发展的共同特征及对我国的启示借鉴,佟宇竞,广州商学院电子商务管理学院,超级城市经济体;共同特征;全球城市;,"目前,我国上海、北京、广州、深圳等城市GDP总量已经突破2万亿元,进入全球城市TOP20行列。认真分析纽约、伦敦、巴黎、东京等GDP早已迈入2万亿元经济体的顶尖全球城市的共同发展特征,对我国建设全球城市意义重大。这些共同特征和启示借鉴是:大力建设国际交通枢纽,金融业成为高端资源配置的强有力手段,强化城市的制造业根基,消费升级推动文化创意产业快速发展,跨国公司是全球资源配置的主导力量,持续创新是城市发展转型的根本驱动力,依靠开放发展推动贸易旅游业增长。",城市观察,2018-06-20,期刊,F124;F299.2,73-82,10
63,上海中央商务区建设实践与启示,武占云,中国社会科学院城市发展与环境研究所,CBD;经济战略;转型;经验启示;,"在全球化背景下,上海陆家嘴CBD作为上海乃至国家经济战略转型的先导地区,经过近30年的发展建设,正在成为亚太地区重要的国际金融贸易中心,以及在全球具有一定影响力的中央商务区,以此也奠定了上海在全球金融中心以及全球城市体系中的重要节点地位。结合国家及上海经济战略转型历程,重点分析上海陆家嘴CBD的发展演变历程、建设成就及其经验启示。",城市观察,2018-06-20,期刊,F727,83-91,9
64,国外特大城市人口调控的“减肥瘦身法”及启示,刘波,北京市社会科学院外国问题研究所,人口调控;特大城市;城市规划;,"研究东京、伦敦、纽约、巴黎、莫斯科、首尔等国外特大城市面对人口压力问题所采取的治理措施。东京以""规划+引导""等多种调控手段综合运用,实现人口与城市发展相匹配;伦敦打造新城,实现""就业人口与居住职能""同步平衡疏解;纽约注重标准把控和规范管理,以经济杠杆实现人口自发调节;巴黎采用""登记+社保""的模式,实现对流动人口的有效管理;莫斯科动态调整城市人口密度,通过中心城区拆迁改造实现市区人口向郊区扩散;首尔""疏""""堵""结合,通过搬迁中心城区行政机构引导人口梯度疏解。国外大城市人口治理的经验,对我国特大城市人口调控具有重要的启示意义。",城市观察,2018-06-20,期刊,C924.1,99-108,10
65,发达城市交通拥堵水平测度及影响因素研究——以天津市为例,王丽艳;任珠慧;朱丹,天津城建大学经济与管理学院,交通拥堵;熵值法;拥堵综合指数;公交优先;,"交通拥堵增加居民出行时间和成本,降低城市运营效率。测度交通拥堵水平并分析其成因,可为交通精细化治理提供决策依据。论文基于公共管理视角,构建城市交通拥堵指标评价体系,采用熵值法测度天津市历年交通拥堵水平并分析其影响因素。研究表明:交通拥堵程度与城市规模、经济水平呈正相关;基础教育资源对交通拥堵影响时序上呈倒""U""型分布,医疗设施空间布局对其影响逐年增加,职住空间分布对其影响呈减小趋势;限行限购政策在一定程度上能够缓解交通拥堵,但长期边际效用递减。最后,从坚持公交优先、倡导TOD土地开发模式、引导城市向多中心空间结构转型、创新交通拥堵治理政策等方面提出相应对策建议。",城市观察,2018-06-20,期刊,F572.88,109-120,12
66,城市生态用地管控:问题及规划管理建议——以深圳市为例,邓金杰;黄伟坚,深圳市规划国土发展研究中心,城市生态用地;规划管理;深圳;,"针对城市生态用地遭到快速侵蚀的问题,以在全国率先划定城市生态用地保护边界的深圳为研究对象,通过对基本生态控制线的土地利用情况和规划管理现状进行梳理,分析深圳市城市生态用地的管理困境及其原因。深圳市城市生态用地管理面临规模减小和质量退化的困境,其主要原因是建设空间需求强劲和空间精细化管控不足。在此基础上,从实施精细化的规划管控角度出发,提出城市生态用地规划管理的建议。",城市观察,2018-06-20,期刊,F301.2,131-138,8
67,关于微型宾馆经济的思考——以微型宾馆聚集点为例,蓝宇蕴;黄泽深,华南师范大学政治与行政学院北京社会管理职业学院社会工作系,微型宾馆;微型宾馆经济;生存型经济;,"微型宾馆经济是我国主流社会所忽略的领域,但在强调底线民生与社会治理的情境下,特别是在社会转型发展已经进入不再""唯经济指标是从""的背景下,给予更多关注就成为必要。微型宾馆经济是草根经济的具体形式,主要在满足生存型的就业与消费需求时,特别是在社会保障机制尚不健全的基础上发挥替代性的生存保障功能时,拥有独特的社会经济价值。然而,由于现阶段种种系统化因素的制约,其存在发展与诸多""问题化""的现象相关,如在经营管理、治安消防、卫生检疫等方面面临许多问题,使得其功能价值遭遇严重的""遮蔽""。而把微型宾馆经济纳入公共管理服务的主流领域,建构有针对性与可操作性的制度及政策体系,是微型宾馆经济有序发展与利益相关者能够协调共荣的基础。",城市观察,2018-06-20,期刊,F719.2,92-98,7
68,粤港澳大湾区与全面开放新格局——第六届“城市观察”圆桌会议在广州举行,,O,O,"<正>6月1日,由广州市社科联、广东外语外贸大学联合主办,《城市观察》杂志社、广东外语外贸大学广州华南财富管理中心研究基地承办的第六届""城市观察""圆桌会议——""粤港澳大湾区与全面开放新格局""在广东外语外贸大学行政楼举行。来自北京、上海、广州等地的40余位专家学者参加了会议,共同探讨粤港澳大湾区的建设与发展。广东外语外贸大学党委书记、校长隋广军教授,中共广州市委宣传部副部长,市社科联党组书记、主席曾伟玉分别代表主办方致辞,会议由广州市社",城市观察,2018-06-20,期刊,F127,2,1
69,粤港澳大湾区时代的广州(南沙)愿景与战略,王世福,华南理工大学建筑学院粤港澳大湾区规划创新研究中心,O,"<正>党的十九大报告提出,以粤港澳大湾区建设、粤港澳合作、泛珠三角区域合作等为重点,全面推进内地同香港、澳门互利合作。习近平总书记在参加2018年全国""两会""广东代表团审议时明确指出,要抓住建设粤港澳大湾区重大机遇打造国际一流湾区和世界级城市群。在此背景下,在广州市社会科学界联合会的支持下,广州市人文社会科学重点研究基地""粤港澳大湾区规划创新研究中心""成功设立,并作为粤港澳大湾区广州发展智库的六",城市观察,2018-06-20,期刊,F127,5-6,2
70,粤港澳大湾区时代广州走向全球城市的思考,王世福;张弘;刘铮,华南理工大学建筑学院华南理工大学亚热带建筑科学国家重点实验室,粤港澳大湾区;粤文化;大广州;全球城市;,"随着经济全球化的进一步深入,粤港澳大湾区在世界舞台中将扮演更加重要的角色。在解读四大湾区的面板数据基础上,比较分析各湾区中主导城市在世界城市体系的排名,并论述粤港澳大湾区作为快速成长阶段的湾区经济体的发展潜力。广州作为湾区城市群的主导者之一,应当结合重大机遇的把握,全面深入地审视和考量广州的全球城市定位。作为粤文化的承载母城,广州应以""粤文化枢纽、全球化高地""为城市战略定位,配合""大广州""空间结构优化,通过""强广佛中心城区""与""强南沙""形成""老广州""""新广州""两大发展极核,以粤文化为内核,使广州进入更高的世界城市序列,扩大世界影响力,引领粤港澳大湾区走向更具竞争力的世界级智慧城市群。",城市观察,2018-06-20,期刊,F127,7-14,8
71,从粤港澳大湾区看南沙的独特性与协同发展,马向明;谢石营;陈伟劲;陈川;汪安,广东省城乡规划设计研究院,粤港澳大湾区;广州;南沙;区域协同;发展战略;,"南沙不仅是国家级新区与自贸区,还是粤港澳大湾区地理中心,在国家提出粤港澳大湾区发展战略之际面临新的发展机遇。在全球四大湾区中,粤港澳大湾区具有自然环境的复杂与活跃性、制度环境的多元性、中心体系的动态变化性三大独特性。在粤港澳大湾区的视角下,南沙则具有深水岸线、几何中心区位、土地发展空间和省会副中心的四个独特点。在深入解读粤港澳大湾区及南沙独特性的基础上,本文提出通过交通联系和产业关联的双链接建设第四代港口、构建十字型轨道交通中心、携手港澳深化对外开放、共筑美丽湾区的四大发展策略,作为南沙与粤港澳大湾区协同发展的实现路径。",城市观察,2018-06-20,期刊,F127,15-25,11
72,从边缘城市到湾区中心:粤港澳大湾区建设背景下的南沙定位,程慧;刘玉亭,英国利物浦大学地理科学与规划系华南理工大学建筑学院亚热带建筑科学国家重点实验室,边缘城市;湾区中心;粤港澳大湾区;南沙;,"在介绍美国及欧洲边缘城市的概念与特征后,以广州南沙为例,探讨南沙在广州发展战略调整下从开发区向边缘城市的转型历程。而与其他开发区导向的边缘城市不同,南沙在一系列国家政策的大力推动下,尤其是在粤港澳大湾区建设的新时代背景下,逐步从广州的""边缘城市""走向粤港澳大湾区的""湾区中心""。南沙特殊的区位及产业优势,使其成为粤港澳深化合作的重要平台和枢纽,从而促进南沙向粤港澳区域中心的战略提升。",城市观察,2018-06-20,期刊,F127,26-35,10
73,顺德清晖园,全景,O,O,O,城市观察,2018-06-20,期刊,J42,166,1
74,粤港澳大湾区环境监察协同治理研究,任颖,广东外语外贸大学广州市绿色经济与环境能源法研究中心,一国两制;粤港澳大湾区;环境协同治理;,"作为继美国纽约湾区、美国旧金山湾区、日本东京湾区之后的世界第四大湾区,粤港澳大湾区建设不仅是国际经济版图浓墨重彩的一笔,更承载着推动内地与港澳深度合作的重要使命,成为打破内地与港澳协同治理困境、真正提升民心融合度的重要契机。以环境监察体制为切入点,对粤港澳环境治理中的预防、监督、救济一体化协同机制进行研究,力求破解""一国两制""下跨法系环境协同治理的困境,推动运动式环境监察向规范化督责监察的转变,促进粤港澳大湾区环境监察协同治理。",城市观察,2018-04-20,期刊,F127;X321,30-39,10
75,东莞可园,全景,O,O,O,城市观察,2018-04-20,期刊,TU986.5,166,1
76,粤港澳大湾区发展研究,杨沐,华南理工大学公共政策研究院,O,"<正>新时代下,粤港澳大湾区已经明确上升为继""一带一路""建设、京津冀协同发展、长江经济带发展之后的又一重大国家战略。习近平总书记在参加十三届全国人大一次会议广东代表团审议时强调,""要抓住建设粤港澳大湾区重大机遇,携手港澳加快推进相关工作,打造国际一流湾区和世界级城市群""。显然,当前粤港澳大湾区的战略定位至少包含两层涵义:其一,作为重要合作平台和载体,助推港澳搭上国家发展快车,加快融入国家发",城市观察,2018-04-20,期刊,F127,5-7,3
77,打造全球科技创新高地:粤港澳大湾区融合发展的战略思路与路线图,曾志敏,华南理工大学公共政策研究院华南理工大学工商管理流动站,粤港澳大湾区;全球科技创新高地;融合发展;,"在第四次科技革命浪潮的推动下,全球科技创新格局正不断进行重构,将粤港澳大湾区打造成为全球科技创新高地迎来了历史性机遇。这个战略目标不仅可以增强我国在全球国家竞争体系中的创新优势,而且可以成为打破当前粤港澳协同不足局面的增量改革突破口,并以此倒逼阻碍创新要素流动、创新资源整合的制度环境与体制机制改革,加快推进粤港澳大湾区的融合发展。对此,本文提出了六个方面的战略思路以及按照""创新走廊——创新环带——创新群落""三步统筹推进的路线图。",城市观察,2018-04-20,期刊,F127,8-19,12
78,广州在粤港澳大湾区建设中的城市发展战略,谭锐,华南理工大学公共政策研究院,粤港澳大湾区;广州;发展战略;,"基于继承既有重大规划的精神,同时又要解决大湾区融合所具有的新问题的思路,提出广州参与粤港澳大湾区建设的""双向四维一体""发展战略。这个战略有""两个向度""和""四个维度""。两个向度是指广州要面向两个客体和任务,即对内面向珠三角其他城市,实现珠三角一体化;对外面向港澳,推进粤港澳深度融合。与其他城市的合作必须要有实际内容支撑,这些内容可分为四个维度,包括产业结构、社会经济体制改革、城市空间布局,以及交通基础设施。""一体""的含义是,由广州做""催化剂""""黏合剂""把大湾区整合为一个要素自由流动、政府间紧密合作的发达经济体。",城市观察,2018-04-20,期刊,F127,20-29,10
79,基于“外部对标——内部聚合”框架的粤港澳大湾区发展评价探索性研究,喻锋;甘清;梁绮琪,华南理工大学公共管理学院,粤港澳大湾区;综合评价;耦合协调度;,"粤港澳大湾区城市群发展已经纳为国家发展战略,其所担负的战略使命是对标纽约、旧金山、东京三大湾区,发展成为""一带一路""重要建设枢纽,对世界经济具有主导作用的大湾区。以世界三大湾区和粤港澳大湾区2016年数据为样本,选取湾区经济、人口、土地、资金和人力等指标,采用多变量综合评价方法方式探究湾区整体水平竞争力,进一步运用耦合协调度模型考察粤港澳大湾区内部11个城市之间相关要素的协调发展基础,以探讨大湾区的内部聚合状况,寻求实现兼顾大湾区发展的整体水平以及内部聚合的系统性评价。",城市观察,2018-04-20,期刊,F127,40-49,10
80,粤港澳大湾区城市群陆路交通一体化的问题与对策,孔维宏,佛山市顺德区社会科学界联合会,粤港澳大湾区;交通一体化;对策;,"交通一体化是粤港澳大湾区加速一体化的重要保障,目前主要存在交通规划零散、过度依赖公路、轨道交通发展相对滞后、缺乏交通共建共享机制、收费交通项目考虑""转移支付""支持欠发达地区理念尚未深入、""一国两制""下通勤效率低、交通服务评价缺失等问题。解决对策包括:开展规划协同、大力发展轨道交通优化结构、实施共建共享补偿机制、争取土地政策为在大湾区范围内局部突破TOD等模式的推进创造条件、树立交通基建""转移支付""理念、实施更为智能港澳通关措施、建立评价问责机制等。",城市观察,2018-04-20,期刊,F299.27;F512.7,50-61,12
81,弘扬开放发展的先行优势,,广东外语外贸大学广东工业大学华立学院,开放型经济;广州;全球资源配置;,"广州是中国古代海上丝绸之路的主要枢纽,具有悠久的开放传统。自20世纪70年代末的改革开放以来,广州敢于先行先试,获得了开放型经济发展的丰富经验与领先优势。党的十八大以来,广州的开放型经济出现了空前跃升的态势。在中国深度介入经济全球化进程中,广州需要以国家重要中心城市和走向全球城市的定位,依托粤港澳大湾区世界级城市群和基于全球枢纽型网络城市群的新优势,在提升国际创新资源配置能力、构建全面开放新格局上走在全国全省的前列。",构建广州开放型经济新格局,董小麟;陈龙江;刘洪铎;王玲,城市观察,F125,62-81,20
82,全球典型城市供给侧改革与发展经验比较研究——兼论加强粤港澳大湾区要素流动之广州作用,韩永辉;张帆;李子文,广东外语外贸大学广东国际战略研究院新加坡南洋理工大学拉惹勒南国际关系学院广东外语外贸大学商学院,城市观察;供给侧改革;国别经验;比较研究;,"面对经济发展的新常态,广州要依靠供给侧结构性改革,实现产业结构优化升级、发展方式转变和经济的可持续发展,利用粤港澳大湾区的战略机遇,推动要素流动,促进区域经济融合。本文分析了包括发达国家、新兴工业化经济体和发展中国家在内的全球典型城市的供给改革与发展经验,结合广州实际,提出七点推进供给侧改革的政策建议。坚持政府对供给侧结构性改革的强力支持和引导;制定面向供给侧的产业发展战略,推动产业多元化和差异化发展;提高中小企业活力,发挥大型企业对转型升级和科技创新的领军作用;完善金融服务体系,实现""差异化""""错位化""发展;加强以交通为核心的基础设施建设,优化城市间通勤效率和成本;增加高端人才供给,加大对科研教育和技术创新的资金投入;以南沙新区为重点,打造粤港澳融合的实验基地。",城市观察,2018-04-20,期刊,F127,82-97,16
83,国家级中心城市的成长条件及其因素分析,姚士谋;孙阳;陈振光;陈肖飞,中国科学院南京地理与湖泊研究所中国科学院流域地理学重点实验室香港大学建筑规划学院城市规划中心河南大学,国家级中心城市;因素分析;成长条件;城市发展;南京;,"现代意义上的中心城市在经济全球化与信息化的深入发展背景下具有极为重要的节点功能,这些城市一方面在全球的城市网络体系中拥有关键的地位,另一方面在自身国家城镇体系中又有着核心的功能,而国家级中心城市所处的中心、节点与枢纽等重要位置决定了其综合的功能属性,体现了国家政治、经济和文化活动的中心性。本文归纳与总结了国家级中心城市成长过程的4个基本条件以及国家级中心城市成长的5个基本因素,旨在通过把国家级中心城市还原在其所依托的城市群背景下,考虑其在国家城镇等级体系中发挥的支撑、服务、辐射、带动作用,加大吸引、集聚资源以加速城市转型,改善并最终提升城市国际功能与凸显国家级中心城市的个性特征。",城市观察,2018-04-20,期刊,F299.2,98-104,7
84,深圳建设国际科技、产业创新中心研究——硅谷的经验与启示,何国勇,深圳市社科院国际化城市研究所,国际创新中心;硅谷;深圳;对策;,"建设国际科技、产业创新中心是深圳自身发展的内在要求。总结了国际科技、产业创新中心的内涵、发展历程及构成要素,并深入分析了美国硅谷建设国际科技、产业创新中心的实践及经验。在此基础上,就深圳建设国际科技、产业创新中心提出了对策建议。",城市观察,2018-04-20,期刊,F127,105-121,17
85,超大城市交通治理的政策工具与效应评估——以深圳市为例,林雄斌;卢源;王杰,北京大学城市规划与设计学院北京交通大学建筑与艺术学院浙江省安吉县城乡规划设计院,公交都市;超大城市;交通问题;交通规划政策评估;深圳市;,"超大城市现有交通问题所带来的负外部效应正在逐步凸显,在意识到快速小汽车机动化与城市空间的不兼容之后,我国许多城市普遍采用多种规划手段和政策工具进行交通治理。其中,深圳市作为首批部市合作""公交都市""示范城市,在应对交通问题上进行了大量的规划和政策调整的探索,包括建立公交专用道、小汽车限购政策、互联网公交供给模式等。这些政策工具在多大程度上缓解了交通问题?如何对这些规划和政策工具开展合理评估,并进行相应的完善?为此,剖析了深圳超大城市交通问题的多维度属性,进而从政策分析的角度理解各种规划或政策措施的有效性,最后提出相应政策完善的方案。",城市观察,2018-04-20,期刊,F572.88,122-130,9
86,城市地下综合管廊开发模式创新探讨,陈倬;叶金珠,武汉轻工大学经济与管理学院,综合管廊;PPP+EPCO;全生命周期;融资创新;,"随着顶层设计的完成,城市地下综合管廊建设进入到大规模开发时代。早期的综合管廊开发主要由政府全资完成,并将廊体建设与管线敷设分别实施,开发绩效不高。PPP+EPCO模式具备""公私合作+全生命周期管理""的特征,在项目的开发过程中,兼顾公平和效益,又实现集成管理的高效率。随着鼓励政策的出台,PPP+EPCO试点项目逐步落地,亟须在制度建设、融资设计、社会资本培育等方面扫清障碍。本文从全生命周期协同、融资模式创新、产业链整合等角度,提出了完善PPP+EPCO模式开发城市地下综合管廊的建议。",城市观察,2018-04-20,期刊,F283;F299.24,131-140,10
87,福利获得、健康状况与城市老年人的主观幸福感——基于南京、成都、天津和兰州四城市的问卷调查,朱慧劼;王梦怡,南京大学社会学院,主观幸福感;福利获得;健康状况;生活质量;,"老年人的主观幸福感是反映其老年生活质量的重要指标。基于南京、成都、天津和兰州四城市的问卷调查,研究发现健康状况和福利获得对老年人的幸福感有显著影响。健康状况对城市老年人的幸福感有着积极的作用,不良的健康状态对城市老年人幸福感有负面的影响。对福利获得变量来说,社区福利的获得能够促进老年人的幸福感的提升,社会救助福利的获得对老年人的幸福感有负面的影响,医疗和养老保险对老年人的幸福感没有显著的影响。要提升城市老年人的主观幸福感,需要重视居民健康和福利获得这两个方面。",城市观察,2018-04-20,期刊,D669.6,141-149,9
88,基于城市文化符号的城市形象传播建构探析——以广府文化之广州形象为例,莫智勇,暨南大学新闻与传播学院,城市文化符号;城市形象;广府文化;创新传播;,"全球化以来,国家竞争体现在城市群及区域间的竞争,城市形象和城市文化成为城市竞争力的重要内容。本文借文化符号理论探讨广州独特文化符号内涵对城市形象构建与传播力的提升及如何实施城市形象传播策略。智能化媒介与新传播时代,挖掘城市形象传播支点,城市特色文化符号化开发,实现多元文化有机融合与有效传播,创新城市传播机制与品牌策略,将是城市创新传播的发展方向。",城市观察,2018-04-20,期刊,F299.27;G127,150-156,7
89,城市区域发展的梯度性假设——世界视野中的城市文明走向,余志乔;陆伟芳,上海师范大学都市文化研究中心,城市;区域;梯度性;假设;,"人类文明经历了游牧民的帐篷文明、农耕社会的村镇文明和工业社会的都市文明。从城市发展的历史与未来推测,城市的发展模式是:城市与区域社会分离到城市与区域社会发展融合的四个梯度——邻域、近域、广域到全域,最终实现城市文明扩及全社会。城市文明超出城市本身的发展范畴,成为了区域社会发展的引擎或动力,带动着社会的全面发展。城市从城区到城外,从近郊到远郊,从中心城市到边缘城市的扩展,都是城市文明向外梯度扩展的表现。欧美发达国家城市的相对均衡发展之路,拉丁美洲国家的过度城市化所导致的城市与区域社会经济发展脱节现象,为我们的城市与区域社会发展提供了经验与教训。",城市观察,2018-04-20,期刊,F299.1,157-164,8
90,广州市城市总体规划发展回顾与展望,韩文超;刘云亚;刘松龄,广州市城市规划勘测设计研究院政府规划编制部,广州市;城市总体规划;规划编制;空间结构;,"本文回顾了新中国成立以来广州市历次城市总体规划的发展历程,并根据不同时期城市面临的主要问题和发展策略的不同,将城市总体规划划分为新中国成立后至改革开放前、改革开放至2000年和2000年以来三个阶段,并对不同发展阶段的社会经济发展背景、规划编制和实施等情况进行了总结。指出广州市城市总体规划是城市政府在不同时期,解决社会经济发展主要问题或实现其战略目标的重要抓手,对城市的发展起到了重要的作用。经过改革开放40年快速发展后,面对快速变化且日益复杂的城市发展问题,传统城市总体规划编制和审批机制逐渐表现出诸多不适应性。认为未来城市总体规划的编制应重塑空间规划体系,重回总规战略性,重构""总控联动""机制。",城市观察,2018-02-20,期刊,TU984.11,76-88,13
91,城市社区日常服务设施可步行性评价——以开封市为例,张丽君;孙莹莹;郑智成;张超,河南大学环境与规划学院开封大学土木工程学院,社区可步行性;步行指数;日常服务设施;开封市;,"社区可步行性是衡量城市可持续发展的重要指标之一,社区日常服务设施可步行性评价有助于科学评估城市基础设施的合理配置程度。本研究借鉴国际通用的在线可步行性评价平台walk score的算法,构建适合中国城市日常服务设施可步行性评价的步行指数,以开封市4147栋建筑为基本研究对象,以453个社区为研究单元,分析开封市社区总体可步行性以及各项日常服务设施的可步行性。研究发现:开封市社区日常设施可步行水平整体较高,但空间分布不均衡。社区破碎度高、土地利用混合度高的老城区可步行性水平较高。城中村以及居住和工业交错分布的社区可步行性较差。各项日常设施可步行性空间分布模式差异较大,均匀分布、圈层分布、梯度分布等模式并存。各项日常设施可步行性呈现组团分异,不同的功能导向一定程度上塑造了社区日常服务设施的可步行性空间格局。城中村、回迁社区、居住-工业混合利用的社区以及城东南组团是日常服务设施亟待优化调整的重点。",城市观察,2018-02-20,期刊,TU984.12,133-144,12
92,粤港澳大湾区发展研究,梁育民,广东省社会科学院港澳台研究中心,O,"<正>从占地面积和总人口来看,粤港澳已是全球最大的大湾区,大大超过发达国家的三大世界级湾区。但中央政府把它列入国家层面发展战略,绝非满足于此,而是期望粤港澳能建设成为我国最富有国际竞争力的大湾区,建设成为现代化、高品质的世界级大湾区,要在人均水平上也能赶超发达国家。党的十九大提出,要坚持和平发展道路,推动构建人类命运共同体。目前中国特色社会主义已进入新时代,这是我国日益走进世界舞台中央、不断为人类做出更多贡献的新时代。为达到新时代的新目标,粤港澳大湾区有义务仍像过去40年改革开放历程那样,继续发挥实现社",城市观察,2018-02-20,期刊,F127,5-6,2
93,粤港澳大湾区跨境区域协调:现状、问题与展望,刘云刚;侯璐璐;许志桦,中山大学地理科学与规划学院香港浸会大学当代中国研究所,粤港澳大湾区;跨境协调;广域行政;珠三角;,"粤港澳大湾区最大特色是一国两制三区。改革开放近40年来,这种多元体制互补的优势直接推动了珠三角地区经济社会的快速发展,也由此衍生出一系列区域协调的棘手课题。具体如跨境交通协调(物流)、跨境人员交流(人流)、跨境信息交流(信息流),以及跨境产业合作、跨境基础设施建设、跨境环境保护、跨境公共安全等等,这些跨境区域协调的课题涉及经济、行政、法律、社会多个层面,涉及粤港澳三地之间、港澳和广东省内各区域各部门之间,不同条块之间的协调,这是粤港澳大湾区与世界其他大湾区的最大不同,也是粤港澳大湾区这一区域概念背后蕴含的最大潜能所在。为此,本文聚焦粤港澳跨境区域协调的相关问题梳理和实践探索的总结,提出粤港澳大湾区当前区域协调的主要课题、实践进展以及未来创新区域协调的路径和对策。",城市观察,2018-02-20,期刊,F127,7-25,19
94,借鉴与合作:粤港澳大湾区与世界知名湾区的互动新态势分析,谢许潭,广东省社会科学院国际经济研究所广东药科大学马克思主义学院,粤港澳大湾区;世界湾区;全球城市治理;,"粤港澳大湾区所囊括的城市具备强大竞争力,并不意味着它的建设将会畅通无阻。积极学习借鉴世界其他知名湾区成功经验,如纽约湾区效力深远的城市战略规划体系、旧金山湾区卓越的对外科技创新吸引力、东京湾地区成功突破资源贫瘠和土地狭小等掣肘的产业错位布局能力等,可为粤港澳大湾区建设提供理论与实践支持;同时,凸显先锋特色城市的""火车头""角色和改善湾区的政策与营商环境,则是加强与国际湾区合作的两个全新着力点。粤港澳大湾区与国际知名湾区的""借鉴与合作""复合互动模式,也将成为引领""全球城市时代""发展轨迹的活跃因素。",城市观察,2018-02-20,期刊,F113,36-48,13
95,美国政府减税对粤港澳大湾区建设的影响,吴天青;梁宇红;全玲艳,广东省社会科学院港澳研究中心,美国政府;减税政策;粤港澳大湾区;,"2017年12月22日,美国总统特朗普在白宫的椭圆形办公室签署了颇受争议的《减税和就业法案》。该法案一出,便引起了世界范围的减税潮,使得2018年被西方学者誉为""减税年""。美国政府的减税将打破当前亚太地区的经济大循环,并对粤港澳大湾区对外经济的发展路向产生影响。本文认为,大湾区应着力发展""自主可控,进口替代"",建设有底气的IC产业,以提升当前消费性电子产品出口的兴旺势头;同时,对于能耗较大及对美产业依赖度较大的产业,应积极谋求集体赴美投资。此外,大湾区还应借助港澳对外窗口和结算渠道,积极介入东南亚地区的电商销售网络,理顺企业参与东南亚电商销售的路径,为企业参与""一带一路""市场创造更加有利的条件。",城市观察,2018-02-20,期刊,F127;F817.12,49-56,8
96,公共行政视角下兰斯塔德区域规划及启示,范建红;刘雅熙,广东工业大学建筑与城市规划学院城市规划系,兰斯塔德;区域规划;公共行政;经验与启示;,"荷兰兰斯塔德地区是国际多中心城镇群的典范,拥有着丰富的区域协调规划经验。鉴于兰斯塔德的区域规划顶层设计基本架构特征,从公共行政视角分析兰斯塔德的区域规划特征,了解兰斯塔德在区域协调中的现状障碍。文章重点介绍兰斯塔德在面临区域问题中公共行政所进行的改革策略,展现政府为实现区域规划在配置空间资源与分配社会经济资源等过程中所面临的选择与尝试,最后总结了该区域的经验教训并提出了可供参考的借鉴与建议。",城市观察,2018-02-20,期刊,D035,124-132,9
97,非洲国家的非均衡型城市化:特征、弊端及其反思,王枫云;陈亚楠;林志聪,广州大学公共管理学院广州大学松田学院法政系,非洲;非均衡型城市化;特征;弊端;反思;,"随着城市化不断向前推进,许多非洲国家的经济社会取得了较大的发展。但部分非洲国家忽视生产力水平的现状水平和社会软环境建设、不重视公共服务的改善,一味地追求造城运动,缺乏有效政府宏观调控和城市总体规划,使得城市在全境内分布不均衡,城乡差距不断扩大,城市化发展的同时负面效果日趋凸显。这种非均衡型城市化模式体现出如下特征:高密度的城市人口、城市化进程与经济发展的相关性不强、城市间城市化水平差异较大等。这些矛盾给非洲国家带来了城市拥挤、疾病流行、高犯罪率、滞后的交通条件和环境污染等""城市病""。剖析非洲国家的非均衡型城市化的特征和弊端,并在此基础上对解决非均衡型城市化问题进行反思,对合理引导我国城市化的发展具有一定的参考价值。",城市观察,2018-02-20,期刊,F299.4,157-164,8
98,粤港澳大湾区与“一带一路”——第五届“城市观察”圆桌会议在广州举行,,O,O,"<正>2017年12月22日,由广州市社科联、广东外语外贸大学主办,《城市观察》杂志社、广东外语外贸大学粤港澳大湾区研究院承办的""粤港澳大湾区与一带一路""——第五届""城市观察""圆桌会议在广州举行。上海对外经贸大学经贸学院院长黄建忠教授,山东大学国际贸易研究所所长范爱军教授,中山大学港澳珠三角研究中心副主任袁持平教授,暨南大学特区与港澳经济研究所所长钟韵副教授,广东外语外贸大学粤港澳大湾区研究院院长申明浩教授,华南理工大学公共政策研究院执行院长杨沐教授,深圳大学特区研究中心副主",城市观察,2018-02-20,期刊,F127,2,1
99,香港在粤港澳大湾区建设中的定位与作用——兼论新时期粤港澳合作平台建设,梁育民;邱雪情,广东省社会科学院港澳台研究中心,粤港澳大湾区;粤港澳合作平台建设;大珠三角;,"改革开放以来,香港一直是粤港澳区域的核心大都市,引领着整个区域经济社会的发展。现在和未来,仍然可以挖掘与发挥潜在优势,在大湾区建设中继续发挥核心大都市的引领作用。分析了香港在国际竞争优势上的现状与潜力,明确了香港在粤港澳大湾区的定位与作用,提出香港应考虑积极融入国家相关战略和规划,联合深莞穗促进资源整合,共同开拓市场发展空间,加快打造与完善粤港澳合作平台建设,打造高品质的大珠三角都市圈。",城市观察,2018-02-20,期刊,F127,26-35,10
100,改革开放以来广州科技创新成就与经验研究,王可达;王云峰;吴兆春;康达华,中共广州市委党校经济学教研部,广州;改革开放;科技创新;国际科技创新枢纽;发展展望;,"文章在分析改革开放以来广州科技创新的基本历程和基本成就的基础上,指出改革开放40年来,广州在科技创新的顶层制度设计、科技管理体制、科技成果转化和科技创新生态系统建设方面取得了成功的经验。在此基础上,根据广州科技创新的战略布局、广州科技创新面临的挑战和国际科技创新枢纽的组织结构,从实施国际人才战略、突出企业创新主体、完善优势转化机制、建设知识产权枢纽、完善创新驱动制度等方面提出了广州加快建设国际科技创新枢纽的主要路径。",城市观察,2018-02-20,期刊,F124.3,57-75,19
101,快速城市化背景下我国城市蔓延的治理模式构建,王家庭;李艳旭;蔡思远;张邓斓,南开大学中国城市与区域经济研究中心西北大学法学院,快速城市化;城市蔓延;治理模式;国际经验;,"随着我国城市化的快速发展,城市蔓延现象日益显性化,造成了土地的非合理利用和城市污染等问题,直接影响着新型城镇化战略的顺利实施。因此,治理城市蔓延已成为无法回避的现实问题。本文首先简要分析了当前我国城市蔓延治理中存在的主要问题,然后对国外城市蔓延治理理念、治理工具和治理模式进行了较系统分析,在此基础上,结合我国不同城市规模的差异,选择相匹配的城市蔓延的治理工具和治理理念,尝试构建了适合我国不同规模城市差异化的城市蔓延治理模式。",城市观察,2018-02-20,期刊,F299.2,89-99,11
102,以功能提升推进南京特大城市建设的思路研究,沈宏婷,江苏省社会科学院,南京;特大城市;功能提升;发展思路;,"在2016年国家发改委公布的《长江三角洲城市群发展规划》中,南京被定位为长三角唯一的特大城市,赋予了南京独特的地位。从规划内容来看,南京被赋予了带动南京都市圈的同城化发展、辐射带动淮安等苏北地区的发展、促进南京都市圈与合肥都市圈的融合发展等多重含义。但从南京自身来看,其发展中存在经济集聚效应不显著、空间辐射能力不足、国际化功能不全、管理服务水平有待提高、生态保护压力较大等问题阻碍了南京城市功能的提升。南京必须在原有的城市功能基础上,不断强化其创新型、枢纽型、开放型、服务型、生态型的新功能,从而真正肩负起国家所赋予的东部重要中心城市、长三角城市群中唯一的""特大城市""的功能定位。",城市观察,2018-02-20,期刊,F299.27,100-106,7
103,我国中部地区中小型城市建设创新城市的路径探索——以芜湖市为例,吴翠萍;范佳妮,安徽师范大学历史与社会学院中山大学社会学与人类学学院,创新城市;中部地区;中小城市;城市建设;,"21世纪以来,在经济全球化背景下,科技创新实力成为全球各国国际竞争力的一项重要指标。是否具备自主创新能力,是国家能否在世界竞争中处于领先地位并持续稳定发展的决定因素。为提高国际竞争力,实现可持续发展,我国早在十年前就将""建设创新型国家""作为发展目标之一。而创新型国家的建成势必离不开创新型城市的支撑,因此,创新城市建设成为当前城市建设的一个关键方向。本文总结了四类创新城市建设类型,并以芜湖市为例,重点探讨了作为我国经济发展第二梯队的中部地区中小城市在创新建设方面的特点与优势所在,并就其如何结合自身特色,发挥所长建设创新型城市进行了探讨。",城市观察,2018-02-20,期刊,F299.27,107-115,9
104,供给侧改革视角下的上海经济结构优化与全球城市建设,蒋媛媛;黄敏,上海社会科学院应用经济研究所,上海;全球城市;供给侧改革;,"在上海新一轮城市总体规划中,上海的城市定位已经发生变化:在2020年基本建成""四个中心""和社会主义现代化国际大都市的基础上,2040年要努力建设成为具有全球资源配置能力、较强国际竞争力和影响力的全球城市。上海供给侧结构性改革应围绕瞄准建设全球城市的目标,结合上海优势和国家战略功能导向,实现以新供给引领新需求,促进上海经济结构的不断优化,形成与全球城市相匹配的经济结构和软硬实力。",城市观察,2018-02-20,期刊,F127;F299.27,116-123+144,9
105,生活、关系、空间:城市社区融合共建的三维逻辑——基于上海市D社区的案例研究,杨秀菊;刘中起,上海徐汇区委党校、徐汇区行政学院华东理工大学社会与公共管理学院上海市委党校、上海行政学院社会学教研部复旦大学社会发展与公共政策学院,城市社区;社区融合;社区营造;,"十九大报告指出,打造共建共治共享的社会治理格局,推进社会治理社会化、法治化、智能化、专业化。上海市D社区基于生活、关系、空间三维向度的城市社区融合共建某种意义上表明了当前社区建设的一种价值取向和行动回归,通过社区动员培育居民自治意识与自治能力,营造社区文化,深化关系联结,从而有效提升社区社会资本,推动社区多元主体整合,形成以基层情感治理为主线、以专业工作介入为手段、以社区文化建设为目标的城市社区整合共建的现实路径。",城市观察,2018-02-20,期刊,D669.3,145-156,12
