1,伊朗女性电影的银幕表达策略,黄含,重庆工商大学文学与新闻学院,伊朗女性电影;性别话语权;凝视机制;,"随着伊朗女性电影数量和国际影响力的增长,伊朗女性电影人在拥有影像话语权后对伊朗女性的生存现状进行了大胆的揭露和反思。伊朗女性电影针对宗法体制用传统宗教、家庭观念以及明文法令等形式限制妇女自由、不平等对待妇女等社会现象,对伊朗社会的父权结构进行批判,并试图借助艺术的力量提升伊朗女性在社会和家庭中的地位。电影作者不再局限于如何在审查制度下有限地、合法地呈现女性的美学价值,而是通过聚焦这些束缚之物,对它们存在的意义进行讨论,甚至把它们作为影片故事的主要内容。性别和身体成为21世纪以降伊朗女性电影人表达女性政治诉求的符号载体。",当代电影,2018-12-05,期刊,J905,49-54,6
2,流亡民族的影像志——库尔德电影中的身份建构,杨晶,北京师范大学,库尔德电影;流亡民族;身份建构;,"库尔德是中东地区的跨境居住民族。库尔德电影是流亡民族的影像志,建构了库尔德身份。本文以哈米德·纳菲西的""流亡电影""理论和霍米·巴巴的""第三空间""理论为基础,首先介绍库尔德电影作为跨国空间中的流亡电影的特征;其次,论述库尔德身份如何在流亡电影的""时空体""中被建构;再次,探究电影中女性和儿童形象对塑造库尔德民族的意义。",当代电影,2018-12-05,期刊,J905,54-60,7
3,改革开放四十年的中国电影教育,,O,O,"<正>编者按本刊今年策划的""改革开放四十年与中国电影""系列专题,邀请部分专家学者、业内精英,围绕中国电影""制片、创作、发行放映、合拍片、引进片、教育""等几个方面,进行了纵向的梳理、横向的比较与研究,引起了学界、业界的热议,收获了继改革开放三十年中国电影相关总结和研讨后的又一重要学术成果。这也印证了改革开放四十年对于中国社会文化的深刻影响。",当代电影,2018-12-05,期刊,J992,4,1
4,当代中国电影教育的观察与思考,廖祥忠;本刊记者;张宗伟,中国传媒大学,O,"<正>时间:2018年11月6日地点:中国传媒大学西配楼200会议室本刊记者:改革开放以来,中国电影和中国电影教育都发生了巨大变化,您所在的中国传媒大学是中国当代电影教育体系中的一支重要力量,与国内同类院校相比,中国传媒大学电影教育的特色和优势是什么?廖祥忠(以下简称廖):与国内兄弟院校相比,中国传媒大学的电影教育在长期办学实践中形成了自己的特色和优势,主要体现在以下三个方面:其一是学科覆盖齐全,综合优势明显。中国传媒大",当代电影,2018-12-05,期刊,J992,4-8,5
5,改革开放四十年中国电影教育发展的回顾与前瞻,侯光明;刘军,北京电影学院党委北京电影学院中国电影教育研究中心,改革开放四十年;中国电影教育;发展阶段;发展模式;,"本文站在改革开放四十年的历史节点,梳理了中国电影教育发展走过的重要历程,回顾其取得的经验,分析面对的内外挑战,前瞻中国电影教育人才培养的发展走向,提出有中国特色的电影人才培养模式应该注意的诸多发展方向。",当代电影,2018-12-05,期刊,J992,8-14,7
6,浅谈新时代的中国高等电影教育,张宗伟,中国传媒大学戏剧影视学院,新时代;电影教育;“双一流”;“互联网+”;,"进入新时代,中国由电影大国向电影强国迈进,电影在国家宣传思想和文化娱乐方面的特殊作用愈加突出,这对高等电影教育提出了新要求。在艺术升格为门类,电影学归属于戏剧与影视学,国家实施""双一流""战略的背景下,在""互联网+""催生新的教育生产力,打破传统教育模式的语境下,新时代的中国高等电影教育面临新的挑战和发展机遇。",当代电影,2018-12-05,期刊,J992,15-18,4
7,《无双》:人性的命运和悲剧,许乐,山东大学(威海)机电与信息工程学院,O,"<正>《无双》应该算是2018年香港警匪片中最值得关注的一部。对于香港警匪片来说,《无双》首次向我们细致入微地展示了伪钞制作的惊人细节,其中蕴藏着多种多样的观影快感。对于香港电影的影迷来说,能够看到周润发有如几十年前《英雄本色》里小马哥的风采,或许已经足够满足情怀。对于剧情逻辑控的电影观众来说,影片层层悬疑、步步推理的结构,以及结尾处的彻底反转,都可以说既做到了吸引眼球又做到了愉悦大脑。",当代电影,2018-12-05,期刊,J905,19-21+2+178,5
8,零度写作、流量明星与公共话题——电影《宝贝儿》的内外修辞悖论,盖琪,广州大学人文学院,O,"<正>2018年10月19日,经过前期宣发的充分预热之后,电影《宝贝儿》正式上映。此前,""入围多伦多国际电影节特别展映单元""""入围圣塞巴斯蒂安电影节主竞赛单元""""大师级导演侯孝贤监制""""国外媒体高度肯定""等标签,似乎为该片预示了一条""既叫座又叫好""的双向坦途。而在美国IMDb(互联网电影资料库)网站上,该片的评分在9月末也一度高达8.6分。由此,到《宝贝儿》上映之际,国内院线对其票房抱有较高期待。相关数据显示,其首日排片比达",当代电影,2018-12-05,期刊,J905,22-24+177,4
9,历史的缝隙,,中国传媒大学艺术学部,O,"<正>时间:2018年7月7日地点:首尔PINEHOUSE FILM办公室一、关于《燃烧》(一)即兴范小青(以下简称范):看完《燃烧》后,很多中国影评人都夸您特会取景,看起来普普通通(的景),实则透着一股诗意。大家甚至还围绕这个问题展开大讨论。所以,我的第一个问题是,您偏爱哪种类型的空间?李沧东(以下简称李):对我而言,取景和选角一样重要。请某位演员出演角色,无论说戏还是对其进行演技指导,其实并不能让他(她)成为那个角色。当然,不是说完全不需要这个过程。选角就是从剧本外寻找",真实的力量——李沧东导演访谈录,李沧东;范小青,当代电影,J905,25-33,9
10,韩国作家导演研究之李沧东——人物李沧东和李沧东电影的人物研究,范小青,中国传媒大学戏剧影视学院,韩国电影;李沧东;现实主义;人物研究;韩国病;,"本文通过作者研究和电影人物研究,贯通李沧东导演的六部电影作品,尤以其最新作品《燃烧》为例,解析作家导演李沧东的电影世界,探讨其美学思想的构成与成就。人物李沧东和李沧东的电影人物相映衬、互补充。他创造了""他们"",""他们""则构成了他的世界。研究""他们""的过程,亦是洞悉李沧东电影秘密、了解作者的过程,并最终在他的电影里见自己、见天地、见众生。",当代电影,2018-12-05,期刊,J905,33-38,6
11,绝望中的凄美——李沧东电影的人物谱系及文化气质,孙小兵,辽宁师范大学文学院,李沧东;人物谱系;文化气质;,"本文以李沧东电影作品的人物形象为切入点,以奋斗的沉沦者、抗争的孤独者、追梦的困顿者和异化的虚伪者为坐标,分析其电影作品人物形象谱系的建构;以""残缺""和""饥饿""为坐标,分析电影人物的身体景观,从而在体验电影镜头记录的悲凉人生中分析他对生命意义的思考,并认同其形象谱系所彰显的文化气质。",当代电影,2018-12-05,期刊,J905,38-42,5
12,人性的凝视——李沧东电影的性别叙事,李岩,山东大学机电与信息工程学院,李沧东;性别叙事;亚洲电影;韩国电影;,"李沧东导演的电影以性别意象为叙事道具,编码出复杂深邃的隐喻空间,并以极具道德象征的奇情故事和批判现实主义的创作方法,显现出弱势群体的文化立场和诗意空间。同时,亦以女性第一视角,抵御强势社会身份对叙事话语的垄断,折射出韩国社会中父权与教权的双重压迫。并以多重性的文化视角与镜语表述,对禁忌话题和失语者情感欲望进行申诉与呈现,通过将被忽视的客体转化为讲述主体,对""融入受阻""的人性进行凝视。",当代电影,2018-12-05,期刊,J905,43-47,5
13,李沧东生平与作品年表,李岩,O,O,O,当代电影,2018-12-05,期刊,J911,48,1
14,何日铸剑能为犁?——诗意现实主义下的以色列反战电影,张黎歆,北京师范大学艺术与传媒学院,以色列反战电影;诗意现实主义;,"21世纪以来,以色列反战电影在一片""向右转""的利库德集团执政中也迎来了蓬勃的发展。本文将结合21世纪以来横跨第四次、第五次中东战争及反映当今以色列国内局势的多部影片,旨在对反战电影的人物命运、主题表达和空间建构做深入的探讨,观察以色列社会生活与文化,理解""天选之子""(1)如何诗意地栖息于""应选之地"",(2)在诗意现实主义的观照下还原出反战电影的表述机制。",当代电影,2018-12-05,期刊,J905,60-65,6
15,清末民初北京的电影放映与制片,黄德泉;DjaibKamal,中国电影艺术研究中心阿尔及利亚ISMAS学院,清末民初;北京电影;史料;,"程季华主编的《中国电影发展史》在开篇章节中有关北京最初的电影放映及制片情形的叙述多有不实之处,其中的""西单市场内的文明茶园""和""丰泰照相馆摄制《定军山》戏曲片""等更是无中生有。究竟电影放映与制片在北京的初始状况是如何的呢?本文拟从现存当时京津沪等地的相关报刊中搜罗点滴史料,希冀由此以窥大概。",当代电影,2018-12-05,期刊,J909.2,66-75,10
16,雍松与中国最早的电影放映,付永春,浙江大学宁波理工学院,雍松;中国最早电影放映;,"刘易斯·马塞纳·雍松(Lewis Marcena Johnson)在中国电影史上的地位与中国最早的电影放映事件密不可分。1897年7月至10月间,雍松以美商的名义在天华茶园、奇园和同庆茶园等处放映电影,被认为是中国最早的几次放映电影活动之一。雍松在中国最早的电影放映中到底起到了什么样的作用?雍松是谁?除了历史的偶然性之外,为什么雍松会拥有这一历史地位?本文通过对雍松个人经历的还原考察,试图厘析雍松在中国电影史地位的形成原因。本文认为,雍松的职业特点和个性特征是他在中国早期电影放映中取得历史地位的重要原因。",当代电影,2018-12-05,期刊,J909.2,75-79,5
17,于洋访谈录,陈墨;赵晶;彭琨,O,O,"<正>采访时间:2009年2—7月采访地点:北京电影制片厂·于洋家采访时长:38小时受访者简介:于洋,男,1930年11月23日生于山东。1945年加入东北电影公司成为演员,1946年进入东北电影制片厂。1953年调入北京电影演员剧团。1955—1957年在北京电影学院表演专修班学习。1975年调入北京电影制片厂导演室。参演作品有《留下他打老蒋》(1947)、《桥》(1948)、",当代电影,2018-12-05,期刊,J905,80-86,7
18,陆小雅访谈录,周夏;张锦,O,O,"<正>采访时间:2012年11月13—18日采访地点:北京·中国电影资料馆采访时长:29小时受访者简介:陆小雅,1941年5月27日生于湖南省沅陵市,1950年在《刘胡兰》中饰演童年刘胡兰。1958年考入长春电影制片厂表演训练班,毕业后成为长影厂剧团和译制片室演员。1975年调入峨眉电影制片厂任编辑、场记,1976—1978年在北京电影学院导演系学习,毕业回到",当代电影,2018-12-05,期刊,J905,86-91,6
19,“花瓣桥”的承诺与“爱森斯坦”的归来——数字屏幕时代影像的理论逻辑,张斌,上海大学上海电影学院,德勒兹;像素化;神经-影像;虚拟现实;,"数字屏幕时代,影像的像素化本质导致影像与现实的关系出现逆转,现实和虚拟之间的关系更加复杂多样。影像不再如巴赞意义上的影像现实主义那样反映可见现实,而是反映德勒兹意义上大脑-屏幕中的不可见现实,形成运动-影像、时间-影像之外的第三种影像——神经-影像。同时,在虚拟现实技术的支持下,当代影像出现了后人类电影与VR影像的发展趋向,电影正走向""后电影""时代,并在召唤能发现这个新时代影像语法的""爱森斯坦""的归来。",当代电影,2018-12-05,期刊,J905,92-95,4
20,创造虚拟现实电影的声音景观,张莹,上海大学上海电影学院,虚拟现实;电影;声景学;声音景观;听觉重建;,"虚拟现实电影中的声音呈现方式与传统电影有所不同,对声音创作提出了新的问题。基于声景学理论的声音思维,本文提出,通过建立声音景观的三个层次,形成观众、环境、声音的互动格局,实现虚拟现实电影的听觉重建。",当代电影,2018-12-05,期刊,J933;TP391.9,95-99,5
21,视像时代的技术叙事,林少雄,上海大学上海电影学院,视像文化;电影;视觉叙事;虚拟现实;VR;,"叙事是人类所特有的一种文明创造方式。在不同的艺术门类中,叙事的形式及性质各有不同。叙事总是或隐或显、或此或彼地与技术发生着关系。电影是一门与技术密切相关的艺术形式,随技术的产生而诞生,也随技术的发展而发展。随着数字技术与互联网的不断发展,电影艺术出现了一种全新的叙事方式——技术叙事。本文试图以近年来电影艺术的技术文化为背景,以具有代表性的电影作品为例,从当代技术带来的电影叙事的变革、作为一种全新叙事方式的技术叙事的特质、技术叙事对既往电影叙事的影响、技术叙事的文化意蕴等几方面,对技术叙事的缘起、特质、影响及其意义进行讨论。",当代电影,2018-12-05,期刊,J93,99-102,4
22,让-吕克·南希的技术意识与《人工智能》的赛博格意识,周文姬,上海大学上海电影学院,人工智能;主体;身体;赛博格;闯入;生态技术;,"让-吕克·南希在多部著作中涉及到技术、科技和生态科技,其技术意识与后人类意识属于同一本体论思考,表征着后人类主体具有外展意识与对匮乏进行不断增补和更新的意识;《人工智能》中大卫的赛博格主体意识却传达着古老的爱与家园。在以影像为媒介传达技术与人类之间的关系时,本文将让-吕克·南希的哲思与《人工智能》进行探索性与批评性的对话,认为赛博格的意义不再只是技术上的人造人,更是以它为媒介,重新思考与书写在科技时代中人与世界的联结和后人类生成(becoming)的世界存在。",当代电影,2018-12-05,期刊,J905,103-106,4
23,虚拟现实电影的交互特性及设计策略研究,黄心渊;陈柏君,中国传媒大学动画与数字艺术学院中国移动互联网有限公司云事业部邮箱室,虚拟现实;电影;交互;游戏;沉浸;,"虚拟现实是近年来为市场所重点关注的技术之一,基于此项技术制作的电影正不断冲击着传统电影市场。虚拟现实技术允许观众自由选择观看视角,并营造沉浸式观影空间,这两点使其在本质上区别于传统电影。本文首先剖析虚拟现实技术的出现,使虚拟现实电影和传统电影产生观影体验的区别;接着,详述虚拟现实电影的交互特性,并提出这些交互特性与电子游戏艺术的相似之处;最后,部分借鉴电子游戏的设计思路,形成虚拟现实电影在交互系统方面的设计策略,以提升虚拟现实电影观看的临场性、互动性、可玩性和流畅性。",当代电影,2018-12-05,期刊,TP391.9;J91,107-111,5
24,基于具身视角的VR电影场境叙事,王楠,中国传媒大学动画与数字艺术学院,具身;视角;VR电影;场境叙事;,"VR(虚拟现实)技术为受众营造了一个如临其境的无形空间。VR电影与传统电影具有本质的叙事差异,空间、场景的搭建是其重中之重。本文基于VR电影语境,提出""场境""的概念,用于阐释VR电影中空间建设的重要性。在场境叙事的VR电影中,叙事由作者、文本、受众共同完成。相比其他任何一种艺术类型,VR电影受众具有更加复杂、明确、重要的叙事身份,在实现具身认知的同时也进行了完整叙事。以具身体验为追求,设计并营造VR电影的场境,是VR电影叙事创作的全新路径。",当代电影,2018-12-05,期刊,J91;TP391.9,111-115,5
25,叙事类VR短片的叙事策略研究,石田;高薇华,中国传媒大学动画与数字艺术学院,VR;影像;叙事策略;,"近年来,虚拟现实(VR)技术逐渐成熟并开始走入人们视野,各个行业都在寻找与VR技术结合的可能性,其中VR技术在影视领域的应用更是为影像带来一种新形态。与传统影像相比,VR影像在时间和空间都上升了一层新维度,本文以几年来的叙事类VR短片,主要以GoogleSpotlightstories和OculusStoryStudio出品的VR短片为研究对象,通过分析叙事类VR短片具有的""自主性""""碎片性""""在影像拍摄手法上发生改变""三个特征。从增强VR影像的空间叙事密度筛选VR影像空间中的信息,与观众引导方式、影片节奏的层面上为VR短片的叙事策略提出新的思考。",当代电影,2018-12-05,期刊,J91;TP391.9,115-119,5
26,媒介融合视域下近年国产商业电影海外传播现状与策略分析,段鹏,中国传媒大学艺术学部,国产商业电影;海外传播;全球化;媒介融合;,"商业电影作为国际电影市场上的主流形式,近年来被各个阶层年龄的观众广为接受,在世界范围了具有巨大的影响力。国产商业电影在21世纪初掀起""功夫热""后,近几年却未在国际市场上取得比肩国内市场的成绩。国产商业电影走向海外不仅可以实现全球市场的拓展,经济效益的提升;更可以用中国式的表达把中国故事带向世界,抵御西方媒体营造的与真实中国形象相背离的意识形态,提升中国形象。本文结合媒介融合和全球化的时代背景,梳理国产商业电影现状,并从创作、市场发行和政策三个角度浅析国产电影的发展路径,努力推动国产商业电影国际化发展。",当代电影,2018-12-05,期刊,J943,120-123,4
27,当代科幻电影与后人类主体的构建——以电影影像中的“他者”为例,陈灯杰,东南大学人文学院,当代科幻电影;后人类主体;构建;“他者”;,"""二战""后,当代科幻电影从着力展现太空竞赛的荒诞,逐步转向用反乌托邦促发人们对当下的思考。在后人类主义思潮的影响下,当代科幻电影关于当下的思考主要集中在对人性的探讨上,以重构人的概念。本文主要选取当代科幻电影中的""他者""作为问题的切入点,通过对""他者""及其与人类之间关系的分析,来探讨当代科幻电影在后人类主体构建中所起到的作用。",当代电影,2018-12-05,期刊,J905,124-127,4
28,后人类影像中的身心关系及其反思,高丽燕,浙江大学人文学院,后人类;科幻电影;身心关系;技术反思;,"后人类是当代主体哲学中的一个新兴概念,这一概念受到人文主义和当代科技发展的深刻影响。在科幻影视中,这种后人类概念得到了最为形象逼真的再现,为思考后人类的生存状况提供了直接的视觉经验。依据身心关系,科幻影视中的后人类影像可以分为三种,即技术对肉身强化的超人类主体、技术对身体替换的换身主体和技术自身生命化的人造主体。而这三种不同的后人类影像,则反映了在新语境下对人类生存状况的三种不同的反思。",当代电影,2018-12-05,期刊,J905,128-131,4
29,科幻电影如何从主体性走向主体间性——以《阿凡达》和《降临》为例,张兵,四川大学文学与新闻学院,现代性;主体性;主体间性;交往行为理论;承认;,"《阿凡达》为代表的科幻电影批判现代性危机的同时,始终跳不出主体性二元对立思维范式。以《降临》为代表,科幻电影只有从主体性走向主体间性,从工具理性、目的理性走向交往理性,才能为人类走向具有共识期待的非零和、共同和谐发展探索可能的路径。交往行为理论作为一种强调规范性的交往范型,学习和承认是其中极为关键的环节,几乎所有科幻电影都必将涉及到不同文明、种族、星球等层面的相互学习和承认问题,值得科幻电影创作者的关注。视觉奇观之外,科幻电影在现代性维度对主体性的反思和批判,无疑将极大提升科幻电影作为类型片的思想深度和艺术感染力,给观众和人类社会更多有价值的启示。",当代电影,2018-12-05,期刊,J905,131-134,4
30,院线纪录电影市场化道路探析——由2018年暑期档院线纪录片引发的思考,林锦爔,中国电影艺术研究中心,院线纪录电影;2018年暑期档;市场化;,"2017年暑期档《二十二》成为院线纪录电影的爆款,《地球:神奇的一天》等影片也获得了良好的票房,在人们欢呼纪录电影的春天就要来临的时候,2018年暑期档上映的几部纪录电影票房成绩却不尽如人意。本文从几部纪录电影入手,分析其艺术上的优缺点、市场上的表现,以期为国产院线纪录电影探索一条市场化道路。",当代电影,2018-12-05,期刊,J943,161-165,5
31,新丝路,,西安工程大学新媒体艺术学院,O,"<正>2018年10月9日至12日,第五届丝绸之路国际电影节2018国际青年导演学术交流会在西安举行。""丝绸之路国际电影节""是与北京国际电影节、上海国际电影节并列的国内三大国际电影节。国际青年导演学术交流会创办于2017年,2018年正式成为""丝绸之路国际电影节""系列活动的组成部分。本届交流会由第五届丝绸之路国际电影节(西安)执委会指导,西安工程大学、西安曲江影视投资(集团)有限公司、《当",新青年,,新电影——第五届丝绸之路国际电影节2018国际青年导演交流会综述,J911-2,166-168,3
32,科幻电影中符号化空间与主体性的消解,张凤琳,四川农业大学人文学院,科幻电影;符号化异质空间;主体性;,"科幻电影中符号化异质空间的塑造是电影意义生成的重要机制。生存环境荒漠化的后人类空间、升级与变形的消费空间,以及封闭的有限空间等,是科幻电影中常见的符号化异质空间形态。符号化异质空间的表达具有强烈的美学意义,它预示着一种主体性的消解。同时,这种符号化异质空间的塑造突破了电影的传统叙事模式,将更为普遍的平等意识置于表现的中心,因此,也为电影构建普遍生命力的平等提供了一条有效的路径。",当代电影,2018-12-05,期刊,J905,135-138,4
33,论当代虚拟空间类型科幻电影的主体性建构,沈玉娇;孙化显,四川大学道教与宗教文化研究所四川大学党委宣传部理论科,当代科幻电影;虚拟空间;主体性建构;合法性确证;,"在当代科幻电影发展过程中,不同阶段的虚拟空间类型科幻电影中的主体在虚拟空间中的地位、作用及能力差异很大,通过对科幻电影中主体与虚拟空间的互动作用、叙事策略等的分析,可见,随着时代前进、技术革新,当代虚拟空间类型科幻电影的主体性体现出一种不断建构的特征。历时视角观之,《异次元骇客》《黑客帝国》《盗梦空间》《头号玩家》等影片中的主体从对虚拟世界的担忧恐惧到理解接受,再到主动利用虚拟世界改变现实境遇,在这一过程中,主体的地位不断提高、能力不断增强、自我意识不断得到确证,最终在价值层面实现了虚拟空间——现实空间的双向认同。可见,随着科幻电影表现的科技情状与实现这些影片的科技手段的共同发展进步,虚拟空间与现实空间的主体性非但不会消解,反而从更深层面上确证了时代变动下现实空间与虚拟空间中人的存在的共同合法性。",当代电影,2018-12-05,期刊,J905,138-141,4
34,极权的滥觞与专制的幽灵:电影《浪潮》的文本分析与意识形态批评,廖浩霖,四川农业大学艺术与传媒学院,《浪潮》;文本分析;意识形态批评;集体主义;极权主义;,"德国电影向来不乏对法西斯主义和专制独裁统治等问题的深沉反思。而德国导演丹尼斯·甘塞尔的电影《浪潮》则巧妙地把这样一个沉重的主题置于看似繁荣安定的德国当下社会,这种别具匠心的设计、对比强烈的安排恰恰能更加有力地引导人们的思考。本文以《浪潮》作为个案分析文本,以极权兴起的心理学基础作为切入点,由此分析意识形态机器是如何利用这种心理与个体间产生联系的,并探讨了集体主义发展成为专制极权的几种可能性。",当代电影,2018-12-05,期刊,J905,142-144,3
35,风景呈现与藏人的世界——视觉文化理论视域下的《冈仁波齐》,杜君,山西传媒学院摄影系,《冈波仁齐》;自然风景;贫困风景;神圣风景;,"《冈仁波齐》这部影片中的画面应用远胜于声音和语言,它所表达的情绪、意义多数是用画面来成就。像这样的影片用视觉文化理论来阐释是非常恰当的。本文在讨论《冈仁波齐》的画面呈现时,引入了""风景""这个概念。""风景""是一种认识装置。这里的""风景""并非指狭义的名山大川,而代指镜头下的各类事物。如果说作为概念的""画面""给人以单一的、平面的印象,那么""风景""便是有层次的、多样的。本文通过""风景""深入到《冈仁波齐》影像内部,分析其中的自然风景、贫困风景以及神圣风景的展现、对比、排列状况,进而探讨由此产生的意义。",当代电影,2018-12-05,期刊,J905,145-148,4
36,从音乐意象看纪录电影与电影音乐的关系——以纪录片《微观世界》《迁徙的鸟》为例,李梓郡;吉俊虎,山西传媒学院表演系山西师范大学戏剧与影视学院,纪录电影;电影音乐;微观世界;迁徙的鸟;音乐意象;,"音乐营造意象是音乐审美的前提,也是审美主体自我形象的表达方式,以电影音乐来渲染审美意象无疑是当今纪录电影的创作趋势。由法国作曲家布鲁诺·库莱参与创制的电影纪录片《微观世界》和《迁徙的鸟》可以看出,作曲家不仅仅关涉其擅长的音乐本身,还包括了语言、音效以及影像等音乐之外的声音表现元素,以及这些元素之间所营造的审美意象,使得纪录电影的视听语言更加具有真实性与多元性,成为经典的大自然音乐史诗鸿篇。",当代电影,2018-12-05,期刊,J617.6,148-151,4
37,“中国形象”在纪录电影中实现视域融合的效度——基于阐释学的共同体精神建构,邓笑然,西北大学新闻传播学院,“中国形象”;纪录电影;视域融合;阐释共同体;,"构建""中国形象""是国家与公众""共谋""的泛文化工程。在后现代社会的精细化分工背景下,当代文化在各类行业高速运转的轨道上被""撕裂""成不同的价值碎片,主体间视域差异极为严重,致使对""中国形象""的解释也被""撕裂""。纪录电影这一类型悖论性地存在于当代文化中,其专题性特征既是当代社会撕裂后的文化表征,在内容效度上互斥,但又作为现代工业技术的代表性产物,表达了对大众审美心理的文化迁就。其所具有的技术、艺术的隐性普罗化特征,打破了固化的文化圈层,从结构效度上弥合公众审美裂隙,并在主流文化构建""中国形象""的强力加持下,实现当代中国审美主体的多重视域融合。它不仅维系了当代文化心理的最大公约数,也最大限度地构建出伽达默尔所期待的阐释共同体。",当代电影,2018-12-05,期刊,J952,152-155,4
38,中日动画电影叙事空间比较:谈动画电影假定性空间构筑的真实世界,高永利;王昕璨,太原理工大学艺术学院,叙事空间;假定性空间构筑;中日动画电影;,"动画电影作为电影的一个类别,由于创作形式的独特性,产生了独特的叙事特征,即叙事空间的高度假定性构筑的真实世界。本文通过案例对比分析,从叙事空间所涉及的视觉空间、听觉空间、心理空间这三个角度对中日动画电影叙事空间假定性进行比较,在此基础上探索叙事空间逻辑关系、视知觉空间合理性、时空序列剥离重组与观众心理空间构筑三个方面,分析现阶段我国动画电影叙事空间所存在的问题与瓶颈。",当代电影,2018-12-05,期刊,J954,155-158,4
39,多维话语的碰撞——“新媒体语境下艺术硕士电影创意与剧作教学研讨会”综述,王之若,北京师范大学艺术与传媒学院,O,"<正>2018年11月3日,由北京师范大学新媒体影像研究中心、北京师范大学艺术与传媒学院影视传媒系与《当代电影》杂志社共同主办的""新媒体语境下艺术硕士电影创意与剧作教学研讨会暨扶持青年优秀电影剧作计划入选剧本推介""在北京师范大学艺术楼何思敬讲堂举行。本次研讨会由北京师范大学新媒体影像中心主任、艺术与传媒学院陈晓云教授主持。会议议程采用了问题研讨、自由发言与艺术硕士剧本推介",当代电影,2018-12-05,期刊,J90-4;G643,168-170,3
40,中国与马来西亚动画代工行业对比分析,陈墨白,青岛科技大学,动画代工;中国与马来西亚;灵动密集型产业;,"马来西亚是中国""一带一路""倡议的重要节点国家,社会发展程度与中国接近,动画代工产业发展成熟,国际化、文化包容性较强,华人约占动画从业人员半数以上。本文通过对中马两国从业人才、制作运作模式、国家扶持政策等多方面动画行业的对比分析,探究""一带一路""倡议背景下两国动画代工行业的发展方式,及如何形成优势互补,共同提高行业发展水平。",当代电影,2018-12-05,期刊,J954,158-161,4
41,长沙市影院市场发展现状与投资前景,刘思羽,中国电影博物馆研究部,长沙市;影院建设;市场空间;投资前景;,"二线城市作为当下影院市场的中流砥柱,是各路商家的必争之地。近年来,长沙市影院市场发展迅速,市场潜力凸显。本文拟从影院规模、观影人次、技术升级、区域空间等方面入手,通过分析长沙市影院业发展的现状和特点,以期为新形势下长沙市电影院的投资与发展提供参考和借鉴。",当代电影,2018-11-05,期刊,J943,95-100,6
42,城市影院投资机会分析——以德州市为例,司若;吴楠,清华大学新闻传播学院新传智库影视市场研究中心,影院投资;银幕产出;城镇化;人口红利;,"电影市场的繁荣带来了银幕数量的现象级增长,不合理布局规划使得影院建设过于集中,""产能过剩""成为限制影院规模发展的天花板,但对于一些地级市或县级市而言,人口红利还未完全开发,市场规模依旧有增长潜力,因此本文选取山东省德州市作为研究对象,通过PEST分析方法来寻找德州市隐藏的影院投资洼地,以期寻找影院建设的新的增长量级。",当代电影,2018-11-05,期刊,J943,101-105,5
43,21世纪以来日本艺术电影的断裂与传承,黄也;王玉辉,北海道大学,日本艺术电影;断裂;传承;,"本文首先从外部环境出发,总结21世纪后日本艺术电影呈现的时代特征,主要体现在产业生存状况、艺术电影导演的主体构成以及文学、动漫作品的电影改编三个方面;然后阐述外部环境变化对电影文本内部产生的作用与影响;最后结合具体作品,从影像自身的表现手法,立体化地阐明日本艺术电影在传承过往的同时,又表现不同以往的断裂的双重特性。",当代电影,2018-11-05,期刊,J909.313,106-111,6
45,幻影重重的伪满洲国——“南满铁路株式会社”(1932—1940)制作的纪录片研究,李洁;邵小龙,哈佛大学东亚语言与文明系西华师范大学文学院,纪录片;“满铁”;伪满洲国;殖民地;,"本文讨论由""南满州铁道株式会社""(简称""满铁"")在伪满洲国制作的一批纪录片,以及这些电影所兼具的现实和想象的特征。这些电影除了刻意的价值输出,也表现出不言而喻、潜意识的幻想,如不平等的角色分配:日本殖民者总是与工业现代化相关,而""满洲""的其他民众则被描绘成原始和游牧的种族,默默地等待着现代化改造这片""处女地""。虽然""王道乐土""从来没有兑现,这些影像却促成了数十万移民和部队的移动,也带来悲剧性的结局。笔者把这些电影解读成乌托邦的""幻影"",曾经掩盖并促成残酷的现实,而最近又作为历史记忆的幽灵再次浮现。",当代电影,2018-11-05,期刊,J952,125-130,6
46,进退维谷,,北京电影学院文学系中国电影艺术研究中心,《风雨之夜》;“鸳鸯蝴蝶派”;朱瘦菊;,"本文梳理了""鸳鸯蝴蝶派""电影《风雨之夜》的相关历史信息,对影片文本做了比较细致的解读,重点分析了影片的历史语境、文本来源和电影语言。本片表现了民初知识分子的价值观和社会观念在传统和现代之间进退维谷的复杂心态。",悲喜交集——1925年“鸳鸯蝴蝶派”电影《风雨之夜》的历史与解读,李镇,当代电影,J909.2,131-136,6
47,右翼文艺改造国民性的一次尝试——论1930年《电影月刊》的“民族主义电影运动”,赵轩,上海大学上海电影学院南京航空航天大学金城学院,《电影月刊》;民族主义电影运动;国民性改造;“前锋社”;,"《电影月刊》在1930年发起之""民族主义电影运动"",是上海""前锋社""等右翼文艺势力的一个重要组成部分。虽然""民族主义电影运动""有着一定的理论铺垫和相对独特的评论取向,但浓重的政党政治色彩终究消解了其文艺评论应有的独立思辨气质,很快被电影评论界淡忘。",当代电影,2018-11-05,期刊,J909.2,137-142,6
48,改革开放四十年与引进片,,O,O,"<正>编者按党的十一届三中全会开启了中国改革开放新的历史时期。经历了初步改良和调整的中国电影业在90年代初基本保持着原有格局。随着1993年《关于当前深化电影行业机制改革的若干意见》和1994年《关于进一步深化行业机制改革的通知》等文件的相继出台,中国电影业开始进入实质性的体制、机制改革阶段。中国电影发行公司不再对国产片统购统销,各个制片厂可以直接同地方发行公司就地区发行方式、票房分成等进行协商。中",当代电影,2018-11-05,期刊,J943,4,1
49,中国市场中的引进片:历史回顾与现实评析,高军;詹庆生,雪之梦影业新影联院线国防大学军事文化学院,O,"<正>采访时间:2018年10月12日下午引进片政策的艰难起步詹庆生(以下简称詹):引进片至今已走过二十五年,1993年广电部出台政策,开始打破此前统购统销的计划性体制。1994年8月,广电部出台规定,于次年起,中影公司每年以分账发行方式引进10部""基本反映世界优秀文明成果和当代电影艺术、技术成就""的影片,同年11月12日,首部分账引进大片《亡命天涯》在北京等六大城市首轮放映,揭开了引进片的大",当代电影,2018-11-05,期刊,J943,4-9,6
50,从抗争到竞合,刘汉文,国家广播电视总局发展研究中心,改革开放;引进片;四十年;,"改革开放四十年,引进片在中国电影市场的数量越来越多、影响越来越大。国产片在与引进片的竞争中具有了更强的竞争力,本文将引进片在中国的发展历程分为四个阶段,分析其对中国电影市场的影响,并预测未来趋势。",当代电影,2018-11-05,期刊,J943,10-14,5
51,历史的当下表达与形式的趣味表现——《影》三人谈,贾磊磊;杜庆春;陈刚;黄宇斌,中国艺术研究院北京电影学院文学系北京师范大学艺术与传媒学院,O,"<正>时间:2018年10月8日地点:中国电影资料馆会议室一贾磊磊(以下简称贾):《影》是一部值得讨论的电影。它寄予了数字化时代电影创作者关于电影本体的价值追求。它的影像特质明显地流露出张艺谋在应用电影形式美感来体现他的创作思想。我们看他的电影,通常会与他过去的作品进行比较,来寻找一些共同性。这种共同性现在依然存在。法国的让·雷诺阿",当代电影,2018-11-05,期刊,J905,15-24,10
52,改变孤绝境地的视线“互见”——《找到你》的性别叙事分析,杨俊蕾,复旦大学中文系,O,"<正>2018年国庆档五部主力影片中,唯一一部具有现实主义品格的作品是《找到你》。该片曾作为竞赛片参加第21届上海国际电影节,入围金爵奖提名;接着又作为开幕片,参加第14届中国长春电影节,再次收获好口碑。然而,该片全面呈现在观众面前时,却在同档期中票房最晚破亿元。个中原因并不在于市场对现实主义题材的热度降低,对照暑期档《我不是药神》尚未完全消退的舆论热议与30亿元票房就可以看到,观众们对于真正烛照本土现实的国产电影有多么饥渴的观影内需;原因也不在于女性题材偏于狭窄或者儿童诱拐/绑架案过于苦情虐心",当代电影,2018-11-05,期刊,J905,25-27,3
53,当下中国学术性影评的危机、方法及其目标,陈林侠,中山大学中文系,学术性影评;隐喻现象;方法论;理智认知;,"发表于纸媒的传统意义上的学术性影评正遭遇一场深刻的危机,出现批评主体的萎缩、功能的弱化、理论与应用的矛盾、文体的僵化等缺陷。学术性批评意欲摆脱危机,不仅需要注重批评对象的选择,其重点集中在阐释深度、解读难度的关键处,即,""一对多""的隐喻现象,而且需要方法论的支持,对""细读""(close-reading)的重视。作为理论话语的具体实践,当下学术性影评不同于网络影评追求的社会影响,应从感性内容的反思性表达、创造性的理智认知、系统的电影理论等方面确立自身的学术地位,进而重塑学术信心。",当代电影,2018-11-05,期刊,J905,28-33,6
54,超越“美学”:知识生产与网络影评的“社会学想象力”,刘涛,暨南大学新闻与传播学院,网络影评;知识生产;知识社会学;互文性;公共性;社交媒体;,"不同于传统影评圈子化、学术化、专业化的""存在方式"",社交媒体与生俱来的技术逻辑决定了网络影评生产的社会化状态与趋势。如何把握网络影评的社会功能,即网络影评与社会现实之间的互动关系,知识社会学提供了一种有效的分析范式。网络影评之所以能够作为一种元文本重构电影的释义体系,并且深刻地作用于一个时代的观念体系,根本上源于其面向社会""痛点""的知识生产,特别是具有普遍公共性基础的公共知识生产。网络影评只有超越传统的美学叙事框架,打通电影故事与现实故事的逻辑管道,赋予知识话语建构一种普遍的""社会学想象力"",才能在知识维度上真正开掘出一个理性讨论的社会""公共空间"",进而实现知识社会学意义上的""社会影响""。",当代电影,2018-11-05,期刊,J905,33-39,7
55,自媒体电影批评的传播研究,刘卉青,北京师范大学珠海分校艺术与传播学院,新媒体;自媒体电影批评;平台与表征;编码形式;,"伴随着网络数字技术的不断进步,新媒体、自媒体等新型媒介传播方式对于电影批评话语及场域产生了深刻影响。自媒体电影批评经历了论坛、博客、微博、微信等传播平台的变迁,其批评表征、编码形式亦不断更新。同时,自媒体电影批评对主流电影批评的话语权、主流文化价值观的表达亦构成了前所未有的挑战。研究自媒体电影批评的传播方式,解析其编码形式,对于维护电影批评的尊严与独立话语的重构具有重要意义。",当代电影,2018-11-05,期刊,J905,39-43,5
56,路阳:电影这件事情需要去冒险,路阳;李宁,北京师范大学文学院,O,"<正>时间:2018年5月4日地点:酷鲸影视制作有限公司一、成长经验:好看是电影的基准李宁(以下简称李):我想首先从《盲人电影院》来切入今天的访谈。这部电影里出现了许多经典电影片段,像《公民凯恩》《花火》等等。影片是否可以说是您的一次迷影创作,投注了您许多青少年时期的观影体验?",当代电影,2018-11-05,期刊,J911,44-48,5
57,写实追求、内向叙事与心灵童话:路阳电影的风格与主题,李九如,北京电影学院,写实;内向叙事;心灵童话;路阳电影;,"尽管题材、类型跨度较大,路阳电影其实内蕴着相似的主题,并显现出较为一致的艺术风格:在""写实主义""和内向化叙事的追求之下,路阳电影执著于有关个人/社会的现代主义式思索,并由此走向一种心灵童话式的关怀表达。",当代电影,2018-11-05,期刊,J911,49-54,6
58,节制的风格与呼之欲出的锋芒——《盲人电影院》导演技法探析,杜沛,中国传媒大学设计学博士后流动站,路阳;导演技法;锋芒;留白;中国电影美学;,"路阳导演在长片处女作《盲人电影院》中呈现出了艺术上节制与活泼两种风格的杂糅与平衡。本文通过对该片镜头设计、场面调度、表演调度和电影留白等导演创作手法的分析,探究路阳导演创作个性中呈现出的沉稳与锋芒,以及这两种风格如何得以在同一部影片中达成冲突下的艺术完整性的原因,并进一步探讨路阳导演在影片中传递出的一以贯之的人文价值,和他作为青年导演的深厚艺术功底以及在类型片市场中的潜力。",当代电影,2018-11-05,期刊,J911,55-58,4
