1,汤显祖与莎士比亚戏剧异同,龚国光,江西省政府文史研究馆江西省社会科学院,O,"<正>20世纪30年代,日本汉学家青木正儿《中国近世戏曲史》说:""显祖之诞生先于英国莎士比亚十四年,后与莎氏同年而卒。东西曲坛伟人,同出其时,亦一奇也。""1这是首次把汤显祖与莎士比亚相提并论。也就是说,他们同时活跃在东西方的剧坛上,各自创造出辉煌的艺术成就,又都在同一年逝世,正如青木氏所说""亦一奇也""。随着探究的深入,我们发现,汤公和莎翁更有一种人性灵魂的呼应和戏剧内涵本质的相似,无论",创作评谭,2017-11-05,期刊,I106.3-03,46-52,7
2,颜敏先生学术思想评析,熊玫,南昌师范学院文学院,O,"<正>颜敏先生为人极为宽厚,是能够体恤人心的大而化之。而这种宽厚放进学术的探讨中似乎又转换生成了多幅面孔:有时候是怎么都忍不住的咄咄逼人,似乎是带着一股狰狞之气去逼视他所洞见的那个世界,丝毫不留情面;有时候又娓娓道来,善解人意之温柔敦厚,流淌的是细腻之本心本味。所以,读先生的文章,自是一针见血,又是温文尔雅。兴许做学问的前提是学理的深厚,而以我之见,做文学研究的学者,无论如何也不能脱离了人以及人之生活、人之生命本身,那是",创作评谭,2017-11-05,期刊,I206.7,14-16,3
3,阿乙八部:文学叙事的双重回归,大智若,北京晨报社教育新闻部,O,"<正>从一个文学颤音跨越到另外一个文学颤音,阿乙的小说始终缠绕在疼痛、焦虑和暴力渴望中。弥足珍贵的是,阿乙每一部小说都在探索一种新的叙述形式结构。在肉身的折磨甚至是生命的恐惧状态中,阿乙写出了带有复调意味的长篇小说《早上九点叫醒我》。这部小说除了延续羞辱感、宿命观和诗意暴力三大隐蔽的叙事策略外,实现了阿乙小说叙事的双重回归,即外部叙述结构在经历曲折历程后开始回归,内部叙事方式向传统叙事回归,刻画性格鲜明的人物,通过事件",创作评谭,2017-11-05,期刊,I207.42,34-41,8
4,王晓莉新世纪以来散文创作论,胡颖峰,江西省社会科学院,O,"<正>并非每一位作家对自己的创作能量都有一个清醒的现实把握,但王晓莉可以。一如她身形纤细、擅长走却怎么也跑不快,她不是一个爆发力强、有着裹挟风雷般气魄的作家。虽然她在20世纪90年代初就以散文成名并被写进《江西文学史》,但在当下这个数量取代质量、复制取代创造、升级取代停顿、极品取代耐用品的消费时代里,她越来越显得有些不合时宜。她依然不擅瞩目于更大的是非,依然不擅矜饰取巧,依然在她最熟",创作评谭,2017-11-05,期刊,I207.67,42-45,4
5,《早上九点叫醒我》:“沉到底部”的艺术,胡少卿,对外经济贸易大学中文学院,O,"<正>在阿乙的新长篇《早上九点叫醒我》中,有一个句子令人哑然失笑:小树在后退,光秃的枝条以及有如鹤膝的树瘤被打湿,正朝下滴水。1这是两个罪犯透过行驶的车窗看到的景象。在小说中,它只是一个无关紧要的闲笔,但阿乙仍然郑重其事地对待它。他形容树瘤是""鹤膝"",读者甚至会由树瘤去反推鹤膝是什么样的,并对这一比喻的确切性心悦诚服。而且它还暗含着另一个更为整体性的比喻:在车里看到的冬天的树像一只奔跑的鹤。",创作评谭,2017-11-05,期刊,I207.42,30-33,4
6,我眼中的颜敏老师,王青,江西师范大学文学院,O,"<正>2017年即将结束的时候,作为研三的老学姐,一年一度的师生聚会自然由我组织,照例是大家聚在一起聊聊近况,顺便也见一见新来的同学。或许是心境的问题,感觉今年的聚会气氛尤其轻松融洽。颜老师询问了我们对于毕业的打算,聊着聊着话题就转移到了关于这个专辑的事情。在颜老师的提议下,我半是担心、半是兴奋地接受了这份荣耀。等心情慢慢平复后,一些关于颜老师的片段在脑中飞快地闪过,万千言语在心中积聚,",创作评谭,2017-11-05,期刊,I206.7,17-20,4
7,"我就是那只癞蛤蟆,也曾幻想过天鹅肉——长篇小说《诛金记》创作谈",樊健军,江西修水县文联,O,"<正>我一个人在坑道中奔跑,耳边是呼呼的风声,四周伸手不见五指。我的呼吸越来越重,心跳越来越快,而坑道似乎没有尽头。我在无穷尽的奔跑中脚步越来越乏力,好像身陷泥淖,每一步都要把自己从深陷中拔出来。最终有一次拔不出了自己,在被泥淖快要吞没时,我惊悸而醒。我在云梯上一步踩空,身体失去重心,直往竖井深处落去。而竖井也像坑道,似乎没有底部。依旧仅仅听见从耳边呼啸而过的阴冷之风。到达底部时是世界末日,没法用文字形容。我祈祷竖井真的",创作评谭,2017-11-05,期刊,I207.42,56-58,3
8,笔底乾坤阔,,陕西省宝鸡市党委工作部,O,"<正>在灿若星河的散文作家中,杨海蒂以视野开阔、风雅唯美、大气开阖、悲悯犀利、特立独行的文风走入读者的视野。顾随先生曾说:""文章之气就是一个人的味道,即文章的风格。""文章的语言反映着作者的品学修养。有什么样的文学修养、脾气秉性、人格魅力,便会有什么样的文章。杨海蒂的散文融入了她的记者生涯、作家视角、百姓情怀的经历、思想与视野,她的杂文则呈现出犀利锋芒的幽默趣味。杨海蒂散文集《我去地坛,只为能与他相遇》","文章气若虹——读杨海蒂散文集《我去地坛,只为能与他相遇》",王丽梅,创作评谭,I207.67,63-64,2
9,时光雕塑中的精神质询——颜敏教授访谈录,颜敏;安吉,江西师范大学文学院江西省作家协会中国现代文学研究会江西省现代文学研究会中国小说学会,O,"<正>安吉:颜老师,您好!非常高兴有机会能向您讨教和学习。您从事中国现当代文学研究和教学工作多年,可否谈谈您对中国文学之""现代""和""当代""的理解?颜敏:我1980年考入江西师范学院中文系,毕业后留系任教,迄今从事中国现当代文学专业学习、教学和研究三十八年,真可谓""多年""矣。现在我才真正体验到,这个世界上最有力量的还是时间。在永恒的时间面前,个体生命微不足道!关于中国文学的""现代""与""当代""之分,",创作评谭,2017-11-05,期刊,I206.7,4-13+2,11
10,灵魂深处的密语——读杨光祖散文集《所有的灯盏都暗下去了》,刘梦琪,西北师范大学传媒学院,O,"<正>""为天地立心,为生民立命,为往圣继绝学,为万世开太平"",初读杨光祖《所有的灯詹都暗下去了》时觉得晦涩难懂,心头萦绕不散的只有这句话了。作者如同行走在灵魂的深处,独自彳亍,散发着哲学的幽思,蜿蜒曲折,忽明忽暗。是知识分子的责任感,是对人类终极问题的深刻思考,更是对""开窍""灵魂的执着思考,驱使着这一字又一字、一词又一词、一篇又一篇的诞生。如果不是这样,那这深入解剖灵魂、直言批判社会的文字是如何得来的?",创作评谭,2017-11-05,期刊,I207.67,59-62,4
11,为八零油画学社喝彩,叶青,江西省文联,O,"<正>在纷纭而多元的当代艺术背景下,八零油画学社以其坚韧的专注与勤奋的耕耘,赢得越来越多的瞩目。他们是一群""站在传统之上爬坡的孩子""。从他们拿起画笔的时候开始,便接受着当代艺术的洗礼;但他们深知,技巧也好,观念也罢,只有在与现实生活的深度对话中,才能进行富于感染力的呈现与表达。他们的艺术显然不止于自娱,更不是单纯的自我宣泄。他们把对社会现象敏锐的感知,对自身问题的思考,大胆地表现为艺术创作。",创作评谭,2017-11-05,期刊,J213,21,1
12,古元版画作品中的农耕文化元素,靳雄步,广东省珠海市古元美术馆,O,"<正>古元出生于广东珠海唐家湾那洲村的一个普通家庭,1938年参军,奔赴陕北投身抗日洪流,1939年进入延安鲁迅艺术文学院美术系学习木刻,后留校任教。他创作了很多反映劳动人民生活、生产题材的木刻作品,在中国版画史上留下了光辉的篇章。在古元的版画作品中,浓笔重彩地对农村生产、生活场景和劳动工具进行刻画与描写,人物形象生动逼真,劳动生产特征明显,给人们留下了深刻的印象,容易唤起人们对往日岁月的",创作评谭,2017-11-05,期刊,J217,53-55,3
13,油画艺术的求知之路,周长江,上海美术家协会,O,"<正>这些活跃在当下艺术创作中的青年才俊,确是一个热衷于绘画、志趣相投且志同道合的团队,自2011年以来冠以""八零油画学社""之名,集结各地院校的同龄道友,多次共同约定展览进行学术探讨,互相勉励、共同进步。对如此青年同道们谈点心得以示诚意,也是令人高兴的。初听王钦介绍,我内心略有惊诧:在普遍个性独立的当下,怎还会有抱团的群体?看文字后得知这只是松散型结合,不同于八五时期的集结弄潮。以20世纪80年代生人为旗号,同代人",创作评谭,2017-11-05,期刊,J213,22-23,2
14,对话:八〇油画现在时,刘飞燕;韦宇朋;张明远;李仁琚;陈宁邦;蓝威,O,O,"<正>刘飞燕:近年来,八零油画学社作为一支年轻的专业油画团队,活跃于当下艺术创作中,在各种国家级展览中崭露头角,成为一股新生力量,并引起了美术界的广泛关注。八零油画学社始创于江西,现已吸纳了全国很多优秀的八〇后油画家,其影响越来越大。请问八零油画学社是哪一年创立的,办社的初衷是什么,目前学社成员有多少,加入该社需要具备哪些条件?韦宇朋:八零油画学社成立于2011年,成立的初衷是想把热爱油画艺术并执着于油画创作的",创作评谭,2017-11-05,期刊,J213,24-29,6
15,文艺家·影集,,O,O,O,创作评谭,2017-11-05,期刊,J42,65,1
16,悲观虚无主义内核下的完美艺术追求——剖析福楼拜小说中的现代主义趋向,吴楚舒,中国人民大学文学院,O,"<正>福楼拜小说艺术形式的创新性不仅继承发展了现实主义,还表现出超越性的艺术感受以及对小说审美趋向的自觉探索。本文试图从福楼拜对传统现实主义小说创作观念的背离出发,探索其中展露的现代主义倾向,并剖析其文本结构和叙述方法的颠覆创新,进而深入分析主导这种变化的心理境界和艺术审美态度上的悲观虚无主义。一、背离现实主义小说传统理念福楼拜以与传统现实主义本质不同的科学冷",创作评谭,2017-09-05,期刊,I565.074,56-60,5
17,两部作品和两种无限,赵彦,O,O,"<正>文学:用于对抗重复性的武器我们有文学,是因为免于被真理垄断,因为真理具有某种不由分说的武断性。从尼采的角度来看,我们在最初的娱乐功能上建立起这块以阴影的形状展开的文学大陆,是为了让我们的双眼不被真理的光芒所灼伤,因为与真理一样,其后被我们发现的科学和哲学都带有一种毫不客气和不容分说的残酷性:科学让我们认识到肉体终将一死的有限性;而哲学则让我们领会了生命的无",创作评谭,2017-09-05,期刊,I106.4,52-55,4
18,作家胡辛的教师情结,肖建民,上海市普陀区教育学院,O,"<正>胡辛先生说,我的终身职业是教师。或许是因为笔者也是个教师,而且读书求学时代曾经怀有文学之梦,我特别敬重教师出身的作家,尤其是其中的中小学教师,因为这个群体相较于大学教师,面对处在身心发育期的孩子,备课上课、批改作业、个别辅导、班级管理等,事无巨细琐碎繁杂,心力交瘁是种常态,但能在这样逼仄的空间里脱颖而出,炫出又一道靓丽的风景,在文学创作领域不仅有所建树,而且别具一格,实属不易,叶圣",创作评谭,2017-09-05,期刊,I206.7,17-19,3
19,声色满满:胡辛及其作品中的花木情缘,侯秀芬;李玉英,作家出版社,O,"<正>我们与作家胡辛,是相交了三十三年的好友。我们之间不仅是编辑与作者的纯真工作关系,更是无话不说从不设防分享幸福分担痛苦的好姐妹。我们钦佩她的才华和活力,心甘情愿地""为她作嫁衣裳"";而她对我们则是绝对信赖和依托,尽心尽力写出锦绣文章。1984年早春三月,在北京海员俱乐部观1983年全国优秀短篇小说颁奖仪式,一睹来自江西革命老区的获奖作家胡辛的朴实真貌,到今日皆垂垂老矣,真有弹指一挥间的沧桑感叹!1984",创作评谭,2017-09-05,期刊,I206.7,20-26,7
20,一个有个性有风骨的作家教授——胡辛印象记,潘际銮,中国科学院清华大学,O,"<正>关于胡辛,有师生如是评价:课讲得好的老师很多,作品写得好的作家也不少,但课讲得好作品又写得好的作家教授却不多,胡辛老师就是这""不多""中的一个。我以为此评价是很到位的。1993年4月,应江西省领导的诚邀,我从清华园到南昌大学出任校长,目标是奔""211""重点建设大学,深感担子之重。其时,江西大学与江西工业大学合并,种种亟待解决的问题中有一项是加强文科建设。中文系的作家胡辛教授是我较",创作评谭,2017-09-05,期刊,I206.7,12-14,3
21,顾城诗歌中的“鱼”和“鸟”,黄嘉仪;胡少卿,中央美术学院人文学院对外经济贸易大学中文学院,O,"<正>顾城是20世纪80年代""朦胧诗""代表人物之一,又被称为""童话诗人""。作为亲近自然的诗人,他的诗中出现了多种动物形象,其中又以""鱼""和""鸟""最为多见。这两种动物不仅在顾城诗歌中频频出现,也是顾城绘画的主角。本文拟从诗、画互证的角度,探讨""鱼""和""鸟""这两种意象在顾城诗歌中的内涵。生命愉悦与自由的象征""鸟""是对顾城的成长和诗歌创作产生重要影响的因素。顾城曾多次叙述他在童年放猪的荒滩",创作评谭,2017-09-05,期刊,I207.25,34-42,9
22,跨越光的栅栏——评王彦山诗集《一江水》,于浩,南昌大学国学研究院,O,"<正>我一直认为解读诗歌是一件非常困难的事情,不仅古人有""诗无达诂""的成训,更重要的在于诗歌独特的语言艺术,你几乎无法知道诗人在一首诗中究竟想表达什么,哪怕你和这位诗人非常熟悉—而这其实正是诗歌的魅力所在:言说的多种可能性。因此,我一直认为,诗歌解读应该是去表现其魅力,而不是去试图说明该诗人的思想、意图,那不过是我们想象的思想意图,并非诗人的本意。如果你有幸说中了诗人的意图,那诗歌",创作评谭,2017-09-05,期刊,I207.25,43-47,5
24,挚爱情深,,O,O,"<正>作为与景德镇结缘近五十年的胡辛老师,出于对景德镇的挚爱,也出于对瓷的极度热爱及瓷之性情的感悟,巧妙地将瓷与女性、瓷与人生融为一体,进而由瓷生发出无数美好的情愫,这些都体现在胡辛老师创作的一大批有关景德镇的文艺作品中,其中以景德镇为背景的长篇小说《怀念瓷香》(又名《陶瓷物语》)尤为突出。读完《怀念瓷香》,就会真切感受到胡辛老师笔下瓷的世界是如此深邃广阔,是那样的色彩斑斓。掩卷静思,",怀念瓷香——谈胡辛老师的女性瓷缘,刘庆玉,创作评谭,I206.7,27-29,3
25,心中有光——殷健灵小说《野芒坡》读后,赵炳鑫,宁夏回族自治区党校,O,"<正>知道殷健灵很早了,但真正把人与名对上号却是在2016年9月份的一次笔会上,她穿一件浅咖啡色的丝质连衣裙,靓丽优雅,快言快语,落落大方,葆有童心般的纯粹。这让我想起了著名儿童文学作家高洪波先生在一次访谈中说的话:""儿童文学家是生就的,不是造就的。他需要有三个支撑点:童心、诗心和爱心。""这些儿童文学作家所必备的质素,不正是殷健灵身上的特质吗?殷健灵是中国第五代儿童文学作家代表人物,",创作评谭,2017-09-05,期刊,I207.42,48-51,4
26,等候生命的每一个春天——胡辛访谈录,胡辛;胡颖峰,南昌大学中文系南昌大学影视艺术研究中心江西省人民政府中国高教学会影视专业委员会,O,"自1983年处女作《四个四十岁的女人》获全国优秀短篇小说奖以来,胡辛在文学原野已耕耘三十四个春秋,至今仍笔耕不辍。她已出版著作四十部,主打小说,兼涉传记文学、散文、影视剧本,还主持省级以上课题二十余项,并撰写一百余篇研究论文。早在1996年,作家出版社就推出《胡辛自选集》四卷本(《蔷薇雨》《蒋经国与章亚若之恋》《张爱玲传》《陈香梅传》);2005年,二十一世纪出版社推出《胡辛自选集》六卷本(《蔷薇雨》《蒋经国与章亚若之恋》《张爱玲传》《陈香梅传》《怀念瓷香》《我爱她们—用另一种方式论女性》);2012年,江西教育出版社又推出《胡辛自选集》六卷本(《蔷薇雨》《蒋经国与章亚若之恋》《张爱玲传》《陈香梅传》《怀念瓷香》《赣地·赣味·赣风—在流变与永恒中的地域文学艺术创作》)。20世纪80年代,胡辛的作品即为南条纯子主编、日本现代中国文学翻译研究会翻译的《80年代中国女流文学选》第四卷卷名;20世纪90年代胡辛的作品又由朱虹老师翻译介绍到美国,书名为《白色安详》(合集)。可以毫不夸张地说,在全球华人云集的地方,大都有胡辛的长篇传记作品,胡辛的作品可谓畅销又长销着,这使人想起她对自己作品满满的自信:仿佛总也不见老。而最令人感动的是胡辛对文学创作的不离不弃,无论是顺境还是逆境,教学任重如山还是行政事务繁杂如麻,媒介宣传如火如荼还是沉默冷淡,她始终挚爱文学,视文学如生命,她的生命质量是纯真又丰饶的,她对生活的态度是执着又散淡的,她对人性真善美的坚守是宽容又智慧的。当年,胡颖峰正是江西大学中文系学生,正襟危坐聆听老师讲课,风风火火占位子听老师讲座,心怀一份真诚的崇敬和幸运—作家就在我们的身边。而老师的平易和率真,又使她有幸走近作家的心灵世界,与老师的接触从浅表到贴近。丙申立夏,师生二人偶发奇想,击掌相约,通过微信、电话等方式,就多个话题聊创作谈人生。现将访谈内容整理分享如下。",创作评谭,2017-09-05,期刊,I206.7,4-11+2+65,10
27,谈胡辛的国画与瓷画,吴迅,中国国家画院,O,"<正>胡辛原名胡清,是我的二表姐,但我们从不称""表"",也确实亲。她的母亲是我的亲姑姑,我的父亲是她的亲舅舅。我的父亲1949年考上厦门大学财会系,其时家庭拮据,我姑姑将耳朵上戴的金耳环取下给了弟弟做盘缠,可知姐弟情深。我姑父1939年毕业于中国第一所音乐高校—福建音专,擅长民乐二胡和西洋小提琴,身高一米八五。听父亲说,20世纪40年代姑父穿着燕尾服指挥大合唱,堪称赣州一绝。姑姑毕业于南昌女中,身高一米六五,是单位的主办会计,写得一手好",创作评谭,2017-09-05,期刊,I207.42;J204,30-33,4
28,落墨成诗,,江西省文联,O,"<正>胡辛教授是一位著名的作家。她从20世纪80年代开始,就为江西文坛不断地带来惊喜、带来荣誉。胡辛教授也是一位著名的学者。她从20世纪90年代开始,就关注方兴未艾的广播影视艺术学这样一个领域,并在江西创办、获批了第一个广播电视艺术学专业的硕士点,她长期担任这个点的点长和导师。在她和她的团队共同努力之下,这个点为江西的影视创作事业培养了一批又一批杰出的人才。近年来胡辛先生又如旋风一般进入了画坛。",出手不凡——多彩胡辛的绘画创作,叶青,创作评谭,J205,15-16,2
29,罗振亚谈诗歌创作与研究,罗振亚,南开大学文学院,O,"<正>诗,我永远的亲人1983年7月,二十岁的我从哈尔滨师范大学毕业,被分配到地处边陲的黑河师范专科学校教书。那时,黑河全市只有两万多人口,确切地说更像一个标准的小镇。学校又坐落在市区东部几里之外的郊区,与周边的农田接合,再往前走一小段,就到了略显冷清的黑龙江,对面俄罗斯远东阿穆尔州的首府布拉戈维申斯克,同样透着一丝荒凉。由于透彻骨髓的孤独作祟,我正儿八经地开始写诗,有几个月甚至没日没夜,痴迷得很,",创作评谭,2017-07-05,期刊,I207.25,4-7+2+65,6
30,现代主义作为一种方法——论罗振亚的现代主义诗学批评,刘波,三峡大学文学与传媒学院,O,"<正>如果从谱系学角度来考察罗振亚先生的诗学批评和研究,我们可以看出,他基本上是对现代主义的一种诗学理论建构。无论是早期对20世纪30年代现代主义诗歌思潮与流派的整体梳理,还是后来对当代先锋诗歌的阶段性总结,他都是以现代主义美学作为自己诗学研究体系的标准。这种研究方式有着鲜明的价值评判烙印,在罗振亚的诗学批评中看似呈现出一种现代主义诗学精神,其实还有很重要的一点,即现代主义作为一种方",创作评谭,2017-07-05,期刊,I207.25,12-17,6
32,我写《瓷行天下》,胡辛,南昌大学影视艺术研究中心,O,"<正>为什么我的眼里常含泪水?因为我对这土地爱得深沉……——艾青《我爱这土地》在臻精臻美的瓷面前,所有的人和物都有黯然失色的感伤。谁能美得过瓷,谁又能活得过瓷?在炼瓷的匠人面前,无论""过手七十二""中哪一手,都会有一种浅浅深深的生命感悟,人类创造物质的同时其实更在修炼自己,你不能不为之触动。而正是七十二双手通力合作,才赋予了瓷永恒的生命。在以古陶瓷研究为生命的专家学者的灵魂里,其实就蕴含着陶瓷的灵魂,你充满了敬畏,唯有",创作评谭,2017-07-05,期刊,I207.5,32-35,4
34,退回自己的写作——读罗振亚先生的诗,卢桢,南开大学文学院,O,"<正>回望近几年的诗歌创作,文本与理论互证、感性与理性融合的诗评家写作已成声势,人们对这一现象关注日甚,各大诗刊杂志也纷纷推出专栏,还有相关诗集渐次出版,使其文本规模持续扩大。黄礼孩曾撰文《诗歌创作是诗人批评家的""飞行器""》,言及一个优秀的诗歌批评家首先是一个诗人,在其绵延的诗歌评论生涯中,因为有过或正在从事诗歌创作的经验,对诗歌艺术内在的逻辑关系便有一个清晰的认知,对作品的发展也有脉络可寻,他们可以看到诗歌不一般的面相,那",创作评谭,2017-07-05,期刊,I207.25,8-11,4
37,文化现代性与《人民的名义》剧热背后的问题,牛学智,宁夏社会科学院文化研究所,O,"<正>之前写这类文章,我有一个基本考虑,就是希望透过现象看到本质。2014年以""韩剧热""为视点,想透视的便是当前中国都市人群中首先掀起的""文化传统主义""价值现象。那种现象之所以一段时间内形成了某种文化价值趣味的集体无意识,是因为人们对于剧烈变化着的社会生活失去了把握的信心,这势必产生莫名的焦虑、无助和茫然感,最好的疗救措施自然就是回到自己及小家庭内部,这也是把小家庭的美满和小孩子的前途看得重于一切的根本原因。紧接着,传统文",创作评谭,2017-07-05,期刊,I207.42,40-44,5
38,精神考古与灵魂重铸——评徐观潮长篇历史小说《名将陶侃》,詹冬华,江西师范大学文学院,O,"<正>最近,徐观潮先生推出其历时数年打造的四十万字长篇历史小说《名将陶侃》1,读罢启发感触良多。陶侃(259—334),祖籍鄱阳郡枭阳县(今江西都昌),东晋著名诗人陶渊明的曾祖。作为晋朝的名将,陶侃为东晋政权的建立巩固立下了汗马功劳。唐德宗时,他位列武成王庙六十四将之一;宋徽宗时,又被奉为宋武庙七十二将之一。该书将陶侃的生平功绩与两晋兴亡的历史进程结合起来穿插叙写,在塑造陶侃这一历史人物的同",创作评谭,2017-07-05,期刊,I207.425,45-51,7
1,走向遗忘的观看(另一则),张闳,同济大学人文学院同济大学鲁迅研究中心,O,"<正>走向遗忘的观看关于视觉,关于观看,我们能说什么呢?这对我来说,是一个问题。首先,所谓""观看"",在我看来并不是无条件成为视觉问题,乃是在转化为对""图像""的观看的时候,它才是视觉问题。只有在观看事物本身不在场,而且事物以图像的形式来呈现的时刻,我们再去观看它的时候,才产生了所谓""视觉问题""。如此看来,实际上视觉问题是一个关于事物的缺席,关于我们对于事",创作评谭,2018-10-25,期刊,I0,39-41,3
2,“景观2018”展背后的思考,郭诗宇,江西科技师范大学美术学院,O,"<正>2018年初,一个名为""景观2018""的艺术交流展在南昌的某艺术园区开幕。本以为是个艺术创作者或研究者才会关注的小众范围展览,不想却引发了较大的社会反应。我作为这次展览的亲历者,不能不说颇感意外,由此也对此次展览折射的当代艺术现象有了一些思考。一、时代的""景观镜像""""景观""一词在此援引法国知识分子革命者居伊·德波所著《景观社会》一书。居伊·德",创作评谭,2018-10-25,期刊,J114,42-45,4
3,萨缪尔·贝克特:等待戈多的孤独者,刘火雄,南京大学信息管理学院暨出版研究院,O,"<正>2018年9月下旬,由北京人艺导演林兆华执导的《三姐妹·等待戈多》在北京保利剧院落下帷幕。在持续近一年的复排巡演中,""当红小生""张若昀接棒濮存昕担纲主演,为这出戏""圈粉""不少。早在20年前,因病住院的林兆华在""等待""治愈间隙,发现契诃夫的《三姐妹》与贝克特的《等待戈多》有着类似的""等待""主题,前者等待前往莫斯科,后者等待着""戈多"",于是脑洞大开,决定着手进行蒙太奇式的整合改编。",创作评谭,2018-10-25,期刊,I565.073;J805,29-33,5
4,皇家风范,,O,O,"<正>中华民族五千年的悠久历史,已经形成了屹立于世界民族之林的独特文化体系。""三皇五帝""的精彩传说,反映了中华民族勤劳、勇敢和智慧的光荣传统。孔子整理《春秋》以降,中国又诞生数以百计如司马迁、班固、司马光、刘知几那样的史家,涌现出诸如《左传》《史记》《资治通鉴》《汉书》《史通》等浩如烟海的辉煌史籍。西汉时期,汉武帝采纳了董仲舒""独尊儒术""的建议,",民间风情——《皇帝刘贺——惊心动魄的二十七天》序,朱虹,创作评谭,I207.425,4-5,2
5,儒学思想的独特魅力——略论孙海浪长篇小说的思想维度,涂东云,滕王阁辞赋研究所南昌市文学学会,O,"<正>著名作家孙海浪续《八大山人》《王勃》之后,又推出一部长篇历史小说《皇帝刘贺——惊心动魄的二十七天》(以下简称《二十七天》)。细细品读《二十七天》,我发现该作品始终贯穿了一条儒学的思想线,这条线索并非空虚、漂浮的,而是与主人公刘贺的命运紧密联系在一起。不难看出,作者把一颗颗""儒家思想""的种子播洒在本书土壤,努力发掘其底蕴与内涵,使我从书中感受到,先贤孔子的思想维度与作者海",创作评谭,2018-10-25,期刊,I207.425,6-7,2
6,故园情结,,O,O,"<正>《皇帝刘贺——惊心动魄的二十七天》(以下简称《二十七天》)杀青后,总算松了一口气。撰写此书,是我创作生涯中一个艰难的选择,也是一次漫长的""西汉文化苦旅""。提起我与""海昏""的缘分,还得从70年代初说起。1973年冬,我曾以记者身份深入鄱阳湖慨口(古地名,据说海昏侯刘贺当年常坐在此遥望北方长安,怀念故地)采风,整理过一篇题为《昌邑王》的民间传说。那个""口头文学""仅一两千字,谈不上什么""文学价值"",却是我头一次接触海昏侯的见证,使我知道西汉有个传奇人物,他的",以史为镜,孙海浪,创作评谭,I207.42,8-10+2,4
7,从一桶水中提炼一杯水,万芸芸,江西日报,O,"<正>戏曲剧作难写、难发表、难上演、难有经济效益,江西剧作家姜朝皋扎根基层迎难而上、在菊坛几十年孜孜不倦,创作了各类剧本40余部。这些剧作在全国各地上演,获得了群众的口碑,也赢得了荣誉的金杯,如中宣部精神文明建设""五个一工程""奖、文化部文华奖、中国艺术节奖、中国戏剧节奖、曹禺戏剧文学奖等多种全国性奖项。""戏剧的生命力在民间,在人民中,让戏剧走向社会、走向民间、走向人民群众,还戏于民,",创作评谭,2018-10-25,期刊,I207.3,11-13,3
8,对话姜朝皋,姜朝皋;万芸芸,鹰潭市戏剧家协会江西日报,O,"<正>万芸芸:姜老师您好,目前戏剧界普遍存在""剧本荒""现象,为什么?姜朝皋:舞台剧从开篇、发展到结尾,两个小时的时空体量,要介绍人物、交代情节、产生矛盾,还要塑造舞台艺术形象,传递思想。因此创作舞台剧很难,戏曲编剧就更难了,还要考虑唱腔、音乐,有时一个韵辙都得考虑半天。假如你对剧种不了解,对戏曲程式不了解,是没办法进行创作的。",创作评谭,2018-10-25,期刊,I207.3,13-15+2,4
9,从新时期到新时代——江西乡土创作四十年,江腊生,江西师范大学文学院,O,"<正>宏观上,江西乡土小说创作既与全国范围内的乡土小说创作步调一致。从政治上的拨乱反正,经济上的联产承包责任制,到市场经济的推进,乡村振兴战略的实施,江西当代乡土小说都有反映和折射。陈世旭的小说""小镇系列"",宋青海的《馕神小传》、傅太平等人的作品写出了新时期初乡村世界的变化和人们观念的变迁。熊正良、丁伯刚等人以先锋的艺术精神走入江西文坛。到新世纪以后,陈然、樊健军、吴仕民等一系列作",创作评谭,2018-10-25,期刊,I207.42,16-21,6
10,江西散文创作的本土性特点与时代性追求,袁演,南昌市评论家协会江西省社会科学院文研所,O,"<正>新世纪以来,江西散文作家作品群体性崛起,成为当代中国散文领域的一道独特的风景,他们的个性化风格和整体性成长在全国散文群体中一直吸引着人们的眼球。老中青三代散文作家们继续在各自擅长的领域缀耕不止,产生了一大批兼具沛然之气与诗意盎然的散文佳作,《光明日报》《文艺报》等媒体称之为""江西散文现象""。盛名之下,江西散文创作仍然持续着汹涌澎",创作评谭,2018-10-25,期刊,I207.67,22-24,3
11,在家族叙事中体认父辈人格——以《鲁迅与我七十年》《老头儿汪曾祺》为例,刘洪浩,山东省作家协会,O,"<正>周海婴写的《鲁迅与我七十年》,汪朗、汪明、汪朝兄妹合写的《老头儿汪曾祺》等,属于""文二代""执笔写作的以父辈名家为核心的家族纪实作品,这些作品一方面呈现了文学大家丰富具体、气足神完的生活本相,另一方面,在这些""不虚美不隐恶""的非虚构写作中,展现着由父辈滋养的人格气质和文学风格。这既是当代非虚构写作的可喜收获,也是当代家风建设的宝贵资源。",创作评谭,2018-10-25,期刊,I207.5,25-28,4
12,毕飞宇散文中的幽默艺术,周颖,O,O,"<正>毕飞宇自九十年代开始创作,凭借个人鲜明的风格惊艳文坛。自2013年起,毕飞宇陆续出版了收录他非虚构作品的《苏北少年""堂吉诃德""》和散文随笔集《写满字的空间》两部作品,一部将自己比作苏北的""堂吉诃德"",回忆儿时在乡村热血而滑稽生活,一部则记载成人后的所思所得。在散文作品中,毕飞宇把他真切地袒露在我们面前,既不掩饰自己儿时的贫穷与孤独,也",创作评谭,2018-10-25,期刊,I207.67,34-36,3
13,激情燃烧岁月中的旋律——浅析朱法元散文集《沉默的军号》的人物塑造,余石,南昌市作协南昌市评论家协会,O,"<正>新世纪以来,人物散文创作迎来了又一个高峰期。关于历史人物、现当代人物的散文,以及现实生活中卑微个体的境遇,成为散文创作的富矿。并且,许多人物散文在人物塑造方面,不同程度借鉴了小说的创作手法,以事件为核心展开叙述,着力刻画人物形象,铺垫细节,乃至心理活动,意识流动,冲突与反转等等。此类主观形式与客观存在的创作方式,都被放在文本的重要",创作评谭,2018-10-25,期刊,I207.67,37-38,2
14,九十九曲长河入梦来——“在地”写作的精神叩寻,李伯勇,O,O,"<正>40年创作,我的目光从未曾跳离江西上犹。自我出生至今70年,读书、工作和生活都没有离开上犹,更具体地说,在县城读中小学12年,下放农村12年,在厂矿4年,在文化馆4年,后来就在县文联,可以说,我的后半生是以文学创作维系的,而我各类作品的基本内容就是反映动荡上犹的山水和人文,在对上犹及人的书写中呈现""南方土地的精灵""(雷达语)。在地性贯",创作评谭,2018-10-25,期刊,I206.7,49-51,3
15,日常的悲悯,西哑,O,O,"<正>刘傲夫诗歌几乎尽是日常、尽是生活、尽是讨论油盐米茶和要不要生二胎这类问题,今年整个8月,刘傲夫似乎就为后者而在诗中喋喋不休。所以一段时间以来,阅读刘傲夫的微信朋友圈成为我生活的一种乐趣,直到最近以来诗人为工作忙碌,暂停了朋友圈诗歌广播,这种乐趣才被短暂的搁置。就个人写作美学理念而言,我与傲夫兄相去甚远,基本上属于两个不同维度不同的写作方",创作评谭,2018-10-25,期刊,I207.25,52-54,3
17,口语诗歌的井下连着大海,刘傲夫,O,O,"<正>2017年9月份,江西《瑞金报》记者温云高(诗人布衣)曾对我做过一次诗歌访谈,访谈里要求我列一个创作年表,这让我有机会回顾自己的创作历程。如果算上1997年10月在江苏《少年文艺》发表散文诗《大漠轻歌》,生于1979年的我在诗歌创作上已经有21年的时间了。在这21年里,我没有尝试过散文、小说的创作,一直默默耕耘",创作评谭,2018-10-25,期刊,I207.25,58-59,2
18,一种有温度与态度的人生——序《焐暖》,张国功,南昌大学人文学院,O,"<正>寻常一天的傍晚,刚走出熙熙攘攘的地铁口,突然接到心田君打来的电话:要我为他即将问世的散文随笔集写篇序言。立定环顾,只见霓虹灯的影照之下,十字路口像个巨大的脱水机,在迅疾地分流着奔走忙碌的城市红尘男女。惶然间我有些讶异:在我心中一直如兄长般存在的心田君,主持着著名的《教师博览》等多份教育期刊,是一个有着40多万粉丝的微信公众号的灵魂人物与",创作评谭,2018-10-25,期刊,I207.67,60-63,4
19,应亮镜头中的城市化进程,万倩,O,O,"<正>1977年出生于上海的导演应亮,先后毕业于北京师范大学艺术系、重庆大学美视电影学院导演系。1999年,他执导个人首部纪录片《地铁》。2004年,他独立执导长片处女作《背鸭子的男孩》,获得第30届香港国际电影节""亚洲数码录像竞赛""金奖。2007年,剧情片《另一半》让应亮获得第20届新加坡国际电影节特别评审奖。次年,悬疑片《好猫》又让应亮捧回第17届布里斯班国际电影节""费比西国际影评人奖""。此后他又数次获奖。",创作评谭,2018-10-25,期刊,J905,46-48,3
20,梁小曼摄影作品,梁小曼,O,O,"<正>摄影心语:我是那种对器材不敏感的摄影师,平时不会随身携带相机,而且相机一般都挺重,譬如我现在使用的菜卡MP240。于是,当我的日常生活里产生拍摄欲望时,iPhone手机往往是我持有的唯一摄影器材,它让我能随时纪录一些有意恩的场景,不过,我会很矛盾地暗自期望这场景别太有意思,否则我要遗憾莱卡不在手里。总的来说,手机摄影蛮好,但对于一个自我期望比较高的摄影师而言,她更宁",创作评谭,2018-10-25,期刊,J42,65,1
21,评谭推荐,,O,O,"<正>《鱼王》作者:[俄]维克托·阿斯塔菲耶夫出版社:广西师范大学出版社内容简介:长篇小说《鱼王》是阿斯塔菲耶夫(20世纪下半叶俄罗斯文学代表人物之一)最具个性的一部代表作,俄罗斯当代文学的经典。全书由十三个内容相对独立的""叙事短篇小说""组成,全部围绕着人与自然的关系,深入细致地描绘了充满神秘诱惑的西伯利亚以及生活在那里的人们。荒凉苦寒的自然环境,同时又是尽显壮美广袤富饶",创作评谭,2018-10-25,期刊,G236,64,1
22,欢乐时代大众文化的审美批判——《欢乐诗学:泛审美时代的快感体验与文化嬗变》述评,章汝雯,浙江财经大学外国语学院党委,O,"<正>自世纪之交以来的20多年间,以媒体化生活和消费性艺术为突出表征的大众文化,借助于现代传播媒介和商业化运作机制,不仅事实上已成为中国当代文化发展的主潮,而且深刻地影响了人们的生活方式与闲暇活动本身,改变了当代文化发展的走向。大众文化的时兴是不可回避的事实。傅守祥教授的专著《欢乐诗学:泛审美时代",创作评谭,2018-09-05,期刊,I01,23-25,3
23,“有意味的形式”:改写的重要指南——以白蛇传的现代阐释为例,李斌,汕头大学,O,"<正>文学作品的""形式""是内容的存在方式和形态包括体裁、结构、语言、韵律、表现手法等。内容要通过一定的艺术形式表现出来,内容也与形式是相依为命的,形式不能脱离内容,内容同样也不能脱离形式,正如别林斯基所言:""如果形式是内容的表现,它必和内容紧密地联系着,你要想把它从内容分出来,那就意味着消灭了内容;",创作评谭,2018-09-05,期刊,I106;J05,28-31,4
24,筑梦者的苍凉——杨帆小说人性与现实的冲突,江腊生,江西师范大学文学院,O,"<正>现实生存一直是当代作家关注的焦点。从社会主义现实主义对现实生活的宏观关注,到新写实创作以来的沉下世俗,当代小说总是在努力逼近生活的真相。如果说宏大的现实生活关注指向现实的广度,世俗生活书写扎向人性世界的深度,那么杨帆在当下的创作则将目光伸向生活的细部,神情冷酷却又不无怜悯地将生活的内在肌理",创作评谭,2018-09-05,期刊,I207.42,4-7,4
25,欲望都市里的情感巴士——读杨帆长篇小说《锦绣的城》,张晓旭,O,O,"<正>人生,如同一辆缓慢前行的巴士,不知什么时候、什么人、哪些事会无端闯入你的生命,也不知道沿途你会欣赏到怎样的风景。杨帆在《锦绣的城》这部小说中为读者倾力打造了这样一辆满载故事的情感巴士,并以巴士为线索贯穿起全文的叙事脉络,牵引出几位男女主人公在面对浓郁的都市气息时所表现出的不同态度,他们中有",创作评谭,2018-09-05,期刊,I207.425,8-11,4
26,重审儿童文学的价值追求,谭旭东,上海大学文学院中文系,O,"<正>自1909年孙毓修主编《童话》丛刊至今,儿童文学已经走过了百年历程。这一百年的发展历程中,涌现了几代优秀的儿童文学作家和作品,如叶圣陶的童话《稻草人》、张天翼的童话《大林和小林》《宝葫芦的秘密》、冰心的《寄小读者》、严文井的《小溪流的歌》、洪汛涛的《神笔马良》、葛翠琳的《野葡萄》和孙幼军的《小布头奇遇记》等,已经深深印刻在几代读者的心灵,使几代人",创作评谭,2018-09-05,期刊,I207.8,12-14+2,4
27,童心世界里的真、善、美——评谭旭东的儿童文学,伍美珍;崔祥芸,安徽大学文学院安徽大学儿童文学创研中心,O,"<正>真、善、美的艺术创作原则,不仅是成人文学作家一直以来的追求,也是儿童文学作家必须要灌注在作品之中的审美价值追求。不过,成人文学作家可以在内容上通过审丑、暴力等元素凸显主题,使用朦胧深奥的语言,先锋的表现手法展示匠心,达到呼唤""真、善、美""的目的;儿童文学作家则不能如此处理文本,他们必须要考",创作评谭,2018-09-05,期刊,I207.8,15-17,3
28,从“有论之阵”到“无论之阵”——对王春林文学批评的考察,刘芳坤,东北师范大学山西大学文学院,O,"<正>毫无疑问,王春林在当代文学批评的现场已经建立起了某种""权威批评""。无论说""文学壮汉""也罢,还是""文学情人""、""亚斯伯格症患者"",这些描述都昭示了王春林孜孜耕耘30年的成就。李星概括王春林的批评特点是""举重若重"",有趣的是,十年之后,陈晓明以""现实感、时代感""综括王春林的批评品格,也不可谓不""重""。事实上,",创作评谭,2018-09-05,期刊,I206.7,18-22,5
29,王俊散文的细节与情愫,敬一兵,O,O,"<正>视觉不同,审美结果和美的呈现也不同。这是江西作家王俊散文给我留下的印象。王俊的散文以叙述及呈现事物的细节为主,这种视觉向下入微的走向,既反映出作者以小见大的叙述特征,又真实凸显了生活的现实与人性的本真元素。见微知著方能烘托情愫。王俊用自己的叙述,再次佐证了散文的内核,就是作者内心世界的镜像展示,她围绕细节与情愫展开的文字,就是她的散文边界特征。描述细节,无论是人物、器物还是景象的细节,",创作评谭,2018-09-05,期刊,I207.67,26-27,2
30,王玉芬诗歌印象,东庄,O,O,"<正>见过诗人王玉芬几次面,却少谈诗歌。她豪爽直率,有些像北方女子。本以为善饮,可每次都把啤酒当作白酒喝,这多少让人有些失望。拜读她这一组诗歌,感觉跟她靠近了许多。但这并不意味着我参透了她诗歌的一切,晓得她诗歌言说的秘密。实际上这做不到,也不可能。诗歌是个体生命对存在的领悟,在展开的过程中,它是显现的,更是遮蔽的,意义具有多向性和延异性。所以,说同她靠近了许多,指的是她诗歌里所呈现的生命状态我似曾相识,她的诗艺与观念,我",创作评谭,2018-09-05,期刊,I207.25,41-43,3
31,"以药为诗,甘苦自知——周娟娟本草纲目诗简论",陈朴,O,O,"<正>周娟娟是近几年冒出诗坛的一位80后诗人。印象中,她的诗歌多以日常生活种种而取胜,而读她的本草纲目诗,忽然耳目一新,空气中一阵草木香穿过层层雾霾,不远千里扑鼻而来,诗人的草木之心由诗也可见一斑。作为一名世代相传的执业药师、中医师,周娟娟是一名优秀的医者,为人间解除疾苦和病痛;而作为一名诗人,周娟娟同样不可小窥,她诗歌中的药味同样可化解生活中的万千愁。她对诗歌执着追求的精神和她诗歌语言的巧妙纯净,都无疑证明了她的诗学智慧",创作评谭,2018-09-05,期刊,I207.25,43-44,2
32,关于春天、故乡与大地的歌吟——评林莉的诗,李洪华;姜淑梅,南昌大学中文系江西省当代文学学会江西瑞昌赛湖学校,O,"<正>一2005年的秋天对于蛰居赣北小城的林莉而言有着非凡的意义。三秋时节,面露羞怯的林莉竟然带着她的组诗《一个人的行程》16首步入了《人民文学》的诗歌方阵。""这对于一个从来没有在正式刊物发表过诗歌的写作者来说,它的意义是无法言说的"",五年以后,林莉在华文青年诗人领奖台上仍然抑制不住当年的那份激动。",创作评谭,2018-09-05,期刊,I207.25,45-47,3
33,"无意走远,才走的更远——万建平诗评",郑南川,加拿大魁北克华人作家协会世界汉学会加拿大学会,O,"<正>和万建平先生相识,一直是一个模糊的印象,想不起是参加什么活动认识的,还是在什么群里聊上的。前些日子他说要出本诗集,问我能不能写一篇他诗歌的读后感,我答应了。在我脑子里,他是有特点的诗人,诗总是和家乡的赣江有关,和那些水鸟有关。因为从来没见过面,也没真正聊过天,我问他有什么可提供的个人资料,他说",创作评谭,2018-09-05,期刊,I207.25,48-50,3
34,游离的妖怪——李路平诗歌阅读札记,刘理海,O,O,"<正>面对好作品的威胁,需要做很多准备。它可能会威胁你放下身边的一切,与之较量;也可能召唤你清空自己,直击致命之处,替换你的血液,给你一次新生的机会。可能这样的表述略为夸张,但这是对好作品心存敬畏。牛鬼蛇神乱窜,遇到一只新鲜的妖怪,显得那么可贵。惊鸿一瞥,然后消失,却让人无法忘怀。李路平习惯手写,有时一天能写两三首,写好后,他拍照发给我看。在他大量的手写诗歌中,",创作评谭,2018-09-05,期刊,I207.25,51-53,3
35,犁耙的歌吟掩藏在泥土深处——读涂春奎诗歌,左一兵,O,O,"<正>一涂春奎是南昌新建区流湖乡人,现居住在新建区。30多年来,他大隐于乡,守着家乡的田垄、河流、庄稼、牛群和古樟树,守着质朴的情感,呵护着他的文学梦。乡愁,是他无法释怀的情结。他的小说和诗歌,无不涉猎农村题材。锦江是他的母亲河,2015年他发表在《雨花·中国作家硏究》第10期上的长篇小说《锦江",创作评谭,2018-09-05,期刊,I207.25,53-55,3
36,在凉薄的世界里深情地坚守——读樊健军小说集《空房子》有感,全秋生,O,O,"<正>樊健军是一位善于讲故事的小说家,从中篇小说处女作《水门荤事》里讲述赣西北农村令人喷饭的""脚鱼砌塔""的偷情故事开始,十多年过去了,我一直关注他笔下的女性群体,上自民国时期,下至身边所见所闻,从乡下水门村出发,跋山涉水,一直走来,小到城镇、大至深圳广州这种一线大城市:既有林黛玉式的工薪女士,也有王熙凤式的白领丽人,更多的是浪迹浮世的孤影惊鸿……各式各样的女性形象在他笔下鲜活而摇曳。《空房子》的开篇之作是一盆《仙人球》,",创作评谭,2018-09-05,期刊,I207.42,56-57,2
37,让“乡土”自己说话——评叶炜长篇小说《福地》,杨光祖;张亭亭,西北师范大学传媒学院,O,"<正>费孝通先生说:""从基层上看去,中国社会是乡土性的。""这话说得很精辟。因此,只要一谈及历史悠久的华夏文明,乡土文化是不可绕过的话题。作为农业大国,中华文明源于乡土,长于乡土,成于乡土。""乡土""是中国文化的基因和密码,它见证着中华民族的兴盛衰亡,也折射出一脉文化的独特韵味。他又说""我们说乡下人土气,虽则似乎带着几分藐视的意味,但这个土字却用的很好。土字的基本意义是指泥土。乡下人离不了泥土,因为在乡下住,种地是最普通的",创作评谭,2018-09-05,期刊,I207.425,58-60,3
38,捉住时间泄漏的光斑,朝颜,O,O,"<正>我喜欢于夜幕降临之后,坐在屋背后的岽顶禾坪上,听风从山的外围吹过来,然后,默默地与村庄一同进入静谧之境。乡村的夜晚拥有着世界上最澄澈的内容,深蓝的天幕,满天的繁星或皎洁的月亮,安静、空旷,能够听见万物的呼吸。这样的场景,持续了从童年到少年的十几载光阴。许多年以后,当我在书桌前坐下来,码字,回望,或憧憬,忽然发现,那些仰望星空和俯瞰大地的",创作评谭,2018-09-05,期刊,I207.67,61-63,3
39,乡民野趣:20世纪40年代“新秧歌”出现之前的秧歌,简圣宇,扬州大学美术与设计学院,O,"<正>今天提到""秧歌"",民众多想到陕北秧歌,表演者头扎毛巾,手舞足蹈,手挥的红巾在欢快的腰鼓声中飞舞。可以说,来自解放区的""新秧歌""几乎成了""秧歌""的代名词,但实际上""秧歌""这种艺术形式在中国文艺史上经过数次变化,最终才流变为今天的主流形态。""新秧歌""登上中国秧歌的历史舞台,跟左翼文艺思潮特别是毛主席延安文艺座谈会有着直接关系,且同时也是""五四""新文化运动的衍生产物。而在此之前,秧歌一直是一种充满乡民野趣而且带着些许粗俗",创作评谭,2018-09-05,期刊,J722.211,35-38,4
41,试论人物画对元青花历史人物故事纹饰的影响,李维,O,O,"<正>景德镇在元代就有了成熟的青花瓷。瓷胎釉面晶莹透亮,蓝色纹饰丰富精美。在元青花纹饰中,有一类是十分特殊的,上面拥有完整的历史人物故事。虽然这类作品在元青花中为数并不多,但它对景德镇青花瓷的文化品位的提升却有着特别的作用,对后来明清青花人物纹饰的发展,也具有特殊的意义。中国绘画从战国时期有了较成熟的帛画算起到元朝时期,已有一千多年的历史了。中国画最早并没有单独分科,因实用和教化功能的需要,",创作评谭,2018-09-05,期刊,J212,39-40,2
42,《诗性回归:黄君评沈鹏书法集》《风骚挽手:黄君评谢云书法集》出版座谈会在京举行,,O,O,"<正>2018年6月20上午,人民出版社主办的《诗性回归:黄君评沈鹏书法集》《风骚挽手:黄君评谢云书法集》出版座谈会,在全国政协礼堂一楼金厅隆重举行。90高龄的谢云先生亲自到会,沈鹏先生特别呈送发言录像到会。中宣部副原秘书长官景辉,国家新闻出版广电总局领导阎晓宏、孙寿山,中国文联原副主席杨承志,全国政协书画室副主任赵学敏,中国书协党组书记、驻会副主席陈洪武,中国版本图书馆馆长袁亚平,中国",创作评谭,2018-09-05,期刊,J292.1-2,64,1
43,杨献平作品,杨献平,O,O,"<正>摄影心语:无论是哪种方式,都是记录世界及""我""之""此时此刻""的手段。手机摄影亦然。这种工具的即时性与粗糙性并列。唯一可安慰自己的是:""当我们去到、经历、感触之后,在速朽的时光里,还有一些残存的影像聊作纪念。""",创作评谭,2018-09-05,期刊,J42,65,1
44,通感、错觉及缪斯的降生——张萌诗歌散论,褚兢,O,O,"<正>一""艺术需要错觉,没有错觉就没有艺术……艺术需要有比常人更丰富的想象力和情感世界。""这是20世纪现代中国绘画的代表画家吴冠中先生提出的""中国画现代化""的创作理念。吴先生曾于上个世纪赴法国留学,半个世纪后,他成为首位获得法兰西学院艺术院通讯院士的亚洲人;他的作品多次获得欧洲奖项,并入展大英博物馆。他的关于现代艺术的审美理论,对于中国绘画迈",创作评谭,2018-07-05,期刊,I207.25,33-35,3
45,大地上充满了一种声音(创作谈),张萌,O,O,"<正>这是二月的最后一天。几株油菜花在阳台外沐浴着早春的阳光,昨晚的一场小雨浸润了它们的根。一只蜜蜂正扑扇着翅膀颤微微地俯在一朵小黄花上采蜜,飞了这朵又飞向下一朵,我能感受到蜜蜂和油菜花相互的关爱。尊重物种间的互动,也尊重自己的内心,想起来颇为有趣。大概是去年的一天,我也是在阳台上放了一点蜂蜜,后来居然有一只蜜蜂飞了",创作评谭,2018-07-05,期刊,I207.25,39-41,3
46,“汤学”新的开拓与争鸣,黄文锡;黄绍林,O,O,"<正>黄绍林:《红楼梦》研究通称""红学"",汤显祖及""临川四梦""的研究就被人们称为""汤学""。您在这方面是有新的开拓之功的,几次发起的学术争鸣,有目共睹。黄文锡:""汤学""的开拓较晚,大约在上世纪八十年代初。当时鉴于学坛曲苑对汤的研究方兴未艾,我和抚州的一些文友闲谈:何不仿""红学""之称,冠以""汤学""之名。这种寓庄于谐的戏言,",创作评谭,2018-07-05,期刊,I207.3,10-14,5
47,"品第流别,承源辟蹊——论钟嵘《诗品》的美学理想体系",吴楚舒,O,O,"<正>作为我国现存最早的诗歌理论批评专著,《诗品》系统而自觉地运用""三品升降""的形式评论了汉魏至齐梁的一百二十多位五言诗人与《古诗》一组,在文学批评史上地位举足轻重,堪称千古论诗之祖。钟嵘提出诸多极富时代特色的美学概念与新颖的美学命题,对后代产生深远影响。",创作评谭,2018-07-05,期刊,I207.22,31-32+45,3
48,宋代“文学赣军”的词及散文创作,夏汉宁,江西省社会科学院学术委员会江西省社会科学院文学研究所江西省文艺评论家协会,O,"<正>曾经有人把两宋江西作家誉为""中国文学的巨匠时代"",对于这一美誉,我认为是比较恰当的。从地域的角度来看,两宋时期的江西文坛,确实是一个产生""巨匠""的地方。扫描两宋文坛,人们会发现,在灿若星海的宋代文坛高空,有不少江西文学家如星光闪烁,",创作评谭,2018-07-05,期刊,I207.23;I207.62,28-30,3
49,湮雨朦朦(组诗),张萌,O,O,O,创作评谭,2018-07-05,期刊,I227,36-38,3
50,英雄梦里是清欢——《红军将领萧克》创作记,罗聪明,O,O,"<正>一心里头一直住着一位英雄。或男或女,或少或青,便服轻车,戎装战马,伴着我的岁月成长,不时撩拨出一些我自己不以为怪的念头。少小时总巴望来一场真枪实弹的战争,我就是呼啸山林的女游击队长,把那些给小朋友送毒糖果的特务捉蚂蟥一样条条捉尽掐死。哥哥去当兵,我只恨自己没有长大,长大了又恨投军无门。走出校门择业,既不想回小山村做井底之蛙,",创作评谭,2018-07-05,期刊,I207.5,42-45,4
51,千古风流王安石,陈金泉,O,O,"<正>我懵懵懂懂萌生写王安石的念头始于50多年前,那时我正在江西师范学院(今江西师范大学)中文系读书。生活在九百年前北宋的王安石是江西临川人,无论今人、还是古人,对他倡导的新法聚讼纷纭。这让王安石饱受争议,但王安石永远是临川人的骄傲。我是江西临川人,对王安石这位临川先人,自然有种割舍不掉、挥之不去的故乡情结。",创作评谭,2018-07-05,期刊,I207.42,46-48,3
52,以灵魂之静筑诗歌之巢——序凌翼诗集《夜航者说》,谭旭东,上海大学文学院,O,"<正>入冬,凌翼兄给我电话,请我给他的诗歌新著写个序。之前,他的诗集《以灵魂的名义》是我写的序。说实在话,诚惶诚恐,虽然我一直写新诗,也断断续续写过不少诗评,有一阵还比较活跃,也算是一个诗评家。但给凌翼的诗著第二次写序,委实不敢。但凌翼坚持着,我只好答应了,为了友谊吧。凌翼是获得过谷雨文学奖、乌金文学奖的,也参加过《诗刊》的青春诗会,做过《阳光》杂志的执行主编,我们之间的友谊也经历过考验。",创作评谭,2018-07-05,期刊,I207.25,49-51,3
53,"小悲欢,大慈悲——评林珊诗集《小悲欢》",纳兰,O,O,"<正>在林珊的新诗集《小悲欢》中,我读到一种大慈悲。她在诗歌里给予词与物一种和谐的秩序并恢复事物本身的荣光。词不是一个冰冷坚硬之物它就是自然中的万物。一张纸就是旷野,词就是在纸上旷野生长的事物。""还是会有蝉鸣,在歌声里起伏/还是会有花香,在寂静中落下""。蝉鸣即非源自于体外夏",创作评谭,2018-07-05,期刊,I207.25,52-53,2
54,在世界坐标上打造中国战争片,王龙,O,O,"<正>世界上不同国家文化的软实力竞争,首先体现在其诠释力、传播力和渗透力之争。世界上各个国家军队的竞争不仅只在有形的硝烟弥漫的战场上,还在没有硝烟的文化战场上。美式战争大片让人们在购买美国式娱乐的同时,其实就宣扬了""美国至上"",让人不自觉地认同""美式英雄"",吸纳""美国精神""。好莱坞在传达美国观念、进行文化渗透上可以说达到了""闲花落地听无声""的高妙境界。",创作评谭,2018-07-05,期刊,J905,54-57,4
55,盗版、迷影与意义增殖:《肖申克的救赎》的中国之旅,刘勇,江西师范大学音乐学院,O,"<正>2018年5月,著名文青网站""豆瓣""诞生了首部被百万用户标记过的影片,评分高达9.6分,那就是1994年美国出品的《肖申克的救赎》(The Shawshank Redemption)(以下简称《肖申克》),而排名第二的电影《这个杀手不太冷》落后榜首六万多票。无独有偶,在全世界最大的影迷网站IMDb上,",创作评谭,2018-07-05,期刊,J905,58-60,3
56,旦开风气总为师——略论黄文锡的艺术创作成就,许爱珠,南昌大学江西省妇女研究会江西当代文学研究会南昌市戏剧家协会,O,"<正>论及戏曲,现在的人大多注意到的是成功的演员,或者是著名导演。也难怪,舞台艺术一向是表演的艺术,尤其是戏曲艺术,都是""角儿""的天下。新中国以来,随着戏曲改革不断深入,话剧的导演中心制逐渐被引入到戏曲艺术中,戏曲导演也逐渐成为了众心捧月的对象。事实上,戏剧戏曲作为叙事艺术,剧本或说故事是决定一部",创作评谭,2018-07-05,期刊,J825,4-9+2,7
57,中国女性电影的女性意识及其他,曾晰,O,O,"<正>一、女性意识的觉醒严格来讲,直到上世纪80年代,中国电影界才把""女性电影""作为一个专门的课题来进行类划与研究。随着女性意识的不断增强,以及女性概念化的执着认定,使女性这种性别因素无形中从""人""的身份中抽离出来,站到男性的对面去了,这种想法不免让人产生女权的想法,但女权",创作评谭,2018-07-05,期刊,J905,61-64,4
58,手机摄影·欣赏,阿土,"""人九视觉""工作室",O,O,创作评谭,2018-07-05,期刊,J42,65,1
59,封治国油画作品,封治国,中国美术学院油画系第一工作室浙江省油画家协会,O,O,创作评谭,2018-07-05,期刊,J223,15-16,2
60,才华·机遇,张鉴瑞,O,O,"<正>封治国的才华初见端倪,是在2002年研究生毕业个展上,人们开始从他的画里读出了某种潜能,那时封治国虽20出头,绘画水平却有得一拼。性情勤勉的他,在随后的十几年里,并没有刻意谋划自己的未来,而是不停地画画、读书。为了做一个技艺服众的画家,他画了不计其数的素描和油画;为了成为一个学生拥戴的好老师,他日以继夜的对文学、艺术史及中国文化进行深入思考。广泛阅读的习惯夯实了他成为学术型画家的基础。",创作评谭,2018-07-05,期刊,J213,15,1
61,画自有言——封治国的写实油画,万木春,中国美术学院艺术人文学院,O,"<正>封治国的经历不一般。他是画油画出身,本科和硕士都受教于江西师范大学,毕业后留校任教。2008年他换了个专业,考取中国美术学院艺术人文学院,师从范景中先生攻读中国古代美术史专业博士学位,2011年毕业并获得""浙江省优秀博士学位论文""奖,其著作《与古同游—项元汴",创作评谭,2018-07-05,期刊,J213,16-18,3
62,关于《吴阊雅集——明代书画艺术》的创作,封治国,O,O,"<正>几乎每一位从事具象艺术的油画家,内心多少都会有一点历史画创作情结。在美术史那些激动人心的大师作品中,历史画占据了一定的分量。早在文艺复兴时期,阿尔贝蒂就在《论绘画》中以historia一词表示具有情节意义的绘画,后来的人们甚至就直接把这个词译为""历史画""。从理论上说,历史画与写实主义并不是一回事,写实主义在诞生之初,其猛烈抨击的对象正是历史画。但这里无需纠缠这些概念,就今天的事实而言,",创作评谭,2018-07-05,期刊,J212,23-24,2
63,笔墨的思想之境,张瑞田,中国国际文化交流中心,O,"<正>提及书法作品的思想深度,不少人总是一脸迷茫。一个约定俗成的观点是—叙述性、抒情性、形象性、情节性的艺术作品,才能体现思想深度,如文学、电影、戏剧、美术等。书法相对抽象的艺术形式、程式化语言、欣赏习惯,庙堂与民间世俗生活的规范,不需要毛笔在书写中表达形而上的思考和书法家的思想个性。",创作评谭,2018-07-05,期刊,J292.1,25-27,3
64,有涯之生——封治国访谈,封治国;陈蔚文,中国美术学院油画系第一工作室浙江省油画家协会江西省作协江西省评协,O,"<正>陈:从你的早期作品来看,你的视角更加关注身边的人与事物。以""近距离""的立场表达了你对现实的关注。但从你近几年的创作,如《有涯之生-青年艺术史》《吴阊雅集—明代书画艺术》,《一代风范-浙江籍院士》,《孤山证印-西冷印社的先贤》等,创作视角则更关注文人、知识分子群体乃至""逝去的年代"",能谈谈这种转变的原因吗?",创作评谭,2018-07-05,期刊,J213,19-22,4
65,活态批评,王迅,广西文联文研室,O,"<正>通常所说的文学批评,是指对文本的解读,对文学现象、文学流派的洞察、分析与总结。这是传统意义上的文学批评,是文本化批评,或书斋化批评。它通过抽象化的理论演绎或直觉式的体悟、冥想,破解隐藏在文本中的艺术密码,照亮作家的精神轨迹和写作意图。应该说,这是一种有深度的批评,一种揭秘式的批评,构成文学接受中最有效的环节。这时,批评家可能与作家心中的理想读者更接近,更易",创作评谭,2018-05-05,期刊,I06,18-19+2,3
66,“倾全灵魂以赴之”,马兵,山东大学文学院,O,"<正>马里奥·加尔巴斯·略萨在他的《给青年小说家的信》的末尾谈到了他对文学批评的意见,他先是肯定了文学评论""可以成为深入了解作家内心世界和创作方法的极为有用的向导"",但笔锋随即一转,又说""无论什么成功的小说还是诗歌总会有某个因素或者领域是理性批评分析无法捕捉到的"",因为写作除了批评依赖的理性和智",创作评谭,2018-05-05,期刊,I06,20-22,3
67,忧愤深广或者心事浩茫,王春林,山西大学文学院中国小说学会,O,"<正>在先后两次阅读孙惠芬长篇小说《寻找张展》(载《人民文学》2016年第7期)的过程中,我都情不自禁地联想到了数年前杨争光的长篇小说《少年张冲六章》。至今犹记,在当时,面对着杨争光的作品,我自己所陷入的那种价值评判的两难困境。一方面,我清楚地意识到,杨争光的《少年张冲六章》是一部难能可贵的具有忧愤深广特质的优秀社会问题小说,但另一方面,我",创作评谭,2018-05-05,期刊,I207.42,4-11,8
68,我是谁?我曾经是谁?——陈继明长篇小说《七步镇》阅读随感,赵炳鑫,O,O,"<正>陈继明的长篇小说《七步镇》杀青了,于2018年第一期《十月·长篇小说专号》头条位置推出,足见《十月》的编辑对此作的看重。应该说《七步镇》是陈继明小说创作的重要收获之一。谈到这部小说,还得从去年七月说起。在那个暑假,陈继明从珠海回到银川这个他生活了三十余年的地方,老朋友相聚,总免不了要问到他的创作。那时他就跟我谈起过这个长篇小说的构思,大略记得他为这个小说起的第一个名字叫",创作评谭,2018-05-05,期刊,I207.425,12-14,3
69,大乘批评王春林,弋舟,O,O,"<正>一日,夜读《古炉》,想起王春林有专著论之,遂遍翻书柜。折腾了半宿,遍寻而不得。我算是个有强迫症的人,这下好了,寻找《贾平凹<古炉>论》,成了比读《古炉》更要紧、更迫切的事。一本一本爬梳,终于找到—竟然是薄薄一册。之所以""竟然"",只是因为此书的体量完全在我的意料之外。印象中,这本书定然是大开本,",创作评谭,2018-05-05,期刊,I207.42,15-17,3
70,钢丝上的负重舞者,牛寒婷,O,O,"<正>我读过一篇王迅的文章,其间,他把评论家比作""钢丝上的舞者"",这给我留下了深刻印象。那篇文章具体叫什么,他这么比喻有怎样的语境,现在我已经完全忘了,但我清楚地记得,看到它时我没忍住,扑哧笑了。当时,这个画面感十足的场景,执拗地从严肃的评论文字中跳了出来,仿佛在形象化地,炫耀着自己的技巧高超与性情",创作评谭,2018-05-05,期刊,I207.42,23-25,3
71,"当你老了,如何上完生命最后一课——答《深圳商报》记者问",王迅,广西文联文研室,O,"<正>人口老龄化已成为当前社会热点问题。党的十九大报告提出实施健康中国战略,明确""积极应对人口老龄化,构建养老、孝老、敬老政策体系和社会环境,推进医养结合,加快老龄事业和产业发展""的总体要求。老年生活主题慢慢从社会层面进入文学层面,在作家的创作中激起千层浪。2017年,年近八旬的台湾作家琼瑶在照顾丈夫的过程中,目睹其大受疾病的煎熬,深有感触,首次以她""惨烈""的亲身经验,写下""生命里,最",创作评谭,2018-05-05,期刊,I206.7,26-28,3
72,在焦虑与关怀中呐喊——评江腊生的《新世纪农民工书写研究》,龚祝义,九江学院,O,"<正>2017年9月,江腊生教授的文学评论著作《新世纪农民工书写研究》入选第二届""啄木鸟杯""中国文艺评论年度著作类优秀作品。同时,该书还获得江西省第十七次社会科学优秀成果二等奖。托起这些名誉的,是本书所承载的厚重与深邃:它既有对当下农民工问题的突破性思考,也有对农民工历史的学术性回顾;既有前瞻性的总体研究视野,也",创作评谭,2018-05-05,期刊,I206.7,29-31,3
73,“野性”的力量——评宋小词的《柑橘》,蔡家园,中国文艺评论家协会湖北省文艺评论家协会,O,"<正>记得第一次遇见宋小词是在湖北青年作家的一个聚会上。她留着齐耳短发,衣着中性,又是说又是唱,噼里啪啦就像放鞭炮,在一帮或作深沉或作羞涩状的淑女中显得格外引人注目。当时就印象深刻了,果然是文如其人—这丫头有点儿野性!湖北人的祖先楚人是不乏野性的,筚路蓝缕、标新立异、不拘礼法、一鸣惊人,在历史的漠漠",创作评谭,2018-05-05,期刊,I207.42,32-33,2
74,沦陷区文学研究的新突破——评冯昊《民族意识与沦陷区文学》,童敏,西南大学文学院,O,"<正>沦陷区文学是中国现代文学不可或缺的组成部分,但由于各种原因,却在很长时期内未能进入文学史家的视野,也没有得到公允的评价。直至20世纪70年代末,台湾、美国的学者率先打开了沦陷区文学研究的学术之门。80年代以来,大陆学界开始关注这段几近被遗忘的文学历史,其中,徐迺翔、黄万华两位先生合著的五十",创作评谭,2018-05-05,期刊,I206.6,34-36,3
75,凝聚着生命意识的五个方面——2017江西诗歌创作论,刘晓彬,O,O,"<正>在文学创作中,无论你的思路如何,主题是什么,归根结底只有一条,最终都会回到人性和生命这两个方面。同样,诗歌创作也不例外。关于诗歌创作,生活经历的体验与主体心理的构成等方面的融合度,则决定了诗人应该具有一种独特的艺术感知能力,而这种独特的艺术感知能力也相应地会影响诗人在创作中的审美视野等。因此,",创作评谭,2018-05-05,期刊,I207.25,37-40,4
76,古典:对现实的一种疏离——对三子古典意象诗歌内质的散读,汪峰,O,O,"<正>汉语言的魅力是语词在各个时代都有可能进行新的阐释或再生。语词的""再生性"",使古典不断在新诗歌中出现可能。古典语词获得再生,反映了诗人在当代社会较重的压力下的一种疏离或潜逸状态,或在急剧生活的流里渴望一种慢的状态,诗人们渴望在古典的词意中安居,闺阁、蕉荫、桃花、锦瑟、剑、琴、美人等词复活在一",创作评谭,2018-05-05,期刊,I207.25,41-42,2
77,中国“新历史小说”的可能性,杨剑敏,江西省文艺评论家协会,O,"<正>一、""新历史小说""的名义""新历史小说""在二十世纪八十年代的中国文坛,曾经喧赫一时。作为中国先锋派文学的重要成员,它曾经有过耀人眼目的表演。而进入九十年代以后,特别是进入二十一世纪以来,它的瓦解也和它的兴起一样突然和迅速。时至今日,""新历史小说""在中国似乎已经成为一个遥远的",创作评谭,2018-05-05,期刊,I207.42,43-47,5
78,省略的悲伤和谦逊的歌唱——读雁飞的诗,陈离,O,O,"<正>我要讨论的雁飞的这一组诗,第一首的题目就是《一位歌手的谦逊》。""应该是一只黄啼吧/即便是一只燕子/也不失为这个春天/一位一流的歌手。""这应该是雁飞的自我定位和自我期许。一位诗人就是一位歌手,这很符合我对于诗人的想象。一个以诗歌为志业的人,当然想成为一个伟大的诗人。雁飞肯定有这样的艺术上的野心。",创作评谭,2018-05-05,期刊,I207.25,52-54,3
79,时光之手(组诗),雁飞,O,O,O,创作评谭,2018-05-05,期刊,I227,54-57,4
80,瓷都与乡土——读江华明长篇小说《尖锐的瓷片》,黄河浪,景德镇学院人文科学系,O,"<正>一我从不讳言自己是个乡土小说的发烧友。我在这里所说的""乡土小说"",并非专指乡村小说,""乡土""自然可以泛指地域特色。作为一个在瓷都扎根的文学爱好者,我当然渴望这座享誉天下的历史文化名城被文学眷顾,尤其希望具有浓烈瓷乡味的长篇小说问世。先前虽然有本土或客居此地的外地作家发表、出版过一些以瓷都的历史或现实为题材的中、长篇小说,",创作评谭,2018-05-05,期刊,I207.425,58-59,2
81,坚守是为了希望——读《点亮希望:感动中国的支月英老师》,沈鲁,南昌大学新闻与传播学院影视传播系,O,"<正>蒋泽先教授自谦是文学界一名""票友"",事实上,他已经出版了报告文学二十余部。其中,《蔚蓝色的过渡》《中国农民生死报告》《秋杰老师》,均入围鲁迅文学奖,《邓小平在南昌的岁月》曾获赣版好书,《世纪末的忠告》曾获江西谷雨文学奖。他倡导""生命文学"",他一直在为尊重生命,热爱生命,善待生命鼓与呼。",创作评谭,2018-05-05,期刊,I207.5,60-61,2
82,乡村的隐秘与大蒜的气息——读王方晨长篇小说《公敌》,宋嵩,中国现代文学馆研究部,O,"<正>一、乡村的隐秘在苦苦寻觅多年之后,王方晨终于为自己小说的两个永恒主题—乡村政治批判和民间伦理反思—找到了最新鲜、同时也是最贴切的表达方式。在他的长篇小说《公敌》中,一部中国乡村的秘史由此展开在我们面前。《公敌》中的最大隐秘,是翰童集团几十年来的发展史,也是佟家庄的当代史。佟家庄是鲁西南平原上一个普通的村庄,因此,它的历史便可以看作当代乡土中国历史的缩影。李敬泽曾一",创作评谭,2018-05-05,期刊,I207.425,62-64,3
83,打破常态的电影《工厂青年》,朱爱民,O,O,"<正>海德格尔在《存在与时间》中说:""任何一门学科在何种程度上能够承受其基本概念的危机,这一点规定着这门学科的水平。""对于导演郭熙志来说,传统的电影经验和基础是不够用的,无法承受他对于拍摄的要求。他必须将已有的基础拆除,并重新建立。",创作评谭,2018-05-05,期刊,J905,48-51,4
84,手机摄影·欣赏,郑亚洪,O,O,"<正>""手机能拍出好照片吗?可以。前提是天气好,阳光充足,你对眼前的事物把握得好。为什么大家喜欢用手机拍照?因为简单、方便,拿起来按下就是,拍了马上发朋友圈,马上得到点赞。当然,对于一个资深的摄影迷来说,手机是远远不够的。因为手机对光线浓淡、景深远近、事物差别,一点感觉也没有。""",创作评谭,2018-05-05,期刊,J42,65,1
85,"木兰,橘生淮南",蔡小容,武汉大学外语学院,O,"<正>美国华裔女作家汤亭亭回中国访问时,不认识人们打出的欢迎横幅上她的名字:Tang Tingting。她的祖籍是广东新会县,""汤""在广东话里的发音很奇怪地是""Hong"",所以她的英文名叫Maxine Hong Kingston,这个名字,汤亭亭的中国读者也不一定认得出来。说起Maxine Hong Kingston,她在美国绝非",创作评谭,2018-03-05,期刊,I712.06;J954,16-18,3
86,自然之书,一石,O,O,"<正>书籍中与自然主题紧密关联的杰作,将生命的灵魂与大自然的灵光融为一面虚实交织的魔镜,透过这面镜子的激发,一个人的想象力经历复杂多变的锻炼,才能在精神的原野上获得写作的独特创造力。依靠这份创造力,写作可以把可见、可听、可想的眼前世界,还有不可见、不可听、",创作评谭,2018-03-05,期刊,I106,19-21,3
87,嚎叫的金斯伯格,陈东东,O,O,"<正>在金斯伯格的《自传摘要》里他写道:""1985年……在中国合肥,中文版《嚎叫》出版。""这指涉的其实是那一年某期《诗歌报》用整版篇幅刊出了岛子和赵琼合译的这首长诗。之前一年,金斯伯格与加里·斯奈德等人代表美国文学艺术院赴中国,游历了两个月,去各地讲授和诵唱诗歌;",创作评谭,2018-03-05,期刊,I712.072,53-56,4
88,海之魅——关于尤金·奥尼尔戏剧中的大海意象,王炜,山西大学文学院,O,"<正>一2018年是美国著名剧作家尤金·奥尼尔诞辰130年。他是美国三大剧作家之一,也是声名最为显赫的一位,与后来的田纳西·威廉斯、阿瑟·米勒构成美国剧作的最大基石。他于1936年获得诺贝尔文学奖,并凭借戏剧剧本四次获得普利策文学奖,尤金·奥尼尔的作品",创作评谭,2018-03-05,期刊,I712.073,57-59,3
89,跟《词语》有关,川妮,O,O,"<正>萨特那本自传,最早的译本叫《词语》,后来出的人文社译本叫《文字生涯》。我买的是《词语》,潘培庆先生翻译,三联版,雅致的深蓝色封皮,薄薄的一本。《词语》是老木同学推荐的。那个时候,我在解放军艺术学院读书。老木同学对我们正在阅读的张爱玲或者期刊杂志很是不屑,他经常推荐",创作评谭,2018-03-05,期刊,I565.06,60-61,2
90,洪亮:放逐与回归,张国功,南昌大学人文学院,O,"<正>上世纪90年代中期我刚毕业进入出版系统谋食时,少不更事,有一次""大放厥辞"":""出版社我知道有一位先生学问特别好。""在座者问我是谁。我立马答曰:洪亮先生。那时我刚刚读完他皇皇四十万字的《放逐与回归——苏东坡及其",创作评谭,2018-03-05,期刊,I206.7,10-15,6
91,感伤、绝望的人文主义叙述者——读陈离,牧斯,O,O,"<正>相知何必旧,倾盖定前言?—陶渊明只是有时候人可以承受神的丰盈。—弗里德里希·荷尔德林有一句话在心里如何说出,何以说出?通过喉管、舌尖、牙齿,摩擦,顶出?又如何较有层次、逻辑地说出?—这里便需要表达。这表达是散布在空气中的语音还是本民族的语言?—这里",创作评谭,2018-03-05,期刊,I207.25,22-28,7
92,为什么写诗(创作谈),陈离,江西师范大学文学院,O,"<正>许多朋友问:""为什么突然就写起了诗?""是有些突然。除了初恋时写下的三五首献给女友的情诗(如果那也能叫做诗的话),从未写过诗的我,2017年年初却突然写起了诗,而且真的有点""一发而不可收"",整整一年的时间,主要的心思都在写诗上了。写得真是太多了,也发表了不少,还得到不少师友鼓励。有些鼓励的话简直让我有点欢欣鼓舞,有时偷偷地想:也许诗",创作评谭,2018-03-05,期刊,I207.25,29-31,3
93,余光中的“浅”与洛夫的“深”,黄维盈,O,O,"<正>余光中的""浅""余光中与洛夫,二人皆生于1928年,年龄相仿,名气相匹,同是台湾著名的诗人,一瘦一胖,鹤发童颜,是台湾泰斗级的文化大师。如今,余光中驾鹤西去,让我不由得想起他们的诗。《乡愁》是脍炙人口的一首名诗。事实上,余光中笔下的乡愁,已经远远超越单纯的思乡愁绪,几乎涵括了人类一切的思想感情,包括亲情(对",创作评谭,2018-03-05,期刊,I207.25,37-41,5
94,好散文的题中之义,刘军,河南大学文学院,O,"<正>文章之道、辞章之学与散文之道,这三个概念照应了为文之道从文章学到文学学的演变路径。前两个概念属于文言时代,后一个概念则属于白话文时代。虽然,在阐发散文的历史发展状况之际,人们可以兼容古今,视《庄子》《史记》、韩愈苏轼之文、晚明诸家为中国散文的高峰所在。刘勰之述,",创作评谭,2018-03-05,期刊,I207.6,42-43,2
95,正史的罅隙——陶江《民间说·刘贺轶事》序,刘华,中国民间文艺家协会江西省作协,O,"<正>在江西文艺界,我常把陶江认定为一个中性作家,他的艺术之路长年介于文学与民间文学之间。搜罗、积存、整理、创作,总有过一些亮眼的收获。早年,他搜罗江南瓦当,在并不起眼的各种纹饰当中寻找江西民间的文化味,""福""字瓦当,""寿""字瓦当,""王""字瓦当,""凤""字瓦当,""孝""字瓦当………充满吉祥的瓦当充溢了他的收藏。后来,他又根据《新建县志》记载,",创作评谭,2018-03-05,期刊,I207.5,44-45,2
96,对一场伟大战争的复调式讲述——长篇小说《剑气横空:大将韩信和他的时代》创作心路,褚兢,O,O,"<正>一之所以使用""复调式""这个词,是因为我在撰写这部小说中,的确采用了一种目前在国内小说写作中尚未出现过的方式,那就是让亲身经历和参与那场战争人物相继(有些还是反复)出场,以他的所观所感,以他的纯个人化记忆,来展示那场战争对他的触动和影响,进而来定格那场战",创作评谭,2018-03-05,期刊,I207.425,46-48,3
97,中国文学现代化进程中的“新的矛盾与困惑”——评李洪华新著《生命意识与文化启蒙》,刘畅,教育部人文社会科学重点研究基地上海师范大学都市文化研究中心上海师范大学中文系,O,"<正>中国现代文学在其发轫之初就标举着""个性主义""的大旗,""个性主义""不仅意味着张扬自我,而且意味着""自己生命的表现""。因此,表现创作主体的生命体验也就成为""五四""以来新文学的一种普遍特征。鲁迅、郭沫若、郁达夫、庐隐、茅盾、巴金、曹禺、老舍、沈从文、张爱玲等作",创作评谭,2018-03-05,期刊,I206.6,49-52,4
98,“赣韵·红情”的启示与思考,叶青,江西省文联,O,"<正>昨晚,我们欣赏了一场十分精彩、令人惊艳、余音绕梁的演唱会,我在现场深深地感悟到:文化传承的价值和艺术创新的意义,感悟到一个群体不懈努力的力量与艺术家个人才华的魅力。赣南采茶戏是江西地方戏的重要一支,影响的区域大,覆盖人口众多,全赣南面积约占江西省全省面积的四分之一,人口约占江西省总人口",创作评谭,2018-03-05,期刊,J617.5,4-5,2
99,《赣韵·红情》传新声——兼谈赣南采茶戏的音乐建设发展,汪人元,O,O,"<正>著名赣南采茶戏表演艺术家龙红的经典曲牌、唱腔专辑《赣韵·红情》的出版发行,是采茶戏超越舞台、面对更为广阔时空的一次纵情放歌让人感到兴奋。一般都以为个人专辑只是对艺术家个人成就的回顾性总结,或一次集中展示,但是我更看重",创作评谭,2018-03-05,期刊,J617.5,6-7,2
100,我录《赣韵·红情》,龙红,O,O,"<正>2004年第19届客属世界恳亲会在赣州举办之际,我的第一张赣南采茶戏演唱专辑《赣韵·龙吟》出版了。出版后,专辑得到了剧种老艺人、业内专家、广大观众的一致肯定和好评,并制成了VCD大量发行,还成为了采茶戏广场舞的首选音乐源。可我知道这张专辑是那么的不尽人意,虽然有客观",创作评谭,2018-03-05,期刊,J617.5,8-9+2,3
101,“前任”陈凯歌与中国电影的歧路,刘勇,江西师范大学音乐学院,O,"<正>众所周知,每年中国大陆电影贺岁档总是一番大片云集激烈厮杀的景象。其间的面世新片命运不一,或风光无限或沦为炮灰,不啻是一块没有硝烟的战场。2017年最让人唏嘘不已的是,陈凯歌蛰伏六年推出的力作《妖猫传》票房刚刚过了五亿,与二点五亿的投资极不相称。相较之下,稍晚上映",创作评谭,2018-03-05,期刊,J911,32-34,3
102,"20年,从阿基到阿基",吴萍,O,O,"<正>欧洲导演大师中,每一位都保持很高的辨识度。哈内克站在故事背后永远一副冷峻神情,伯格曼就爱劈头盖脸撂下对人性的拷问。基斯洛夫斯基哪怕只剩下一部《爱情短片》,也已经说完了两性之间所有的对抗和妥协。这些导演的作品看起来常常令人脊背生寒,内里承载着对人类困境的种种沉思。他们的""温情""",创作评谭,2018-03-05,期刊,J911,35-36,2
103,小剧场话剧的突破与回归——以实景体验话剧《雷雨》《昆明老宅》为例,李国豪,云南读书铺文化传媒,O,"自""春阳社""于1907年在上海演出《黑奴吁天录》开始,话剧进入中国已经111周年。而自林兆华、高行健的《绝对信号》于1982年在北京演出开始,小剧场话剧在中国肇始,亦有三十余载。中国话剧发展的脉络清晰可见,到了今天,小剧场话剧在中国大地正百花齐放,专业院团、民间力量、院校师生等,都在该领域做着不同的努力和尝试,为中国戏剧的发展奉献着力量。但在走市场的同时,这些作品也都面临着""大浪淘沙,优胜劣汰""的残酷现实。本文以昆明小剧场话剧近十年来的努力以及剧作家杨耀红排演的话剧为例,尝试探析中国小剧场话剧的可能性。近年来的南昌话剧市场也是颇为活跃。从获奖剧目到实验新剧,从历史题材到都市题材,频繁展演的话剧丰富了南昌城的文化生活。省话剧团所在的子固路136号已成为南昌的文化地标之一。如何让话剧这种高雅艺术进一步融入""寻常百姓家"",则需要江西话剧人更多去借鉴他山之石,拓展市场蓝海。",创作评谭,2018-03-05,期刊,J824,62-64,3
104,手机摄影·欣赏,张鸿,广州市文艺报刊社,O,"<正>我使用手机摄影的时间不长,之前总觉得手机摄影缺乏仪式感、成就感。随着手机传感器尺寸越做越大,像素越做越高,存储、分享方便,我渐渐喜欢上了这种轻便、快捷的拍摄方式。现在相机反而用的少了。",创作评谭,2018-03-05,期刊,J42,65,1
105,当疾病遇上文艺,程桂婷,东华理工大学中文系,O,"<正>记忆中故乡的清晨,都是从奶奶的咳嗽声中开始的。奶奶患有迁延不愈的肺结核。结核是传染病,母亲和我都不幸被传染了。先是母亲患上了淋巴结核,再是我患上了肺结核。结核,就这样成了我幼年时代甩也甩不掉的""亲密伙伴""。小镇后街青石板路南面的那座小石桥,隐藏着我幼时的最深恐惧。每每被母亲拉着扯着或强行抱着走上桥,我就嚎啕大哭,因为过桥就是黄医生",创作评谭,2018-01-05,期刊,I106,38-39+50,3
106,书写历史深处的中国精神——评祝国华历史散文集《寻踪觅迹》,陈金泉,O,O,"<正>历史总是使人难忘的,而随笔这种形式令历史更具温度,于是,历史随笔应运而生,成为图书市场的一大热门。祝国华先生的历史散文集《寻踪觅迹——历史云烟深处的江西名人》就是这当中的一本。《史记》曾把历史散文推向后人至今难以逾越的艺术高峰,笔者无意把祝国华的《寻》与司马迁的《史记》等优秀的历史散文相提并论,但就美学的价值取向来说,祝国华的《寻》与《史记》",创作评谭,2018-01-05,期刊,I207.67,63-64,2
107,回眸柔石,,江西师范大学文学院,O,"<正>回眸现代文学,那时独具生命形态和艺术风采的作家还真不少:如山般峻峭的鲁迅、曾江般倾泻的沫若、""在家和尚""周作人、浪漫绅士徐志摩、放达名士郁达夫、文质彬彬的""市民""老舍、高贵的""乡下人""沈从文、雷雨般郁热的曹禺、忧郁的精灵般的萧红、一双冷眼精光四射的张爱玲、莫测高深地丈量着""围城""的智者钱钟书、""流浪文豪""艾芜、""现代哈姆雷特""式的歌者穆旦,还有那挺有名的无名氏……他们不仅人以文传,也文以人传。",温故《二月》,邹忠民,创作评谭,I207.42,4-11,8
108,只因生为女人——读武向春《刺青爱人》,徐良平,江西省人民政府,O,"<正>一在感怀长篇散文《刺青爱人》之前,有必要先聊聊前几年的热片《黄金时代》。许鞍华导演的该片上映后,将""民国四大才女""之一的萧红的悲惨一生,推到了史上又一关注高潮。观众对萧红的看法呈现多种态度,这里面有几个原因:其一,这是一部文青才有福消受的电影。之所以如此说,是因为它是挑观众的,如果不是萧红迷,对她一无所知,三小时就会在一头雾水中度过,极容易在紊乱的电影语言中,找不着头绪;",创作评谭,2018-01-05,期刊,I207.67,61-62+64,3
109,编者按,李洪华,O,O,"<正>江西自古以来便是""江南昌盛之地""、""文章节义之邦"",所谓靖节文章、江西诗派、临川四梦、易堂学术、八大画风……等等,都是历代赣人奉献出的华彩辞章。新中国成立以来,尤其是改革开放后,赣派文脉继往开来,一批批赣籍学人在各自领域不忘初心,砥砺前行,取得了令人瞩目的成绩。习近平",创作评谭,2018-01-05,期刊,+,4,1
110,“寄物居”式写作的价值,饶翔,光明日报,O,"<正>王芸是一个有鲜明的美学追求,也有较成熟风格的作家。她的小说题材有特殊性,很多写的是过往事物,在这之中表现出她的写作与时代的关系。王芸一直在坚持一种""文学的正义"",面向现实和历史的理性发展,她在捍卫文学的权利。我们的文学跟时代到底是怎样的关系,是我们顺应历史现实的潮流不断奋勇向前,还是用一种""回望的眼光""投射在消失的过往的事物中?",创作评谭,2018-01-05,期刊,I207.42,33-34,2
111,在微光里直立行走,刘颋,《文艺报》评论部,O,"<正>《直立行走》是宋小词比较成功的一篇作品。由此我想到一句话""在微光里直立行走""。可能这是宋小词的写作理想,而且我也看到她这样一种努力。宋小词小说对于拨开人生的褶皱,亮出那些沉积的污垢,有一种几乎病态的执着,这也是宋小词小说的特点,也是她的小说极具辨识度的原因。对现实生活、对人生细节、对生活的细节,宋小词有一种非常强的解剖能力。她的小说人物往往",创作评谭,2018-01-05,期刊,I207.42,36-37,2
112,乡土散文中的“三农”书写——以近十年来的乡土散文创作为考察对象,李保森,武汉大学文学院,O,"近些年来,以乡土这一特定空间为主要观照对象的散文写作表现出越来越强烈的现实性、批判性和忧思性,这无疑与中国乡村社会的现实状况有着密切关联。这些文本以""三农""为主要描写对象,试图真实描绘当下的乡村图景,传达写作者的忧患意识和复杂情感。这一写作倾向,一方面扩展了散文文类的表现视阈,促成了散文的文体变革,如""返乡体""、""非虚构""等的出现,但另一方面也对散文的审美性造成了损害,在客观上限制了这些文本的艺术深度和表达效果。",创作评谭,2018-01-05,期刊,I207.67,45-48,4
113,为新诗一辩,木朵,O,O,"<正>启途情已缅—陶渊明著处觅丹梯—杜甫诗的确是神圣之物。它既是知识的圆心,同时又是知识的圆周。—雪莱关于跨行连续,到底是什么赋予了它统治诗歌之韵律的权力?—吉奥乔·阿甘本在理解""新诗""的现状与进展时,一个三维空间瞬间打开了—但事后看我们中不少人的观点,又觉得这儿并未瞬息万变,我们拘泥于成见的自我形象何等鲜明—首先,我们依赖于它的根系或参照物来理解它,这种外围调查的安全感",创作评谭,2018-01-05,期刊,I207.25,12-17,6
114,对难度写作的再倡导,马永波,南京理工大学诗学研究中心,O,"<正>2002年4月,我在撰写年刊《难度写作》发刊词时,曾开列了刊物的大致""方向’,共有四条:1、在平面化写作日益泛滥的今天,保持写作的深度和难度是对写作者起码的道德要求。2、难度既是思想上的深刻,体验上的切实,也是技艺上的深入。3、""难度写作""拒绝无痛呻吟的、玩弄技巧的、没有人性关怀的(或者说没人味儿的)、逃避现实的、丧失精神力量的口水和叙述故作高深的玄学以及啊啊啊的空泛抒情。",创作评谭,2018-01-05,期刊,I207.25,18-21+2,5
115,九零后创作生态及部分作品扫描,苏抱琴,O,O,"<正>近两年,九零后作家作为一个年龄上最具优势的群体,集文学杂志和评论家的各种偏爱于一身,同时在世界文学遗产的继承上,又以新世纪更开阔的文化视野,获得了明显优于解放后、改革开放前出生的几代作家当年的条件,而吸纳了更全面的营养。本文即对这部分作家所面临的社会生态进行分析,并对其中部分作品进行扫描。",创作评谭,2018-01-05,期刊,I207.42,40-44,5
116,抵达边界的抒情——马永波诗歌片论,远人,O,O,"<正>无论诗人还是诗歌读者,一旦接近诗歌,都必然在走近那些分行排列的语言时劈面撞上一个问题,那就是诗歌作为一种文学表达手段,它首先是如何到达那个作者笔下的。实际上,这个问题很容易被人忽略,但忽略问题并非意味问题不存在。恰好相反,正是这个问题的存在,才逼迫我们拨开分行的排列形式,直接面对诗歌本身所包涵的内在质地和它真实的肌理。诗歌的内在究竟是什么?在《幻象与现实》一书中,考德威尔",创作评谭,2018-01-05,期刊,I207.25,22-27,6
117,说说马永波,王建民,O,O,"<正>""该说说马永波"",这个念头一直都在。此前没说,是因为其间属于""朋友义务""的责任感没消除干净。我与永波在上世纪80年代初就结识了,很投缘。永波是学计算机专业的。好玩的是,正是计算机消除了我对朋友诗人说话的责任感。计算机开始写诗啦,不少肉体诗人内心慌乱。计算机当然可以写诗。柯洁靠算计下棋,纯粹靠算计而存在的计算机当然可以虐他。不少诗人长期以来都",创作评谭,2018-01-05,期刊,I207.25,28-30,3
118,诗与思的完美结合——《九叶诗派与西方现代主义》读后,育邦,《雨花》杂志社,O,"<正>从某种意义上说,日趋成熟的现代汉诗也正是从20世纪40年代才显露出其特有的外形、技艺、特征和内核。现代汉诗的形成经历了从白话诗到新诗的流变。白话诗首先解决了语言问题,即不再要求用文言用格律来作为写诗的基本先决条件,白话成为被认可的诗歌写作语言。而新诗,即在意识上,写作方式上,写作技巧上寻找更为深入生命深入诗歌的全方位努力,它以西方现代主义",创作评谭,2018-01-05,期刊,I207.25,31-32,2
119,论杨帆的无逻辑叙述,贺绍俊,沈阳师范大学中国文化与文学研究所中国当代文学研究会,O,"<正>杨帆是一个很特别的作家,特别在于她的感觉非常丰富和敏锐。她的特别也在她的作品中得到了充分表现,但是没有得到更多人的重视,这可能有整个批评界跟着时尚跑的原因。杨帆的感性思维特别强,这就带来她叙述的色彩特别丰富,也善于进行情感性表达,可以说她有时将感性思维发挥到极致,以至于你都找不到她的叙述逻辑。",创作评谭,2018-01-05,期刊,I207.42,35-36,2
120,穴居者丁伯刚,蔡勋,九江市作家协会,O,"<正>恐怕打灯笼都难找到第二个像丁伯刚这样的人。他把自己锁在设定的一座城池,鲜与生活的热闹场亲近。他严格挑选狭小的交往圈子,生怕言多有失,或不能取悦他人,把自己弄得灰头土脸。步入天命之年,他日益向往古代隐士那栖身林泉、闭门著述的生活方式,自由自在,荣枯淡定。我爱称丁伯刚为老丁。在老丁看来,现实是残酷的,残酷得一塌糊涂,人们热衷于物质利益",创作评谭,2018-01-05,期刊,I207.67,49-50,2
121,唯一的聆听者——林莉印象,宋亚萍,上饶县房地产登记中心,O,"<正>我一直记得见她的第一眼。城镇中学那幢老教学楼,现在仍伫立在小山包上,二楼最靠里的那间教室,初二(四)班,我坐在座位上,前面的女生转过了身。学生发式下她一张柔美精致的侧脸轮廓显露山水,肤色是吹弹欲破的娇嫩,说话的时候,一抹桃红飞上脸颊。她眨了几下眼睛细密的长睫毛轻轻刷过空气,带着巨大的辐射波扩散开来。每一次相逢都是久别重逢,这诗意的语言是对彼情彼景的最好描述,自从遇见,我们",创作评谭,2018-01-05,期刊,I207.25,51-52,2
122,风流犹拍古人肩——钱轩毅诗歌印象,王彦山,O,O,"<正>钱轩毅的这组诗,我读了多遍。在阅读进入碎片化的浅浏览时代,能让我们反反复复去读的文本已经不多,诗歌尤甚。诗歌写作粗制滥造的当下,很多写作者已经丧失了对自然、传统文化最起码的敬畏,也就谈不上对文本的自觉的担当意识。初读钱轩毅的诗,则明显感受到诗人用有力的文本,接续了我国正统的诗言志的传统以及楚辞的绮丽的",创作评谭,2018-01-05,期刊,I207.25,57-60,4
123,影像时代中的手机摄影,李莉,上饶师范学院美术与设计学院影视动画教研室,O,"<正>悉尼大学学者克里斯·切希尔(Chris Chesher)的著作《在影像与信息之间:摄影历史中的i Phone照相机》,专门做了相关文化技术、移动传播与i Phone手机之间关系的移动媒介研究。他将摄影的历史从影像传播的角度分成四个时期:第一阶段是柯达照相机时代;第二阶段是数码照相机时代;第三阶段是带拍照功能的手机时代;第四阶段是智能手机+社交网站时代。",创作评谭,2018-01-05,期刊,J405,53-56,4
124,赵荔红作品欣赏,赵荔红,O,O,"<正>有关手机摄影:与单反相机相比,手机影像光影层次平淡,但不弱于一般的全自动相机,像素也完全能满足印刷要求,且携带便利,拍摄隐蔽、迅速。我倾向于手机拍摄下来的""原滋原味""的影像,只大略调整一下饱和度与光线明暗,不过多使用软件处理。摄影,至关重要的是技术,技术应运恰到好处,就能够呈现影像试图传达的思绪、意味、美感要求。",创作评谭,2018-01-05,期刊,J405,65,1
